{"L": [0.08, 0.1929824561403509, 0.5, 0.2857142857142857, 0.5714285714285714, 0.6153846153846154, 0.5454545454545454, 1.0, 1.0, 0.4444444444444445], "G": [0.4, 0.0, 0.14285714285714285, 0.7857142857142857, 1.0, 1.0, 0.45454545454545453, 0.06666666666666667, 0.13333333333333333, 0.0], "K": [0.56, 0.0, 0.07142857142857142, 0.4285714285714285, 0.07142857142857142, 0.3076923076923077, 0.18181818181818182, 0.06666666666666667, 0.6, 0.0], "M": [0.0, 0.01754385964912281, 0.14285714285714285, 0.0, 0.07142857142857142, 0.15384615384615385, 0.09090909090909091, 0.19999999999999998, 0.0, 0.0], "F": [0.24, 0.0, 1.0, 0.21428571428571425, 0.21428571428571425, 0.3076923076923077, 0.5454545454545454, 0.39999999999999997, 0.3333333333333333, 0.11111111111111112], "R": [1.0, 0.01754385964912281, 0.07142857142857142, 0.07142857142857142, 0.21428571428571425, 0.07692307692307693, 0.2727272727272727, 0.0, 0.19999999999999998, 0.0], "W": [0.04, 0.0, 0.2857142857142857, 0.07142857142857142, 0.2857142857142857, 0.0, 0.18181818181818182, 0.06666666666666667, 0.0, 0.0], "H": [0.0, 0.0, 0.2857142857142857, 0.0, 0.0, 0.0, 0.18181818181818182, 0.19999999999999998, 0.26666666666666666, 0.0], "S": [0.08, 0.0, 0.14285714285714285, 0.5, 0.5714285714285714, 0.3076923076923077, 0.18181818181818182, 0.7333333333333334, 0.46666666666666673, 0.0], "C": [0.0, 0.0, 0.0, 0.0, 0.0, 0.0, 0.0, 0.0, 0.0, 0.0], "V": [0.2, 0.0, 0.4285714285714285, 0.07142857142857142, 0.3571428571428571, 0.6153846153846154, 0.5454545454545454, 0.5333333333333333, 0.6, 0.6666666666666666], "N": [0.0, 0.01754385964912281, 0.0, 0.07142857142857142, 0.2857142857142857, 0.07692307692307693, 0.7272727272727273, 0.13333333333333333, 0.19999999999999998, 0.0], "P": [0.0, 0.0, 0.14285714285714285, 0.2857142857142857, 0.21428571428571425, 0.3076923076923077, 0.5454545454545454, 0.3333333333333333, 0.0, 0.0], "Q": [0.0, 1.0, 0.3571428571428571, 0.6428571428571428, 0.14285714285714285, 0.3846153846153846, 0.5454545454545454, 0.6, 0.26666666666666666, 0.0], "T": [0.04, 0.0, 0.21428571428571425, 0.07142857142857142, 0.14285714285714285, 0.5384615384615385, 0.45454545454545453, 0.26666666666666666, 0.26666666666666666, 0.0], "I": [0.12, 0.01754385964912281, 0.5714285714285714, 0.14285714285714285, 0.5, 0.4615384615384615, 1.0, 0.19999999999999998, 0.19999999999999998, 1.0], "E": [0.0, 0.08771929824561404, 0.21428571428571425, 0.7142857142857142, 0.4285714285714285, 0.3846153846153846, 0.18181818181818182, 0.13333333333333333, 0.5333333333333333, 0.0], "D": [0.0, 0.05263157894736842, 0.0, 1.0, 0.3571428571428571, 0.15384615384615385, 0.09090909090909091, 0.13333333333333333, 0.13333333333333333, 0.0], "A": [0.24, 0.03508771929824562, 0.5714285714285714, 0.3571428571428571, 0.21428571428571425, 0.5384615384615385, 0.45454545454545453, 0.3333333333333333, 0.13333333333333333, 0.05555555555555556], "Y": [0.28, 0.0, 0.7142857142857142, 0.14285714285714285, 0.21428571428571425, 0.07692307692307693, 0.2727272727272727, 0.06666666666666667, 0.13333333333333333, 0.0]}