{"L": [0.8888888888888888, 0.0, 0.52, 0.19230769230769232, 0.6666666666666666, 1.0, 0.9473684210526316, 0.24000000000000002, 0.052631578947368425, 0.00847457627118644], "G": [0.07407407407407408, 0.0, 0.08, 0.6923076923076923, 1.0, 0.5499999999999999, 0.736842105263158, 0.16, 0.07894736842105264, 0.0], "K": [0.14814814814814817, 0.0, 0.4, 0.3076923076923077, 0.2380952380952381, 0.35, 0.26315789473684215, 0.0, 0.07894736842105264, 0.00847457627118644], "M": [0.14814814814814817, 0.0, 0.04, 0.07692307692307693, 0.04761904761904762, 0.049999999999999996, 0.052631578947368425, 0.04, 0.0, 0.0], "F": [0.14814814814814817, 0.0, 0.28, 0.038461538461538464, 0.1904761904761905, 0.19999999999999998, 0.31578947368421056, 0.08, 0.0, 0.00847457627118644], "R": [0.4444444444444444, 0.0, 0.4, 0.19230769230769232, 0.09523809523809525, 0.35, 0.2105263157894737, 0.16, 0.052631578947368425, 0.0], "W": [0.0, 0.0, 0.2, 0.15384615384615385, 0.09523809523809525, 0.15, 0.052631578947368425, 0.08, 0.0, 0.0], "H": [0.3703703703703704, 0.0, 0.28, 0.19230769230769232, 0.1904761904761905, 0.25, 0.26315789473684215, 0.48000000000000004, 0.0, 0.0], "S": [0.7037037037037036, 0.007194244604316547, 0.56, 0.423076923076923, 0.3333333333333333, 0.5, 0.26315789473684215, 0.08, 0.9473684210526316, 0.0], "C": [0.0, 0.0, 0.0, 0.038461538461538464, 0.04761904761904762, 0.049999999999999996, 0.0, 0.16, 0.026315789473684213, 0.0], "V": [0.4444444444444444, 0.0, 0.36000000000000004, 0.15384615384615385, 0.3333333333333333, 0.44999999999999996, 0.5789473684210527, 1.0, 0.4736842105263158, 0.16101694915254236], "N": [0.14814814814814817, 0.0, 0.32, 0.07692307692307693, 0.14285714285714285, 0.3, 0.26315789473684215, 0.4, 0.07894736842105264, 0.0], "P": [0.0, 1.0, 0.04, 1.0, 0.9523809523809524, 0.7999999999999999, 1.0, 1.0, 0.13157894736842107, 0.0], "Q": [0.07407407407407408, 0.0, 0.24000000000000002, 0.2692307692307692, 0.14285714285714285, 0.25, 0.31578947368421056, 0.04, 0.07894736842105264, 0.0], "T": [0.29629629629629634, 0.0, 0.2, 0.19230769230769232, 0.4761904761904762, 0.44999999999999996, 0.6315789473684211, 0.44, 0.39473684210526316, 0.0], "I": [0.29629629629629634, 0.0, 0.44, 0.0, 0.42857142857142855, 0.44999999999999996, 0.5263157894736843, 0.76, 0.052631578947368425, 0.00847457627118644], "E": [0.0, 0.0, 0.0, 0.6538461538461537, 0.14285714285714285, 0.25, 0.15789473684210528, 0.04, 0.26315789473684215, 0.0], "D": [0.0, 0.0, 0.04, 0.15384615384615385, 0.1904761904761905, 0.09999999999999999, 0.15789473684210528, 0.04, 0.026315789473684213, 0.00847457627118644], "A": [1.0, 0.014388489208633094, 1.0, 0.5384615384615384, 0.9047619047619047, 0.44999999999999996, 0.736842105263158, 0.36000000000000004, 1.0, 1.0], "Y": [0.07407407407407408, 0.0, 0.28, 0.11538461538461538, 0.14285714285714285, 0.15, 0.0, 0.12000000000000001, 0.0, 0.0]}