{"L": [0.4973821989528796, 0.07230392156862746, 1.0, 0.3555555555555555, 0.7709923664122137, 1.0, 0.75177304964539, 1.0, 1.0, 0.3870541611624835], "G": [0.193717277486911, 0.0036764705882352945, 0.3076923076923077, 0.3022222222222222, 0.8091603053435115, 0.8666666666666667, 1.0, 0.15822784810126583, 0.20398009950248755, 0.002642007926023778], "K": [0.518324607329843, 0.0036764705882352945, 0.3076923076923077, 0.27999999999999997, 0.4122137404580153, 0.34074074074074073, 0.48936170212765956, 0.23417721518987342, 0.3283582089552239, 0.0], "M": [0.24083769633507854, 0.03799019607843137, 0.4551282051282051, 0.10666666666666666, 0.23664122137404578, 0.24444444444444444, 0.2624113475177305, 0.18987341772151897, 0.11940298507462686, 0.023778071334214005], "F": [0.36125654450261774, 0.21323529411764708, 0.608974358974359, 0.1688888888888889, 0.3893129770992366, 0.45185185185185184, 0.7943262411347517, 0.620253164556962, 0.472636815920398, 1.0], "R": [0.612565445026178, 0.0036764705882352945, 0.1858974358974359, 0.16, 0.4351145038167939, 0.3851851851851852, 0.49645390070921985, 0.20253164556962025, 0.3681592039800995, 0.001321003963011889], "W": [0.0418848167539267, 0.17647058823529413, 0.1282051282051282, 0.048888888888888885, 0.15267175572519082, 0.2222222222222222, 0.12056737588652483, 0.1962025316455696, 0.04477611940298507, 0.12549537648612946], "H": [0.11518324607329843, 0.006127450980392157, 0.16025641025641027, 0.14222222222222222, 0.25190839694656486, 0.17777777777777778, 0.30496453900709225, 0.37974683544303794, 0.24875621890547264, 0.001321003963011889], "S": [0.5706806282722513, 0.0392156862745098, 0.6282051282051282, 0.3644444444444444, 0.7709923664122137, 0.7407407407407407, 0.4822695035460993, 0.43037974683544306, 0.4129353233830846, 0.002642007926023778], "C": [0.06806282722513089, 0.006127450980392157, 0.08333333333333334, 0.048888888888888885, 0.08396946564885496, 0.06666666666666667, 0.0425531914893617, 0.044303797468354424, 0.06965174129353233, 0.0], "V": [1.0, 0.01838235294117647, 0.3461538461538462, 0.2711111111111111, 0.8473282442748091, 0.6222222222222222, 0.5319148936170213, 0.7405063291139241, 0.5174129353233831, 0.025099075297225895], "N": [0.21465968586387432, 0.0012254901960784314, 0.5064102564102565, 0.28444444444444444, 0.48091603053435117, 0.5037037037037037, 0.41134751773049644, 0.4810126582278481, 0.29850746268656714, 0.001321003963011889], "P": [0.2931937172774869, 0.023284313725490197, 0.9743589743589745, 1.0, 1.0, 0.8222222222222222, 0.8652482269503546, 0.7468354430379747, 0.18407960199004975, 0.0], "Q": [0.21989528795811517, 0.023284313725490197, 0.28205128205128205, 0.2533333333333333, 0.35877862595419846, 0.4444444444444444, 0.48936170212765956, 0.47468354430379744, 0.26865671641791045, 0.001321003963011889], "T": [0.3403141361256545, 0.017156862745098037, 0.5064102564102565, 0.3288888888888889, 0.7251908396946565, 0.7111111111111111, 0.5177304964539007, 0.5379746835443038, 0.9253731343283581, 0.007926023778071336], "I": [0.6178010471204188, 0.013480392156862746, 0.7243589743589745, 0.18666666666666665, 0.5648854961832062, 0.7481481481481481, 0.5460992907801419, 0.5, 0.2786069651741293, 0.18361955085865259], "E": [0.24083769633507854, 0.006127450980392157, 0.1346153846153846, 0.6133333333333333, 0.5801526717557252, 0.4592592592592592, 0.41134751773049644, 0.6645569620253164, 0.3283582089552239, 0.007926023778071336], "D": [0.1570680628272251, 0.0012254901960784314, 0.26282051282051283, 0.72, 0.6030534351145038, 0.36296296296296293, 0.4042553191489362, 0.2974683544303797, 0.13432835820895522, 0.005284015852047556], "A": [0.4031413612565445, 0.014705882352941178, 0.6666666666666667, 0.3288888888888889, 0.7022900763358778, 0.6962962962962962, 0.49645390070921985, 0.5, 0.23383084577114424, 0.007926023778071336], "Y": [0.47643979057591623, 1.0, 0.5256410256410257, 0.13333333333333333, 0.29770992366412213, 0.2962962962962963, 0.3120567375886525, 0.28481012658227844, 0.38805970149253727, 0.027741083223249672]}