{"L": [0.22399999999999998, 0.001422475106685633, 1.0, 0.5488372093023255, 1.0, 1.0, 1.0, 1.0, 0.6746987951807228, 1.0], "G": [0.6920000000000001, 0.001422475106685633, 0.31491712707182323, 0.4232558139534884, 0.7851851851851852, 0.8011049723756907, 0.6415094339622641, 0.21019108280254775, 0.28915662650602414, 0.010416666666666666], "K": [0.6439999999999999, 0.0007112375533428165, 0.6629834254143646, 0.39069767441860465, 0.6814814814814815, 0.6077348066298344, 0.6163522012578616, 0.3439490445859873, 0.6506024096385542, 0.0011574074074074073], "M": [0.068, 0.0, 0.20994475138121546, 0.07906976744186046, 0.2, 0.11049723756906078, 0.20125786163522014, 0.12101910828025478, 0.12650602409638553, 0.07060185185185185], "F": [0.236, 0.0021337126600284497, 0.845303867403315, 0.21860465116279068, 0.5333333333333333, 0.24309392265193372, 0.440251572327044, 0.267515923566879, 0.2469879518072289, 0.16087962962962962], "R": [1.0, 0.001422475106685633, 0.2541436464088398, 0.413953488372093, 0.45925925925925926, 0.49171270718232046, 0.3962264150943396, 0.3375796178343949, 0.4036144578313253, 0.004629629629629629], "W": [0.048, 0.0, 0.2651933701657459, 0.05581395348837209, 0.12592592592592594, 0.06077348066298343, 0.09433962264150943, 0.11464968152866241, 0.03614457831325302, 0.0034722222222222225], "H": [0.268, 0.0007112375533428165, 0.1712707182320442, 0.11627906976744186, 0.13333333333333333, 0.16574585635359115, 0.23270440251572327, 0.40764331210191085, 0.16265060240963855, 0.0023148148148148147], "S": [0.576, 0.0021337126600284497, 0.3038674033149172, 0.46976744186046504, 0.6592592592592592, 0.4530386740331492, 0.440251572327044, 0.5031847133757962, 1.0, 0.009259259259259259], "C": [0.004, 0.0007112375533428165, 0.03867403314917127, 0.009302325581395349, 0.05185185185185185, 0.01657458563535912, 0.03773584905660377, 0.0, 0.01807228915662651, 0.0011574074074074073], "V": [0.156, 0.0021337126600284497, 0.6132596685082873, 0.2511627906976744, 0.5777777777777778, 0.4585635359116022, 0.729559748427673, 0.9426751592356688, 0.9036144578313253, 0.1423611111111111], "N": [0.044, 0.001422475106685633, 0.2265193370165746, 0.2511627906976744, 0.5481481481481482, 0.3314917127071823, 0.5408805031446541, 0.6305732484076434, 0.21686746987951808, 0.0], "P": [0.02, 0.001422475106685633, 0.13812154696132597, 0.2883720930232558, 0.8592592592592594, 0.5082872928176796, 0.4716981132075472, 0.3885350318471338, 0.15662650602409636, 0.0011574074074074073], "Q": [0.188, 0.006401137980085347, 0.14917127071823205, 0.45581395348837206, 0.5185185185185185, 0.35911602209944754, 0.3836477987421384, 0.8853503184713376, 0.5, 0.0], "T": [0.252, 0.001422475106685633, 0.2651933701657459, 0.213953488372093, 0.4296296296296297, 0.41436464088397795, 0.3773584905660377, 0.5796178343949044, 0.8614457831325302, 0.032407407407407406], "I": [0.172, 0.001422475106685633, 0.9447513812154696, 0.19069767441860463, 0.6444444444444445, 0.5359116022099448, 0.9182389937106917, 0.5859872611464968, 0.3433734939759036, 0.1238425925925926], "E": [0.13199999999999998, 1.0, 0.1712707182320442, 1.0, 0.8592592592592594, 0.4309392265193371, 0.5408805031446541, 0.910828025477707, 0.8072289156626506, 0.0034722222222222225], "D": [0.008, 0.004978662873399715, 0.22099447513812157, 0.8186046511627907, 0.7703703703703704, 0.3038674033149172, 0.3081761006289308, 0.25477707006369427, 0.15662650602409636, 0.0011574074074074073], "A": [0.7799999999999999, 0.0, 0.7182320441988951, 0.39069767441860465, 0.762962962962963, 0.5138121546961326, 0.43396226415094336, 0.445859872611465, 0.927710843373494, 0.09259259259259259], "Y": [0.284, 0.0007112375533428165, 0.49171270718232046, 0.15348837209302324, 0.13333333333333333, 0.19889502762430938, 0.3081761006289308, 0.29936305732484075, 0.2469879518072289, 0.016203703703703703]}