{"L": [0.5733333333333334, 1.0, 0.025906735751295335, 0.09090909090909091, 0.7999999999999999, 0.75, 1.0, 0.7450980392156863, 0.9555555555555555, 1.0], "G": [0.14666666666666667, 0.027522935779816515, 0.015544041450777202, 0.13131313131313133, 0.39999999999999997, 0.775, 0.6923076923076924, 0.0784313725490196, 0.6888888888888889, 0.012048192771084338], "K": [0.48, 0.0045871559633027525, 0.015544041450777202, 0.07070707070707072, 0.13999999999999999, 0.45, 0.4871794871794872, 0.058823529411764705, 0.5555555555555556, 0.006024096385542169], "M": [0.04, 0.09174311926605505, 0.0, 0.010101010101010102, 0.12, 0.125, 0.05128205128205129, 0.21568627450980393, 0.1111111111111111, 0.10240963855421688], "F": [1.0, 0.009174311926605505, 0.04145077720207254, 0.08080808080808081, 0.33999999999999997, 0.775, 1.0, 0.1568627450980392, 0.39999999999999997, 0.1927710843373494], "R": [0.21333333333333335, 0.0, 0.015544041450777202, 0.030303030303030307, 0.06, 0.17500000000000002, 0.25641025641025644, 0.19607843137254902, 0.5333333333333333, 0.05421686746987952], "W": [0.0, 0.0, 0.046632124352331605, 0.010101010101010102, 0.0, 0.05, 0.07692307692307693, 0.0784313725490196, 0.022222222222222223, 0.0], "H": [0.09333333333333334, 0.0, 0.0051813471502590676, 0.09090909090909091, 0.13999999999999999, 0.3, 0.4102564102564103, 0.09803921568627451, 0.26666666666666666, 0.0], "S": [0.3466666666666667, 0.0, 0.015544041450777202, 0.4141414141414142, 0.3, 0.47500000000000003, 0.28205128205128205, 0.29411764705882354, 1.0, 0.024096385542168676], "C": [0.0, 0.0, 0.0, 0.0, 0.02, 0.025, 0.025641025641025644, 0.0196078431372549, 0.0, 0.0], "V": [0.37333333333333335, 0.25229357798165136, 0.031088082901554404, 0.07070707070707072, 1.0, 0.5, 0.4102564102564103, 1.0, 0.39999999999999997, 0.572289156626506], "N": [0.12, 0.0, 0.02072538860103627, 0.060606060606060615, 0.25999999999999995, 0.2, 0.46153846153846156, 0.1568627450980392, 0.3333333333333333, 0.006024096385542169], "P": [0.0, 0.013761467889908258, 0.49740932642487046, 0.494949494949495, 0.5599999999999999, 0.8, 0.7692307692307693, 0.7450980392156863, 0.044444444444444446, 0.024096385542168676], "Q": [0.06666666666666667, 0.009174311926605505, 0.025906735751295335, 0.08080808080808081, 0.13999999999999999, 0.225, 0.4358974358974359, 0.3529411764705882, 0.4666666666666667, 0.012048192771084338], "T": [0.14666666666666667, 0.009174311926605505, 0.0051813471502590676, 0.11111111111111112, 0.24, 0.6250000000000001, 0.4358974358974359, 0.37254901960784315, 0.6, 0.012048192771084338], "I": [0.3466666666666667, 0.2018348623853211, 0.031088082901554404, 0.030303030303030307, 0.7199999999999999, 0.55, 0.38461538461538464, 0.8627450980392157, 0.19999999999999998, 0.12048192771084337], "E": [0.02666666666666667, 0.0045871559633027525, 0.05181347150259067, 1.0, 0.5199999999999999, 0.25, 0.5897435897435898, 0.5490196078431373, 0.4666666666666667, 0.006024096385542169], "D": [0.013333333333333334, 0.009174311926605505, 1.0, 0.7272727272727273, 0.96, 0.575, 1.0, 0.27450980392156865, 0.06666666666666667, 0.006024096385542169], "A": [0.4, 0.03211009174311927, 0.015544041450777202, 0.13131313131313133, 0.43999999999999995, 0.47500000000000003, 0.38461538461538464, 0.5294117647058824, 0.3111111111111111, 0.03614457831325301], "Y": [0.46666666666666673, 0.0045871559633027525, 0.025906735751295335, 0.04040404040404041, 0.12, 1.0, 0.17948717948717952, 0.3529411764705882, 0.6666666666666666, 0.006024096385542169]}