{"L": [0.30188679245283023, 0.04651162790697675, 0.3076923076923077, 0.15384615384615385, 0.6428571428571429, 0.5238095238095238, 0.7500000000000001, 1.0, 0.4482758620689655, 1.0], "G": [0.03773584905660378, 0.007751937984496124, 0.1923076923076923, 0.46153846153846156, 1.0, 0.9047619047619048, 0.85, 0.16666666666666666, 0.0, 0.0], "K": [0.03773584905660378, 0.0, 0.07692307692307693, 0.05128205128205128, 0.17857142857142858, 0.3333333333333333, 0.35, 0.13333333333333333, 0.13793103448275862, 0.008695652173913044], "M": [0.4339622641509434, 0.0, 0.11538461538461539, 0.05128205128205128, 0.10714285714285715, 0.0, 0.45000000000000007, 0.1, 0.034482758620689655, 0.22608695652173913], "F": [1.0, 0.0, 0.8076923076923077, 0.07692307692307693, 0.4285714285714286, 0.19047619047619047, 0.7500000000000001, 0.13333333333333333, 0.06896551724137931, 0.3565217391304348], "R": [0.03773584905660378, 0.0, 0.0, 0.05128205128205128, 0.14285714285714288, 0.42857142857142855, 0.55, 0.1, 0.24137931034482757, 0.017391304347826087], "W": [0.07547169811320756, 0.0, 0.038461538461538464, 0.05128205128205128, 0.0, 0.0, 0.0, 0.0, 0.0, 0.0], "H": [0.339622641509434, 0.0, 0.038461538461538464, 0.1282051282051282, 0.10714285714285715, 0.38095238095238093, 0.1, 0.2333333333333333, 0.06896551724137931, 0.0], "S": [0.05660377358490567, 0.007751937984496124, 0.3461538461538462, 0.46153846153846156, 0.4285714285714286, 0.8095238095238094, 0.7500000000000001, 0.13333333333333333, 1.0, 0.0], "C": [0.0, 0.0, 0.0, 0.0, 0.0, 0.0, 0.0, 0.0, 0.0, 0.0], "V": [0.0, 0.06201550387596899, 1.0, 0.07692307692307693, 0.3928571428571429, 0.619047619047619, 0.6000000000000001, 0.5, 0.9310344827586208, 0.043478260869565216], "N": [0.09433962264150944, 0.007751937984496124, 0.2692307692307692, 0.1282051282051282, 0.17857142857142858, 0.23809523809523808, 0.35, 0.3, 0.10344827586206898, 0.0], "P": [0.0, 1.0, 0.6538461538461539, 1.0, 0.5357142857142858, 0.8095238095238094, 0.55, 0.5333333333333333, 0.48275862068965514, 0.017391304347826087], "Q": [0.01886792452830189, 0.015503875968992248, 0.2692307692307692, 0.17948717948717946, 0.32142857142857145, 0.3333333333333333, 0.5, 0.5, 0.17241379310344826, 0.0], "T": [0.30188679245283023, 0.015503875968992248, 0.038461538461538464, 0.1282051282051282, 0.28571428571428575, 0.7142857142857143, 0.55, 0.6666666666666666, 0.9310344827586208, 0.008695652173913044], "I": [0.32075471698113206, 0.007751937984496124, 0.5384615384615384, 0.1282051282051282, 0.35714285714285715, 0.38095238095238093, 0.55, 0.4, 0.20689655172413796, 0.008695652173913044], "E": [0.11320754716981134, 0.0, 0.5, 0.641025641025641, 0.6785714285714286, 0.5714285714285714, 1.0, 0.7, 0.6206896551724138, 0.0], "D": [0.05660377358490567, 0.007751937984496124, 0.7692307692307692, 0.7179487179487178, 0.3928571428571429, 0.9523809523809523, 0.7, 0.3, 0.24137931034482757, 0.0], "A": [0.01886792452830189, 0.3023255813953489, 0.9230769230769231, 0.3589743589743589, 0.5, 1.0, 0.30000000000000004, 0.5, 0.896551724137931, 0.0], "Y": [0.4339622641509434, 0.031007751937984496, 0.6153846153846154, 0.15384615384615385, 0.28571428571428575, 0.09523809523809523, 0.1, 0.1, 0.13793103448275862, 0.008695652173913044]}