{"L": [0.5740740740740741, 0.06557377049180328, 0.7301587301587301, 0.39166666666666666, 0.6595744680851063, 1.0, 1.0, 0.6881720430107526, 0.9009009009009009, 0.0625], "G": [0.154320987654321, 0.06229508196721312, 0.15873015873015872, 0.35, 0.851063829787234, 0.40404040404040403, 0.6599999999999999, 0.16129032258064516, 0.2162162162162162, 0.007575757575757576], "K": [1.0, 0.009836065573770493, 0.07142857142857142, 0.4583333333333333, 0.22340425531914893, 0.5050505050505051, 0.35, 0.2688172043010753, 0.5315315315315315, 0.00946969696969697], "M": [0.1419753086419753, 0.042622950819672135, 0.15873015873015872, 0.08333333333333333, 0.1595744680851064, 0.15151515151515152, 0.16999999999999998, 0.3118279569892473, 0.16216216216216214, 0.022727272727272728], "F": [0.1419753086419753, 0.019672131147540985, 0.4047619047619047, 0.15833333333333333, 0.24468085106382978, 0.20202020202020202, 0.30999999999999994, 0.39784946236559143, 0.26126126126126126, 0.14583333333333334], "R": [0.7222222222222222, 0.009836065573770493, 0.023809523809523808, 0.3416666666666667, 0.1276595744680851, 0.27272727272727276, 0.26, 0.11827956989247312, 0.3513513513513513, 0.007575757575757576], "W": [0.006172839506172839, 0.006557377049180328, 0.1111111111111111, 0.06666666666666667, 0.10638297872340426, 0.020202020202020204, 0.18999999999999997, 0.20430107526881722, 0.11711711711711711, 1.0], "H": [0.30246913580246915, 0.0, 0.1111111111111111, 0.18333333333333335, 0.13829787234042554, 0.15151515151515152, 0.22999999999999998, 0.3548387096774193, 0.24324324324324323, 0.00946969696969697], "S": [0.18518518518518517, 1.0, 1.0, 0.525, 0.46808510638297873, 0.5050505050505051, 0.44, 0.5161290322580645, 0.6576576576576576, 0.015151515151515152], "C": [0.012345679012345678, 0.029508196721311476, 0.07142857142857142, 0.008333333333333333, 0.02127659574468085, 0.050505050505050504, 0.049999999999999996, 0.053763440860215055, 0.09009009009009009, 0.00946969696969697], "V": [0.31481481481481477, 0.17704918032786887, 0.7063492063492063, 0.3416666666666667, 0.574468085106383, 0.5656565656565657, 0.47, 0.967741935483871, 0.5315315315315315, 0.017045454545454548], "N": [0.030864197530864196, 0.013114754098360656, 0.23015873015873015, 0.2916666666666667, 0.3617021276595745, 0.29292929292929293, 0.48999999999999994, 0.37634408602150543, 0.26126126126126126, 0.007575757575757576], "P": [0.04938271604938271, 0.009836065573770493, 0.18253968253968253, 1.0, 0.5212765957446809, 0.4343434343434344, 0.32999999999999996, 0.19354838709677422, 0.05405405405405405, 0.00946969696969697], "Q": [0.13580246913580246, 0.003278688524590164, 0.15079365079365079, 0.30833333333333335, 0.26595744680851063, 0.30303030303030304, 0.35, 0.6451612903225806, 0.44144144144144143, 0.005681818181818182], "T": [0.2345679012345679, 0.5049180327868853, 0.21428571428571427, 0.30000000000000004, 0.2765957446808511, 0.5252525252525253, 0.37999999999999995, 0.37634408602150543, 1.0, 0.024621212121212124], "I": [0.37037037037037035, 0.08852459016393444, 0.7301587301587301, 0.21666666666666667, 0.6170212765957447, 0.6565656565656566, 0.45999999999999996, 0.41935483870967744, 0.17117117117117117, 0.02840909090909091], "E": [0.08641975308641975, 0.013114754098360656, 0.23015873015873015, 0.4916666666666667, 1.0, 0.686868686868687, 0.48999999999999994, 1.0, 0.4144144144144144, 0.013257575757575758], "D": [0.006172839506172839, 0.013114754098360656, 0.24603174603174602, 0.625, 0.9574468085106383, 0.6363636363636365, 0.44999999999999996, 0.4731182795698925, 0.14414414414414412, 0.015151515151515152], "A": [0.2530864197530864, 0.5147540983606557, 0.5238095238095237, 0.3583333333333334, 0.6382978723404256, 0.4545454545454546, 0.5499999999999999, 0.4623655913978495, 0.29729729729729726, 0.01893939393939394], "Y": [0.14814814814814814, 0.003278688524590164, 0.20634920634920637, 0.07500000000000001, 0.18085106382978725, 0.15151515151515152, 0.26, 0.4946236559139785, 0.26126126126126126, 0.0643939393939394]}