{"L": [0.3414634146341463, 0.014285714285714284, 0.18181818181818182, 0.11320754716981131, 0.26666666666666666, 0.6129032258064516, 0.42424242424242425, 0.6470588235294117, 0.125, 0.946236559139785], "G": [0.048780487804878044, 0.0, 0.0606060606060606, 0.4150943396226415, 1.0, 0.7096774193548386, 0.7272727272727273, 0.32352941176470584, 0.125, 0.0], "K": [0.21951219512195122, 0.0, 0.0303030303030303, 0.1509433962264151, 0.3555555555555555, 0.5806451612903226, 0.27272727272727276, 0.29411764705882354, 0.017857142857142856, 0.0], "M": [0.09756097560975609, 0.0, 0.18181818181818182, 0.018867924528301886, 0.02222222222222222, 0.06451612903225806, 0.09090909090909091, 0.08823529411764705, 0.07142857142857142, 0.24731182795698925], "F": [0.975609756097561, 1.0, 0.43939393939393945, 0.03773584905660377, 0.22222222222222224, 0.25806451612903225, 0.18181818181818182, 0.02941176470588235, 0.10714285714285714, 1.0], "R": [0.4146341463414634, 0.0, 0.07575757575757576, 0.056603773584905655, 0.3333333333333333, 0.45161290322580644, 0.5454545454545455, 0.3823529411764706, 0.03571428571428571, 0.0], "W": [0.024390243902439022, 0.0, 0.0, 0.03773584905660377, 0.02222222222222222, 0.03225806451612903, 0.0, 0.02941176470588235, 0.0, 0.0], "H": [0.17073170731707316, 0.0, 0.18181818181818182, 0.1509433962264151, 0.3111111111111111, 0.16129032258064516, 0.0606060606060606, 0.4411764705882353, 0.14285714285714285, 0.0], "S": [0.8292682926829268, 0.0, 0.0303030303030303, 0.22641509433962262, 0.5111111111111111, 0.8387096774193549, 0.42424242424242425, 1.0, 1.0, 0.0], "C": [0.0, 0.0, 0.01515151515151515, 0.0, 0.0, 0.03225806451612903, 0.0, 0.0, 0.0, 0.0], "V": [0.5121951219512195, 0.0, 0.16666666666666666, 0.09433962264150943, 0.26666666666666666, 0.3870967741935484, 0.8787878787878789, 0.4411764705882353, 0.32142857142857145, 0.0], "N": [0.17073170731707316, 0.0, 0.07575757575757576, 0.3773584905660377, 0.17777777777777776, 0.3225806451612903, 0.393939393939394, 0.6470588235294117, 0.07142857142857142, 0.0], "P": [0.0, 0.0, 1.0, 0.45283018867924524, 0.5111111111111111, 1.0, 1.0, 0.1764705882352941, 0.14285714285714285, 0.0], "Q": [0.09756097560975609, 0.0, 0.21212121212121213, 0.2641509433962264, 0.15555555555555556, 0.25806451612903225, 0.15151515151515152, 0.5882352941176471, 0.16071428571428573, 0.0], "T": [0.14634146341463414, 0.0, 0.045454545454545456, 0.3773584905660377, 0.3333333333333333, 0.5483870967741935, 0.8787878787878789, 0.8235294117647058, 0.4821428571428571, 0.0], "I": [0.4878048780487805, 0.0, 0.40909090909090906, 0.056603773584905655, 0.11111111111111112, 0.3870967741935484, 0.787878787878788, 0.29411764705882354, 0.08928571428571429, 0.01075268817204301], "E": [0.024390243902439022, 0.0, 0.0, 0.7735849056603774, 0.26666666666666666, 0.3548387096774193, 0.18181818181818182, 0.3823529411764706, 0.5, 0.0], "D": [0.0, 0.0, 0.0, 1.0, 0.15555555555555556, 0.5161290322580645, 0.18181818181818182, 0.1176470588235294, 0.17857142857142858, 0.0], "A": [0.6097560975609756, 0.0, 0.09090909090909091, 0.1509433962264151, 0.3111111111111111, 0.5161290322580645, 0.3333333333333333, 0.6176470588235294, 0.7500000000000001, 0.0], "Y": [1.0, 0.7928571428571428, 0.6363636363636365, 0.018867924528301886, 0.2888888888888889, 0.12903225806451613, 0.15151515151515152, 0.1176470588235294, 0.19642857142857142, 0.5161290322580645]}