{"L": [0.125, 0.0, 0.6923076923076924, 0.5142857142857143, 0.6666666666666666, 1.0, 0.8648648648648649, 1.0, 0.30000000000000004, 0.6455696202531646], "G": [1.0, 0.004347826086956522, 0.057692307692307696, 1.0, 1.0, 0.44736842105263164, 0.6756756756756757, 0.08823529411764706, 1.0, 0.0], "K": [0.39583333333333326, 0.0, 0.038461538461538464, 0.4571428571428572, 0.3333333333333333, 0.368421052631579, 0.05405405405405406, 0.058823529411764705, 0.07500000000000001, 0.0], "M": [0.10416666666666666, 0.0, 0.25, 0.028571428571428574, 0.13333333333333333, 0.07894736842105264, 0.1891891891891892, 0.07352941176470587, 0.22500000000000003, 0.21518987341772153], "F": [0.10416666666666666, 0.004347826086956522, 1.0, 0.17142857142857146, 0.3333333333333333, 0.2894736842105263, 0.4054054054054054, 0.08823529411764706, 0.2, 1.0], "R": [0.9583333333333333, 1.0, 0.09615384615384615, 0.028571428571428574, 0.16666666666666666, 0.0, 0.0, 0.10294117647058823, 0.125, 0.012658227848101266], "W": [0.041666666666666664, 0.0, 0.28846153846153844, 0.2285714285714286, 0.06666666666666667, 0.026315789473684213, 0.05405405405405406, 0.0, 0.0, 0.0379746835443038], "H": [0.29166666666666663, 0.0, 0.09615384615384615, 0.08571428571428573, 0.16666666666666666, 0.052631578947368425, 0.02702702702702703, 0.0, 0.025, 0.0], "S": [0.31249999999999994, 0.004347826086956522, 0.21153846153846154, 0.4, 0.26666666666666666, 0.5, 0.13513513513513514, 0.2794117647058823, 0.9750000000000001, 0.02531645569620253], "C": [0.0, 0.0, 0.019230769230769232, 0.028571428571428574, 0.1, 0.07894736842105264, 0.0, 0.0, 0.0, 0.012658227848101266], "V": [0.08333333333333333, 0.0, 0.1730769230769231, 0.2571428571428572, 0.43333333333333335, 0.5789473684210527, 0.8108108108108107, 0.17647058823529413, 0.475, 0.10126582278481013], "N": [0.08333333333333333, 0.0, 0.23076923076923078, 0.2857142857142857, 0.3666666666666667, 0.1842105263157895, 0.13513513513513514, 0.14705882352941174, 0.1, 0.0], "P": [0.020833333333333332, 0.0, 0.0, 0.6285714285714286, 0.6000000000000001, 0.5, 1.0, 0.23529411764705882, 0.025, 0.0], "Q": [0.29166666666666663, 0.013043478260869566, 0.019230769230769232, 0.42857142857142855, 0.3333333333333333, 0.368421052631579, 0.10810810810810811, 0.2941176470588235, 0.325, 0.02531645569620253], "T": [0.08333333333333333, 0.0, 0.15384615384615385, 0.1142857142857143, 0.3333333333333333, 0.31578947368421056, 0.32432432432432434, 0.14705882352941174, 0.5, 0.012658227848101266], "I": [0.125, 0.0, 0.36538461538461536, 0.3142857142857143, 0.8, 0.5263157894736842, 0.7567567567567568, 0.2794117647058823, 0.05, 0.05063291139240506], "E": [0.10416666666666666, 0.0, 0.0, 0.37142857142857144, 0.3333333333333333, 0.31578947368421056, 0.24324324324324326, 0.20588235294117646, 0.55, 0.0], "D": [0.0, 0.0, 0.019230769230769232, 0.6, 0.5333333333333333, 0.1842105263157895, 0.21621621621621623, 0.058823529411764705, 0.35000000000000003, 0.0], "A": [0.5416666666666666, 0.0, 0.21153846153846154, 0.5714285714285714, 0.5, 0.368421052631579, 0.1891891891891892, 0.1323529411764706, 0.475, 0.12658227848101267], "Y": [0.25, 0.0, 0.6153846153846154, 0.2285714285714286, 0.4, 0.026315789473684213, 0.1891891891891892, 0.10294117647058823, 0.125, 0.7215189873417721]}