{"L": [0.35078534031413616, 0.6888888888888889, 0.24710424710424708, 0.17142857142857143, 0.44545454545454544, 0.4262295081967213, 0.7999999999999999, 0.6810344827586208, 0.8387096774193549, 0.7614942528735631], "G": [0.09424083769633508, 0.14444444444444446, 0.10424710424710425, 0.19523809523809524, 1.0, 1.0, 0.9222222222222223, 0.3017241379310345, 0.2661290322580645, 0.011494252873563216], "K": [0.18848167539267016, 0.016666666666666666, 0.030888030888030885, 0.08571428571428572, 0.3090909090909091, 0.4344262295081967, 0.4666666666666667, 0.16379310344827588, 0.3709677419354839, 0.020114942528735632], "M": [0.22513089005235604, 0.11666666666666667, 0.09266409266409266, 0.028571428571428574, 0.09090909090909091, 0.05737704918032787, 0.13333333333333333, 0.1810344827586207, 0.09677419354838711, 0.1293103448275862], "F": [1.0, 0.6277777777777778, 0.44015444015444016, 0.07619047619047618, 0.2727272727272727, 0.15573770491803277, 0.5333333333333333, 0.28448275862068967, 0.4516129032258065, 1.0], "R": [0.24607329842931938, 0.06111111111111111, 0.05019305019305019, 0.06190476190476191, 0.21818181818181817, 0.28688524590163933, 0.39999999999999997, 0.19827586206896552, 0.23387096774193547, 0.011494252873563216], "W": [0.02094240837696335, 0.17777777777777776, 0.05019305019305019, 0.03333333333333333, 0.045454545454545456, 0.05737704918032787, 0.03333333333333333, 0.04310344827586207, 0.024193548387096777, 0.008620689655172414], "H": [0.14659685863874347, 0.016666666666666666, 0.04247104247104247, 0.03333333333333333, 0.22727272727272727, 0.19672131147540983, 0.3222222222222222, 0.28448275862068967, 0.12903225806451613, 0.005747126436781608], "S": [0.2670157068062827, 0.17222222222222222, 0.13127413127413126, 0.29523809523809524, 0.7636363636363636, 0.8114754098360655, 0.7777777777777778, 0.5258620689655173, 0.6290322580645161, 0.037356321839080456], "C": [0.0, 0.01111111111111111, 0.015444015444015443, 0.014285714285714287, 0.00909090909090909, 0.016393442622950817, 0.03333333333333333, 0.017241379310344827, 0.016129032258064516, 0.008620689655172414], "V": [0.46596858638743455, 0.16666666666666666, 0.08494208494208494, 0.23333333333333334, 0.6272727272727273, 0.4672131147540984, 0.6222222222222222, 1.0, 0.7096774193548387, 0.1954022988505747], "N": [0.1256544502617801, 0.049999999999999996, 0.10810810810810811, 0.19523809523809524, 0.39999999999999997, 0.39344262295081966, 0.5888888888888889, 0.45689655172413796, 0.20161290322580647, 0.011494252873563216], "P": [0.07329842931937174, 0.861111111111111, 0.15444015444015444, 0.8714285714285714, 0.7727272727272727, 0.7131147540983607, 1.0, 0.603448275862069, 0.25806451612903225, 0.034482758620689655], "Q": [0.05235602094240838, 0.31666666666666665, 0.08108108108108109, 0.20476190476190476, 0.34545454545454546, 0.29508196721311475, 0.4111111111111111, 0.45689655172413796, 0.3306451612903226, 0.011494252873563216], "T": [0.25654450261780104, 0.1611111111111111, 0.08108108108108109, 0.13809523809523808, 0.5545454545454546, 0.4918032786885245, 0.5555555555555556, 0.706896551724138, 1.0, 0.034482758620689655], "I": [0.3193717277486911, 0.09999999999999999, 0.17374517374517373, 0.08571428571428572, 0.3909090909090909, 0.3524590163934426, 0.5333333333333333, 0.4741379310344828, 0.20967741935483872, 0.09482758620689655], "E": [0.07329842931937174, 0.07777777777777778, 0.17374517374517373, 0.4285714285714286, 0.5181818181818182, 0.2786885245901639, 0.6888888888888889, 0.45689655172413796, 0.47580645161290325, 0.037356321839080456], "D": [0.02617801047120419, 0.05555555555555555, 1.0, 1.0, 0.42727272727272725, 0.39344262295081966, 0.5, 0.2931034482758621, 0.16935483870967744, 0.017241379310344827], "A": [0.24083769633507854, 0.3055555555555556, 0.21621621621621623, 0.2, 0.6909090909090909, 0.6311475409836066, 0.6222222222222222, 0.6206896551724138, 0.532258064516129, 0.037356321839080456], "Y": [0.6596858638743456, 1.0, 0.2857142857142857, 0.04285714285714286, 0.2818181818181818, 0.10655737704918032, 0.3111111111111111, 0.20689655172413796, 0.5, 0.18390804597701146]}