{"L": [0.1111111111111111, 0.216, 0.4693877551020408, 0.0821917808219178, 0.125, 0.15555555555555553, 0.7906976744186046, 0.8620689655172413, 0.2222222222222222, 1.0], "G": [0.02222222222222222, 0.04, 0.1020408163265306, 0.4657534246575342, 1.0, 1.0, 1.0, 0.5517241379310345, 0.1111111111111111, 0.0], "K": [0.02222222222222222, 0.0, 0.08163265306122448, 0.136986301369863, 0.14285714285714285, 0.3555555555555555, 0.441860465116279, 0.4482758620689655, 0.05555555555555555, 0.0], "M": [0.1259259259259259, 0.024, 0.32653061224489793, 0.0410958904109589, 0.017857142857142856, 0.04444444444444444, 0.20930232558139533, 0.3793103448275862, 0.07407407407407407, 0.15675675675675677], "F": [1.0, 0.024, 0.9795918367346937, 0.0821917808219178, 0.10714285714285714, 0.06666666666666667, 0.3255813953488372, 0.27586206896551724, 0.25925925925925924, 0.42702702702702705], "R": [0.059259259259259255, 0.0, 0.06122448979591836, 0.0684931506849315, 0.125, 0.42222222222222217, 0.27906976744186046, 0.41379310344827586, 0.18518518518518517, 0.0], "W": [0.02222222222222222, 0.0, 0.08163265306122448, 0.0273972602739726, 0.05357142857142857, 0.0, 0.02325581395348837, 0.0, 0.07407407407407407, 0.0], "H": [0.037037037037037035, 0.0, 0.06122448979591836, 0.0958904109589041, 0.26785714285714285, 0.15555555555555553, 0.3255813953488372, 0.5862068965517241, 0.09259259259259259, 0.0], "S": [0.037037037037037035, 0.296, 0.2857142857142857, 0.2876712328767123, 0.44642857142857145, 0.9777777777777776, 0.6279069767441859, 0.896551724137931, 1.0, 0.0], "C": [0.0, 0.0, 0.04081632653061224, 0.0, 0.0, 0.0, 0.04651162790697674, 0.0, 0.0, 0.0], "V": [0.14814814814814814, 0.328, 0.6530612244897959, 0.1095890410958904, 0.23214285714285715, 0.3333333333333333, 0.441860465116279, 1.0, 0.5, 0.059459459459459456], "N": [0.014814814814814814, 0.008, 0.18367346938775508, 0.2191780821917808, 0.35714285714285715, 0.3555555555555555, 0.441860465116279, 0.9310344827586207, 0.09259259259259259, 0.0], "P": [0.014814814814814814, 0.312, 0.1020408163265306, 1.0, 0.7857142857142857, 0.9333333333333332, 0.6511627906976744, 0.8275862068965517, 0.3148148148148148, 0.0], "Q": [0.0, 0.064, 0.2040816326530612, 0.0958904109589041, 0.21428571428571427, 0.15555555555555553, 0.3023255813953488, 0.7931034482758621, 0.24074074074074073, 0.0], "T": [0.04444444444444444, 0.144, 0.2040816326530612, 0.1643835616438356, 0.25, 0.6444444444444444, 0.3720930232558139, 1.0, 0.9444444444444445, 0.005405405405405406], "I": [0.11851851851851851, 0.112, 0.6326530612244897, 0.1095890410958904, 0.14285714285714285, 0.13333333333333333, 0.3023255813953488, 0.5517241379310345, 0.07407407407407407, 0.027027027027027025], "E": [0.02222222222222222, 0.016, 0.18367346938775508, 0.5068493150684931, 0.5, 0.31111111111111106, 0.20930232558139533, 0.3793103448275862, 0.48148148148148145, 0.0], "D": [0.0, 0.0, 0.36734693877551017, 0.6575342465753424, 0.375, 0.5333333333333333, 0.3720930232558139, 0.06896551724137931, 0.07407407407407407, 0.0], "A": [0.06666666666666667, 1.0, 0.5918367346938775, 0.2328767123287671, 0.5357142857142857, 0.5333333333333333, 0.34883720930232553, 0.896551724137931, 0.9259259259259259, 0.010810810810810811], "Y": [0.5333333333333333, 0.008, 1.0, 0.0547945205479452, 0.10714285714285714, 0.08888888888888888, 0.02325581395348837, 0.3103448275862069, 0.2777777777777778, 0.06486486486486487]}