{"L": [0.6418979409131602, 0.1005142589995325, 1.0, 0.9562764456981664, 1.0, 1.0, 1.0, 1.0, 1.0, 1.0], "G": [0.8818263205013429, 0.07643758765778401, 0.34798534798534797, 0.9943582510578279, 0.7559523809523809, 0.7263803680981596, 0.690246516613076, 0.30849056603773584, 0.7346072186836518, 0.05327004219409283], "K": [0.6356311548791406, 0.040439457690509585, 0.41483516483516486, 0.8321579689703809, 0.5678571428571428, 0.6564417177914111, 0.5133976420150054, 0.48867924528301887, 0.7929936305732483, 0.5147679324894515], "M": [0.09758281110116383, 0.016362786348761104, 0.16666666666666669, 0.16361071932299012, 0.15595238095238093, 0.16319018404907978, 0.11897106109324758, 0.10377358490566038, 0.08492569002123142, 0.15981012658227847], "F": [0.1611459265890779, 0.02992052360916316, 0.576923076923077, 0.38787023977433005, 0.33452380952380956, 0.34233128834355836, 0.31725616291532693, 0.24245283018867925, 0.2314225053078556, 0.6202531645569621], "R": [1.0, 1.0, 0.3800366300366301, 0.6572637517630465, 0.41785714285714287, 0.5141104294478528, 0.46516613076098606, 0.38207547169811323, 0.6252653927813163, 0.44567510548523204], "W": [0.03581020590868397, 0.008648901355773727, 0.15567765567765568, 0.09873060648801128, 0.07857142857142857, 0.0687116564417178, 0.06430868167202572, 0.059433962264150944, 0.032908704883227176, 0.020042194092827006], "H": [0.2873769024171889, 0.02080411407199626, 0.1858974358974359, 0.23836389280677012, 0.22857142857142854, 0.21595092024539878, 0.17041800643086816, 0.17735849056603772, 0.1613588110403397, 0.08333333333333333], "S": [0.7985675917636526, 0.07082748948106592, 0.4267399267399268, 0.9167842031029619, 0.6511904761904761, 0.6625766871165645, 0.5284030010718114, 0.5405660377358491, 0.8503184713375797, 0.05959915611814347], "C": [0.014324082363473588, 0.0060776063581112665, 0.03113553113553114, 0.06064880112834979, 0.052380952380952375, 0.04785276073619632, 0.04608788853161843, 0.022641509433962263, 0.010615711252653927, 0.0015822784810126582], "V": [0.2963294538943599, 0.06124357176250584, 0.5109890109890111, 0.4894217207334274, 0.6154761904761904, 0.739877300613497, 0.6259378349410503, 0.6528301886792452, 0.43630573248407645, 0.1429324894514768], "N": [0.1289167412712623, 0.0292192613370734, 0.36813186813186816, 0.43723554301833567, 0.3773809523809524, 0.3374233128834356, 0.35262593783494106, 0.3443396226415094, 0.4235668789808917, 0.05959915611814347], "P": [0.09847806624888093, 0.06685366993922394, 0.21153846153846156, 0.7376586741889987, 0.6976190476190476, 0.6368098159509203, 0.7052518756698821, 0.38301886792452833, 0.27388535031847133, 0.04430379746835443], "Q": [0.21396598030438674, 0.0675549322113137, 0.2518315018315018, 0.6727785613540198, 0.4845238095238095, 0.5067484662576688, 0.3515541264737406, 0.41132075471698115, 0.5169851380042463, 0.0690928270042194], "T": [0.35183527305282003, 0.053997194950911646, 0.35073260073260076, 0.5035260930888575, 0.4583333333333333, 0.5288343558282209, 0.4319399785637728, 0.5320754716981132, 0.6900212314225053, 0.058544303797468354], "I": [0.350940017905103, 0.04581580177653109, 0.5073260073260073, 0.46403385049365303, 0.575, 0.6441717791411044, 0.609860664523044, 0.5783018867924529, 0.3121019108280255, 0.2790084388185654], "E": [0.17009847806624886, 0.057971014492753624, 0.2902930402930403, 1.0, 0.7571428571428571, 0.7153374233128835, 0.5391211146838156, 0.44528301886792454, 0.4564755838641189, 0.09968354430379747], "D": [0.09489704565801253, 0.04160822814399252, 0.2957875457875458, 0.7179125528913963, 0.4952380952380952, 0.49079754601227, 0.31296891747052513, 0.21132075471698114, 0.21125265392781317, 0.027953586497890297], "A": [0.7788719785138765, 0.06077606358111267, 0.5604395604395604, 0.6953455571227081, 0.6071428571428571, 0.6220858895705521, 0.5284030010718114, 0.5169811320754717, 0.48513800424628445, 0.07225738396624473], "Y": [0.13339301700984782, 0.017531556802244042, 0.30311355311355315, 0.2750352609308886, 0.22619047619047616, 0.2098159509202454, 0.21436227224008575, 0.15660377358490568, 0.17409766454352443, 0.4135021097046414]}