{"L": [0.6249999999999999, 0.023696682464454978, 1.0, 0.7714285714285715, 1.0, 0.8620689655172413, 1.0, 0.5714285714285715, 0.4871794871794872, 0.26666666666666666], "G": [0.03571428571428571, 0.023696682464454978, 0.15789473684210525, 0.4, 0.4848484848484849, 0.8620689655172413, 0.8928571428571429, 0.2571428571428572, 0.3076923076923077, 0.0], "K": [0.10714285714285714, 0.004739336492890996, 0.21052631578947367, 0.2, 0.3636363636363637, 0.3448275862068966, 0.32142857142857145, 0.28571428571428575, 0.20512820512820515, 0.04761904761904762], "M": [0.6071428571428571, 0.004739336492890996, 0.21052631578947367, 0.14285714285714288, 0.24242424242424246, 0.3103448275862069, 0.10714285714285714, 0.31428571428571433, 0.15384615384615385, 0.05714285714285715], "F": [1.0, 0.0, 0.7105263157894737, 0.31428571428571433, 0.4848484848484849, 0.5172413793103449, 0.6071428571428571, 0.28571428571428575, 0.10256410256410257, 0.17142857142857143], "R": [0.10714285714285714, 0.009478672985781991, 0.21052631578947367, 0.1142857142857143, 0.15151515151515152, 0.20689655172413793, 0.42857142857142855, 0.37142857142857144, 0.10256410256410257, 0.04761904761904762], "W": [0.05357142857142857, 0.0, 0.05263157894736842, 0.028571428571428574, 0.09090909090909093, 0.06896551724137931, 0.21428571428571427, 0.028571428571428574, 0.025641025641025644, 0.01904761904761905], "H": [0.4642857142857143, 0.014218009478672987, 0.39473684210526316, 0.2, 0.09090909090909093, 0.3793103448275862, 0.14285714285714285, 0.14285714285714288, 0.17948717948717952, 0.009523809523809525], "S": [0.19642857142857142, 0.018957345971563982, 0.39473684210526316, 0.6285714285714287, 0.5454545454545455, 0.3103448275862069, 0.39285714285714285, 0.48571428571428577, 0.5897435897435898, 0.028571428571428574], "C": [0.03571428571428571, 0.0, 0.02631578947368421, 0.2, 0.21212121212121215, 0.10344827586206896, 0.07142857142857142, 0.1142857142857143, 0.10256410256410257, 0.0], "V": [0.23214285714285715, 0.028436018957345974, 0.42105263157894735, 0.2571428571428572, 0.7272727272727274, 0.5172413793103449, 0.8928571428571429, 1.0, 0.6923076923076924, 0.4], "N": [0.125, 0.004739336492890996, 0.39473684210526316, 0.3428571428571429, 0.21212121212121215, 0.5517241379310345, 0.35714285714285715, 0.28571428571428575, 0.15384615384615385, 0.0], "P": [0.03571428571428571, 1.0, 0.21052631578947367, 0.5142857142857143, 0.6060606060606061, 1.0, 0.8928571428571429, 0.5714285714285715, 0.38461538461538464, 0.028571428571428574], "Q": [0.017857142857142856, 0.0, 0.2631578947368421, 0.31428571428571433, 0.18181818181818185, 0.4827586206896552, 0.2857142857142857, 0.2285714285714286, 0.17948717948717952, 0.009523809523809525], "T": [0.14285714285714285, 0.014218009478672987, 0.10526315789473684, 0.31428571428571433, 0.33333333333333337, 0.3448275862068966, 0.4642857142857143, 0.4, 0.38461538461538464, 0.0380952380952381], "I": [0.26785714285714285, 0.018957345971563982, 0.4473684210526316, 0.6000000000000001, 0.7575757575757577, 0.6896551724137931, 0.7857142857142857, 0.7428571428571429, 0.7179487179487181, 0.2285714285714286], "E": [0.07142857142857142, 0.009478672985781991, 0.21052631578947367, 1.0, 0.33333333333333337, 0.20689655172413793, 0.35714285714285715, 0.31428571428571433, 0.6153846153846154, 0.01904761904761905], "D": [0.07142857142857142, 0.004739336492890996, 0.13157894736842105, 0.31428571428571433, 0.3636363636363637, 0.3793103448275862, 0.4642857142857143, 0.1142857142857143, 0.10256410256410257, 0.0], "A": [0.14285714285714285, 0.047393364928909956, 0.5, 0.2, 0.393939393939394, 0.5517241379310345, 0.42857142857142855, 0.5428571428571429, 1.0, 1.0], "Y": [0.30357142857142855, 0.004739336492890996, 0.7894736842105263, 0.5714285714285715, 0.30303030303030304, 0.27586206896551724, 0.17857142857142858, 0.37142857142857144, 0.17948717948717952, 0.10476190476190476]}