{"L": [0.0, 0.0, 0.14285714285714285, 0.0, 0.3846153846153846, 0.25, 0.5, 0.26666666666666666, 0.05263157894736842, 0.03636363636363636], "G": [0.15789473684210525, 0.0, 0.07142857142857142, 0.4375, 0.23076923076923075, 0.75, 0.5, 0.06666666666666667, 0.0, 0.0], "K": [0.5263157894736842, 0.0, 0.07142857142857142, 0.125, 0.15384615384615383, 0.75, 0.5, 0.26666666666666666, 0.15789473684210525, 0.0], "M": [0.0, 0.0, 0.07142857142857142, 0.0, 0.0, 0.0, 0.0, 0.0, 0.0, 0.01818181818181818], "F": [0.10526315789473684, 0.0, 0.0, 0.125, 0.07692307692307691, 0.0, 0.125, 0.19999999999999998, 0.0, 0.0], "R": [1.0, 0.0, 0.07142857142857142, 0.1875, 0.07692307692307691, 0.75, 1.0, 0.13333333333333333, 0.15789473684210525, 0.0], "W": [0.05263157894736842, 0.0, 0.0, 0.0625, 0.0, 0.0, 0.125, 0.0, 0.0, 0.0], "H": [0.10526315789473684, 0.0, 0.14285714285714285, 0.0, 0.15384615384615383, 0.0, 0.25, 0.19999999999999998, 0.0, 0.0], "S": [0.21052631578947367, 0.0, 0.07142857142857142, 0.0, 0.07692307692307691, 0.25, 0.125, 0.13333333333333333, 0.15789473684210525, 0.0], "C": [0.0, 0.0, 0.0, 0.0, 0.0, 0.0, 0.0, 0.0, 0.05263157894736842, 0.0], "V": [0.05263157894736842, 0.0, 0.07142857142857142, 0.125, 0.23076923076923075, 0.5, 0.625, 1.0, 0.42105263157894735, 0.01818181818181818], "N": [0.0, 0.0, 0.0, 0.0, 0.23076923076923075, 0.625, 0.125, 0.19999999999999998, 0.05263157894736842, 0.0], "P": [0.0, 0.0, 0.07142857142857142, 0.1875, 0.6923076923076923, 0.625, 0.5, 0.4666666666666666, 0.05263157894736842, 0.03636363636363636], "Q": [0.21052631578947367, 0.0, 1.0, 0.1875, 0.07692307692307691, 0.625, 0.25, 0.13333333333333333, 0.3157894736842105, 0.0], "T": [0.05263157894736842, 0.0, 0.07142857142857142, 0.1875, 0.07692307692307691, 0.5, 0.875, 0.26666666666666666, 0.42105263157894735, 0.01818181818181818], "I": [0.05263157894736842, 0.0, 0.7142857142857143, 0.25, 0.15384615384615383, 0.0, 0.75, 0.0, 0.15789473684210525, 0.0], "E": [0.0, 1.0, 1.0, 1.0, 0.6923076923076923, 0.625, 0.375, 0.3333333333333333, 0.21052631578947367, 0.0], "D": [0.0, 0.0, 0.21428571428571427, 0.75, 0.30769230769230765, 0.0, 0.375, 0.0, 0.05263157894736842, 0.0], "A": [0.6842105263157895, 0.03333333333333333, 0.5714285714285714, 0.25, 1.0, 1.0, 0.75, 0.4666666666666666, 1.0, 1.0], "Y": [0.05263157894736842, 0.0, 0.07142857142857142, 0.0, 0.15384615384615383, 0.5, 0.0, 0.0, 0.0, 0.0]}