{"L": [0.6684981684981686, 1.0, 1.0, 0.4937833037300178, 0.9774590163934426, 1.0, 1.0, 1.0, 0.9595505617977528, 0.9111266620013995], "G": [0.5567765567765568, 0.009383924928600572, 0.19436997319034852, 0.7015985790408525, 1.0, 0.8963855421686747, 0.37347767253044656, 0.2589118198874297, 0.6202247191011236, 0.0125962211336599], "K": [0.7161172161172161, 0.0032639738882088948, 0.11528150134048258, 0.2770870337477797, 0.3524590163934426, 0.5301204819277109, 0.21515561569688765, 0.24202626641651032, 0.4044943820224719, 0.018894331700489854], "M": [0.17399267399267399, 0.13178294573643412, 0.3203753351206434, 0.1349911190053286, 0.17418032786885246, 0.1710843373493976, 0.13125845737483083, 0.23639774859287055, 0.150561797752809, 0.07557732680195942], "F": [1.0, 0.004895960832313342, 0.47050938337801607, 0.2255772646536412, 0.4713114754098361, 0.47469879518072294, 0.3491204330175913, 0.4634146341463415, 0.5550561797752809, 0.04688593421973408], "R": [0.36446886446886445, 0.0032639738882088948, 0.07640750670241286, 0.1758436944937833, 0.23770491803278687, 0.28674698795180725, 0.12584573748308525, 0.17636022514071295, 0.3887640449438203, 0.024492652204338695], "W": [0.07509157509157509, 0.002039983680130559, 0.12332439678284181, 0.08348134991119004, 0.13114754098360656, 0.11084337349397591, 0.03924221921515561, 0.16697936210131334, 0.06741573033707866, 0.0006997900629811056], "H": [0.09523809523809523, 0.0016319869441044474, 0.0938337801608579, 0.0994671403197158, 0.22540983606557377, 0.21927710843373496, 0.11907983761840324, 0.24015009380863042, 0.2269662921348315, 0.0006997900629811056], "S": [0.7252747252747253, 0.02651978784169727, 0.3324396782841823, 0.6447602131438721, 0.5102459016393442, 0.6915662650602411, 0.3031123139377537, 0.45215759849906195, 1.0, 0.02099370188943317], "C": [0.05128205128205128, 0.0032639738882088948, 0.07640750670241286, 0.09591474245115453, 0.10860655737704919, 0.14457831325301207, 0.07983761840324763, 0.12195121951219513, 0.11235955056179776, 0.009797060881735478], "V": [0.5054945054945055, 0.12566299469604245, 0.31233243967828417, 0.2433392539964476, 0.5737704918032787, 0.7518072289156627, 0.45872801082543974, 0.7560975609756099, 0.5438202247191011, 1.0], "N": [0.16483516483516483, 0.007751937984496125, 0.15683646112600536, 0.33747779751332146, 0.3934426229508197, 0.41445783132530123, 0.2746955345060893, 0.30956848030018763, 0.4337078651685393, 0.00629811056682995], "P": [0.06043956043956044, 0.0044879640962872305, 0.21045576407506703, 0.586145648312611, 0.34631147540983603, 0.6265060240963856, 0.3721244925575101, 0.6454033771106943, 0.37528089887640453, 0.0125962211336599], "Q": [0.14835164835164835, 0.05671154630762955, 0.17024128686327078, 0.23090586145648312, 0.2520491803278689, 0.3421686746987952, 0.16508795669824086, 0.28142589118198874, 0.43820224719101125, 0.0125962211336599], "T": [0.4194139194139194, 0.07343941248470012, 0.17828418230563003, 0.35879218472468916, 0.43442622950819676, 0.6433734939759037, 0.2868741542625169, 0.4652908067542214, 0.8606741573033708, 0.11126662001399579], "I": [0.4835164835164835, 0.16075071399428806, 0.4597855227882037, 0.255772646536412, 0.5573770491803278, 0.7060240963855422, 0.5561569688768606, 0.6078799249530957, 0.31910112359550563, 0.3254023792862141], "E": [0.14652014652014653, 0.04895960832313342, 0.14611260053619302, 1.0, 0.5942622950819672, 0.6457831325301205, 0.23815967523680648, 0.4577861163227017, 0.6584269662921348, 0.01119664100769769], "D": [0.10805860805860806, 0.0044879640962872305, 0.37399463806970507, 0.9875666074600356, 0.5819672131147541, 0.5855421686746988, 0.24763193504736125, 0.20637898686679176, 0.19325842696629214, 0.007697690692792162], "A": [0.7197802197802198, 0.04855161158710731, 0.4865951742627346, 0.44049733570159855, 0.5266393442622951, 0.6698795180722893, 0.2584573748308525, 0.5534709193245779, 0.6764044943820224, 0.2694191742477257], "Y": [0.5714285714285714, 0.010607915136678907, 0.3780160857908847, 0.14742451154529307, 0.2274590163934426, 0.29156626506024097, 0.13531799729364005, 0.30206378986866794, 0.5303370786516854, 0.08467459762071378]}