{"L": [0.37299035369774913, 1.0, 1.0, 0.7272727272727272, 0.803370786516854, 0.8367346938775511, 1.0, 1.0, 1.0, 0.030877192982456142], "G": [0.4469453376205787, 0.011472275334608031, 0.23236514522821575, 0.7112299465240641, 1.0, 0.5102040816326531, 0.5277777777777778, 0.30656934306569344, 0.5846774193548387, 0.0], "K": [1.0, 0.015296367112810707, 0.5352697095435685, 0.5080213903743316, 0.7078651685393258, 0.4897959183673469, 0.3125, 0.2773722627737227, 0.6411290322580645, 1.0], "M": [0.1414790996784566, 0.2084130019120459, 0.2697095435684647, 0.25133689839572193, 0.19662921348314608, 0.18877551020408165, 0.22916666666666663, 0.28467153284671537, 0.17338709677419356, 0.003508771929824561], "F": [0.19614147909967844, 0.09751434034416827, 0.8174273858921162, 0.40641711229946526, 0.7303370786516853, 0.4336734693877551, 0.4201388888888889, 0.31751824817518254, 0.4153225806451613, 0.014035087719298244], "R": [0.9389067524115755, 0.009560229445506692, 0.4066390041493776, 0.3101604278074866, 0.5, 0.3469387755102041, 0.19444444444444442, 0.2518248175182482, 0.35080645161290325, 0.15789473684210525], "W": [0.03858520900321543, 0.0019120458891013384, 0.14937759336099585, 0.0855614973262032, 0.1797752808988764, 0.0816326530612245, 0.05902777777777777, 0.06204379562043796, 0.0846774193548387, 0.0], "H": [0.14469453376205788, 0.0019120458891013384, 0.14937759336099585, 0.1657754010695187, 0.4101123595505618, 0.20408163265306123, 0.125, 0.13868613138686134, 0.16532258064516128, 0.021052631578947368], "S": [0.5916398713826366, 0.3575525812619503, 0.5809128630705395, 0.93048128342246, 0.8258426966292135, 0.8928571428571429, 0.5277777777777778, 0.8686131386861315, 0.5887096774193549, 0.0007017543859649122], "C": [0.05466237942122185, 0.017208413001912046, 0.11618257261410787, 0.1497326203208556, 0.15168539325842695, 0.15306122448979592, 0.07638888888888888, 0.10583941605839417, 0.07661290322580645, 0.0], "V": [0.39871382636655944, 0.7476099426386233, 0.36099585062240663, 0.4705882352941177, 0.6516853932584269, 0.826530612244898, 0.47222222222222215, 0.5291970802919709, 0.4153225806451613, 0.008421052631578947], "N": [0.12540192926045016, 0.009560229445506692, 0.5145228215767634, 0.4705882352941177, 0.5224719101123595, 0.5102040816326531, 0.2638888888888889, 0.29197080291970806, 0.5201612903225806, 0.0007017543859649122], "P": [0.04180064308681672, 0.0038240917782026767, 0.29045643153526973, 1.0, 0.8876404494382022, 1.0, 0.4305555555555555, 0.2773722627737227, 0.4153225806451613, 0.0014035087719298245], "Q": [0.18327974276527328, 0.11472275334608031, 0.2157676348547718, 0.5133689839572192, 0.37640449438202245, 0.3571428571428572, 0.2048611111111111, 0.23357664233576644, 0.4032258064516129, 0.0007017543859649122], "T": [0.270096463022508, 0.5009560229445507, 0.2863070539419087, 0.6310160427807487, 0.5561797752808988, 0.7806122448979592, 0.4305555555555555, 0.7372262773722629, 0.43548387096774194, 0.002105263157894737], "I": [0.40192926045016075, 0.5219885277246654, 0.4605809128630705, 0.49732620320855614, 0.6741573033707865, 0.8979591836734695, 0.6145833333333334, 0.6094890510948905, 0.23387096774193547, 0.004912280701754386], "E": [0.08681672025723472, 0.0, 0.12863070539419086, 0.8983957219251336, 0.46629213483146065, 0.38265306122448983, 0.21180555555555555, 0.16058394160583944, 0.3790322580645161, 0.0007017543859649122], "D": [0.067524115755627, 0.0057361376673040155, 0.23651452282157676, 0.8556149732620321, 0.37640449438202245, 0.29081632653061223, 0.17361111111111108, 0.12773722627737227, 0.2056451612903226, 0.0014035087719298245], "A": [0.7749196141479099, 0.15869980879541107, 0.6224066390041494, 0.6363636363636364, 0.6853932584269663, 0.6632653061224489, 0.39236111111111105, 0.47080291970802923, 0.46774193548387094, 0.003508771929824561], "Y": [0.10289389067524114, 0.009560229445506692, 0.8589211618257262, 0.39037433155080214, 0.4438202247191011, 0.2755102040816327, 0.2222222222222222, 0.18978102189781024, 0.4435483870967742, 0.14035087719298245]}