{"L": [0.3111111111111111, 0.05691056910569106, 0.35294117647058826, 0.14285714285714285, 0.2857142857142857, 0.2162162162162162, 0.2391304347826087, 0.1714285714285714, 0.1956521739130435, 0.0784313725490196], "G": [0.08888888888888888, 0.008130081300813009, 0.17647058823529413, 0.2142857142857143, 0.4, 0.5945945945945946, 0.30434782608695654, 0.0857142857142857, 0.08695652173913043, 0.0], "K": [0.0, 0.008130081300813009, 0.058823529411764705, 0.14285714285714285, 0.11428571428571428, 0.1081081081081081, 0.2391304347826087, 0.0857142857142857, 0.1956521739130435, 0.00980392156862745], "M": [0.4444444444444444, 0.0, 0.14705882352941177, 0.0, 0.02857142857142857, 0.027027027027027025, 0.10869565217391304, 0.02857142857142857, 0.06521739130434782, 0.0784313725490196], "F": [1.0, 0.032520325203252036, 0.2647058823529412, 0.16666666666666669, 0.1714285714285714, 0.08108108108108107, 0.1956521739130435, 0.2, 0.13043478260869565, 0.5588235294117647], "R": [0.04444444444444444, 0.008130081300813009, 0.058823529411764705, 0.16666666666666669, 0.14285714285714285, 0.1081081081081081, 0.15217391304347827, 0.02857142857142857, 0.13043478260869565, 0.00980392156862745], "W": [0.02222222222222222, 0.0, 0.0, 0.02380952380952381, 0.05714285714285714, 0.027027027027027025, 0.021739130434782608, 0.02857142857142857, 0.043478260869565216, 0.00980392156862745], "H": [0.28888888888888886, 0.0, 0.029411764705882353, 0.07142857142857142, 0.0857142857142857, 0.05405405405405405, 0.06521739130434782, 0.1714285714285714, 0.021739130434782608, 0.00980392156862745], "S": [0.06666666666666667, 0.04065040650406504, 0.2647058823529412, 0.35714285714285715, 0.2857142857142857, 0.16216216216216214, 0.2608695652173913, 0.3714285714285714, 0.391304347826087, 0.00980392156862745], "C": [0.02222222222222222, 0.0, 0.029411764705882353, 0.0, 0.0, 0.027027027027027025, 0.0, 0.0, 0.0, 0.0], "V": [0.13333333333333333, 0.05691056910569106, 0.14705882352941177, 0.11904761904761905, 0.05714285714285714, 0.4324324324324324, 0.06521739130434782, 0.6857142857142856, 0.391304347826087, 0.00980392156862745], "N": [0.08888888888888888, 0.0, 0.14705882352941177, 0.11904761904761905, 0.2571428571428571, 0.1891891891891892, 0.17391304347826086, 1.0, 0.08695652173913043, 0.0], "P": [0.0, 1.0, 0.5294117647058824, 1.0, 0.6, 1.0, 0.1956521739130435, 0.2, 0.08695652173913043, 0.0], "Q": [0.02222222222222222, 0.016260162601626018, 1.0, 0.30952380952380953, 0.11428571428571428, 0.16216216216216214, 0.10869565217391304, 0.2571428571428571, 0.06521739130434782, 0.00980392156862745], "T": [0.08888888888888888, 0.024390243902439025, 0.17647058823529413, 0.11904761904761905, 0.2, 0.13513513513513511, 0.13043478260869565, 0.3142857142857143, 0.5434782608695652, 0.0], "I": [0.15555555555555556, 0.032520325203252036, 0.44117647058823534, 0.09523809523809525, 0.22857142857142856, 0.2972972972972973, 0.10869565217391304, 0.3428571428571428, 0.08695652173913043, 0.0], "E": [0.04444444444444444, 0.032520325203252036, 0.3235294117647059, 0.4523809523809524, 0.7428571428571428, 0.40540540540540543, 1.0, 0.42857142857142855, 0.2391304347826087, 0.0196078431372549], "D": [0.02222222222222222, 0.0, 0.823529411764706, 0.4761904761904762, 0.3428571428571428, 0.5945945945945946, 0.41304347826086957, 0.4, 0.06521739130434782, 0.0], "A": [0.7777777777777778, 0.1056910569105691, 0.35294117647058826, 0.2142857142857143, 1.0, 0.24324324324324326, 0.15217391304347827, 0.2857142857142857, 1.0, 0.0], "Y": [0.4666666666666666, 0.07317073170731708, 0.08823529411764706, 0.1904761904761905, 0.14285714285714285, 0.1081081081081081, 0.06521739130434782, 0.1714285714285714, 0.17391304347826086, 1.0]}