{"L": [0.4264705882352941, 0.14925373134328357, 0.2542372881355932, 0.28, 0.4358974358974359, 0.4634146341463415, 0.8857142857142858, 1.0, 0.8085106382978724, 1.0], "G": [0.14705882352941177, 0.029850746268656716, 0.18644067796610167, 0.3, 0.6923076923076923, 0.6829268292682927, 0.8000000000000002, 0.2972972972972973, 0.2765957446808511, 0.0], "K": [0.16176470588235295, 0.0, 0.18644067796610167, 0.22, 0.5128205128205128, 0.3170731707317073, 0.34285714285714286, 0.2702702702702703, 0.19148936170212766, 0.0], "M": [0.11764705882352941, 0.02238805970149254, 0.15254237288135591, 0.1, 0.07692307692307693, 0.19512195121951217, 0.14285714285714285, 0.08108108108108109, 0.10638297872340426, 0.14012738853503184], "F": [1.0, 0.07462686567164178, 0.8305084745762712, 0.34, 0.4358974358974359, 0.36585365853658536, 0.45714285714285713, 0.4864864864864865, 0.3617021276595745, 0.356687898089172], "R": [0.3235294117647059, 1.0, 1.0, 0.18000000000000002, 0.3076923076923077, 0.5365853658536586, 0.4000000000000001, 0.6486486486486487, 0.29787234042553196, 0.0], "W": [0.058823529411764705, 0.0, 0.06779661016949153, 0.1, 0.15384615384615385, 0.09756097560975609, 0.14285714285714285, 0.05405405405405406, 0.02127659574468085, 0.0], "H": [0.10294117647058824, 0.029850746268656716, 0.288135593220339, 0.1, 0.41025641025641024, 0.19512195121951217, 0.22857142857142856, 0.13513513513513514, 0.06382978723404256, 0.0], "S": [0.5294117647058824, 0.13432835820895522, 0.23728813559322035, 0.64, 0.6153846153846154, 0.7804878048780487, 0.6571428571428573, 0.7027027027027027, 1.0, 0.0], "C": [0.029411764705882353, 0.0, 0.0, 0.08, 0.10256410256410256, 0.024390243902439022, 0.0, 0.08108108108108109, 0.10638297872340426, 0.0], "V": [0.17647058823529413, 0.11194029850746269, 0.11864406779661017, 0.12000000000000001, 0.358974358974359, 0.4634146341463415, 0.5714285714285714, 0.7297297297297297, 0.4042553191489362, 0.18471337579617836], "N": [0.16176470588235295, 0.029850746268656716, 0.23728813559322035, 0.38000000000000006, 0.5641025641025641, 0.43902439024390244, 0.3142857142857143, 0.4054054054054054, 0.10638297872340426, 0.006369426751592357], "P": [0.04411764705882353, 0.27611940298507465, 0.06779661016949153, 1.0, 1.0, 1.0, 1.0, 0.5135135135135136, 0.14893617021276598, 0.0], "Q": [0.029411764705882353, 0.05223880597014926, 0.18644067796610167, 0.2, 0.3846153846153846, 0.19512195121951217, 0.2571428571428572, 0.6216216216216217, 0.2765957446808511, 0.0], "T": [0.14705882352941177, 0.12686567164179105, 0.22033898305084745, 0.3, 0.28205128205128205, 0.39024390243902435, 0.8285714285714286, 0.6486486486486487, 0.7872340425531915, 0.0], "I": [0.25, 0.03731343283582089, 0.2542372881355932, 0.2, 0.15384615384615385, 0.4146341463414634, 0.6857142857142857, 0.4864864864864865, 0.3617021276595745, 0.14649681528662423], "E": [0.058823529411764705, 0.05223880597014926, 0.11864406779661017, 0.52, 0.4358974358974359, 0.21951219512195122, 0.20000000000000004, 0.32432432432432434, 0.425531914893617, 0.0], "D": [0.04411764705882353, 0.0, 0.288135593220339, 0.7600000000000001, 0.33333333333333337, 0.34146341463414637, 0.34285714285714286, 0.24324324324324326, 0.19148936170212766, 0.0], "A": [0.29411764705882354, 0.09701492537313433, 0.10169491525423728, 0.36000000000000004, 0.5384615384615385, 0.43902439024390244, 0.5714285714285714, 0.5405405405405406, 0.4042553191489362, 0.019108280254777073], "Y": [0.5588235294117647, 0.14179104477611942, 0.576271186440678, 0.16, 0.33333333333333337, 0.17073170731707318, 0.22857142857142856, 0.2972972972972973, 0.4042553191489362, 0.1656050955414013]}