{"L": [0.07142857142857142, 0.0, 1.0, 0.5185185185185185, 1.0, 1.0, 0.8, 1.0, 0.4390243902439025, 0.5396825396825397], "G": [0.5952380952380952, 0.0, 0.07142857142857142, 0.8888888888888887, 0.9259259259259258, 0.4782608695652174, 1.0, 0.15151515151515152, 1.0, 0.0], "K": [1.0, 0.0, 0.04761904761904762, 0.4814814814814814, 0.14814814814814814, 0.30434782608695654, 0.36000000000000004, 0.15151515151515152, 0.14634146341463414, 0.14285714285714285], "M": [0.02380952380952381, 0.0, 0.1904761904761905, 0.0, 0.07407407407407407, 0.17391304347826086, 0.12000000000000001, 0.21212121212121215, 0.07317073170731707, 0.12698412698412698], "F": [0.1904761904761905, 0.0055248618784530384, 0.9285714285714286, 0.07407407407407407, 0.14814814814814814, 0.391304347826087, 0.52, 0.33333333333333337, 0.1951219512195122, 1.0], "R": [0.9761904761904762, 1.0, 0.0, 0.037037037037037035, 0.037037037037037035, 0.08695652173913043, 0.16, 0.12121212121212122, 0.1951219512195122, 0.06349206349206349], "W": [0.0, 0.0, 0.30952380952380953, 0.11111111111111109, 0.0, 0.08695652173913043, 0.04, 0.09090909090909091, 0.024390243902439025, 0.07936507936507936], "H": [0.5476190476190477, 0.0, 0.11904761904761905, 0.11111111111111109, 0.0, 0.08695652173913043, 0.04, 0.09090909090909091, 0.024390243902439025, 0.015873015873015872], "S": [0.2619047619047619, 0.0055248618784530384, 0.14285714285714285, 0.5185185185185185, 0.3333333333333333, 0.7391304347826086, 0.4, 0.30303030303030304, 0.34146341463414637, 0.015873015873015872], "C": [0.0, 0.0, 0.02380952380952381, 0.0, 0.0, 0.0, 0.0, 0.030303030303030304, 0.0, 0.0], "V": [0.09523809523809525, 0.0, 0.35714285714285715, 0.11111111111111109, 0.7037037037037036, 0.5652173913043478, 0.32, 0.36363636363636365, 0.21951219512195125, 0.06349206349206349], "N": [0.07142857142857142, 0.0, 0.04761904761904762, 0.14814814814814814, 0.07407407407407407, 0.43478260869565216, 0.2, 0.36363636363636365, 0.17073170731707318, 0.015873015873015872], "P": [0.0, 0.0, 0.0, 0.5185185185185185, 0.6296296296296295, 0.6086956521739131, 0.8800000000000001, 0.30303030303030304, 0.04878048780487805, 0.0], "Q": [0.09523809523809525, 0.0, 0.04761904761904762, 0.5925925925925926, 0.25925925925925924, 0.34782608695652173, 0.2, 0.24242424242424243, 0.1951219512195122, 0.0], "T": [0.09523809523809525, 0.0, 0.0, 0.07407407407407407, 0.25925925925925924, 0.30434782608695654, 0.32, 0.27272727272727276, 0.3658536585365854, 0.0], "I": [0.0, 0.0, 0.5476190476190477, 0.3333333333333333, 0.7037037037037036, 0.7391304347826086, 0.56, 0.36363636363636365, 0.024390243902439025, 0.09523809523809523], "E": [0.02380952380952381, 0.0, 0.0, 0.2962962962962963, 0.44444444444444436, 0.6086956521739131, 0.36000000000000004, 0.3939393939393939, 0.4146341463414634, 0.0], "D": [0.0, 0.0, 0.14285714285714285, 1.0, 0.3333333333333333, 0.43478260869565216, 0.2, 0.21212121212121215, 0.17073170731707318, 0.0], "A": [0.11904761904761905, 0.0, 0.11904761904761905, 0.7407407407407407, 0.5555555555555555, 0.4782608695652174, 0.44000000000000006, 0.3939393939393939, 0.34146341463414637, 0.06349206349206349], "Y": [0.2142857142857143, 0.0055248618784530384, 0.2857142857142857, 0.25925925925925924, 0.18518518518518517, 0.13043478260869565, 0.44000000000000006, 0.18181818181818182, 0.0975609756097561, 0.6984126984126984]}