{"L": [0.1, 0.0, 0.6599999999999999, 0.75, 0.7307692307692306, 0.782608695652174, 0.9032258064516128, 1.0, 0.1842105263157895, 1.0], "G": [1.0, 0.0, 0.02, 1.0, 1.0, 1.0, 1.0, 0.4705882352941177, 1.0, 0.0], "K": [0.375, 0.0, 0.04, 0.28571428571428575, 0.15384615384615385, 0.43478260869565216, 0.06451612903225806, 0.05882352941176471, 0.05263157894736843, 0.0], "M": [0.025, 0.0, 0.18, 0.03571428571428572, 0.15384615384615385, 0.13043478260869565, 0.29032258064516125, 0.2647058823529412, 0.1842105263157895, 0.1], "F": [0.1, 0.0, 1.0, 0.2142857142857143, 0.423076923076923, 0.391304347826087, 0.3548387096774193, 0.14705882352941177, 0.10526315789473686, 0.7555555555555555], "R": [0.95, 1.0, 0.06, 0.0, 0.07692307692307693, 0.0, 0.0967741935483871, 0.14705882352941177, 0.07894736842105264, 0.0], "W": [0.075, 0.0, 0.09999999999999999, 0.14285714285714288, 0.11538461538461538, 0.13043478260869565, 0.03225806451612903, 0.0, 0.0, 0.03333333333333333], "H": [0.25, 0.0, 0.12, 0.07142857142857144, 0.07692307692307693, 0.04347826086956522, 0.0, 0.029411764705882356, 0.026315789473684216, 0.0], "S": [0.425, 0.0, 0.16, 0.5357142857142857, 0.23076923076923075, 0.47826086956521735, 0.25806451612903225, 0.3823529411764706, 0.9736842105263159, 0.011111111111111113], "C": [0.0, 0.0, 0.02, 0.0, 0.0, 0.0, 0.03225806451612903, 0.0, 0.0, 0.0], "V": [0.225, 0.0, 0.09999999999999999, 0.2142857142857143, 0.5, 0.8695652173913043, 0.5161290322580645, 0.17647058823529413, 0.2368421052631579, 0.12222222222222222], "N": [0.05, 0.0, 0.16, 0.25, 0.2692307692307692, 0.2608695652173913, 0.3870967741935484, 0.20588235294117646, 0.026315789473684216, 0.0], "P": [0.0, 0.0, 0.04, 0.5357142857142857, 0.7307692307692306, 0.9130434782608696, 0.3870967741935484, 0.20588235294117646, 0.0, 0.0], "Q": [0.27499999999999997, 0.010362694300518137, 0.02, 0.6785714285714286, 0.6153846153846154, 0.391304347826087, 0.3548387096774193, 0.7352941176470589, 0.2894736842105263, 0.011111111111111113], "T": [0.1, 0.005181347150259068, 0.09999999999999999, 0.2142857142857143, 0.15384615384615385, 0.6956521739130436, 0.3225806451612903, 0.3823529411764706, 0.5526315789473685, 0.011111111111111113], "I": [0.175, 0.005181347150259068, 0.32, 0.17857142857142858, 0.6538461538461537, 0.43478260869565216, 0.48387096774193544, 0.23529411764705885, 0.15789473684210528, 0.1], "E": [0.0, 0.0, 0.0, 0.32142857142857145, 0.3846153846153846, 0.3478260869565218, 0.3225806451612903, 0.5, 0.4736842105263158, 0.0], "D": [0.0, 0.0, 0.04, 0.75, 0.6538461538461537, 0.5217391304347826, 0.12903225806451613, 0.29411764705882354, 0.2368421052631579, 0.0], "A": [0.575, 0.005181347150259068, 0.18, 0.5357142857142857, 0.423076923076923, 0.6521739130434783, 0.3225806451612903, 0.5, 0.3947368421052632, 0.03333333333333333], "Y": [0.25, 0.0, 0.64, 0.35714285714285715, 0.2692307692307692, 0.13043478260869565, 0.12903225806451613, 0.08823529411764706, 0.2368421052631579, 0.022222222222222227]}