{"L": [0.14, 0.2, 0.4594594594594595, 0.3333333333333333, 1.0, 0.96, 1.0, 0.8333333333333334, 0.8181818181818182, 0.11538461538461539], "G": [0.08, 0.03529411764705882, 0.10810810810810811, 0.6666666666666666, 0.9545454545454546, 1.0, 0.875, 1.0, 0.6666666666666667, 0.012820512820512822], "K": [0.01, 0.023529411764705882, 0.08108108108108109, 0.1388888888888889, 0.4090909090909091, 0.44, 0.3125, 0.23333333333333334, 0.4545454545454546, 0.0], "M": [0.13, 0.047058823529411764, 0.21621621621621623, 0.16666666666666666, 0.5909090909090909, 0.4, 0.125, 0.3333333333333333, 0.12121212121212123, 0.019230769230769232], "F": [0.15, 0.10588235294117647, 0.6756756756756758, 0.08333333333333333, 0.5909090909090909, 0.68, 0.375, 0.36666666666666664, 0.30303030303030304, 0.3461538461538462], "R": [0.01, 0.0, 0.13513513513513514, 0.1388888888888889, 0.45454545454545453, 0.44, 0.0625, 0.3333333333333333, 0.4545454545454546, 0.019230769230769232], "W": [0.0, 0.011764705882352941, 0.10810810810810811, 0.027777777777777776, 0.0, 0.32, 0.15625, 0.2, 0.060606060606060615, 0.038461538461538464], "H": [0.12, 0.0, 0.1891891891891892, 0.027777777777777776, 0.2727272727272727, 0.08, 0.0625, 0.36666666666666664, 0.15151515151515152, 0.006410256410256411], "S": [0.12, 0.2823529411764706, 0.5135135135135136, 0.6388888888888888, 0.5909090909090909, 0.68, 0.375, 1.0, 1.0, 0.012820512820512822], "C": [0.08, 0.0, 0.05405405405405406, 0.05555555555555555, 0.045454545454545456, 0.4, 0.21875, 0.16666666666666666, 0.060606060606060615, 0.0], "V": [0.07, 0.7647058823529411, 0.4864864864864865, 0.25, 0.5454545454545454, 0.84, 0.59375, 0.43333333333333335, 0.3636363636363637, 0.012820512820512822], "N": [0.03, 0.03529411764705882, 0.1891891891891892, 0.4444444444444444, 0.5454545454545454, 0.36, 0.375, 0.3333333333333333, 0.4545454545454546, 0.0], "P": [0.05, 0.011764705882352941, 0.4864864864864865, 0.6944444444444444, 0.5909090909090909, 0.48, 0.28125, 0.4, 0.30303030303030304, 0.0], "Q": [0.03, 0.047058823529411764, 0.05405405405405406, 0.4166666666666667, 0.45454545454545453, 0.36, 0.15625, 0.3333333333333333, 0.24242424242424246, 0.006410256410256411], "T": [0.08, 1.0, 0.35135135135135137, 0.3333333333333333, 0.8636363636363636, 0.52, 0.9375, 0.6666666666666666, 0.5454545454545455, 0.0], "I": [0.04, 0.32941176470588235, 1.0, 0.3888888888888889, 0.7727272727272727, 0.6, 0.9375, 0.26666666666666666, 0.27272727272727276, 0.038461538461538464], "E": [1.0, 0.0, 0.2702702702702703, 1.0, 0.9545454545454546, 0.56, 0.1875, 0.23333333333333334, 0.27272727272727276, 0.006410256410256411], "D": [0.27, 0.023529411764705882, 0.2972972972972973, 0.5555555555555556, 0.5454545454545454, 0.52, 0.25, 0.23333333333333334, 0.060606060606060615, 0.0], "A": [0.1, 0.058823529411764705, 0.918918918918919, 0.75, 0.8181818181818182, 0.48, 0.3125, 0.7, 0.696969696969697, 0.032051282051282055], "Y": [0.09, 0.08235294117647059, 0.43243243243243246, 0.1111111111111111, 0.8181818181818182, 0.28, 0.53125, 0.23333333333333334, 0.5757575757575758, 1.0]}