{"L": [0.05844155844155844, 0.0026595744680851063, 0.3108108108108108, 0.660377358490566, 1.0, 1.0, 1.0, 0.7999999999999999, 0.7704918032786885, 0.2608695652173913], "G": [0.0909090909090909, 0.010638297872340425, 0.24324324324324326, 0.5849056603773585, 0.58, 0.5535714285714286, 0.7272727272727273, 0.2727272727272727, 0.29508196721311475, 0.06280193236714976], "K": [0.0909090909090909, 0.0026595744680851063, 0.1891891891891892, 0.2641509433962264, 0.22, 0.4107142857142857, 0.5, 0.1636363636363636, 0.360655737704918, 0.00966183574879227], "M": [0.051948051948051945, 0.0, 0.14864864864864866, 0.1320754716981132, 0.24, 0.25, 0.20454545454545456, 0.12727272727272726, 0.04918032786885245, 0.033816425120772944], "F": [0.06493506493506493, 0.007978723404255319, 0.20270270270270271, 0.33962264150943394, 0.78, 0.35714285714285715, 0.5454545454545454, 0.41818181818181815, 0.14754098360655737, 0.06280193236714976], "R": [0.14285714285714285, 0.0, 0.2702702702702703, 0.41509433962264153, 0.22, 0.5535714285714286, 0.7954545454545454, 0.43636363636363634, 0.14754098360655737, 0.00966183574879227], "W": [0.006493506493506493, 0.0, 0.04054054054054054, 0.1509433962264151, 0.06, 0.03571428571428571, 0.11363636363636363, 0.10909090909090909, 0.032786885245901634, 0.014492753623188404], "H": [0.025974025974025972, 0.0, 0.17567567567567569, 0.07547169811320754, 0.14, 0.10714285714285714, 0.22727272727272727, 0.3636363636363636, 0.04918032786885245, 0.0], "S": [0.38311688311688313, 0.007978723404255319, 0.2972972972972973, 0.4716981132075472, 0.68, 0.5714285714285714, 0.5227272727272727, 0.3636363636363636, 0.6885245901639344, 0.043478260869565216], "C": [0.032467532467532464, 0.0, 0.08108108108108109, 0.03773584905660377, 0.08, 0.07142857142857142, 0.13636363636363635, 0.07272727272727272, 0.06557377049180327, 0.00966183574879227], "V": [0.06493506493506493, 0.0026595744680851063, 0.16216216216216217, 0.41509433962264153, 0.46, 0.4107142857142857, 0.6136363636363636, 0.9272727272727271, 0.6229508196721311, 0.1497584541062802], "N": [0.11038961038961038, 0.0, 0.22972972972972974, 0.2641509433962264, 0.3, 0.39285714285714285, 0.38636363636363635, 0.1636363636363636, 0.14754098360655737, 0.0], "P": [0.012987012987012986, 0.005319148936170213, 0.05405405405405406, 0.4528301886792453, 0.92, 0.32142857142857145, 0.45454545454545453, 0.3818181818181818, 0.29508196721311475, 0.17391304347826086], "Q": [0.14285714285714285, 0.0, 0.7432432432432433, 0.5471698113207547, 0.2, 0.39285714285714285, 0.45454545454545453, 0.3090909090909091, 0.5081967213114753, 0.0], "T": [0.06493506493506493, 0.0026595744680851063, 0.1891891891891892, 0.1509433962264151, 0.22, 0.39285714285714285, 0.4090909090909091, 0.4545454545454545, 0.540983606557377, 0.09661835748792269], "I": [0.05844155844155844, 0.013297872340425532, 0.4189189189189189, 0.33962264150943394, 0.44, 0.32142857142857145, 0.4772727272727273, 1.0, 0.2786885245901639, 0.09661835748792269], "E": [0.3246753246753247, 1.0, 1.0, 1.0, 0.4, 0.4107142857142857, 0.5227272727272727, 0.4545454545454545, 0.6721311475409836, 0.0], "D": [0.025974025974025972, 0.0797872340425532, 0.16216216216216217, 0.7358490566037735, 0.42, 0.2857142857142857, 0.4772727272727273, 0.19999999999999998, 0.16393442622950818, 0.0], "A": [1.0, 0.007978723404255319, 0.6081081081081081, 0.7169811320754716, 1.0, 0.5535714285714286, 0.7727272727272727, 0.5818181818181818, 1.0, 1.0], "Y": [0.04545454545454545, 0.0026595744680851063, 0.2972972972972973, 0.37735849056603776, 0.26, 0.30357142857142855, 0.45454545454545453, 0.23636363636363633, 0.22950819672131145, 0.05797101449275362]}