{"L": [0.2857142857142857, 0.1276595744680851, 0.0, 0.125, 0.75, 1.0, 1.0, 0.08333333333333333, 0.3333333333333333, 0.3018867924528302], "G": [0.0, 0.0, 0.0, 0.125, 1.0, 0.25, 0.5555555555555556, 0.08333333333333333, 0.19999999999999998, 0.0], "K": [0.21428571428571427, 0.021276595744680847, 0.4666666666666666, 0.625, 0.875, 0.3333333333333333, 0.3333333333333333, 0.25, 0.5333333333333333, 0.018867924528301886], "M": [0.14285714285714285, 0.0, 0.06666666666666667, 0.0, 0.25, 0.08333333333333333, 0.1111111111111111, 0.3333333333333333, 0.06666666666666667, 0.0], "F": [0.07142857142857142, 0.2765957446808511, 0.5333333333333333, 0.0625, 0.5, 0.3333333333333333, 0.6666666666666666, 0.16666666666666666, 0.13333333333333333, 1.0], "R": [0.5714285714285714, 0.0, 0.13333333333333333, 0.0625, 0.25, 0.16666666666666666, 0.0, 0.16666666666666666, 0.3333333333333333, 0.0], "W": [0.0, 0.042553191489361694, 0.0, 0.0, 0.0, 0.08333333333333333, 0.2222222222222222, 0.0, 0.0, 0.0], "H": [0.21428571428571427, 0.0, 0.06666666666666667, 0.125, 0.25, 0.16666666666666666, 0.1111111111111111, 0.3333333333333333, 0.4666666666666666, 0.0], "S": [0.35714285714285715, 0.021276595744680847, 0.13333333333333333, 0.25, 0.125, 0.3333333333333333, 0.3333333333333333, 0.3333333333333333, 0.5333333333333333, 0.0], "C": [0.0, 0.0, 0.0, 0.0, 0.0, 0.0, 0.0, 0.0, 0.0, 0.0], "V": [1.0, 0.021276595744680847, 0.9333333333333332, 0.0625, 0.625, 0.25, 0.7777777777777778, 0.5833333333333334, 0.0, 0.0], "N": [0.07142857142857142, 0.021276595744680847, 0.13333333333333333, 0.25, 0.375, 0.25, 0.3333333333333333, 0.6666666666666666, 0.19999999999999998, 0.0], "P": [0.14285714285714285, 0.0, 1.0, 0.625, 0.75, 0.4166666666666667, 0.7777777777777778, 0.08333333333333333, 0.0, 0.0], "Q": [0.14285714285714285, 0.021276595744680847, 0.13333333333333333, 0.3125, 0.5, 0.5, 0.0, 1.0, 0.4666666666666666, 0.0], "T": [0.42857142857142855, 0.0, 0.06666666666666667, 0.3125, 0.375, 0.25, 0.7777777777777778, 0.75, 1.0, 0.0], "I": [0.8571428571428571, 0.042553191489361694, 0.3333333333333333, 0.0, 1.0, 0.9166666666666667, 0.6666666666666666, 0.08333333333333333, 0.13333333333333333, 0.09433962264150944], "E": [0.2857142857142857, 0.0, 0.06666666666666667, 0.4375, 1.0, 0.08333333333333333, 0.5555555555555556, 0.6666666666666666, 0.39999999999999997, 0.0], "D": [0.07142857142857142, 0.0, 0.0, 1.0, 0.5, 0.4166666666666667, 0.6666666666666666, 0.3333333333333333, 0.0, 0.0], "A": [0.35714285714285715, 0.021276595744680847, 0.39999999999999997, 0.3125, 0.25, 0.25, 0.3333333333333333, 0.4166666666666667, 0.13333333333333333, 0.018867924528301886], "Y": [0.21428571428571427, 1.0, 0.6, 0.0625, 0.125, 0.25, 0.2222222222222222, 0.0, 0.13333333333333333, 0.0]}