{"L": [-0.02348018838320006, -0.977722697822525, -0.2787526934865061, -0.0746327108305814, -0.1995714474388813, -0.2787526934865061, -0.37566270649456257, 0.6557457577570616], "G": [-0.7953864629143521, -0.7953864629143521, 0.43506245846392166, -0.49435646725037097, 0.24600622224387284, -0.01723521253070855, -0.31826520819468973, -0.7953864629143521], "K": [0.015217955343012131, -0.6837520489930067, 0.015217955343012131, 0.015217955343012131, -0.3827220533290254, -0.08169205766504427, 0.3162479510069933, -0.6837520489930067], "M": [-0.3451052306164283, -0.3451052306164283, -0.044075234952447126, -0.044075234952447126, 0.13201602410323404, -0.3451052306164283, -0.044075234952447126, 0.49999280939782836], "F": [0.7951558322318597, -0.5472668485903464, 0.2978311914239104, -0.24623685292636516, 0.15170315574567245, -0.24623685292636516, -0.07014559387068392, 0.8840969155686408], "R": [-0.7507244603380546, -0.7507244603380546, -0.05175445600203588, 0.15236552665388892, -0.27360320561839213, 0.24927553966194527, 0.0943735796762021, -0.7507244603380546], "W": [-0.16449518769270471, -0.16449518769270471, -0.16449518769270471, -0.16449518769270471, -0.16449518769270471, 0.3126260670269578, -0.16449518769270471, -0.16449518769270471], "H": [-0.08864960885591043, -0.3896796045198916, 0.08744165019977086, 0.30929039981612716, 0.5645629049194333, 0.38847164586375205, 0.21238038680807075, -0.3896796045198916], "S": [-0.10335982315611732, 0.41951892212422015, -0.8815110735397609, -0.03641303352550418, -0.27945108221179854, -0.27945108221179854, -0.1825410692037422, -0.8815110735397609], "C": [-0.28344615069947154, -0.28344615069947154, -0.28344615069947154, -0.28344615069947154, -0.28344615069947154, -0.28344615069947154, -0.28344615069947154, -0.28344615069947154], "V": [0.035954040974827746, 0.3369840366388089, -0.44116721374483464, 0.3369840366388089, -0.44116721374483464, 0.488251711969458, -0.04322720507279712, 0.035954040974827746], "N": [-0.222887870374357, -0.5239178660383382, -0.04679661131867575, -0.5239178660383382, -0.04679661131867575, 0.17505213829768057, -0.222887870374357, -0.5239178660383382], "P": [-0.7533088291395723, -0.7533088291395723, -0.15124883781161003, 0.24669117086042755, 0.024842421244071246, 0.09178921087468433, -0.7533088291395723, -0.7533088291395723], "Q": [-0.6537117369022882, -0.051651745574325954, -0.3526817412383071, 0.19138630311196841, 0.04525826743373045, -0.051651745574325954, 0.12443951348135528, -0.6537117369022882], "T": [-0.27036563589817036, 0.456633092038092, -0.1454268992898704, 0.097611149396424, 0.097611149396424, -0.04851688628181398, 0.03066435976581084, -0.7474868906178327], "I": [0.223500559142486, 0.457583765175854, 0.15655376951187283, -0.1444762261521083, -0.1444762261521083, 0.223500559142486, 0.077372523464248, -0.6215974808717708], "E": [-0.8099391573998975, -0.8099391573998975, -0.5089091617359164, 0.1443033520394273, 0.1443033520394273, -0.33281790268023514, 0.2692420886477272, -0.8099391573998975], "D": [-0.05312454886205624, -0.6551845401900186, 0.6872381406321876, 0.043785464146000146, -0.05312454886205624, -0.6551845401900186, 0.18991349982423814, -0.6551845401900186], "A": [-0.1325964852556985, 0.6597952042425553, -0.1325964852556985, -0.8315664895917172, 0.20982619556650778, -0.1325964852556985, -0.22950649826375483, -0.8315664895917172], "Y": [0.8347123136704622, -0.4663176819935189, -0.4663176819935189, -0.4663176819935189, -0.4663176819935189, -0.4663176819935189, 0.43677230499842457, 0.575075003164706]}