{"L": [-0.11394244484051388, -1.0681849542798385, -0.4661249629518764, 0.18708755082346729, -0.2900337038961952, -0.36921494994382, -0.4661249629518764, 0.5000167697871561], "G": [-0.885848719371666, -0.885848719371666, 0.15554396578655896, -0.2837887280437036, 0.01724126762027757, -0.5848187237076847, -0.885848719371666, -0.885848719371666], "K": [-0.07524430111430168, -0.7742143054503204, 0.5682083753718857, -0.7742143054503204, -0.47318430978633924, 0.40187695360536063, -0.17215431412235807, -0.7742143054503204], "M": [-0.43556748707374204, -0.43556748707374204, -0.13453749140976096, -0.43556748707374204, 0.26340251726227654, -0.43556748707374204, -0.13453749140976096, 0.8197050180295639], "F": [0.9533355019788389, -0.6377291050476601, 0.6633008906163209, 0.20736893496659659, -0.1606078503279978, -0.6377291050476601, 0.06124089928835854, 0.31651340439166464], "R": [-0.8411867167953685, -0.8411867167953685, -0.3640654620757061, 0.23799452925225625, 0.003911323218888271, 0.36293326586055624, -0.06303546641172494, -0.8411867167953685], "W": [-0.2549574441500185, -0.2549574441500185, -0.2549574441500185, -0.2549574441500185, 0.046072551513962695, -0.2549574441500185, -0.2549574441500185, -0.2549574441500185], "H": [-0.4801418609772054, -0.4801418609772054, 0.5612508241810195, 0.21882814335881332, 0.6338014913296312, 0.36495617903705135, -0.003020606257543071, -0.4801418609772054], "S": [-0.273003325661056, 0.389754506020518, -0.9719733299970746, -0.4948520752774124, -0.6709433343330935, 0.17415470568116317, -0.017730820557749914, -0.9719733299970746], "C": [-0.07287841149280419, -0.37390840715678536, -0.37390840715678536, -0.37390840715678536, 0.228151584171177, -0.37390840715678536, -0.37390840715678536, -0.37390840715678536], "V": [0.3134685698121082, -0.8326594658661296, -0.8326594658661296, 0.3434317931895514, 0.012438574148127048, 0.07043052112581383, 0.5097632149560763, 0.7236430349011573], "N": [0.16377112788799153, -0.614380122495652, 0.531747913182586, -0.31335012683167085, 0.5897398601602726, 0.16377112788799153, -0.614380122495652, -0.614380122495652], "P": [-0.8437710855968861, -0.8437710855968861, -0.542741089932905, 0.23541016045073845, -0.0656198352132427, 0.059318901395057355, -0.8437710855968861, -0.8437710855968861], "Q": [-0.7441739933596021, -0.7441739933596021, -0.7441739933596021, -0.7441739933596021, -0.1421140020316398, 0.03397725702404139, -0.1421140020316398, -0.7441739933596021], "T": [-0.5369191514111654, 0.3924997743031272, -0.5369191514111654, -0.2358891557471842, -0.2358891557471842, -0.5369191514111654, 0.11629336236417823, -0.8379491470751466], "I": [0.13303830268517222, -0.7120597373290846, -0.7120597373290846, 0.36712150871854016, 0.4340682983491534, 0.32933294782914035, 0.36712150871854016, 0.19103024966285898], "E": [-0.9004014138572114, -0.9004014138572114, -0.423280159137549, -0.12225016347356785, 0.09959858614278849, -0.423280159137549, 0.5467566174850078, -0.9004014138572114], "D": [-0.7456467966473325, -0.7456467966473325, 0.25435320335266753, 0.03250445373631113, -0.7456467966473325, -0.4446168009833512, -0.04667679231131365, -0.7456467966473325], "A": [-0.07693070603477425, 0.9644619791234506, -0.07693070603477425, -0.6209987503850498, -0.6209987503850498, -0.018938759057087504, -0.9220287460490311, -0.9220287460490311], "Y": [0.673668982927441, -0.5567799384508327, -0.2557499427868516, 0.22137131193281076, -0.5567799384508327, -0.2557499427868516, -0.5567799384508327, 0.34631004854111075]}