{"L": [-0.2793537932113978, -1.3820161351085454, -0.3276584727859529, 0.19776746150826455, 0.010094329902768132, -0.03959345428633934, -0.06674570032995414, 0.8667742424668401], "G": [-0.5976199088724103, -1.3757711592560538, -0.06401729820029972, -0.22964312357781597, 0.4023800911275895, -0.05355186452213475, 0.004440082455551973, -1.676801154920035], "K": [0.1508366026361094, -1.5651667409986896, -0.11800870965647045, 0.14240343509924666, 0.2129845093849539, -0.1501933930278718, -0.36104675834276484, -1.5651667409986896], "M": [0.05223367833071754, -0.9254899269581301, 0.07451007304186975, -0.38142188260785453, -0.4483686722384677, -0.18512723746388635, -0.4483686722384677, 0.39672936777578904], "F": [-0.12765154493204822, -1.4286815405960291, 0.13952018347096554, -0.030741531923991795, -0.22456155794010457, -0.3495002945484046, -1.4286815405960291, -0.013708192625211467], "R": [0.4818041999630989, -0.6778966429044129, 0.3931667129210325, -0.2007753881847504, 0.47507081730413064, 0.02107336143160595, -0.27041131632614485, -1.3311091566797564], "W": [-0.7448798840344065, -1.0459098796983877, -0.5687886249787253, -0.2008118396841309, -0.3469398753623689, -0.3469398753623689, -1.0459098796983877, -1.0459098796983877], "H": [-0.2710942965255747, -1.2710942965255745, 0.10911694518603132, 0.051124998208344576, 0.46129946329739385, 0.09063353949201815, -0.6690343051976121, -1.2710942965255745], "S": [0.4160511817477254, -1.7629257655454438, 0.029465923952809846, -0.09082790760972649, 0.000502228017493291, 0.06314903715538242, 0.17157268569812367, -1.063955761209425], "C": [-1.1648608427051543, -1.1648608427051543, -1.1648608427051543, -0.6877395879854922, -1.1648608427051543, -1.1648608427051543, -0.5628008513771922, -1.1648608427051543], "V": [-0.032547294387999734, -0.92464189707848, 0.08395827468343735, 0.06658417861401468, -0.2618840653969061, 0.06658417861401468, 0.36761417427799586, -0.021551910086536567], "N": [-0.5022425710520776, -0.9282113033243587, -0.06290987722181501, -0.08311326331010196, -0.45109004860469637, 0.11318138183386617, -0.6271813076603775, -1.405332558044021], "P": [-0.3125042264113362, 1.2003325805748606, -0.7316335341533119, 0.4480618491711945, 0.09767023867771304, 0.45518159029414246, 0.008729155340931903, -1.333693525481274], "Q": [-0.2129071341740521, -1.5351264289079714, -0.058005174188309, -0.0036475118657162847, -0.23409643324399024, -0.058005174188309, 0.03307529515902353, -1.058005174188309], "T": [-0.060699858556520866, -1.6289015826235156, 0.07006842171250299, -0.11038764274562839, -0.23096157395147818, 0.03385624905805816, 0.2223567660955594, -0.4528103235678346], "I": [0.04105587147282183, -1.0258909181577913, 0.028466744164801293, 0.028466744164801293, -0.3269209138217726, 0.06518955118954115, -0.055854141535234575, 0.04105587147282183], "E": [-1.6913538494055804, -1.6913538494055804, -0.46090492802730665, -0.2763805014347627, -0.9132025990219369, -0.4126002484527516, 0.01621632669235573, -1.3903238537415992], "D": [-1.5365992321957016, -1.5365992321957016, -0.4226558798888649, -0.49520654703747663, -1.2355692365317203, -0.4574179861480769, -0.758447981812058, -1.0594779774760392], "A": [0.33234179718925716, -0.7587386721580754, 0.35890082570872506, -0.031739944221813074, -0.0795127260178138, 0.14435131483386807, 0.38392883141065604, -0.6715884964391752], "Y": [-0.14361239134327725, -1.347732373999202, 0.03247886771240401, -0.14361239134327725, -0.6487623696631832, -0.7456723826712396, -0.5695811236155583, -0.8706111192795395]}