{"L": [-0.02306439660237063, -1.0644570817605956, -0.2193590417463388, 0.19081542334271043, 0.014724164287029207, -0.16136709476865208, 0.19081542334271043, 0.33348292691144193], "G": [-0.5810908511884417, -0.8821208468524229, 0.020969140139520635, -0.28006085552446053, 0.4796069891651699, -0.8821208468524229, -0.5810908511884417, -0.8821208468524229], "K": [-0.16842644160311498, -0.7704864329310773, 0.2709062522271476, -0.16842644160311498, 0.007664817452566306, 0.34345691937575934, 0.1837560765082475, -0.7704864329310773], "M": [0.17022037677346333, -0.431839614554499, -0.13080961889051784, -0.13080961889051784, -0.431839614554499, -0.431839614554499, -0.13080961889051784, -0.431839614554499], "F": [0.21109680748583975, -0.634001232528417, 0.14415001785522655, -0.634001232528417, -0.15687997780875462, -0.03194124120045466, 0.0649687718076018, 0.5701187501275077], "R": [0.06563114271581816, -0.8374588442761254, -0.05930759389248176, -0.8374588442761254, 0.007639195738131437, 0.3086691914021126, -0.05930759389248176, -0.8374588442761254], "W": [-0.2512295716307754, -0.2512295716307754, -0.2512295716307754, -0.2512295716307754, -0.2512295716307754, 0.049800424033205754, -0.2512295716307754, 1.382238883948811], "H": [-0.4764139884579623, -0.4764139884579623, 0.12564600287000005, -0.4764139884579623, -0.17538399279398112, 0.4266759985339812, 0.2225560158780565, -0.4764139884579623], "S": [-0.06515547048588809, -0.9682454574778315, -0.2692754531418128, -0.36618546614986924, -0.014002948038506765, -0.36618546614986924, 0.03175454252216838, -0.9682454574778315], "C": [-0.37018053463754225, -0.37018053463754225, -0.37018053463754225, -0.37018053463754225, -0.37018053463754225, -0.37018053463754225, -0.37018053463754225, -0.37018053463754225], "V": [-0.22687160201892423, -0.8289315933468865, 0.17106840665311343, 0.34715966570879464, 0.07415839364505696, 0.016166446667370243, -0.12996158901086777, -0.12996158901086777], "N": [-0.3096222543124277, -0.6106522499764089, 0.1674990004072347, -0.1335309952567465, -0.1335309952567465, -0.1335309952567465, 0.0883177543596099, -0.6106522499764089], "P": [-0.23798322174968073, -0.8400432130776431, -0.8400432130776431, -0.06189196269399952, -0.23798322174968073, -0.23798322174968073, -0.3629219583579807, -0.8400432130776431], "Q": [-0.13838612951239668, -0.740446120840359, 0.10465191917389778, 0.40568191483787897, -0.43941612517637785, 0.21379638859896583, 0.037705129543284546, -0.2633248661206966], "T": [0.010876765458353338, -0.8342212745559034, -0.357100019836241, -0.056070024172259855, -0.13525127021988462, -0.13525127021988462, 0.010876765458353338, -0.8342212745559034], "I": [0.1367661752044154, -0.7083318648098414, 0.46775939424583973, 0.19475812218210206, 0.2916681351901585, 0.1367661752044154, -0.009361860473822675, 0.06981938557380213], "E": [0.10332645866203173, 1.1367502141489811, -0.19770353700194945, 0.1447191438202567, -0.41955228661830585, -0.051575501323711456, 0.057568968101356616, -0.8966735413379683], "D": [-0.1398589328001269, -0.04294891979207049, -0.26479766940842686, 0.03623232625555426, -0.7419189241280892, -0.4408889284641081, -0.7419189241280892, -0.7419189241280892], "A": [0.44342696248780494, -0.6172708778658067, 0.1956424787770488, 0.03594163590953687, 0.336971631573518, 0.16088037251783685, 0.22782716214845003, -0.21933086919376912], "Y": [0.14591793840442915, -0.5530520659315896, -0.2520220702676085, -0.2520220702676085, -0.5530520659315896, 0.22509918445205393, -0.2520220702676085, 0.4883406192266353]}