{"L": [-0.025109813116708294, -0.47226784445892744, -0.5691778574669839, 0.0998289234915917, 0.004853410260734929, 0.04183697651390486, -0.12984516363672124, 0.014398728166965311], "G": [-0.051049520635618004, -0.3198948329281979, -0.8639628772784735, -0.2619028859505112, -0.0036248707074799102, -0.2619028859505112, -0.38684162255881116, -1.4660228686064358], "K": [-0.011965773862884234, -0.5092904146708336, 0.7791504536851269, 0.20191404608219676, -0.8772671999654279, -0.07563485373226149, 0.007339381332502354, -1.3543884546850902], "M": [0.13038639936972587, 0.06343960973911264, 0.06343960973911264, -0.31677163197249336, 0.025651048849712834, -0.11265164931656854, -0.17064359629425527, -0.11265164931656854], "F": [0.3948806024373052, -0.7407819995627677, 0.06085034667039878, -0.04181199522674895, -0.3728052142681733, -0.31481326729048653, -0.13872200823480535, 0.7552245993172684], "R": [0.07000082780413414, -0.944239611310476, 0.4871241528485112, 0.02579716531208078, -0.5762628260158815, -0.09914157129621919, -0.4671183565908136, -1.4213608660301382], "W": [-0.35801033866512605, -0.8351315933847884, -0.5341015977208072, -0.8351315933847884, -0.8351315933847884, -0.35801033866512605, -0.8351315933847884, -0.8351315933847884], "H": [0.28210667061023076, -0.7592860145479942, 0.41680524450768697, -0.2821647598283318, 0.3546573377588425, 0.21843759074085353, 0.0858120254662626, -0.7592860145479942], "S": [-0.046997500911938744, -0.2299281844979255, -0.9500874879038822, -0.2299281844979255, 0.1199503787038727, 0.19604054777435562, -0.046997500911938744, -1.5521474792318446], "C": [-0.9540825563915553, -0.9540825563915553, -0.9540825563915553, -0.9540825563915553, -0.4769613016718929, -0.9540825563915553, -0.9540825563915553, -0.9540825563915553], "V": [0.31144225449988927, -0.11180361943691854, -0.15756110999759368, 0.3430412405715915, 0.473657110071582, 0.16694998151591042, 0.4132411875999266, -1.1118036194369185], "N": [-0.7174330170107595, -0.7174330170107595, 0.12766502300349722, -0.19455427173042206, -0.24031176229109721, 0.0841993292224069, -0.34945623171616513, -1.194554271730422], "P": [-1.1229152391676749, -1.1229152391676749, -0.5208552478397127, -0.00897188686083826, -0.4697027253923313, -0.4697027253923313, -0.7249752304956374, -1.4239452348316561], "Q": [-0.023318146930390977, 1.164202573906072, -0.2104047902875354, 0.12280988874784701, -0.17822010691613416, 0.1941657972835153, 0.09062520537644579, -1.324348142594372], "T": [-0.16285079120661053, -1.1170933006459351, -0.4638807868705917, -0.13936969535708763, 0.16166030030689355, 0.15007842775707836, 0.21534515926966988, -1.4181232963099164], "I": [0.26406861420343264, -0.33799137712452976, 0.2129160917560514, 0.15492414477836464, 0.6053932047265868, 0.1391298775951327, -0.06178496518558063, -1.2922338865638545], "E": [-0.878515571764019, -1.4805755630919812, -1.0034543083723189, 0.11048904393451776, -1.4805755630919812, 0.050903353950273726, 0.2597871264022624, -1.4805755630919812], "D": [-1.3258209458821022, -0.8486996911624399, -1.0247909502181212, -0.37157843644277755, -0.8486996911624399, -0.5476696954984588, -0.4227309588901588, -1.3258209458821022], "A": [0.17903834209178615, -0.17998360054988177, -0.22344929433097205, 0.04186514906647453, 0.04186514906647453, -0.02508164056413867, 0.2831269397269659, -1.2011728996198199], "Y": [0.31020394365661647, -1.1369540876856028, 0.16407590797837837, -0.1369540876856028, -0.8359240920216215, -0.05777284163797793, -0.05777284163797793, 1.3209278090483894]}