{"L": [-0.09898873193485451, -0.36659497211188596, -0.9528606962566164, -0.27944479639298586, -0.5192051353180442, -0.38298538830005535, -0.005567046772619404, 0.6538276992534169], "G": [-0.7125325143707568, -0.7125325143707568, -1.013562510034738, -0.05932000059541327, -0.12426080752842784, 0.22322658937455472, -0.38517357998442653, -1.314592505698719], "K": [-0.22523448648852598, -0.9019280961133924, -0.6588900474270981, 0.05231441332593227, -0.16156540661914875, -0.20295809177737384, 0.38250263773112686, -1.503988087441355], "M": [0.010749989990904525, -0.0861600230171519, -0.46637126472875784, -0.3202432290505199, -0.0861600230171519, -0.0861600230171519, -0.16534126906477667, 0.7211494561077051], "F": [0.7006829747074669, 0.9846796310726676, -0.6685328827026759, -0.19141162798301345, 0.2452809696810407, -0.2883216409910699, 0.030437121633342865, 0.708044074353836], "R": [-0.39486923973072174, -0.9689005074584406, -1.2699305031224215, -0.06581052046649702, -0.29220689783357406, -0.13959673462741573, 0.07249217769978437, -1.5709604987864028], "W": [-0.5076099714213906, 0.1913600329146282, -0.6837012304770718, -0.2065799757574094, -0.5076099714213906, -0.9847312261410529, -0.6837012304770718, -0.6837012304770718], "H": [0.17029559874336603, -0.6078556516402776, -0.4317643925845963, 0.11230365176567932, 0.653407217152216, 0.23724238837397918, 0.43353703351794737, -1.2099156429682398], "S": [-0.06827865640852278, -0.2246258572684469, -0.7986571249961657, -0.2103854181538366, 0.005823064109827009, -0.09968712066014693, -0.23934911408915327, -1.0027771076520904], "C": [-1.1036821891478197, -1.1036821891478197, -1.1036821891478197, -1.1036821891478197, -0.32553093876417627, -0.8026521934838386, -0.5016221978198574, -1.1036821891478197], "V": [0.27007566484907203, -0.20070541183957136, -0.6593432608652205, 0.2437467261267229, 0.09077926591817939, 0.5379372972603986, -0.057283269537258256, 0.25711068768470435], "N": [0.14720778934758613, -0.19802586880844858, -0.4990558644724297, 0.21214859628060068, -0.08888139938338047, -0.0017312236644803308, 0.21214859628060068, -1.3441539044866864], "P": [-0.6704548805959771, -0.2947912666350918, -0.3974536085322395, 0.1507310020128682, 0.049704422809979686, -0.2725148719239396, -0.5735448675879208, -1.2725148719239396], "Q": [-0.8718877840226743, -0.6957965249669931, -0.8718877840226743, -0.05897442737981876, -0.21867527024733063, -0.02678974400841754, 0.031202202969269233, -1.4739477753506367], "T": [-0.03624401202392598, 0.12247315096233248, -0.8687529247301623, -0.04920898918829363, 0.03433706226178128, 0.03433706226178128, 0.01206066755062903, -0.6134804196268562], "I": [0.42739820041085697, -0.4004408341618941, -0.5967354793058622, 0.1492310877063801, 0.13795007729669098, 0.23940771805546804, -0.3278901670132824, 0.25713648501589964], "E": [-0.7850771558339891, -0.675932686408921, 0.09410067375254302, 0.28890289652782786, -0.006925905450345512, -0.16777719794928986, 0.14067681579389824, -1.1530539411285834], "D": [-0.6303225386241101, -0.19666697768553795, 1.197600328490529, 0.16803209784782042, -0.4340278934801419, -0.17439058297438575, -0.17439058297438575, -1.475420578638367], "A": [-0.1604408342057929, -0.30937984721785944, -0.9528325237040467, -0.253862519368028, 0.19945582067900966, 0.010955303641508478, -0.20464449669784643, -1.6518025280400654], "Y": [0.552295370295388, 0.8172500005140895, -0.5084024700582236, -0.3834637334499237, 0.1284196275289506, -0.2073724743942425, 0.37620411123970665, -0.5875837161058485]}