{"L": [0.06328274301053062, -1.7075692686316135, -0.3853499738976942, 0.27470196440795486, 0.016706600969175527, -0.1635012242813379, 0.016706600969175527, -0.17609035158935843], "G": [-0.03387133988916809, -1.5252330337234405, -0.5252330337234408, -0.6221430467314972, -0.44605178767581594, -0.5252330337234408, -0.2699605286201347, -1.5252330337234405], "K": [-0.03338737809048923, -1.4135986198020951, -0.15832611469878913, 0.09155135851781071, -1.4135986198020951, 0.22985405668409217, 0.5357913868428175, -1.4135986198020951], "M": [0.10113945763016428, -1.0749518014255168, -0.17186181443357332, -0.17186181443357332, -0.17186181443357332, -0.3759817970894981, -0.12070929198619203, -1.0749518014255168], "F": [0.3760990943759087, -1.277113419399435, 0.4632492700948089, -0.2357207342412099, 0.6866744079461201, -0.3740234324074913, -0.43201537938517814, -0.1631700670925982], "R": [0.20067020622844392, -1.4805710311471432, -0.25012210976886934, -0.049207266988155966, -1.179541035483162, 0.40591969402533856, 0.1214889601808191, -1.4805710311471432], "W": [-0.11619050811814968, -0.8943417585017932, 0.05990075093753158, -0.5933117628378121, -0.4172205037821308, -0.8943417585017932, -0.8943417585017932, -0.8943417585017932], "H": [0.3276318560132389, -1.11952617532898, 0.18150382033500095, -0.42055617099296133, -0.07813349017075516, 0.29544717264183773, 0.08459380732694455, -1.11952617532898], "S": [-0.05505514358156227, -1.6113576443488495, -0.13423638962918713, -0.6113576443488494, 0.09621253174908682, 0.06988359302673765, -0.0672895999985739, -1.6113576443488495], "C": [-1.0132927215085599, -1.0132927215085599, -1.0132927215085599, -1.0132927215085599, -1.0132927215085599, -1.0132927215085599, -1.0132927215085599, -1.0132927215085599], "V": [0.03310619810200145, -1.4720437802179043, 0.1811687335574392, 0.1811687335574392, 0.47734622642700825, -0.05707043224708654, 0.08425872054938272, 0.8723484934672061], "N": [-0.9527344411834454, -1.2537644368474266, 0.001508068255879298, -0.1076364011691888, -0.5547944325114079, 0.10796339917016606, 0.04726555881655435, -1.2537644368474266], "P": [-1.4831553999486609, -1.4831553999486609, -1.1821254042846798, 0.2949958504349826, -0.7841853956126421, -0.06818205197784304, -1.4831553999486609, -1.4831553999486609], "Q": [-0.4804683207194333, -1.0825283120473956, -0.10480470675854799, 0.10780338612289568, -0.23743027203313888, 0.16050973663889873, 0.21850168361658542, -1.383558307711377], "T": [0.02781651689298459, -1.4773334614269213, -0.00021220670725894788, -0.13491078060471515, 0.5269879123557211, 0.16611921505926602, 0.16611921505926602, -1.4773334614269213], "I": [0.19262399266941627, -1.3514440516808592, 0.5623698007028572, 0.292008624805328, 0.028767190030746615, 0.32065380625485806, -0.31005136652263426, 1.0323713142995719], "E": [-0.9377257368810238, 1.1556959482812112, -0.5855432187696612, 0.09368272737060038, -1.0626644734893236, -0.4258423759021494, 0.1323121297267313, -1.539785728208986], "D": [-1.3850311109991071, -0.4819411240071636, -0.08400111533512604, -0.3058498649514824, -1.3850311109991071, -0.4819411240071636, -1.3850311109991071, -1.3850311109991071], "A": [0.1287830196277078, -1.5614130604008056, 0.178949629093438, -0.0700513665665332, -0.017345016050530206, -0.056263082080899876, -0.017345016050530206, -1.5614130604008056], "Y": [0.5520237742035927, -0.7190429980829451, 0.42708503759529287, -0.24192174336328268, -1.1961642528026075, -0.7190429980829451, -0.29307426581066404, -1.1961642528026075]}