{"L": [-0.020629094060889464, -1.5888308181278843, 0.1271725255069147, -0.14167278678566522, -0.9867708267999219, -0.24640813730567818, -0.7437327781136276, 0.7207993492980143], "G": [-0.9293733285000492, -1.4064945832197115, -0.00855457454767412, -0.32731333717208677, 0.6579634060072067, -0.32731333717208677, -0.5613965432054547, -1.4064945832197115], "K": [-0.09074018664244131, -1.294860169298366, -0.09074018664244131, -0.016106568345537167, -0.44976212928410936, 0.21028980902153985, -0.14873213362012813, -1.294860169298366], "M": [-0.3541533595938254, -0.9562133509217878, 0.18991468475645013, -0.9562133509217878, -0.4790920962021253, -0.11111531090753103, -0.3541533595938254, 0.5351483429124847], "F": [0.634016720602548, 1.1226583983520217, 0.34677500942420003, -0.04443161658886907, -0.6812537141760433, -0.6812537141760433, -0.25528498190376225, 0.7811442837229127], "R": [-0.2157045449651762, -1.3618325806434142, -0.060802584979432965, -0.3204398954851891, 0.3863554463627861, 0.2913799331319295, -0.7597725893154517, -1.3618325806434142], "W": [-0.17354331667010178, -0.7756033079980642, -0.7756033079980642, -0.29848205327840166, -0.7756033079980642, -0.47457331233408295, -0.29848205327840166, -0.7756033079980642], "H": [-0.0007877248252510894, -1.000787724825251, 0.2296611965530228, 0.04060496033297393, 0.6426649516609363, 0.3609401111923417, 0.11315562748158563, -1.000787724825251], "S": [-0.09467918517308285, -1.4926191938451203, -0.03022119594616437, -0.23734668874181433, -0.015497939125457992, 0.2555688331610799, 0.23977456597784808, -1.4926191938451203], "C": [-0.8945542710048309, -0.8945542710048309, -0.8945542710048309, -0.8945542710048309, -0.8945542710048309, -0.8945542710048309, -0.5935242753408497, -0.8945542710048309], "V": [0.42484592066946825, -1.3533053297141753, -0.12285640833590149, 0.2148963943528196, 0.10909266818478068, -0.3533053297141754, 0.2148963943528196, -1.3533053297141753], "N": [0.1871933083902216, -1.1350259863436976, 0.3420952683759647, 0.6358260252984465, -0.18078347690437277, 0.3420952683759647, 0.09542293503457619, -1.1350259863436976], "P": [-1.0633869537809506, -1.3644169494449316, -0.519318909430675, 0.06694681471405545, -1.3644169494449316, -0.0026891134273390356, -0.32302426428670683, -1.3644169494449316], "Q": [-0.6627598658796854, -1.264819857207648, 0.5864384915114274, -0.11869182152940987, -0.22342717204942278, 0.13312015146438974, 0.25369408267023963, -1.264819857207648], "T": [-0.2446516586163555, -1.3585950109231921, -0.10332250581988615, 0.2646542794747082, -0.12814608954491835, -0.05756501525921107, -0.15447502826726747, -1.3585950109231921], "I": [0.323596899590157, -1.23270560117713, -0.028585618521205475, 0.18226774679368768, -0.32961561418518665, 0.10971707964507597, -0.11876224887029349, -1.23270560117713], "E": [-1.421047277705257, -1.421047277705257, -1.421047277705257, -0.02310726903321951, -1.421047277705257, -0.09882798297133776, 0.3782932717483246, -1.421047277705257], "D": [-0.9652626648313968, -1.266292660495378, -1.266292660495378, 0.012460940457450881, -1.266292660495378, -0.1523493081885413, -0.22489997533715297, -1.266292660495378], "A": [0.06247536842282921, -1.4426746098970766, -0.40128192473885166, -0.2665833508413955, 0.21053790387826693, -0.21222568851880283, 0.28160125970371225, -1.4426746098970766], "Y": [0.545823488099022, 1.2170404238627142, 0.03651755000795832, -0.17433581530693482, -0.7763958066348972, -0.3784557979628596, 0.17784670280442763, 0.735487554343977]}