{"L": [0.007620304336514835, -1.354107531681078, -0.12365861030280415, 0.07725623247790925, -1.354107531681078, 0.007620304336514835, -0.20797949600284008, 0.9314497773266956], "G": [-0.870741301108924, -1.1717712967729053, 0.004319962282775904, -0.3936200463892617, 0.7967116517810297, -0.569711305444943, -0.870741301108924, -1.1717712967729053], "K": [-1.0601368828515598, -1.0601368828515598, 0.17031203852671414, -0.018744197693334737, -0.5830156281318974, 0.4450130954683461, -0.21503884283730293, -1.0601368828515598], "M": [-0.11943007314701909, -0.4204600688110003, -0.4204600688110003, -0.11943007314701909, -0.4204600688110003, -0.11943007314701909, -0.11943007314701909, 0.42463797120325647], "F": [0.9455800372820765, -0.9236516824488995, 0.11774100270932554, -0.3215916911209371, -0.3215916911209371, -0.3215916911209371, -0.1455004320652559, 0.35510191850392947], "R": [-0.6499880394769454, -1.1271092941966077, -0.17286678475728295, 0.01901874148163017, -0.3489580438129642, 0.3780406841232981, -0.12710929419660785, -1.1271092941966077], "W": [0.06117996977670456, -0.5408800215512578, -0.2398500258872766, -0.2398500258872766, -0.2398500258872766, -0.2398500258872766, -0.5408800215512578, -0.5408800215512578], "H": [-0.06709443404242595, -0.7660644383784447, 0.7654144786638103, 0.18817807106088008, 0.18817807106088008, 0.43805554427747995, -0.16400444705048237, -0.7660644383784447], "S": [-0.3036533979589892, 0.548284066585573, -0.21650322224008908, -0.11176787172007606, 0.10383192861927881, -0.3036533979589892, -0.002623402295008058, -1.257895907398314], "C": [-0.6598309845580246, -0.6598309845580246, -0.6598309845580246, -0.6598309845580246, -0.6598309845580246, -0.6598309845580246, -0.3588009888940435, -0.6598309845580246], "V": [0.05750921578831222, -0.004638690960532278, -0.27348400325311223, 0.3999318966105184, -0.11858204326736906, 0.1601715576854599, 0.08553793938855571, -1.118582043267369], "N": [-0.20133269556087258, -0.5992727042329102, 0.21364065240994537, 0.17887854615073345, -0.05520465988263455, 0.14108998526133365, -0.9003026998968913, -0.9003026998968913], "P": [-0.6525724082784631, -1.1296936629981253, -0.5276336716701631, 0.07442631965779921, 0.17133633266585566, 0.07442631965779921, -0.2845956229838687, -1.1296936629981253], "Q": [-1.0300965707608414, -0.7290665750968602, -0.1849985307465847, -0.07585406132151665, -0.25194532037719786, 0.04908467528678329, 0.011296114397383527, -1.0300965707608414], "T": [-0.8228417288124047, 0.3946422154015015, -0.5218117331484236, -0.08247903931816089, -0.4249017201403671, -0.27877368446212913, 0.15488187647644308, -1.1238717244763858], "I": [0.20613766792560084, 0.08119893131730091, 0.0020176852696761065, 0.17810894432535734, -0.5208610600106615, 0.1481457209479141, 0.17810894432535734, -0.9979823147303238], "E": [-1.1863239912584507, -1.1863239912584507, -0.5842639999304884, 0.17540384475914217, -0.3412259512441939, -0.48735398692243187, 0.4949172461171365, -1.1863239912584507], "D": [-0.7305393783845906, -1.0315693740485719, 0.4155886572936474, 0.009823311109653236, -1.0315693740485719, -1.0315693740485719, -0.03156937404857179, -1.0315693740485719], "A": [-0.605891332122308, 0.7788204108159743, -0.03186006439458911, -0.605891332122308, 0.17225991826133558, -0.061823287772032415, 0.2234124407087169, -1.2079513234502703], "Y": [0.873300827782727, -0.842702515852072, 0.3614174668038526, -0.842702515852072, -0.842702515852072, -0.5416725201880909, -0.14373251151605335, -0.842702515852072]}