{"L": [-0.05115161498105847, -0.829302865364702, -0.17609035158935843, 0.045758398026997944, -0.2852348210144265, -0.08894017587045819, -0.016389508721846524, 0.8608932146638115], "G": [-0.6469666304565292, -0.9479966261205104, 0.13118461992711428, -0.9479966261205104, 0.705215887654833, -0.47087537140084806, -0.6469666304565292, -0.9479966261205104], "K": [-0.3592409574795025, -0.5353322165351838, -0.13739220786314615, -0.05821096181552134, -0.8363622121991648, 0.163637787800835, -0.23430222087120256, -0.8363622121991648], "M": [-0.4977153938225866, -0.4977153938225866, 0.1043445975053757, -0.4977153938225866, -0.4977153938225866, -0.4977153938225866, -0.4977153938225866, 0.5436772913356382], "F": [0.8564254889707825, -0.6998770117965046, 0.30012298820349526, -0.0009070074604859392, -0.22275575707684228, -0.09781702046854228, -0.09781702046854228, 0.47621424725917644], "R": [-0.6023046278802318, -0.9033346235442128, -0.30127463221625056, 0.09666537645578692, -0.4262133688245505, 0.6018153547756929, -0.05823658352995621, -0.9033346235442128], "W": [-0.317105350898863, -0.317105350898863, 0.1600159038207994, -0.317105350898863, -0.317105350898863, -0.317105350898863, -0.317105350898863, -0.317105350898863], "H": [0.059770223601912434, -0.5422897677260499, 0.41195274171327484, 0.23586148265759369, 0.30280827228820684, 0.30280827228820684, -0.5422897677260499, -0.5422897677260499], "S": [-0.4320612454179569, 0.38085211122489865, -0.2559699863622756, -0.1310312497539757, 0.00727144841230574, -0.2559699863622756, 0.04506000930170556, -1.0341212367459192], "C": [-0.4360563139056299, -0.4360563139056299, -0.4360563139056299, -0.4360563139056299, -0.4360563139056299, -0.4360563139056299, -0.4360563139056299, -0.4360563139056299], "V": [0.1465853125432508, -0.04970933260071746, -0.19583736827895548, 0.3356415487632996, -0.19583736827895548, 0.05943513682435063, 0.18437387343265055, -0.8948073726149742], "N": [-0.6765280292444965, -0.6765280292444965, 0.02244197509152224, -0.07446803791653415, -0.19940677452483407, -0.3754980335805153, -0.19940677452483407, -0.6765280292444965], "P": [-0.3038590010177683, -0.6048889966817494, -0.3038590010177683, 0.2701722667099504, 0.2701722667099504, 0.0483235170935941, -0.6048889966817494, -0.9059189923457306], "Q": [-0.8063219001084466, -0.5052919044444655, 0.038776139905810074, -0.2042619087804843, -0.10735189577242793, 0.09676808688349685, -0.32920064538878424, -0.8063219001084466], "T": [-0.42297579910432864, 0.3040229288319336, -0.5990670581600098, 0.09990294617600887, -0.29803706249602874, 0.1790841922236337, 0.1790841922236337, -0.9000970538239911], "I": [0.0708903959363277, 0.0708903959363277, -0.07523763974191036, 0.2671850410802959, 0.003943606305714495, -0.07523763974191036, 0.2257923559220708, -0.29708638935826664], "E": [-0.6615193249420747, -0.4854280658863935, -0.4854280658863935, -0.1174512805917991, -0.2635793162700371, -0.3604893292780935, 0.4688144435529314, -0.9625493206060558], "D": [-0.8077947033961768, -0.20573471206821453, 0.4932352922678042, 0.037303336618079865, -0.8077947033961768, -0.8077947033961768, -0.10882469906015815, -0.8077947033961768], "A": [-0.3821166614699132, 0.7939745975857678, 0.24627226858039822, -0.28520664846185684, 0.1619513828803624, 0.057216032360349445, 0.1619513828803624, -0.9841766527978755], "Y": [0.9608557514171328, -0.6189278451996771, 0.08004215913634144, -0.3178978495356961, -0.6189278451996771, -0.6189278451996771, -0.3178978495356961, -0.6189278451996771]}