{"L": [-0.05293516772147575, -0.20554533092763402, -0.4429062467222379, -0.021900933981506946, -0.33817089620222496, 0.007062761953809621, 0.28655307976168115, -0.12257109586287013], "G": [-1.000932701308309, -0.18801934466545353, 0.43839999252195355, -0.3019626969722902, -0.09784271431636545, -1.3019626969722902, -0.6029926926362713, -1.3019626969722902], "K": [0.44314017252864174, -0.7132070283312821, -0.14893559789271965, 0.4007363239755544, -0.5882682917229823, -0.412177032667301, 0.2246450649198732, -1.1903282830509445], "M": [-0.07353021429072276, -0.24962147334640403, -0.3745602099547039, -0.24962147334640403, -0.5506514690103852, -0.5506514690103852, 0.1483185353256336, -0.24962147334640403], "F": [-0.05384308264828439, -0.012450397490059351, 0.09228495302995358, -0.1507530956563408, -0.2756918322646408, 0.6537270934496519, -0.05384308264828439, 0.6537270934496519], "R": [0.20509730350296332, -0.5583306900599738, -0.0812094353403115, -0.21590800923776768, -0.5583306900599738, -0.35421070740404914, 0.3447592969319696, -0.9562706987320115], "W": [-0.6710714217506427, -0.1939501670309803, 0.23201856524130082, 0.02789858258537602, -0.6710714217506427, 0.408109824296982, -0.3700414260866615, 1.5719666269356516], "H": [0.05798667086149522, -0.8962558385778295, -0.11810458819418602, 0.2498721971004083, -0.05115779856357286, 0.5808654161418326, 0.21768751372900705, -0.4191345838581672], "S": [0.05907072374452013, 0.5203977112809506, -0.06586801286377975, -0.3089060615500741, 0.397242527413068, -0.43384479815837407, -0.08705731193371781, -1.388087307597699], "C": [-0.7900223847574096, -0.4889923890934284, -0.7900223847574096, -0.7900223847574096, -0.4889923890934284, -0.7900223847574096, -0.4889923890934284, -0.7900223847574096], "V": [0.19838458787546523, -0.13483009115991726, 0.052256552197227205, 0.22834781125290843, 0.11295439255083894, 0.1661999045040639, -0.018324522088480028, -0.9477434478027726], "N": [-1.0304941000962762, -0.18539606008201948, -0.0762515906569514, -0.42843410876831384, -0.030494100096276254, -0.33152409576025743, -0.33152409576025743, -1.0304941000962762], "P": [-0.02943614181923653, -0.9588550675335292, -0.30564255375818555, 0.25862887668037693, 0.12032617851409559, -0.1807038171498856, -1.2598850631975105, -1.2598850631975105], "Q": [-0.20604546152090147, -0.8592579752962453, -0.3821367205765827, -0.11889528580200133, -0.16028797096022637, 0.015803288095454806, 0.20143986505736644, -0.558227979632264], "T": [0.17730063948321645, 0.4535070514221655, 0.2644508152021166, -0.04994314201984607, 0.3370014823507283, -0.40896508466151404, 0.0883595561464354, -1.2540631246757707], "I": [0.41589432942056676, -0.08678102977148373, 0.04791754412597242, 0.28679963304110906, -0.1739312054903839, -0.04899246888208395, -0.08678102977148373, 0.10227520644856511], "E": [-0.8393941367381731, -0.4714173514435788, -0.538364141074192, -0.0860664700795617, -0.4714173514435788, 0.09845795651298224, -0.01548539579385442, -1.3165153914578356], "D": [-1.1617607742479565, -0.16176077424795665, 0.04235920840796809, 0.13926922141602452, 0.014330484807724505, -0.20751826480863178, -1.1617607742479565, -0.8607307785839754], "A": [-0.05938912269682635, 0.410045303356545, 0.30530995283653206, -0.22419937134281853, 0.3339551342860621, -0.22419937134281853, -0.2589614776020305, -1.3381427236496553], "Y": [0.027106083948542973, -0.3708339247234946, -0.4957726613317945, -0.4957726613317945, -0.4957726613317945, 0.5042273386682053, -0.12779587603720025, 0.32813607961252417]}