{"L": [-0.07918033858130202, 0.29648327537958336, -0.20411907518960193, -0.07918033858130202, -0.6812403299092644, 0.3979409161383604, 0.415669683098792, 0.9368077668028283], "G": [-0.49890409500109156, -0.7999340906650728, 0.37615716839060837, -0.19787409933711045, -0.7999340906650728, -0.10096408632905399, -0.7999340906650728, -0.7999340906650728], "K": [0.08985157363991629, -0.6882996767437273, -0.6882996767437273, 0.5421492446345466, -0.21117842202406487, -0.6882996767437273, 0.15679836327052957, -0.6882996767437273], "M": [-0.0486228627031678, -0.34965285836714893, -0.34965285836714893, -0.34965285836714893, -0.34965285836714893, -0.0486228627031678, -0.0486228627031678, -0.34965285836714893], "F": [0.910583521557889, -0.551814476341067, -0.25078448067708575, -0.551814476341067, 0.35127551065087653, -0.551814476341067, 0.5273667697065577, 0.44818552365893294], "R": [-0.2781508333691128, -0.7552720880887753, -0.7552720880887753, 0.14781789890316827, -0.4542420924247941, -0.7552720880887753, -0.2781508333691128, -0.7552720880887753], "W": [-0.16904281544342536, -0.16904281544342536, -0.16904281544342536, -0.16904281544342536, -0.16904281544342536, -0.16904281544342536, 0.308078439276237, -0.16904281544342536], "H": [-0.39422723227061224, -0.39422723227061224, 0.08289402244905017, 0.2078327590573501, 0.5600152771687126, -0.39422723227061224, 0.3047427720654065, -0.39422723227061224], "S": [0.06818380814884324, 0.19312254475714322, 0.2278846510163551, -0.10790745090683794, -0.4089374465708191, -0.5850287056265003, -0.8860587012904815, -0.8860587012904815], "C": [-0.2879937784501922, -0.2879937784501922, -0.2879937784501922, -0.2879937784501922, -0.2879937784501922, -0.2879937784501922, -0.2879937784501922, -0.2879937784501922], "V": [0.29464784799868843, 0.2074976722797883, -0.2696235824398741, 0.09835320285472032, -0.04777483282351772, 0.5542851585044446, -0.7467448371595364, -0.7467448371595364], "N": [-0.22743549812507763, -0.5284654937890588, -0.05134423906939641, -0.5284654937890588, -0.5284654937890588, 0.17050451054695995, 0.17050451054695995, -0.5284654937890588], "P": [-0.757856456890293, -0.757856456890293, -0.757856456890293, 0.41823480216538816, 0.6400835517817446, -0.757856456890293, -0.757856456890293, -0.757856456890293], "Q": [-0.6582593646530089, -0.6582593646530089, -0.6582593646530089, 0.040710639683009836, -0.18113810993334659, -0.18113810993334659, -0.056199373325046625, -0.6582593646530089], "T": [-0.05306451403253462, -0.7520345183685534, 0.026116732015090217, -0.27491326364889096, -0.27491326364889096, -0.7520345183685534, -0.45100452270457225, -0.7520345183685534], "I": [-0.3251151129585102, 0.5199829270557466, -0.6261451086224914, -0.3251151129585102, 0.07282489571352738, 0.7162775721997148, 0.07282489571352738, -0.14902385390282896], "E": [-0.8144867851506182, -0.8144867851506182, -0.8144867851506182, 0.08860320184132531, 0.4407857199526878, -0.33736553043095574, -0.03633553476697459, -0.8144867851506182], "D": [-0.18261091322107684, -0.6597321679407392, 0.41944907810688553, -0.18261091322107684, -0.6597321679407392, -0.6597321679407392, -0.358702172276758, -0.6597321679407392], "A": [-0.2340541260144755, 0.7766697393772974, 0.6262838805565182, -0.35899286262277547, -0.057962866958794296, -0.1371441130064191, -0.5350841216784566, -0.8361141173424379], "Y": [0.3742327302700172, -0.4708653097442397, -0.4708653097442397, -0.4708653097442397, -0.4708653097442397, -0.4708653097442397, 0.5291346902557603, -0.4708653097442397]}