{"L": [-0.10184432321724572, -0.6459123675675214, -0.6459123675675214, 0.007300146207822314, 0.007300146207822314, -0.07188109983980258, 0.14996764977655377, 0.6865260923480838], "G": [-0.5885148692676485, -1.065636123987311, 0.21311747696551786, 0.013545122060313762, -0.024243438829085997, -0.06563612398731106, -0.5885148692676485, -1.065636123987311], "K": [0.04599828993403445, -0.9540017100659653, 0.08739097509225954, -0.10890367005170862, 0.04599828993403445, 0.00024079937335937278, -0.17585045968232188, -0.9540017100659653], "M": [-0.013294900361424805, -0.6153548916893871, 0.08361511264663157, -0.314324896025406, -0.6153548916893871, -0.13823363696972477, 0.3388876177499377, 0.3388876177499377], "F": [0.7506852144036896, -0.34039525494364276, 0.48351348600067595, 0.46123709128952367, 0.027581530350951608, -0.03936525927966158, 0.18248349033669478, 0.6876334686566007], "R": [0.12515391426722453, 1.0321043220724062, -0.3220041170749947, -0.06673161197168861, 0.05820712463661126, -0.020974121411013555, -0.2428228710273699, -1.0209741214110135], "W": [0.16731514256229882, -0.43474484876566355, -0.13371485310168235, 0.16731514256229882, -0.13371485310168235, -0.13371485310168235, -0.43474484876566355, -0.43474484876566355], "H": [0.45401408671398635, -0.6599292655928505, 0.11822198479079311, -0.3588992699288692, 0.5161619934628306, 0.2431607213990931, -0.6599292655928505, -0.6599292655928505], "S": [-0.19751822517339493, -0.45279073027670097, -0.11036804945449474, -0.45279073027670097, 0.02433052444296143, 0.02433052444296143, 0.07868818676555413, -1.1517607346127197], "C": [-0.5536958117724303, -0.5536958117724303, -0.5536958117724303, -0.5536958117724303, -0.07657455705276796, 0.1452741925635884, -0.2526658161084491, -0.5536958117724303], "V": [0.028945814676450285, -1.0124468704817746, -0.012446870481774796, 0.2428256346215313, 0.13368116519646328, -0.05820436104244986, 0.30977242425214446, 0.4347111608604445], "N": [-0.19210753578333464, 0.1600749823280278, 0.35196050856694094, 0.05093051290295977, 0.1600749823280278, 0.2058324728887029, 0.1600749823280278, -0.794167527111297], "P": [-1.0235584902125312, -1.0235584902125312, -0.12046850322058772, 0.27747150545144994, -0.023558490212531265, -0.023558490212531265, -0.42149849888456886, -1.0235584902125312], "Q": [-0.622931402311266, -0.622931402311266, 0.07603860202475274, -0.622931402311266, -0.44684014325558474, -0.07886335796099034, -0.622931402311266, -0.9239613979752472], "T": [-0.06349404225146676, 0.21271236968748228, -0.3187665473547728, -0.23958530130714797, -0.11464656469884803, 0.0236561334674334, 0.18638343096513313, -1.0177365516907915], "I": [0.22209621036210714, -0.8918471419447297, -0.28978715061676724, -0.28978715061676724, 0.14954554321349542, 0.3122728407111951, 0.10815285805527033, 0.011242845047213925], "E": [-0.6030675637531939, -1.0801888184728563, -0.17709883148091282, 0.12393116418306835, -0.38121881413683767, -0.38121881413683767, -0.0010075724252316472, -1.0801888184728563], "D": [-0.9254342012629774, -0.9254342012629774, -0.08033616124872063, 0.22069383441526055, -0.08033616124872063, -0.14728295087933385, -0.6244042055989961, -0.9254342012629774], "A": [-0.2567181106504192, -0.49975615933671375, -0.14757364122535122, -0.10181615066467611, 0.012127201642160619, -0.10181615066467611, -0.10181615066467611, -1.101816150664676], "Y": [0.5644626525975033, 0.40956069261176015, 0.5187051620368283, -0.43553734740249667, -0.13450735173851544, 0.26343265693352214, 0.30482534209174716, 0.3773760092403589]}