{"L": [1.2102177073903457, -4.672425341971495, -0.28010791919273537, 1.9125371587496607, 1.0554951125917036, 0.4568576749734709, 1.0554951125917036, 0.4150374992788437], "G": [0.2817709684153795, -4.672425341971495, -1.3504972470841332, -1.6724253419714956, -1.0874628412503395, -1.3504972470841332, -0.5025003405291834, -4.672425341971495], "K": [-0.08746284125033943, -4.672425341971495, -0.5025003405291834, 0.3275746580285044, -4.672425341971495, 0.7870062766658015, 1.803308088994902, -4.672425341971495], "M": [-0.7655347463629774, -4.672425341971495, -1.6724253419714956, -1.6724253419714956, -1.6724253419714956, -2.3504972470841334, -1.5025003405291835, -4.672425341971495], "F": [0.8194277543581792, -4.672425341971495, 1.1089343715531639, -1.2129937233341985, 1.8511366140855172, -1.6724253419714956, -1.8650704199138919, -0.9719856238304035], "R": [0.9125371587496607, -4.672425341971495, -0.5849625007211563, 0.08246216019197297, -3.672425341971496, 1.5943611987234054, 0.6495027529158668, -4.672425341971495], "W": [-2.0874628412503395, -4.672425341971495, -1.5025003405291835, -3.672425341971496, -3.0874628412503395, -4.672425341971495, -4.672425341971495, -4.672425341971495], "H": [0.13492958008610836, -4.672425341971495, -0.35049724708413327, -2.3504972470841334, -1.2129937233341985, 0.028014376169596476, -0.6724253419714956, -4.672425341971495], "S": [0.4974996594708166, -4.672425341971495, 0.2344652536370227, -1.3504972470841332, 1.0, 0.9125371587496607, 0.4568576749734709, -4.672425341971495], "C": [-4.672425341971495, -4.672425341971495, -4.672425341971495, -4.672425341971495, -4.672425341971495, -4.672425341971495, -4.672425341971495, -4.672425341971495], "V": [0.3275746580285044, -4.672425341971495, 0.8194277543581792, 0.8194277543581792, 1.803308088994902, 0.028014376169596476, 0.4974996594708166, 3.1154772174199357], "N": [-3.672425341971496, -4.672425341971495, -0.5025003405291834, -0.8650704199138917, -2.3504972470841334, -0.14886338591448287, -0.35049724708413327, -4.672425341971495], "P": [-4.672425341971495, -4.672425341971495, -3.672425341971496, 1.2344652536370229, -2.3504972470841334, 0.028014376169596476, -4.672425341971495, -4.672425341971495], "Q": [-1.6724253419714956, -3.672425341971496, -0.4244978285279103, 0.2817709684153795, -0.8650704199138917, 0.4568576749734709, 0.6495027529158668, -4.672425341971495], "T": [0.3275746580285044, -4.672425341971495, 0.2344652536370227, -0.21299372333419844, 1.985786140780299, 0.7870062766658015, 0.7870062766658015, -4.672425341971495], "I": [0.4568576749734709, -4.672425341971495, 1.6851266626465884, 0.7870062766658015, -0.08746284125033943, 0.882163509706142, -1.2129937233341985, 3.246437895303099], "E": [-2.6724253419714956, 4.28177096841538, -1.5025003405291835, 0.7538394127306024, -3.0874628412503395, -0.9719856238304035, 0.882163509706142, -4.672425341971495], "D": [-4.672425341971495, -1.6724253419714956, -0.35049724708413327, -1.0874628412503395, -4.672425341971495, -1.6724253419714956, -4.672425341971495, -4.672425341971495], "A": [0.9422845021437126, -4.672425341971495, 1.1089343715531639, 0.2817709684153795, 0.4568576749734709, 0.3275746580285044, 0.4568576749734709, -4.672425341971495], "Y": [1.1349295800861083, -3.0874628412503395, 0.7198920808072646, -1.5025003405291835, -4.672425341971495, -3.0874628412503395, -1.6724253419714956, -4.672425341971495]}