{"L": [1.6529013293777315, 1.5940076403241632, 0.9159357352115255, 1.3309732344903693, 0.7094848577440991, 2.4353098943051052, 1.9159357352115256, 0.7094848577440991], "G": [-1.990954860396993, -1.405992359675837, 0.9159357352115255, 0.46847675824030416, 1.0965079808533464, -1.990954860396993, -0.18359993833938906, -2.990954860396993], "K": [-0.6690267655096308, -0.990954860396993, -0.40599235967583697, -0.18359993833938906, -0.40599235967583697, -0.990954860396993, 0.3309732344903693, -2.990954860396993], "M": [-2.990954860396993, -0.18359993833938906, -1.405992359675837, -1.405992359675837, -1.990954860396993, -2.990954860396993, -1.990954860396993, -2.990954860396993], "F": [0.816400061660611, 0.7094848577440991, 0.3309732344903693, -0.6690267655096308, 0.17897014104531933, 0.46847675824030416, 0.3309732344903693, 0.17897014104531933], "R": [-0.6690267655096308, -1.405992359675837, -0.18359993833938906, 0.009045139603006985, 0.7094848577440991, 0.46847675824030416, 0.7094848577440991, -1.990954860396993], "W": [-2.990954860396993, -1.405992359675837, -1.990954860396993, -2.990954860396993, -2.990954860396993, -0.990954860396993, -2.990954860396993, -2.990954860396993], "H": [-0.40599235967583697, -0.40599235967583697, -0.18359993833938906, 0.3309732344903693, 0.5940076403241631, 0.816400061660611, 0.816400061660611, -1.990954860396993], "S": [0.17897014104531933, 0.7094848577440991, 0.17897014104531933, -1.405992359675837, 0.7094848577440991, -0.6690267655096308, 0.5940076403241631, -2.990954860396993], "C": [-2.990954860396993, -2.990954860396993, -2.990954860396993, -1.990954860396993, -2.990954860396993, -2.990954860396993, -2.990954860396993, -2.990954860396993], "V": [1.468476758240304, 0.46847675824030416, 0.3309732344903693, 0.17897014104531933, 0.17897014104531933, -2.990954860396993, -0.6690267655096308, -2.990954860396993], "N": [-1.405992359675837, -0.990954860396993, -0.18359993833938906, -0.40599235967583697, 0.009045139603006985, -1.405992359675837, -1.990954860396993, -2.990954860396993], "P": [-0.18359993833938906, -0.40599235967583697, -0.990954860396993, -0.6690267655096308, 0.9159357352115255, -0.18359993833938906, -0.990954860396993, -1.405992359675837], "Q": [-1.405992359675837, -0.990954860396993, -0.6690267655096308, -0.18359993833938906, -0.40599235967583697, -0.40599235967583697, -0.40599235967583697, -1.405992359675837], "T": [0.5940076403241631, -0.40599235967583697, 0.009045139603006985, 0.009045139603006985, -0.40599235967583697, -0.18359993833938906, -1.990954860396993, -2.990954860396993], "I": [1.2569726530465926, 0.5940076403241631, -0.40599235967583697, 0.7094848577440991, -0.18359993833938906, 0.17897014104531933, -0.18359993833938906, -1.990954860396993], "E": [-0.990954860396993, -1.405992359675837, 0.3309732344903693, 1.0965079808533464, -0.990954860396993, -0.6690267655096308, 0.816400061660611, -0.990954860396993], "D": [-0.990954860396993, -0.18359993833938906, 0.9159357352115255, 0.17897014104531933, -1.405992359675837, -0.40599235967583697, -0.990954860396993, -1.990954860396993], "A": [-0.18359993833938906, 0.5940076403241631, 0.7094848577440991, 0.17897014104531933, 0.17897014104531933, -0.6690267655096308, -0.40599235967583697, -1.990954860396993], "Y": [0.46847675824030416, 1.1789701410453195, -0.40599235967583697, -0.40599235967583697, -0.6690267655096308, 1.009045139603007, 0.46847675824030416, 3.841935153767749]}