{"L": [0.9165839918123625, -0.5688428353578793, -0.8907709302452417, 1.3316214910912063, 1.0161196653632767, 1.1389764131488105, 0.5686606883920557, 1.047828525090615], "G": [0.22470628717469435, -0.6683785089087937, -2.475733430966398, -0.47573343096639786, 0.3822475641611742, -0.47573343096639786, -0.8907709302452417, -4.475733430966398], "K": [-0.01630181232910054, -1.6683785089087937, 2.611729410283942, 0.6941915704759144, -2.890770930245242, -0.2278059175228123, 0.04782852509061492, -4.475733430966398], "M": [-0.6683785089087937, -0.8907709302452417, -0.8907709302452417, -2.1538053360790355, -1.0163018123291006, -1.4757334309663979, -1.6683785089087937, -1.4757334309663979], "F": [0.8818185736516859, -2.890770930245242, -0.2278059175228123, -0.5688428353578793, -1.6683785089087937, -1.4757334309663979, -0.8907709302452417, 2.0788554207112395], "R": [0.4784628794204773, -2.890770930245242, 1.864116571918227, 0.3316214910912063, -1.6683785089087937, -0.0834160081876375, -1.3058084295240855, -4.475733430966398], "W": [-2.890770930245242, -4.475733430966398, -3.4757334309663976, -4.475733430966398, -4.475733430966398, -2.890770930245242, -4.475733430966398, -4.475733430966398], "H": [-0.01630181232910054, -3.4757334309663976, 0.4311571646421207, -1.8907709302452418, 0.22470628717469435, -0.2278059175228123, -0.6683785089087937, -3.4757334309663976], "S": [0.5242665690336022, -0.0834160081876375, -2.475733430966398, -0.0834160081876375, 1.0788554207112395, 1.3316214910912063, 0.5242665690336022, -4.475733430966398], "C": [-4.475733430966398, -4.475733430966398, -4.475733430966398, -4.475733430966398, -2.890770930245242, -4.475733430966398, -4.475733430966398, -4.475733430966398], "V": [1.2521870235968016, -0.15380533607903546, -0.30580842952408566, 1.3571565831983436, 1.7910531097285036, 0.7721940824771877, 1.5903557594913749, -3.4757334309663976], "N": [-2.890770930245242, -2.890770930245242, -0.0834160081876375, -1.1538053360790355, -1.3058084295240855, -0.2278059175228123, -1.6683785089087937, -4.475733430966398], "P": [-3.4757334309663976, -3.4757334309663976, -1.4757334309663979, 0.22470628717469435, -1.3058084295240855, -1.3058084295240855, -2.1538053360790355, -4.475733430966398], "Q": [-0.15380533607903546, 3.791053109728504, -0.7752937128253057, 0.3316214910912063, -0.6683785089087937, 0.5686606883920557, 0.22470628717469435, -4.475733430966398], "T": [-0.30580842952408566, -3.4757334309663976, -1.3058084295240855, -0.2278059175228123, 0.7721940824771877, 0.7337199346625521, 0.9505313237357003, -4.475733430966398], "I": [0.6941915704759144, -1.3058084295240855, 0.5242665690336022, 0.3316214910912063, 1.8280473172107055, 0.2791540711970706, -0.38827058971605843, -4.475733430966398], "E": [-2.475733430966398, -4.475733430966398, -2.890770930245242, 0.8096687878958505, -4.475733430966398, 0.6117294102839417, 1.3056262825582619, -4.475733430966398], "D": [-4.475733430966398, -2.890770930245242, -3.4757334309663976, -1.3058084295240855, -2.890770930245242, -1.8907709302452418, -1.4757334309663979, -4.475733430966398], "A": [1.1092290697547584, -0.0834160081876375, -0.2278059175228123, 0.6535495859785686, 0.6535495859785686, 0.4311571646421207, 1.4550039065964886, -3.4757334309663976], "Y": [0.3316214910912063, -4.475733430966398, -0.15380533607903546, -1.1538053360790355, -3.4757334309663976, -0.8907709302452417, -0.8907709302452417, 3.68917349570929]}