{"L": [0.67116353577046, -0.21780515184079627, -2.1653377319466607, 0.07170146535418877, -0.7247651405606792, -0.2722529358631726, 0.9815036563826106, 3.171965588827618], "G": [-1.9726926540042646, -1.9726926540042646, -2.9726926540042653, 0.19723234743804768, -0.018496343617389447, 1.1358318027739043, -0.8852298127539252, -3.9726926540042644], "K": [-0.7247651405606792, -2.9726926540042653, -2.1653377319466607, 0.19723234743804768, -0.5132610353669675, -0.6507645591169023, 1.2940938866906366, -4.972692654004264], "M": [-1.0658020583957462, -1.3877301532831086, -2.6507645591169027, -2.1653377319466607, -1.3877301532831086, -1.3877301532831086, -1.6507645591169022, 1.2940938866906366], "F": [1.8976720655791397, 2.8410885372127725, -2.6507645591169027, -1.0658020583957462, 0.384859350613819, -1.3877301532831086, -0.3288364642295401, 1.922125109303679], "R": [-1.0658020583957462, -2.9726926540042653, -3.9726926540042644, 0.027307345995735335, -0.7247651405606792, -0.21780515184079627, 0.48673896463303257, -4.972692654004264], "W": [-3.387730153283109, -1.0658020583957462, -3.9726926540042644, -2.3877301532831083, -3.387730153283109, -4.972692654004264, -3.9726926540042644, -3.9726926540042644], "H": [-0.3877301532831086, -2.9726926540042653, -2.3877301532831083, -0.5803752312255045, 1.2171319048757525, -0.1653377319466607, 0.48673896463303257, -4.972692654004264], "S": [0.4535721006978332, -0.06580205839574611, -1.9726926540042646, -0.018496343617389447, 0.6997326879672308, 0.34923544088309766, -0.11471165887669268, -2.6507645591169027], "C": [-4.972692654004264, -4.972692654004264, -4.972692654004264, -4.972692654004264, -2.3877301532831083, -3.9726926540042644, -2.9726926540042653, -4.972692654004264], "V": [1.1147701872460747, -0.4491306979472519, -1.9726926540042646, 1.0273073459957354, 0.5191604423254099, 2.0045872694956515, 0.027307345995735335, 1.0717014653541888], "N": [-0.018496343617389447, -1.1653377319466607, -2.1653377319466607, 0.19723234743804768, -0.8027676525619524, -0.5132610353669675, 0.19723234743804768, -4.972692654004264], "P": [-1.9726926540042646, -0.7247651405606792, -1.0658020583957462, 0.7552278005589345, 0.41962476877449556, -0.6507645591169023, -1.6507645591169022, -3.9726926540042644], "Q": [-2.9726926540042653, -2.3877301532831083, -2.9726926540042653, -0.2722529358631726, -0.8027676525619524, -0.1653377319466607, 0.027307345995735335, -4.972692654004264], "T": [0.11477018724607473, 0.6420171901109434, -2.6507645591169027, 0.07170146535418877, 0.34923544088309766, 0.34923544088309766, 0.2752348594393208, -1.8027676525619523], "I": [1.236760711624685, -1.5132610353669675, -2.1653377319466607, 0.3127095648579836, 0.2752348594393208, 0.6122698467168914, -1.2722529358631727, 0.67116353577046], "E": [-2.1653377319466607, -1.8027676525619523, 0.7552278005589345, 1.40234677734266, 0.41962476877449556, -0.11471165887669268, 0.9099503953575766, -3.387730153283109], "D": [-2.1653377319466607, -0.7247651405606792, 3.9068905956085187, 0.48673896463303257, -1.5132610353669675, -0.6507645591169023, -0.6507645591169023, -4.972692654004264], "A": [-0.018496343617389447, -0.5132610353669675, -2.6507645591169027, -0.3288364642295401, 1.1770544655004171, 0.5508693020527482, -0.1653377319466607, -4.972692654004264], "Y": [1.1358318027739043, 2.015992032767901, -2.3877301532831083, -1.9726926540042646, -0.2722529358631726, -1.3877301532831086, 0.5508693020527482, -2.6507645591169027]}