{"L": [-0.017921907997262457, -2.0179219079972626, 0.5670405927238937, 1.4415097106400347, 0.9820780920027377, -1.0179219079972626, -0.017921907997262457, 3.709998546565937], "G": [-0.4329594072761063, -2.0179219079972626, -1.0179219079972626, -0.4329594072761063, 0.7894330140603417, -2.0179219079972626, -1.0179219079972626, -2.0179219079972626], "K": [0.5670405927238937, -2.0179219079972626, 0.3040061868900999, 0.7894330140603417, -2.0179219079972626, 0.3040061868900999, 1.7894330140603418, -2.0179219079972626], "M": [-0.4329594072761063, -2.0179219079972626, -1.0179219079972626, -1.0179219079972626, -0.4329594072761063, -2.0179219079972626, -0.4329594072761063, 1.5670405927238937], "F": [0.7894330140603417, -2.0179219079972626, 1.5670405927238937, -1.0179219079972626, -2.0179219079972626, -0.4329594072761063, -0.4329594072761063, -0.017921907997262457], "R": [0.5670405927238937, -2.0179219079972626, -1.0179219079972626, -0.4329594072761063, -2.0179219079972626, -0.4329594072761063, -0.4329594072761063, -2.0179219079972626], "W": [-1.0179219079972626, -2.0179219079972626, -2.0179219079972626, -2.0179219079972626, -2.0179219079972626, -2.0179219079972626, -2.0179219079972626, -2.0179219079972626], "H": [0.9820780920027377, -2.0179219079972626, 0.5670405927238937, -1.0179219079972626, -2.0179219079972626, 2.069540933253077, -0.4329594072761063, -2.0179219079972626], "S": [0.3040061868900999, -2.0179219079972626, -0.017921907997262457, -1.0179219079972626, 0.7894330140603417, -0.017921907997262457, -0.017921907997262457, -2.0179219079972626], "C": [-2.0179219079972626, -2.0179219079972626, -2.0179219079972626, -2.0179219079972626, -2.0179219079972626, -2.0179219079972626, -2.0179219079972626, -2.0179219079972626], "V": [-1.0179219079972626, -2.0179219079972626, 0.7894330140603417, -0.017921907997262457, 1.4415097106400347, 0.9820780920027377, 1.4415097106400347, 0.5670405927238937], "N": [-2.0179219079972626, -2.0179219079972626, -0.4329594072761063, -0.017921907997262457, -2.0179219079972626, -0.017921907997262457, -2.0179219079972626, -2.0179219079972626], "P": [-2.0179219079972626, -2.0179219079972626, -2.0179219079972626, 0.7894330140603417, -0.4329594072761063, 1.4415097106400347, -1.0179219079972626, -2.0179219079972626], "Q": [-2.0179219079972626, -1.0179219079972626, -2.0179219079972626, 0.7894330140603417, -0.017921907997262457, -0.017921907997262457, -0.4329594072761063, -2.0179219079972626], "T": [0.5670405927238937, -2.0179219079972626, -0.4329594072761063, -0.4329594072761063, 0.9820780920027377, -2.0179219079972626, 0.3040061868900999, -2.0179219079972626], "I": [0.9820780920027377, -2.0179219079972626, 1.4415097106400347, -0.017921907997262457, 0.3040061868900999, 0.9820780920027377, -0.4329594072761063, -0.4329594072761063], "E": [-2.0179219079972626, 4.04816728246051, -0.017921907997262457, 1.6825178101438298, -0.017921907997262457, -1.0179219079972626, 0.9820780920027377, -2.0179219079972626], "D": [-2.0179219079972626, 1.5670405927238937, 0.3040061868900999, -2.0179219079972626, -0.017921907997262457, -2.0179219079972626, -0.4329594072761063, -2.0179219079972626], "A": [-0.017921907997262457, -2.0179219079972626, 0.3040061868900999, -0.017921907997262457, 1.7894330140603418, -0.017921907997262457, 1.1520030934450498, -2.0179219079972626], "Y": [2.069540933253077, -2.0179219079972626, -1.0179219079972626, -2.0179219079972626, -2.0179219079972626, -1.0179219079972626, -2.0179219079972626, -2.0179219079972626]}