{"L": [2.234465253637023, -1.7655347463629774, 0.8194277543581792, 2.1413558492455413, -1.7655347463629774, -0.18057224564182092, 0.5563933485243852, -1.7655347463629774], "G": [-1.7655347463629774, -1.7655347463629774, -1.7655347463629774, -0.7655347463629774, 1.0418201756946268, -1.7655347463629774, -0.7655347463629774, -1.7655347463629774], "K": [-1.7655347463629774, -1.7655347463629774, 0.2344652536370227, -1.7655347463629774, -1.7655347463629774, -0.7655347463629774, 1.0418201756946268, -1.7655347463629774], "M": [-0.7655347463629774, -1.7655347463629774, -1.7655347463629774, -1.7655347463629774, -1.7655347463629774, -1.7655347463629774, 0.2344652536370227, -1.7655347463629774], "F": [-1.7655347463629774, -1.7655347463629774, -0.7655347463629774, -1.7655347463629774, -1.7655347463629774, -0.7655347463629774, 0.2344652536370227, -1.7655347463629774], "R": [-1.7655347463629774, -1.7655347463629774, -1.7655347463629774, -0.18057224564182092, -1.7655347463629774, -0.7655347463629774, -1.7655347463629774, -1.7655347463629774], "W": [-1.7655347463629774, -1.7655347463629774, -1.7655347463629774, -1.7655347463629774, -1.7655347463629774, -0.7655347463629774, -1.7655347463629774, -1.7655347463629774], "H": [-1.7655347463629774, -1.7655347463629774, 0.8194277543581792, -1.7655347463629774, -1.7655347463629774, 1.4043902550793355, -1.7655347463629774, -1.7655347463629774], "S": [0.2344652536370227, -1.7655347463629774, -0.18057224564182092, 0.8194277543581792, -0.18057224564182092, 0.5563933485243852, 0.2344652536370227, -1.7655347463629774], "C": [-1.7655347463629774, -1.7655347463629774, -1.7655347463629774, -1.7655347463629774, -1.7655347463629774, -1.7655347463629774, -1.7655347463629774, -1.7655347463629774], "V": [1.0418201756946268, -1.7655347463629774, -0.18057224564182092, 0.8194277543581792, 2.234465253637023, 0.8194277543581792, -0.18057224564182092, 3.3637482705819894], "N": [-1.7655347463629774, -1.7655347463629774, -1.7655347463629774, -0.7655347463629774, -1.7655347463629774, 1.2344652536370229, -0.7655347463629774, -1.7655347463629774], "P": [-1.7655347463629774, 3.4823927670806083, 2.878321443411748, -1.7655347463629774, -0.7655347463629774, 0.2344652536370227, -1.7655347463629774, -1.7655347463629774], "Q": [0.2344652536370227, -1.7655347463629774, 0.2344652536370227, 0.2344652536370227, -1.7655347463629774, 1.2344652536370229, 1.4043902550793355, -1.7655347463629774], "T": [-1.7655347463629774, -1.7655347463629774, -0.18057224564182092, 0.8194277543581792, 1.2344652536370229, 0.8194277543581792, 2.041820175694627, -1.7655347463629774], "I": [-0.18057224564182092, -1.7655347463629774, -1.7655347463629774, 1.0418201756946268, 2.4043902550793352, -1.7655347463629774, -1.7655347463629774, 3.2788593729954765], "E": [0.2344652536370227, -1.7655347463629774, -1.7655347463629774, 1.0418201756946268, -1.7655347463629774, 0.5563933485243852, 1.0418201756946268, -1.7655347463629774], "D": [2.321928094887362, -1.7655347463629774, -1.7655347463629774, -0.7655347463629774, -1.7655347463629774, -1.7655347463629774, -1.7655347463629774, -1.7655347463629774], "A": [-1.7655347463629774, 3.1413558492455413, 0.2344652536370227, -0.18057224564182092, 1.556393348524385, -0.18057224564182092, 1.0418201756946268, -1.7655347463629774], "Y": [1.2344652536370229, -1.7655347463629774, 0.5563933485243852, -0.7655347463629774, -1.7655347463629774, -1.7655347463629774, -1.7655347463629774, -1.7655347463629774]}