{"L": [1.04816728246051, 1.0044459050311922, -5.017921907997263, 1.111361108947704, -1.3174821898561704, 0.15200309344504975, -0.3740657182225379, 3.8949674282326994], "G": [-2.0179219079972626, 0.5056400480597504, -5.017921907997263, 0.3743955147814977, 0.8400590871303096, -0.06372559761038729, -0.9304590667469234, -5.017921907997263], "K": [-0.3174821898561704, -4.017921907997263, -5.017921907997263, 0.9362744023896127, -3.0179219079972626, -0.06372559761038729, 1.5056400480597503, -5.017921907997263], "M": [-1.3174821898561704, -1.3174821898561704, -5.017921907997263, -2.2105669859396584, -1.8479969065549502, -1.5584902893599655, -1.5584902893599655, -0.4943599519402497], "F": [1.3743955147814977, -1.5584902893599655, -5.017921907997263, -1.0179219079972626, -1.6959938131099002, -1.4329594072761063, -2.0179219079972626, -0.4329594072761063], "R": [-2.2105669859396584, -5.017921907997263, -5.017921907997263, 0.026472211361190864, -3.0179219079972626, 0.8647211413645788, 0.5967879361179459, -5.017921907997263], "W": [-3.0179219079972626, -3.0179219079972626, -5.017921907997263, -3.0179219079972626, -4.017921907997263, -3.4329594072761065, -4.017921907997263, -5.017921907997263], "H": [-0.5584902893599654, -5.017921907997263, -5.017921907997263, -0.5584902893599654, 1.2674803108649857, 0.654503433974233, -0.017921907997262457, -5.017921907997263], "S": [0.9362744023896127, 1.6825178101438298, -5.017921907997263, -0.21056698593965836, 1.7099985465659366, 1.489872732201434, 0.7099985465659368, -5.017921907997263], "C": [-5.017921907997263, -2.6959938131099, -5.017921907997263, -5.017921907997263, -3.0179219079972626, -5.017921907997263, -3.4329594072761065, -5.017921907997263], "V": [1.5056400480597503, 0.8400590871303096, -5.017921907997263, 0.654503433974233, -0.26303440583379395, 0.19153145763168736, 0.7369655941662061, 0.9593580155026541], "N": [0.4415097106400347, -1.3174821898561704, -5.017921907997263, -0.6256044852185024, 1.425021587851466, 0.40834284670483545, -1.0179219079972626, -5.017921907997263], "P": [-5.017921907997263, -2.4329594072761065, -5.017921907997263, -0.11103131238874402, 0.15200309344504975, -1.4329594072761063, -1.5584902893599655, -5.017921907997263], "Q": [-4.017921907997263, 0.026472211361190864, -5.017921907997263, -0.26303440583379395, -0.21056698593965836, 0.7634378055273973, 0.8149681061674794, -5.017921907997263], "T": [0.26748031086498575, 0.6825178101438296, -5.017921907997263, 0.3396300966208214, 0.19153145763168736, 1.1318252115074197, 0.4415097106400347, -5.017921907997263], "I": [1.4739311883324122, 0.7894330140603417, -5.017921907997263, 0.5967879361179459, -0.21056698593965836, -0.9304590667469234, -1.0179219079972626, 0.7894330140603417], "E": [-2.6959938131099, -5.017921907997263, 0.4415097106400347, 1.230005605446323, -0.5584902893599654, -0.06372559761038729, 1.2858588401798405, -5.017921907997263], "D": [-3.4329594072761065, -3.4329594072761065, 4.208490284791523, -0.11103131238874402, -1.3174821898561704, -0.6959938131099002, -1.111031312388744, -5.017921907997263], "A": [-0.017921907997262457, 2.449683642085735, -5.017921907997263, -0.3740657182225379, 1.248864632697639, -0.11103131238874402, 0.8647211413645788, -5.017921907997263], "Y": [0.536666943680375, -5.017921907997263, -5.017921907997263, -1.2105669859396584, -2.6959938131099, -2.4329594072761065, -2.6959938131099, -5.017921907997263]}