{"L": [-0.48542682717024194, -1.485426827170242, 1.3219280948873624, 2.321928094887362, 2.6020360140800975, -0.48542682717024194, 2.0995356735509145, -1.485426827170242], "G": [0.514573172829758, -1.485426827170242, -1.485426827170242, -1.485426827170242, -1.485426827170242, -1.485426827170242, -1.485426827170242, -1.485426827170242], "K": [0.8365012677171205, -1.485426827170242, -0.48542682717024194, 2.321928094887362, -1.485426827170242, -1.485426827170242, 1.8365012677171204, -1.485426827170242], "M": [-1.485426827170242, -1.485426827170242, -1.485426827170242, -1.485426827170242, 0.09953567355091437, -1.485426827170242, -0.48542682717024194, -1.485426827170242], "F": [-0.48542682717024194, -1.485426827170242, 2.0995356735509145, -1.485426827170242, 0.514573172829758, 1.3219280948873624, -1.485426827170242, -1.485426827170242], "R": [2.321928094887362, -1.485426827170242, 0.514573172829758, 0.09953567355091437, -1.485426827170242, -1.485426827170242, 0.09953567355091437, -1.485426827170242], "W": [-1.485426827170242, -1.485426827170242, 0.8365012677171205, -1.485426827170242, -1.485426827170242, 0.514573172829758, -1.485426827170242, -1.485426827170242], "H": [-1.485426827170242, -1.485426827170242, 0.09953567355091437, -1.485426827170242, -1.485426827170242, 0.09953567355091437, -0.48542682717024194, -1.485426827170242], "S": [0.8365012677171205, -1.485426827170242, -1.485426827170242, -1.485426827170242, -0.48542682717024194, -1.485426827170242, -1.485426827170242, -1.485426827170242], "C": [-1.485426827170242, -1.485426827170242, -1.485426827170242, -1.485426827170242, -1.485426827170242, -1.485426827170242, -1.485426827170242, -1.485426827170242], "V": [0.09953567355091437, -1.485426827170242, 0.09953567355091437, -0.48542682717024194, 0.8365012677171205, 0.09953567355091437, -0.48542682717024194, 2.21501289097085], "N": [-1.485426827170242, -1.485426827170242, -1.485426827170242, -1.485426827170242, -1.485426827170242, -0.48542682717024194, -0.48542682717024194, -1.485426827170242], "P": [-1.485426827170242, -1.485426827170242, -1.485426827170242, 0.8365012677171205, -1.485426827170242, 1.0995356735509143, -1.485426827170242, -1.485426827170242], "Q": [-1.485426827170242, 4.242493627392958, -1.485426827170242, -0.48542682717024194, 0.514573172829758, 0.514573172829758, 1.5145731728297582, -1.485426827170242], "T": [-0.48542682717024194, -1.485426827170242, 0.09953567355091437, -0.48542682717024194, -1.485426827170242, 1.0995356735509143, -1.485426827170242, -1.485426827170242], "I": [0.8365012677171205, -1.485426827170242, 1.8365012677171204, 0.514573172829758, 1.6844981742720708, -1.485426827170242, -1.485426827170242, 3.9068905956085187], "E": [-1.485426827170242, -1.485426827170242, -1.485426827170242, -0.48542682717024194, -0.48542682717024194, 0.514573172829758, 0.09953567355091437, -1.485426827170242], "D": [-1.485426827170242, -0.48542682717024194, -1.485426827170242, -1.485426827170242, -1.485426827170242, 0.514573172829758, -1.485426827170242, -1.485426827170242], "A": [1.3219280948873624, -1.485426827170242, -1.485426827170242, -0.48542682717024194, 0.514573172829758, -1.485426827170242, 0.514573172829758, -1.485426827170242], "Y": [0.8365012677171205, -1.485426827170242, 0.514573172829758, -0.48542682717024194, -1.485426827170242, 1.3219280948873624, 0.514573172829758, -1.485426827170242]}