{"L": [-0.30742852519224734, -2.3074285251922473, 1.277533975528909, 2.3364276645824775, 1.5994620704162712, 0.014499569695114853, -0.30742852519224734, 4.16830490577415], "G": [-2.3074285251922473, -2.3074285251922473, -0.30742852519224734, -0.30742852519224734, -0.30742852519224734, -2.3074285251922473, -0.7224660244710911, -2.3074285251922473], "K": [-2.3074285251922473, -2.3074285251922473, -0.7224660244710911, 1.4999263968653567, -0.30742852519224734, -1.3074285251922473, -0.7224660244710911, -2.3074285251922473], "M": [-2.3074285251922473, -2.3074285251922473, -2.3074285251922473, -2.3074285251922473, -2.3074285251922473, -2.3074285251922473, -2.3074285251922473, -1.3074285251922473], "F": [0.014499569695114853, -2.3074285251922473, 0.6925714748077527, -1.3074285251922473, -2.3074285251922473, 0.014499569695114853, -2.3074285251922473, -2.3074285251922473], "R": [-1.3074285251922473, 3.014499569695115, -2.3074285251922473, -0.30742852519224734, -2.3074285251922473, -0.30742852519224734, -2.3074285251922473, -2.3074285251922473], "W": [-2.3074285251922473, -2.3074285251922473, -1.3074285251922473, -2.3074285251922473, -2.3074285251922473, -0.7224660244710911, -2.3074285251922473, -2.3074285251922473], "H": [2.3364276645824775, 2.014499569695115, 0.014499569695114853, -2.3074285251922473, 0.27753397552890896, 1.4999263968653567, -2.3074285251922473, -2.3074285251922473], "S": [0.014499569695114853, -2.3074285251922473, -0.7224660244710911, -0.7224660244710911, 1.1520030934450498, 0.49992639686535667, 1.940498988251338, -2.3074285251922473], "C": [-2.3074285251922473, -2.3074285251922473, -2.3074285251922473, -2.3074285251922473, -2.3074285251922473, -2.3074285251922473, -2.3074285251922473, -2.3074285251922473], "V": [-1.3074285251922473, -2.3074285251922473, 1.4999263968653567, 0.6925714748077527, 0.6925714748077527, 0.6925714748077527, 0.8624964762500651, 0.49992639686535667], "N": [1.014499569695115, -2.3074285251922473, -2.3074285251922473, -2.3074285251922473, 0.6925714748077527, 0.49992639686535667, -2.3074285251922473, -2.3074285251922473], "P": [-2.3074285251922473, 0.6925714748077527, 0.014499569695114853, 0.014499569695114853, -1.3074285251922473, 0.27753397552890896, -0.30742852519224734, -2.3074285251922473], "Q": [-0.30742852519224734, 2.499926396865357, 0.27753397552890896, -0.7224660244710911, 0.6925714748077527, 0.27753397552890896, -1.3074285251922473, -2.3074285251922473], "T": [0.8624964762500651, -2.3074285251922473, 0.014499569695114853, -0.7224660244710911, 1.7800343160580923, 1.1520030934450498, 1.4999263968653567, -2.3074285251922473], "I": [-0.7224660244710911, -2.3074285251922473, 0.49992639686535667, 1.393011192948845, 0.49992639686535667, 0.27753397552890896, -2.3074285251922473, -2.3074285251922473], "E": [1.1520030934450498, -2.3074285251922473, -2.3074285251922473, -1.3074285251922473, -2.3074285251922473, -0.7224660244710911, 1.014499569695115, -2.3074285251922473], "D": [0.8624964762500651, -2.3074285251922473, -1.3074285251922473, -2.3074285251922473, -2.3074285251922473, -2.3074285251922473, -2.3074285251922473, -2.3074285251922473], "A": [-0.7224660244710911, -2.3074285251922473, 1.940498988251338, 0.6925714748077527, 0.27753397552890896, 0.014499569695114853, 2.5994620704162714, -2.3074285251922473], "Y": [0.014499569695114853, -2.3074285251922473, -2.3074285251922473, -0.7224660244710911, -1.3074285251922473, 0.014499569695114853, -2.3074285251922473, -2.3074285251922473]}