{"L": [0.08034210831760355, 2.402270203204966, 0.5828424488467867, 0.6653046090387599, 0.6653046090387599, 1.624662624541414, 1.6653046090387598, -1.9196578916823965], "G": [-0.3346953909612402, -1.9196578916823965, -0.04518877376625541, -0.04518877376625541, 0.7433071210400328, 0.7433071210400328, -0.9196578916823964, -3.504620392403553], "K": [1.704832973225397, -3.504620392403553, 1.0189415636534602, 0.7433071210400328, -0.04518877376625541, -1.5046203924035526, 1.0189415636534602, 3.921644362298545], "M": [-0.6972654703459485, 0.08034210831760355, -1.1826922975161904, -1.1826922975161904, -1.5046203924035526, -0.5046203924035526, -1.9196578916823965, -3.504620392403553], "F": [0.08034210831760355, -0.9196578916823964, 1.3533606027240195, -0.5046203924035526, 0.40227020320496576, 0.40227020320496576, 0.08034210831760355, -3.504620392403553], "R": [0.9548112262337446, -3.504620392403553, 0.08034210831760355, 0.19581932573753957, -0.3346953909612402, -0.3346953909612402, -0.5046203924035526, 0.6653046090387599], "W": [-3.504620392403553, -3.504620392403553, -0.9196578916823964, -3.504620392403553, -2.5046203924035524, -1.5046203924035526, -1.9196578916823965, -3.504620392403553], "H": [-0.6972654703459485, -3.504620392403553, -0.18269229751619034, -0.3346953909612402, -1.9196578916823965, -0.6972654703459485, -0.9196578916823964, -0.18269229751619034], "S": [1.139235797371172, 0.6653046090387599, 1.0189415636534602, 0.8173077024838096, 0.8173077024838096, 0.9548112262337446, 1.3027345296540516, -2.5046203924035524], "C": [-1.1826922975161904, -3.504620392403553, -3.504620392403553, -0.6972654703459485, -1.1826922975161904, -1.9196578916823965, -2.5046203924035524, -3.504620392403553], "V": [0.9548112262337446, 1.8173077024838098, -0.9196578916823964, 0.19581932573753957, 0.4953796075964475, 0.9548112262337446, 0.19581932573753957, -3.504620392403553], "N": [-0.9196578916823964, -2.5046203924035524, -0.04518877376625541, 0.08034210831760355, -0.18269229751619034, -0.9196578916823964, 0.08034210831760355, -3.504620392403553], "P": [-1.5046203924035526, -3.504620392403553, -1.1826922975161904, 1.1958193257375396, 0.4953796075964475, -0.9196578916823964, -0.04518877376625541, -3.504620392403553], "Q": [-1.5046203924035526, 0.08034210831760355, -0.04518877376625541, -0.04518877376625541, 0.19581932573753957, -0.6972654703459485, -0.18269229751619034, -2.5046203924035524], "T": [0.08034210831760355, 0.6653046090387599, -0.18269229751619034, 0.19581932573753957, 0.4953796075964475, 0.5828424488467867, 0.19581932573753957, -3.504620392403553], "I": [0.8173077024838096, 1.6653046090387598, 0.40227020320496576, -0.5046203924035526, -0.04518877376625541, 0.5828424488467867, -0.5046203924035526, -3.504620392403553], "E": [-3.504620392403553, -2.5046203924035524, -2.5046203924035524, -0.5046203924035526, -0.3346953909612402, -1.1826922975161904, 0.08034210831760355, -3.504620392403553], "D": [-2.5046203924035524, -2.5046203924035524, -1.5046203924035526, -1.1826922975161904, -0.9196578916823964, -1.5046203924035526, -2.5046203924035524, -3.504620392403553], "A": [0.5828424488467867, -0.3346953909612402, -0.9196578916823964, 0.08034210831760355, 0.4953796075964475, 0.3027345296540515, -0.04518877376625541, -3.504620392403553], "Y": [-1.9196578916823965, -1.5046203924035526, 0.8173077024838096, -0.5046203924035526, -0.5046203924035526, -1.9196578916823965, -0.5046203924035526, 0.3027345296540515]}