{"L": [0.661677466861969, -1.145677455195635, -1.145677455195635, 1.0242475462466774, 1.0242475462466774, 0.7612131404128833, 1.4981787345790896, 3.2805872995064633], "G": [-1.560714954474479, -3.145677455195635, 1.1022500582479502, 0.43928504552552106, 0.3137541634416623, 0.1762506396917273, -1.560714954474479, -3.145677455195635], "K": [0.1762506396917273, -3.145677455195635, 0.3137541634416623, -0.3383225331380309, 0.1762506396917273, 0.024247546246677208, -0.5607149544744789, -3.145677455195635], "M": [-1.145677455195635, -3.145677455195635, -0.8237493603082728, -2.145677455195635, -3.145677455195635, -1.560714954474479, 0.024247546246677208, 0.024247546246677208], "F": [2.0637759104333147, -1.560714954474479, 1.1762506396917274, 1.1022500582479502, -0.3383225331380309, -0.5607149544744789, 0.1762506396917273, 1.854322544804365], "R": [0.661677466861969, 3.674501507219553, -0.8237493603082728, 0.024247546246677208, 0.43928504552552106, 0.1762506396917273, -0.5607149544744789, -3.145677455195635], "W": [-1.145677455195635, -3.145677455195635, -2.145677455195635, -1.145677455195635, -2.145677455195635, -2.145677455195635, -3.145677455195635, -3.145677455195635], "H": [0.5547622629454572, -3.145677455195635, -0.5607149544744789, -2.145677455195635, 0.7612131404128833, -0.1456774551956351, -3.145677455195635, -3.145677455195635], "S": [0.024247546246677208, -0.8237493603082728, 0.3137541634416623, -0.8237493603082728, 0.7612131404128833, 0.7612131404128833, 0.9417853860547044, -3.145677455195635], "C": [-3.145677455195635, -3.145677455195635, -3.145677455195635, -3.145677455195635, -1.560714954474479, -0.8237493603082728, -2.145677455195635, -3.145677455195635], "V": [0.3137541634416623, -3.145677455195635, 0.1762506396917273, 1.0242475462466774, 0.661677466861969, 0.024247546246677208, 1.2466399675831252, 1.6616774668619692], "N": [-1.145677455195635, 0.024247546246677208, 0.661677466861969, -0.3383225331380309, 0.024247546246677208, 0.1762506396917273, 0.024247546246677208, -3.145677455195635], "P": [-3.145677455195635, -3.145677455195635, -0.1456774551956351, 1.1762506396917274, 0.1762506396917273, 0.1762506396917273, -1.145677455195635, -3.145677455195635], "Q": [-2.145677455195635, -2.145677455195635, 0.1762506396917273, -2.145677455195635, -1.560714954474479, -0.3383225331380309, -2.145677455195635, -3.145677455195635], "T": [0.024247546246677208, 0.9417853860547044, -0.8237493603082728, -0.5607149544744789, -0.1456774551956351, 0.3137541634416623, 0.8543225448043649, -3.145677455195635], "I": [0.5547622629454572, -3.145677455195635, -1.145677455195635, -1.145677455195635, 0.3137541634416623, 0.8543225448043649, 0.1762506396917273, -0.1456774551956351], "E": [-1.560714954474479, -3.145677455195635, -0.1456774551956351, 0.8543225448043649, -0.8237493603082728, -0.8237493603082728, 0.43928504552552106, -3.145677455195635], "D": [-3.145677455195635, -3.145677455195635, -0.3383225331380309, 0.661677466861969, -0.3383225331380309, -0.5607149544744789, -2.145677455195635, -3.145677455195635], "A": [-0.3383225331380309, -1.145677455195635, 0.024247546246677208, 0.1762506396917273, 0.5547622629454572, 0.1762506396917273, 0.1762506396917273, -3.145677455195635], "Y": [1.1762506396917274, 0.661677466861969, 1.0242475462466774, -2.145677455195635, -1.145677455195635, 0.1762506396917273, 0.3137541634416623, 0.5547622629454572]}