{"L": [-0.22582332673672162, -4.3957483281790335, 1.813705037449916, 1.6917145130713056, -1.8107858274578774, 1.359139173984435, 0.46223266694853804, 4.151146131708603], "G": [-3.395748328179034, -1.395748328179034, -1.5883934061214295, -0.6953086100379418, 0.5111422674294847, -0.9363167095417366, -1.8107858274578774, -4.3957483281790335], "K": [-4.3957483281790335, -3.395748328179034, -4.3957483281790335, 0.7741766732632784, -0.8107858274578776, -1.2258233267367218, -2.0738202332916713, -4.3957483281790335], "M": [0.35913917398443485, -2.395748328179034, -0.07382023329167146, -1.8107858274578774, -3.395748328179034, -0.39574832817903377, -1.2258233267367218, -0.9363167095417366], "F": [-0.8107858274578776, -4.3957483281790335, 1.5584479822078412, -0.5883934061214297, -2.0738202332916713, -1.0738202332916715, -2.8107858274578774, -0.8107858274578776], "R": [-1.0738202332916715, 3.505118479801715, -2.395748328179034, 0.35913917398443485, 1.9441016747055913, 0.1892141725421225, -3.395748328179034, -4.3957483281790335], "W": [-3.395748328179034, -4.3957483281790335, -1.5883934061214295, -3.395748328179034, -2.0738202332916713, -4.3957483281790335, -4.3957483281790335, -4.3957483281790335], "H": [-0.0034309054002734547, -0.07382023329167146, -0.9363167095417366, -1.2258233267367218, 3.0221041867068643, -0.5883934061214297, -4.3957483281790335, -4.3957483281790335], "S": [0.3046913899620583, -2.8107858274578774, -0.48885773257051535, 0.3046913899620583, 0.1892141725421225, 1.5584479822078412, 1.6042516718209663, -4.3957483281790335], "C": [-4.3957483281790335, -4.3957483281790335, -3.395748328179034, -4.3957483281790335, -4.3957483281790335, -2.8107858274578774, -3.395748328179034, -4.3957483281790335], "V": [-1.395748328179034, -3.395748328179034, 1.5349890093838527, 1.0636832904582634, -0.6953086100379418, -0.0034309054002734547, 1.8896538906832145, -0.39574832817903377], "N": [1.5349890093838527, -4.3957483281790335, -1.5883934061214295, -1.2258233267367218, -1.2258233267367218, -0.3082854869286943, -2.8107858274578774, -4.3957483281790335], "P": [-4.3957483281790335, 0.41160659387857035, -2.395748328179034, -0.1478208147354484, -0.6953086100379418, -0.5883934061214297, -1.395748328179034, -4.3957483281790335], "Q": [-0.5883934061214297, 2.2189615159361744, -1.395748328179034, -0.0034309054002734547, -3.395748328179034, 0.6917145130713057, -0.48885773257051535, -4.3957483281790335], "T": [-0.07382023329167146, -4.3957483281790335, 0.06368329045826342, 0.8521791852645517, -0.39574832817903377, 0.9261797667083286, 1.2189615159361744, -4.3957483281790335], "I": [-0.48885773257051535, -4.3957483281790335, 0.41160659387857035, 0.813705037449916, -0.9363167095417366, 0.24810786159569093, -0.48885773257051535, -1.395748328179034], "E": [0.06368329045826342, -2.0738202332916713, -4.3957483281790335, -0.5883934061214297, -4.3957483281790335, -0.39574832817903377, 0.6917145130713057, -4.3957483281790335], "D": [2.691714513071306, -4.3957483281790335, -4.3957483281790335, -1.395748328179034, -4.3957483281790335, -2.395748328179034, -2.395748328179034, -4.3957483281790335], "A": [-2.0738202332916713, -1.5883934061214295, 1.1892141725421226, -0.07382023329167146, -0.22582332673672162, 0.7335346887659328, 2.1434104829289975, -4.3957483281790335], "Y": [0.06368329045826342, -3.395748328179034, 0.8896538906832147, -1.0738202332916715, -3.395748328179034, -0.9363167095417366, -4.3957483281790335, -4.3957483281790335]}