{"L": [-0.3410369178350672, -3.925999418556223, 1.203283598388743, 1.3959286763311392, 1.5975625375007898, 0.5334322000810742, 0.46631800422253716, 0.24392558288608912], "G": [0.24392558288608912, -0.46656779991892583, -3.925999418556223, -2.9259994185562235, -0.46656779991892583, -2.9259994185562235, -1.604071323668861, -3.925999418556223], "K": [-0.9259994185562233, -3.925999418556223, -0.22555970041513101, 1.0281968918306519, -1.9259994185562235, 1.688710425558985, 1.8553602949684365, -3.925999418556223], "M": [-2.3410369178350674, 0.24392558288608912, -1.604071323668861, -3.925999418556223, -0.46656779991892583, -2.9259994185562235, -2.3410369178350674, -2.9259994185562235], "F": [-0.9259994185562233, -0.9259994185562233, 1.3594028003060252, -0.604071323668861, -0.11864449649861925, -3.925999418556223, -3.925999418556223, -3.925999418556223], "R": [-0.22555970041513101, -3.925999418556223, 0.5334322000810742, 0.3959286763311391, -3.925999418556223, 1.6285894331214144, 0.07400058144377678, -3.925999418556223], "W": [-3.925999418556223, -3.925999418556223, -0.9259994185562233, -3.925999418556223, -3.925999418556223, -3.925999418556223, -3.925999418556223, -3.925999418556223], "H": [1.5975625375007898, -3.925999418556223, -0.604071323668861, -2.9259994185562235, -0.3410369178350672, -0.019108822947704676, -1.604071323668861, -3.925999418556223], "S": [1.0740005814437767, 0.7178567712185017, -0.756074417113911, -0.3410369178350672, -0.604071323668861, 0.8288880836072452, 0.774440299584869, -3.925999418556223], "C": [-1.1186444964986193, -3.925999418556223, -3.925999418556223, -3.925999418556223, -3.925999418556223, -3.925999418556223, -2.9259994185562235, -3.925999418556223], "V": [1.0740005814437767, -3.925999418556223, 0.774440299584869, 0.6589630821649329, 2.028196891830652, -0.22555970041513101, 1.0281968918306519, 3.4315525860618608], "N": [-1.9259994185562235, -3.925999418556223, -2.9259994185562235, -2.3410369178350674, -3.925999418556223, 0.24392558288608912, -0.756074417113911, -3.925999418556223], "P": [-3.925999418556223, -3.925999418556223, -0.604071323668861, 0.07400058144377678, -0.3410369178350672, 1.4663180042225372, -3.925999418556223, -3.925999418556223], "Q": [1.2834539470727266, 3.795099770150962, -0.3410369178350672, 0.46631800422253716, 0.5334322000810742, 0.16146342269411632, 0.8288880836072452, -3.925999418556223], "T": [0.5334322000810742, -3.925999418556223, -0.3410369178350672, 0.5334322000810742, 0.3959286763311391, 0.32192809488736235, 1.4315525860618605, -3.925999418556223], "I": [-0.604071323668861, -3.925999418556223, 1.1183947008022304, 1.5334322000810743, 1.7464259234152724, -1.604071323668861, -1.9259994185562235, 2.9194906323881518], "E": [0.16146342269411632, 0.3959286763311391, -2.3410369178350674, 0.5975625375007897, -1.1186444964986193, -1.3410369178350672, 0.9808911770522952, -3.925999418556223], "D": [-3.925999418556223, -3.925999418556223, -2.3410369178350674, -2.9259994185562235, -2.9259994185562235, -2.3410369178350674, -3.925999418556223, -3.925999418556223], "A": [0.8288880836072452, -1.3410369178350672, -2.3410369178350674, 0.24392558288608912, 0.16146342269411632, -0.11864449649861925, 0.5334322000810742, -3.925999418556223], "Y": [-1.1186444964986193, -2.9259994185562235, 1.9319815765713493, -0.3410369178350672, -3.925999418556223, -2.9259994185562235, -2.3410369178350674, -3.925999418556223]}