{"L": [0.8277310580893885, 2.0700918956584324, 1.0093378645793363, 1.5576418947216444, -1.9448584458075393, -0.20789285164133306, 0.7555812723335531, 4.017073513358942], "G": [-2.5298209465286954, 0.17061877161239708, -1.7224660244710912, -1.6229303509201771, -2.207892851641333, -1.2078928516413332, -0.4423581052783557, -5.529820946528695], "K": [-1.8293812283876032, -3.529820946528695, 2.9418542678633495, 1.5682111364318314, 3.3374577931809672, 0.2250665556347733, -0.24441872766644696, -5.529820946528695], "M": [-0.48542682717024194, -0.6718399514011232, -0.07038932789139801, -2.5298209465286954, -2.722466024471091, -2.9448584458075393, -1.6229303509201771, -0.48542682717024194], "F": [0.8452184848182296, -0.9448584458075392, -0.24441872766644696, -1.137503523749935, -1.8293812283876032, -0.28189343308510967, -1.8293812283876032, 0.14260439544280015], "R": [-1.070389327891398, -2.070389327891398, 1.2116460398724518, 0.44745897697122117, 2.2775339755289092, -0.20789285164133306, -0.7224660244710911, -5.529820946528695], "W": [-2.070389327891398, -5.529820946528695, -2.359895945086383, -5.529820946528695, -5.529820946528695, -1.7224660244710912, -5.529820946528695, -5.529820946528695], "H": [0.17061877161239708, -5.529820946528695, -0.07038932789139801, -1.359895945086383, 0.8964438081734026, 0.977973693670001, -2.359895945086383, -5.529820946528695], "S": [0.514573172829758, -0.4423581052783557, -1.359895945086383, 0.19809950803450388, -1.9448584458075393, 0.4009163910341909, 1.2515387669959641, -5.529820946528695], "C": [-2.9448584458075393, -5.529820946528695, -5.529820946528695, -3.2078928516413336, -5.529820946528695, -3.9448584458075393, -2.9448584458075393, -5.529820946528695], "V": [-0.359895945086383, 0.2250665556347733, -1.5298209465286954, 0.4925468664997593, -2.070389327891398, 0.9131225493200332, 1.5682111364318314, -0.24441872766644696], "N": [0.4243753638581801, -0.7224660244710911, -0.7224660244710911, -0.9448584458075392, -2.9448584458075393, 0.3770696490798231, -1.4423581052783558, -5.529820946528695], "P": [-5.529820946528695, 2.11403524324603, -2.722466024471091, -0.829381228387603, -3.529820946528695, -0.28189343308510967, -1.359895945086383, -5.529820946528695], "Q": [-0.40053792958372875, -0.359895945086383, -0.7224660244710911, 0.44745897697122117, -1.9448584458075393, 0.6989977439671857, 0.2250665556347733, -5.529820946528695], "T": [0.4243753638581801, -1.5298209465286954, -3.2078928516413336, 0.536268243929077, -2.359895945086383, 0.8624964762500651, 0.792107148358667, -3.9448584458075393], "I": [-0.24441872766644696, 0.7555812723335531, -0.622930350920177, 0.660003612351322, -1.7224660244710912, 0.14260439544280015, 0.2250665556347733, -0.359895945086383], "E": [1.2116460398724518, -2.359895945086383, -3.9448584458075393, 0.6989977439671857, -3.529820946528695, 0.2250665556347733, 0.9620321498009795, -5.529820946528695], "D": [1.3156691044156799, -5.529820946528695, -4.529820946528695, -1.4423581052783558, -5.529820946528695, -2.359895945086383, -1.7224660244710912, -5.529820946528695], "A": [-0.829381228387603, 1.7275668961639563, -0.48542682717024194, -0.359895945086383, -0.829381228387603, 0.44745897697122117, 1.377069649079823, -2.070389327891398], "Y": [0.514573172829758, -4.529820946528695, 0.08488889758651295, -1.070389327891398, -2.9448584458075393, -0.359895945086383, -2.722466024471091, -5.529820946528695]}