{"L": [0.4761592892245293, 0.028700312253308116, 1.7122266474580539, 0.3418581975129385, 0.9150435304577412, 0.9385025032817298, 1.028700312253308, 1.134053312399537, 0.37662361567361485, 1.3241561957794796, 1.092830649673024, 1.7656659064195146, -0.37183761733042064], "G": [0.028700312253308116, -0.1088032114966267, 0.23223370633844026, 1.1135892098398212, 0.538895044572492, 0.7656659064195144, 1.028700312253308, 1.427249688743583, 0.9615861163947714, 0.37662361567361485, 0.19375955852380453, -0.06149749671827015, -1.845768805662833], "K": [1.4600396238612525, -2.430731306383989, 0.3062342877822172, -0.37183761733042064, -0.9282309658548059, -0.1088032114966267, -0.37183761733042064, 0.028700312253308116, 0.26970841175710314, -0.4921318510481323, -0.26080630494167656, -0.1088032114966267, 0.028700312253308116], "M": [-0.7677662936615598, -3.015693807105145, -1.4307313063839893, -2.2083388850475414, -1.5562621884678478, -1.845768805662833, -2.693765712217783, -1.845768805662833, -2.015693807105145, -1.2083388850475412, -1.3152540889640532, -1.845768805662833, -2.430731306383989], "F": [-0.6233763843263851, -0.8457688056628329, 0.9615861163947714, -1.3152540889640532, -1.845768805662833, -1.3152540889640532, -1.5562621884678478, -1.0156938071051453, -0.8457688056628329, -0.7677662936615598, 0.07176903414519412, -0.31525408896405316, 1.3418581975129384], "R": [1.2131248833907355, -2.430731306383989, -0.37183761733042064, -0.7677662936615598, -1.693765712217783, -1.2083388850475412, -1.1088032114966269, -0.6937657122177829, -0.8457688056628329, -1.4307313063839893, 0.7656659064195144, -0.43073130638398915, -0.26080630494167656], "W": [-4.015693807105145, -3.4307313063839895, -0.6233763843263851, -4.015693807105145, -3.015693807105145, -3.015693807105145, -3.015693807105145, -3.015693807105145, -2.693765712217783, -2.015693807105145, -2.2083388850475414, -2.015693807105145, 3.406370959067667], "H": [-0.5562621884678479, -4.015693807105145, -2.2083388850475414, -1.4307313063839893, -1.2083388850475412, -1.3152540889640532, -1.693765712217783, -2.430731306383989, -0.9282309658548059, -1.1088032114966269, -0.15771281197757311, -1.5562621884678478, -3.4307313063839895], "S": [0.26970841175710314, 2.2604305981690924, 0.19375955852380453, 0.9615861163947714, 1.3593456242417796, 1.4600396238612525, 0.6567315348663504, 0.684745911035947, 0.5078681489518677, 0.26970841175710314, 0.6567315348663504, 0.5692686936160108, -1.4307313063839893], "C": [-5.015693807105145, -4.015693807105145, -2.015693807105145, -3.015693807105145, -1.845768805662833, -2.693765712217783, -2.430731306383989, -3.4307313063839895, -2.2083388850475414, -2.693765712217783, -2.430731306383989, -3.015693807105145, -5.015693807105145], "V": [0.8669492422566959, 0.684745911035947, 0.5990160370100631, 0.028700312253308116, 0.9843061928948548, 0.3062342877822172, 0.07176903414519412, 0.23223370633844026, 0.3062342877822172, 0.7391936950583234, 0.8422871880224269, 0.6567315348663504, -2.430731306383989], "N": [-2.015693807105145, -0.8457688056628329, -1.1088032114966269, -1.0156938071051453, -0.43073130638398915, -0.9282309658548059, 0.23223370633844026, -0.37183761733042064, 0.4761592892245293, 0.3062342877822172, -0.37183761733042064, -0.9282309658548059, -1.845768805662833], "P": [-0.5562621884678479, -0.5562621884678479, -1.2083388850475412, 1.6567315348663505, 0.37662361567361485, 0.15423119433716712, 0.4437378115321521, 0.5692686936160108, 0.26970841175710314, 0.15423119433716712, -0.43073130638398915, -1.4307313063839893, -2.015693807105145], "Q": [-0.9282309658548059, -1.5562621884678478, -1.2083388850475412, -0.26080630494167656, -0.8457688056628329, -0.15771281197757311, -0.31525408896405316, -0.4921318510481323, 0.19375955852380453, 0.15423119433716712, 0.4105709475969528, 0.6567315348663504, -1.693765712217783], "T": [-0.06149749671827015, 2.0395886283960443, -0.31525408896405316, 0.3062342877822172, 0.07176903414519412, -0.01569380710514534, 0.4437378115321521, 0.07176903414519412, 0.3418581975129385, 0.15423119433716712, -0.43073130638398915, 0.8669492422566959, -2.693765712217783], "I": [0.6567315348663504, -1.0156938071051453, 0.9150435304577412, -0.20833888504754114, 0.11358920983982118, 0.23223370633844026, -0.01569380710514534, -0.1088032114966267, -0.43073130638398915, 0.6281623826695794, -0.20833888504754114, -0.01569380710514534, -2.015693807105145], "E": [-1.2083388850475412, -0.7677662936615598, -0.8457688056628329, 0.7916611149524588, 0.7391936950583234, 0.712226647458054, 0.5078681489518677, 0.4761592892245293, 0.7656659064195144, 0.15423119433716712, 0.19375955852380453, 0.4437378115321521, -2.015693807105145], "D": [-1.3152540889640532, -0.8457688056628329, -0.4921318510481323, 0.4761592892245293, 0.5990160370100631, 0.3418581975129385, 1.1937595585238046, 0.4761592892245293, 0.4105709475969528, -0.6233763843263851, -0.37183761733042064, -1.3152540889640532, -1.3152540889640532], "A": [1.1741307517748718, 1.4761592892245294, 0.15423119433716712, 0.11358920983982118, 0.6567315348663504, 0.3062342877822172, 0.19375955852380453, 0.5990160370100631, 0.6281623826695794, 0.9150435304577412, 0.07176903414519412, 0.23223370633844026, -1.5562621884678478], "Y": [-1.3152540889640532, -1.845768805662833, 0.07176903414519412, -1.845768805662833, -1.5562621884678478, -0.26080630494167656, -1.3152540889640532, -1.845768805662833, -1.693765712217783, -0.7677662936615598, -0.6233763843263851, -0.15771281197757311, -0.20833888504754114]}