{"L": [-0.8479969065549503, -0.8479969065549503, 1.3219280948873624, 0.7369655941662061, 0.852442811586142, 0.32192809488736235, 0.32192809488736235, 0.4739311883324123, 0.32192809488736235, 1.0588936890535687, 1.2394659346953891, 0.4739311883324123, 2.4374053123072983], "G": [1.2394659346953891, -1.2630344058337941, -0.26303440583379395, 1.0588936890535687, 1.1520030934450498, 0.7369655941662061, 1.2394659346953891, 1.6114347120823473, 1.2394659346953891, 1.3219280948873624, 0.15200309344504975, 1.1520030934450498, -0.04064198449734593], "K": [1.2394659346953891, -2.8479969065549504, -1.2630344058337941, -0.26303440583379395, -1.8479969065549502, 0.15200309344504975, -1.2630344058337941, -0.26303440583379395, 0.15200309344504975, 0.4739311883324123, -0.5260688116675878, -0.5260688116675878, -0.04064198449734593], "M": [-1.2630344058337941, -2.8479969065549504, -0.8479969065549503, -1.8479969065549502, -1.2630344058337941, -1.8479969065549502, -2.8479969065549504, -1.8479969065549502, -2.8479969065549504, -2.8479969065549504, -0.5260688116675878, -2.8479969065549504, 0.4739311883324123], "F": [-0.5260688116675878, -1.2630344058337941, 1.7958592832197744, -1.2630344058337941, -0.26303440583379395, -1.2630344058337941, -0.8479969065549503, -1.2630344058337941, -0.5260688116675878, -0.5260688116675878, -0.8479969065549503, -0.5260688116675878, 1.3999306068886355], "R": [1.7958592832197744, 3.527042524791975, -0.5260688116675878, -0.04064198449734593, -0.8479969065549503, -1.2630344058337941, -1.2630344058337941, -0.8479969065549503, -1.8479969065549502, -1.2630344058337941, -1.8479969065549502, -0.04064198449734593, -0.04064198449734593], "W": [-2.8479969065549504, -2.8479969065549504, 0.32192809488736235, -2.8479969065549504, -0.8479969065549503, -2.8479969065549504, -1.8479969065549502, -2.8479969065549504, -2.8479969065549504, -2.8479969065549504, -2.8479969065549504, -2.8479969065549504, -2.8479969065549504], "H": [-0.8479969065549503, -2.8479969065549504, -1.2630344058337941, -1.2630344058337941, -0.8479969065549503, -1.2630344058337941, -2.8479969065549504, -2.8479969065549504, -2.8479969065549504, -0.8479969065549503, -1.2630344058337941, -1.2630344058337941, -1.2630344058337941], "S": [1.0588936890535687, -0.5260688116675878, -0.04064198449734593, 1.0588936890535687, 0.9593580155026541, 1.3999306068886355, 1.2394659346953891, 1.2394659346953891, 1.6755650495020629, 0.852442811586142, 1.4739311883324122, 1.1520030934450498, 0.15200309344504975], "C": [-2.8479969065549504, -2.8479969065549504, -2.8479969065549504, -2.8479969065549504, -2.8479969065549504, -2.8479969065549504, -2.8479969065549504, -2.8479969065549504, -2.8479969065549504, -2.8479969065549504, -2.8479969065549504, -2.8479969065549504, -2.8479969065549504], "V": [-0.04064198449734593, -0.26303440583379395, 0.4739311883324123, 0.4739311883324123, 0.6114347120823473, 0.4739311883324123, 0.15200309344504975, 0.6114347120823473, 0.32192809488736235, 0.32192809488736235, 1.2394659346953891, -0.8479969065549503, -0.26303440583379395], "N": [-1.2630344058337941, -1.8479969065549502, -0.26303440583379395, -1.8479969065549502, -0.8479969065549503, -0.04064198449734593, 0.15200309344504975, -0.04064198449734593, -0.26303440583379395, -0.26303440583379395, -0.04064198449734593, -0.26303440583379395, -1.8479969065549502], "P": [-0.04064198449734593, 0.15200309344504975, -0.04064198449734593, 0.6114347120823473, 0.6114347120823473, 0.852442811586142, 1.0588936890535687, 0.32192809488736235, 0.6114347120823473, 0.15200309344504975, -1.2630344058337941, 0.4739311883324123, -1.2630344058337941], "Q": [-0.5260688116675878, 0.15200309344504975, -1.8479969065549502, -0.26303440583379395, 0.15200309344504975, -0.5260688116675878, 0.4739311883324123, 0.15200309344504975, -1.8479969065549502, 0.4739311883324123, 0.6114347120823473, 0.9593580155026541, -0.8479969065549503], "T": [-0.5260688116675878, -1.8479969065549502, -0.26303440583379395, -0.26303440583379395, 0.32192809488736235, 0.32192809488736235, -0.26303440583379395, -0.26303440583379395, 0.6114347120823473, 0.32192809488736235, 0.4739311883324123, 0.32192809488736235, -0.8479969065549503], "I": [-0.8479969065549503, -1.2630344058337941, 0.15200309344504975, -0.26303440583379395, -0.04064198449734593, 0.32192809488736235, -0.26303440583379395, -1.2630344058337941, -0.8479969065549503, 0.32192809488736235, 0.32192809488736235, -0.26303440583379395, -2.8479969065549504], "E": [-2.8479969065549504, -0.8479969065549503, -0.8479969065549503, -0.8479969065549503, 0.6114347120823473, 0.32192809488736235, 0.7369655941662061, -0.5260688116675878, 1.1520030934450498, -0.5260688116675878, -0.26303440583379395, 0.7369655941662061, -0.8479969065549503], "D": [-2.8479969065549504, -0.26303440583379395, -0.04064198449734593, 1.2394659346953891, -0.5260688116675878, 0.32192809488736235, 0.6114347120823473, 1.0588936890535687, -0.26303440583379395, -1.2630344058337941, -0.8479969065549503, -0.8479969065549503, -0.04064198449734593], "A": [1.2394659346953891, -1.8479969065549502, -0.8479969065549503, 1.0588936890535687, 0.4739311883324123, 0.4739311883324123, 0.15200309344504975, 1.0588936890535687, 0.6114347120823473, 0.4739311883324123, 0.7369655941662061, 0.6114347120823473, -1.2630344058337941], "Y": [-1.2630344058337941, -1.8479969065549502, 0.4739311883324123, -1.2630344058337941, -1.8479969065549502, -0.8479969065549503, -1.2630344058337941, -2.8479969065549504, -1.8479969065549502, -0.5260688116675878, -2.8479969065549504, -0.8479969065549503, 0.32192809488736235]}