{"L": [0.028289044431423355, 0.2843030225874451, 1.014213859219701, 0.6637166121355674, 0.49153563675288753, 0.708110731494021, 0.7596410321341032, 0.5991763599408568, 0.3417885172482053, 0.5991763599408568, 0.8809473283562367, 0.6993405218662889, 1.1619674796633928], "G": [0.911644125579153, 0.708110731494021, 0.7254928097222575, 1.2666010208539862, 1.014213859219701, 1.0071244344333816, 0.941701359435333, 1.3017904493162862, 1.1619674796633928, 1.4555306832973938, 0.7680532719503033, 0.6271907361104534, -0.1987798641144977], "K": [0.4710715341931719, -1.0435016386365865, 0.014213859219700866, 0.042228235389297146, 0.042228235389297146, 0.2366062805561487, 0.042228235389297146, 0.39707095274939497, 0.481339869646999, 0.12314823077286467, 0.36415633027665983, 0.5991763599408568, 0.911644125579153], "M": [-1.7513208871432764, -2.0143552929770703, -1.1987798641144978, -1.957771764610703, -1.3362833878644325, -1.6138173633933415, -2.0732489820306386, -2.3362833878644325, -2.0143552929770703, -1.4102839693082094, -1.4487581171228452, -1.7513208871432764, -1.134649526694782], "F": [-1.3362833878644325, -1.1987798641144978, 0.43982060020873215, -0.8002304876242227, -0.8508565606941909, -1.134649526694782, -1.0732489820306386, -0.6809315592518783, -0.6138173633933413, -0.7513208871432763, -0.7274741451889085, -1.231946728049697, 0.9928402084271338], "R": [0.9040309414692779, 2.481339869646999, -0.5707486415014552, -0.3362833878644325, -0.2658940599730345, -0.4102839693082095, -0.5707486415014552, -0.354430734574692, -0.10362263107415745, -0.2658940599730345, 0.056034034914327645, 0.2366062805561487, 0.77641674488493], "W": [-5.6582114827517955, -3.850856560694191, -1.6582114827517949, -2.7513208871432764, -3.4882864813094825, -2.850856560694191, -2.957771764610703, -3.6582114827517946, -3.3362833878644325, -3.4882864813094825, -2.957771764610703, -3.6582114827517946, -3.6582114827517946], "H": [0.5609570377103666, -1.5289284658068283, -1.0435016386365865, -1.134649526694782, -0.8768517692271353, -1.134649526694782, -1.3006594781337113, -1.0732489820306386, -0.8508565606941909, -1.01435529297707, -1.01435529297707, -1.0732489820306386, -1.231946728049697], "S": [1.6905166714792828, 0.43982060020873215, 0.5801932565732839, 0.98564470702293, 0.6727053953628221, 0.98564470702293, 0.9192173452839538, 0.8574883555322476, 0.8336416135778799, 0.751179453385907, 0.9040309414692779, 1.1746785314129469, 0.028289044431423355], "C": [-4.658211482751795, -4.336283387864433, -4.336283387864433, -3.6582114827517946, -5.073248982030639, -4.336283387864433, -3.850856560694191, -3.3362833878644325, -4.073248982030639, -3.4882864813094825, -5.6582114827517955, -4.658211482751795, -5.6582114827517955], "V": [-0.28317205140487006, 0.5991763599408568, 0.37521151878565556, -0.08835587442084697, 0.5609570377103666, 0.08325550364935198, 0.2366062805561487, 0.2121532368316097, 0.3304732040203711, 0.26065175452279976, 0.5706072077440859, 0.2725258548110915, -0.8002304876242227], "N": [-1.6582114827517949, -1.0732489820306386, -0.6138173633933413, -0.7040151723649195, -0.6582114827517948, -0.354430734574692, -0.31836147986717017, -0.4293927922559141, -0.39142494205689354, -0.5921222922940222, -0.5084643632471125, -0.23194672804969682, 0.31906844074812174], "P": [-1.3362833878644325, -0.28317205140487006, 0.7254928097222575, 0.5414608620845694, 0.708110731494021, 0.40787770770597775, 0.6271907361104534, 0.5316130761282222, 0.5414608620845694, 0.5512418828771548, 0.1491434393058092, 0.40787770770597775, -1.1036226310741575], "Q": [-1.570748641501455, -0.4293927922559141, -0.7755684333899536, 0.056034034914327645, 0.13620438359831105, -0.28317205140487006, 0.056034034914327645, -0.04350163863658656, 0.10997284202513141, -0.15041684255309862, 0.12314823077286467, 0.26065175452279976, -0.1663583864221202], "T": [1.2843030225874452, -0.23194672804969682, -0.05829864056466711, 0.13620438359831105, 0.26065175452279976, 0.2843030225874451, 0.1746785314129468, 0.12314823077286467, 0.2843030225874451, 0.042228235389297146, 0.2366062805561487, 0.4607295899717128, -0.8768517692271353], "I": [-0.7513208871432763, -0.31836147986717017, 0.3530157726714594, -0.5084643632471125, -0.18247805178539717, -0.1663583864221202, -0.11905267164376346, -0.5084643632471125, -0.4102839693082095, -0.014355292977070055, 0.3530157726714594, -0.44875811712284525, -0.7513208871432763], "E": [-0.8768517692271353, 0.0697089718114042, 0.0, 0.6993405218662889, 0.7254928097222575, 0.8963773689258425, 0.8012201358855024, 0.49153563675288753, 0.6546714725325605, 0.3304732040203711, 0.5414608620845694, 0.4710715341931719, 1.0212686167536513], "D": [-1.0435016386365865, -0.11905267164376346, 0.08325550364935198, 0.5216976072631394, 0.41860411429903627, 0.3417885172482053, 0.4710715341931719, 0.37521151878565556, 0.10997284202513141, -0.028854862672185146, -0.354430734574692, -0.7274741451889085, -1.1987798641144978], "A": [1.042228235389297, 0.1491434393058092, 0.3861826366066588, 0.3861826366066588, 0.18727856819258037, 0.40787770770597775, 0.39707095274939497, 0.4607295899717128, 0.3304732040203711, 0.5991763599408568, 0.19976951237577728, 0.5414608620845694, -0.4882864813094827], "Y": [-1.3362833878644325, -1.8002304876242228, -0.4882864813094827, -1.0732489820306386, -1.134649526694782, -1.1036226310741575, -1.2658940599730346, -1.1663583864221203, -1.570748641501455, -1.01435529297707, -1.2658940599730346, -1.231946728049697, 0.8574883555322476]}