{"L": [1.4474589769712212, 0.5994620704162712, 1.277533975528909, -0.13750352374993496, 0.27753397552890896, 0.27753397552890896, 0.27753397552890896, -0.13750352374993496, -1.7224660244710912, 0.5994620704162712, 1.084888897586513, 0.5994620704162712, 0.27753397552890896], "G": [-0.13750352374993496, 0.5994620704162712, -0.7224660244710911, 1.277533975528909, 0.8624964762500651, 0.8624964762500651, 0.8624964762500651, 1.4474589769712212, 1.084888897586513, 0.8624964762500651, 1.277533975528909, -0.13750352374993496, -1.7224660244710912], "K": [-0.7224660244710911, -0.13750352374993496, 0.5994620704162712, -0.7224660244710911, -0.7224660244710911, -0.7224660244710911, 0.27753397552890896, -1.7224660244710912, -0.7224660244710911, -1.7224660244710912, -1.7224660244710912, -0.13750352374993496, 2.1844245711374275], "M": [-0.13750352374993496, -0.7224660244710911, -1.7224660244710912, -1.7224660244710912, -1.7224660244710912, -1.7224660244710912, -0.7224660244710911, -1.7224660244710912, -1.7224660244710912, -1.7224660244710912, -0.7224660244710911, -1.7224660244710912, -0.13750352374993496], "F": [-0.7224660244710911, -0.13750352374993496, 1.084888897586513, -0.7224660244710911, 0.27753397552890896, -1.7224660244710912, -1.7224660244710912, 0.5994620704162712, -1.7224660244710912, -1.7224660244710912, -0.13750352374993496, -0.7224660244710911, 0.27753397552890896], "R": [-1.7224660244710912, -1.7224660244710912, -1.7224660244710912, -1.7224660244710912, -1.7224660244710912, -1.7224660244710912, -1.7224660244710912, -0.13750352374993496, -1.7224660244710912, 0.27753397552890896, -1.7224660244710912, -1.7224660244710912, 1.736965594166206], "W": [-1.7224660244710912, -1.7224660244710912, -1.7224660244710912, -1.7224660244710912, -1.7224660244710912, -1.7224660244710912, -1.7224660244710912, -1.7224660244710912, -1.7224660244710912, -1.7224660244710912, -1.7224660244710912, -1.7224660244710912, -1.7224660244710912], "H": [0.27753397552890896, -1.7224660244710912, -1.7224660244710912, -0.13750352374993496, -1.7224660244710912, -1.7224660244710912, 0.27753397552890896, -0.7224660244710911, -0.7224660244710911, -0.7224660244710911, 0.5994620704162712, -0.7224660244710911, -1.7224660244710912], "S": [0.27753397552890896, -0.7224660244710911, -0.7224660244710911, -0.7224660244710911, 0.8624964762500651, 1.4474589769712212, 0.27753397552890896, 0.27753397552890896, 0.8624964762500651, 0.27753397552890896, 0.8624964762500651, 1.084888897586513, -1.7224660244710912], "C": [-1.7224660244710912, -1.7224660244710912, -1.7224660244710912, -1.7224660244710912, -1.7224660244710912, -1.7224660244710912, -1.7224660244710912, -1.7224660244710912, -1.7224660244710912, -1.7224660244710912, -1.7224660244710912, -1.7224660244710912, -1.7224660244710912], "V": [0.5994620704162712, 0.27753397552890896, 0.8624964762500651, -0.7224660244710911, 1.277533975528909, -0.13750352374993496, 0.27753397552890896, 0.8624964762500651, 0.27753397552890896, 0.8624964762500651, 0.5994620704162712, 1.5994620704162712, -1.7224660244710912], "N": [-0.7224660244710911, -1.7224660244710912, -0.7224660244710911, -0.13750352374993496, -0.13750352374993496, -0.13750352374993496, -0.7224660244710911, 0.27753397552890896, -0.13750352374993496, -0.13750352374993496, -1.7224660244710912, -0.13750352374993496, -0.13750352374993496], "P": [-0.7224660244710911, 2.3649968167792483, -0.13750352374993496, 0.27753397552890896, 0.8624964762500651, 1.277533975528909, 0.27753397552890896, 1.084888897586513, 0.27753397552890896, 0.27753397552890896, -1.7224660244710912, -1.7224660244710912, -1.7224660244710912], "Q": [-0.13750352374993496, -1.7224660244710912, -0.13750352374993496, -0.13750352374993496, -1.7224660244710912, 0.27753397552890896, 0.5994620704162712, -0.13750352374993496, 1.084888897586513, -0.13750352374993496, -1.7224660244710912, -0.7224660244710911, -1.7224660244710912], "T": [0.8624964762500651, 0.27753397552890896, -1.7224660244710912, -0.7224660244710911, -1.7224660244710912, -0.7224660244710911, -0.13750352374993496, 0.27753397552890896, -0.13750352374993496, 0.27753397552890896, 0.5994620704162712, 0.5994620704162712, -0.7224660244710911], "I": [0.8624964762500651, -1.7224660244710912, -0.13750352374993496, -0.13750352374993496, -0.13750352374993496, 0.5994620704162712, -1.7224660244710912, -1.7224660244710912, -1.7224660244710912, 0.8624964762500651, -0.13750352374993496, -0.13750352374993496, -1.7224660244710912], "E": [-0.13750352374993496, 0.5994620704162712, 0.5994620704162712, 1.736965594166206, 1.5994620704162712, 1.277533975528909, 0.8624964762500651, 0.8624964762500651, 1.084888897586513, 1.277533975528909, 1.084888897586513, 1.5994620704162712, 0.27753397552890896], "D": [-0.13750352374993496, -1.7224660244710912, -0.13750352374993496, 1.4474589769712212, 0.5994620704162712, 0.27753397552890896, 1.084888897586513, 0.27753397552890896, 1.084888897586513, 0.27753397552890896, -0.7224660244710911, -1.7224660244710912, -1.7224660244710912], "A": [1.084888897586513, 1.8624964762500653, 1.084888897586513, 0.5994620704162712, -0.13750352374993496, 0.8624964762500651, 0.8624964762500651, 0.27753397552890896, 1.277533975528909, 0.27753397552890896, 0.5994620704162712, 1.084888897586513, -0.7224660244710911], "Y": [-0.7224660244710911, -1.7224660244710912, 0.8624964762500651, -0.7224660244710911, -0.7224660244710911, -1.7224660244710912, -0.7224660244710911, -1.7224660244710912, -1.7224660244710912, -1.7224660244710912, 0.27753397552890896, -1.7224660244710912, 2.1844245711374275]}