{"L": [-1.0780025120012733, 3.717856771218502, 2.091922489441039, -0.2479275134435856, 1.3370349872775706, 0.506959988719883, 1.0740005814437767, 0.6589630821649329, 0.839535327806754, 0.8813555035013807, 1.658963082164933, 1.2439255828860891, 2.658963082164933], "G": [1.2756344426134274, -1.6629650127224294, -0.6629650127224294, 1.1096244911744984, 0.7062687969432897, 1.42449782852791, 0.7964666059148681, 1.0374747054186626, 1.2439255828860891, 0.9615258521853641, 0.14438990933517465, -0.07800251200127321, -1.0780025120012733], "K": [0.6589630821649329, -1.9259994185562235, -1.9259994185562235, -0.7884958948062885, -1.0780025120012733, 0.14438990933517465, -0.1604646721932461, -0.6629650127224294, 0.6589630821649329, 0.14438990933517465, -1.4405725913859817, 0.14438990933517465, -0.9259994185562233], "M": [-1.4405725913859817, 0.21150410519371157, -0.3410369178350672, -3.2479275134435857, -2.2479275134435857, -1.9259994185562235, -2.6629650127224296, -1.9259994185562235, -3.2479275134435857, -2.2479275134435857, -0.5474877953024933, -3.2479275134435857, -1.0780025120012733], "F": [1.658963082164933, -4.247927513443586, 1.1443899093351746, -2.2479275134435857, -0.44057259138598176, -0.44057259138598176, -0.5474877953024933, -0.7884958948062885, -0.9259994185562233, -0.6629650127224294, 0.07400058144377678, -0.44057259138598176, -0.9259994185562233], "R": [-0.9259994185562233, -3.2479275134435857, -1.2479275134435857, -1.6629650127224294, -2.2479275134435857, -0.9259994185562233, -0.5474877953024933, -1.2479275134435857, -0.2479275134435856, -0.6629650127224294, -1.0780025120012733, -0.3410369178350672, -0.7884958948062885], "W": [-4.247927513443586, -4.247927513443586, -1.0780025120012733, -4.247927513443586, -2.6629650127224296, -4.247927513443586, -4.247927513443586, -2.6629650127224296, -4.247927513443586, -3.2479275134435857, -1.9259994185562235, -4.247927513443586, -3.2479275134435857], "H": [-1.0780025120012733, -2.6629650127224296, -4.247927513443586, -1.9259994185562235, -2.6629650127224296, -1.4405725913859817, -1.2479275134435857, -3.2479275134435857, -1.4405725913859817, -1.4405725913859817, -1.4405725913859817, -1.4405725913859817, -3.2479275134435857], "S": [1.0740005814437767, -1.4405725913859817, -0.6629650127224294, 0.21150410519371157, 0.21150410519371157, 0.4525122046975067, 0.6589630821649329, 0.7062687969432897, 0.6589630821649329, -0.2479275134435856, 0.07400058144377678, 1.2115041051937117, -0.6629650127224294], "C": [-4.247927513443586, -3.2479275134435857, -4.247927513443586, -4.247927513443586, -4.247927513443586, -4.247927513443586, -4.247927513443586, -3.2479275134435857, -4.247927513443586, -3.2479275134435857, -4.247927513443586, -3.2479275134435857, -4.247927513443586], "V": [0.839535327806754, 0.21150410519371157, 0.0, -1.4405725913859817, 0.6100534816839865, 0.07400058144377678, 0.9219974879987269, 0.6100534816839865, 0.21150410519371157, 0.839535327806754, 1.0, 0.7062687969432897, 2.109624491174498], "N": [-0.9259994185562233, -3.2479275134435857, -0.6629650127224294, -0.3410369178350672, -1.2479275134435857, -0.1604646721932461, -0.07800251200127321, -0.6629650127224294, 0.14438990933517465, -0.2479275134435856, -0.6629650127224294, -0.2479275134435856, -2.6629650127224296], "P": [-1.9259994185562235, -1.4405725913859817, -1.6629650127224294, 0.7520724865564145, 0.5594274086140183, 0.5594274086140183, 0.14438990933517465, 0.6100534816839865, -0.1604646721932461, -0.07800251200127321, 0.14438990933517465, -0.9259994185562233, -1.9259994185562235], "Q": [-2.2479275134435857, -1.4405725913859817, -0.07800251200127321, -0.7884958948062885, -0.3410369178350672, -0.5474877953024933, -0.07800251200127321, -0.07800251200127321, 0.27563444261342734, 0.07400058144377678, -0.9259994185562233, 0.14438990933517465, -1.6629650127224294], "T": [0.6100534816839865, -1.0780025120012733, -1.0780025120012733, -0.1604646721932461, 0.4525122046975067, -0.1604646721932461, 0.21150410519371157, 0.7520724865564145, -0.5474877953024933, 0.27563444261342734, 0.7520724865564145, 0.7964666059148681, 0.14438990933517465], "I": [-0.1604646721932461, -0.07800251200127321, 1.1783372412585125, -1.4405725913859817, 0.6589630821649329, 0.3959286763311391, -0.44057259138598176, 0.33703498727757064, -0.2479275134435856, 0.6100534816839865, 0.8813555035013807, -1.6629650127224294, -1.2479275134435857], "E": [-1.9259994185562235, -1.9259994185562235, -0.7884958948062885, 1.8181616770141868, 1.366782330671623, 1.1096244911744984, 0.7964666059148681, 0.4525122046975067, 0.8813555035013807, 1.0, 0.21150410519371157, 0.9219974879987269, -1.9259994185562235], "D": [-3.2479275134435857, -4.247927513443586, -0.2479275134435856, 2.2278059175228124, 0.506959988719883, 0.8813555035013807, 0.8813555035013807, 0.07400058144377678, 0.7520724865564145, -0.07800251200127321, -0.44057259138598176, -0.7884958948062885, -2.6629650127224296], "A": [1.0, -1.0780025120012733, 1.0, 0.14438990933517465, 0.14438990933517465, -0.07800251200127321, 0.0, 1.0374747054186626, 0.14438990933517465, 0.8813555035013807, 0.6589630821649329, 1.0, 1.5594274086140183], "Y": [0.33703498727757064, -3.2479275134435857, 0.27563444261342734, -1.9259994185562235, -1.0780025120012733, -1.9259994185562235, -1.9259994185562235, -1.2479275134435857, -1.6629650127224294, -4.247927513443586, -2.6629650127224296, -0.9259994185562233, -1.6629650127224294]}