{"L": [-0.9164766444377168, 0.08352335556228326, -0.33151414371656046, 0.25344835700459567, -2.916476644437717, -0.33151414371656046, -0.33151414371656046, -0.9164766444377168, 0.40545145044964587, -1.3315141437165605, -1.916476644437717, -0.9164766444377168, 1.2534483570045956], "G": [1.4758407783410437, 2.127917474920737, 2.0377196659491585, 2.368925574424532, 2.331450869005869, 2.21280637250725, 1.838410857725752, 2.405451450449646, 1.8908782776198876, 2.441075360180367, 1.7839630737033756, 1.6070853116192965, 1.405451450449646], "K": [0.40545145044964587, -1.3315141437165605, -0.10912172238011252, -0.33151414371656046, -0.33151414371656046, 0.40545145044964587, 0.25344835700459567, 0.7839630737033755, 0.25344835700459567, 0.40545145044964587, -0.10912172238011252, 0.8908782776198875, 0.5429549741995806], "M": [-1.916476644437717, -0.9164766444377168, -2.916476644437717, -2.916476644437717, -2.916476644437717, -1.916476644437717, -2.916476644437717, -2.916476644437717, -2.916476644437717, -1.916476644437717, -2.916476644437717, -2.916476644437717, -2.916476644437717], "F": [-0.5945485495503541, -1.916476644437717, -1.916476644437717, -1.3315141437165605, -1.916476644437717, -1.3315141437165605, -2.916476644437717, -0.9164766444377168, 0.08352335556228326, -0.5945485495503541, -0.9164766444377168, -1.3315141437165605, 0.08352335556228326], "R": [0.40545145044964587, 0.25344835700459567, 0.6684858562834396, -0.33151414371656046, -0.33151414371656046, -0.5945485495503541, -0.33151414371656046, -1.916476644437717, -0.5945485495503541, -0.10912172238011252, 0.9904139511708019, -1.3315141437165605, -0.10912172238011252], "W": [-2.916476644437717, -2.916476644437717, -2.916476644437717, -2.916476644437717, -2.916476644437717, -2.916476644437717, -2.916476644437717, -2.916476644437717, -2.916476644437717, -2.916476644437717, -2.916476644437717, -2.916476644437717, -2.916476644437717], "H": [-0.10912172238011252, 0.08352335556228326, 0.25344835700459567, -0.10912172238011252, -0.5945485495503541, -0.10912172238011252, -0.5945485495503541, -0.10912172238011252, -0.33151414371656046, -1.3315141437165605, 0.08352335556228326, 0.40545145044964587, -1.3315141437165605], "S": [2.0377196659491585, 1.170986196812623, 1.838410857725752, 1.331450869005869, 1.6684858562834397, 1.9415043506898557, 1.9415043506898557, 1.838410857725752, 1.7273795453370082, 1.6070853116192965, 1.7273795453370082, 1.838410857725752, 1.6070853116192965], "C": [-2.916476644437717, -2.916476644437717, -2.916476644437717, -2.916476644437717, -2.916476644437717, -2.916476644437717, -2.916476644437717, -2.916476644437717, -2.916476644437717, -2.916476644437717, -2.916476644437717, -2.916476644437717, -2.916476644437717], "V": [0.6684858562834396, 0.08352335556228326, -0.5945485495503541, -1.3315141437165605, -0.10912172238011252, -0.5945485495503541, 0.08352335556228326, -0.5945485495503541, -0.9164766444377168, -0.9164766444377168, 0.08352335556228326, -0.10912172238011252, -0.5945485495503541], "N": [-2.916476644437717, -0.9164766444377168, -1.3315141437165605, -0.9164766444377168, -0.33151414371656046, -0.33151414371656046, -1.3315141437165605, -2.916476644437717, -0.5945485495503541, -1.916476644437717, -0.10912172238011252, -1.3315141437165605, 0.08352335556228326], "P": [-1.3315141437165605, 1.0835233555622834, -0.10912172238011252, 0.40545145044964587, -0.5945485495503541, 0.08352335556228326, -0.33151414371656046, 0.40545145044964587, -0.5945485495503541, -0.10912172238011252, -0.9164766444377168, -0.5945485495503541, -1.3315141437165605], "Q": [-2.916476644437717, -0.33151414371656046, -0.5945485495503541, -0.33151414371656046, 0.5429549741995806, -0.9164766444377168, -0.33151414371656046, -0.5945485495503541, -0.10912172238011252, 0.40545145044964587, 0.40545145044964587, 0.6684858562834396, 0.08352335556228326], "T": [0.25344835700459567, -0.10912172238011252, -0.33151414371656046, 0.08352335556228326, -0.10912172238011252, -0.5945485495503541, 0.08352335556228326, -0.5945485495503541, -0.10912172238011252, -0.5945485495503541, 0.25344835700459567, -0.33151414371656046, -1.916476644437717], "I": [-0.33151414371656046, -0.10912172238011252, -0.10912172238011252, -1.3315141437165605, -1.916476644437717, -1.3315141437165605, -1.3315141437165605, -0.9164766444377168, -0.9164766444377168, -0.9164766444377168, -2.916476644437717, -0.10912172238011252, -0.5945485495503541], "E": [-2.916476644437717, 0.25344835700459567, 0.25344835700459567, 0.08352335556228326, 0.8908782776198875, 0.08352335556228326, 0.40545145044964587, -0.33151414371656046, -0.9164766444377168, -0.33151414371656046, 0.40545145044964587, 0.7839630737033755, 0.6684858562834396], "D": [0.25344835700459567, -0.33151414371656046, -0.33151414371656046, 0.40545145044964587, 0.08352335556228326, -0.5945485495503541, 0.08352335556228326, 0.08352335556228326, -0.10912172238011252, -1.3315141437165605, -0.5945485495503541, -1.3315141437165605, -0.9164766444377168], "A": [0.9904139511708019, -1.3315141437165605, -0.10912172238011252, -0.5945485495503541, -0.10912172238011252, 0.08352335556228326, 0.5429549741995806, -0.5945485495503541, 0.7839630737033755, 0.08352335556228326, -0.10912172238011252, 0.40545145044964587, -0.5945485495503541], "Y": [-0.33151414371656046, -2.916476644437717, -1.916476644437717, -0.5945485495503541, -1.916476644437717, -2.916476644437717, -0.9164766444377168, -0.5945485495503541, -0.9164766444377168, -0.10912172238011252, -1.3315141437165605, -2.916476644437717, 0.08352335556228326]}