{"L": [0.7236687715527484, 0.980008524812534, -2.1243281350022016, 1.1083326217880736, 0.7631971357393859, 0.6830267870554024, 0.5079400804973112, 0.8391459889726842, 0.7631971357393859, 0.13870627083159226, 0.8756718649977985, 2.0615384103091325, -1.8612937291684077], "G": [-0.3587933886392246, -3.4462562298895643, -1.8612937291684077, 0.13870627083159226, 0.8391459889726842, 1.1387062708315923, 0.6412066113607754, 0.980008524812534, 0.6830267870554024, 0.7631971357393859, 0.6412066113607754, 0.1975999598851607, -4.446256229889564], "K": [-2.1243281350022016, -4.446256229889564, -4.446256229889564, -0.4462562298895639, -2.446256229889564, 0.013175388747733167, 0.36109869216804014, 0.2541834882515281, 0.013175388747733167, -0.6389013078319599, -1.1243281350022016, 0.13870627083159226, -3.4462562298895643], "M": [-0.6389013078319599, -1.446256229889564, -1.6389013078319599, -1.6389013078319599, -1.1243281350022016, -2.446256229889564, -1.8612937291684077, -1.2763312284472517, -1.6389013078319599, -1.8612937291684077, -0.5393656342810456, -0.27633122844725155, -4.446256229889564], "F": [0.4117247652380081, -4.446256229889564, -2.446256229889564, -0.6389013078319599, -0.5393656342810456, -0.9868246112522668, -1.1243281350022016, -1.446256229889564, -1.1243281350022016, 0.2541834882515281, -0.8612937291684077, 0.36109869216804014, -1.6389013078319599], "R": [-1.1243281350022016, -4.446256229889564, -4.446256229889564, -0.19832871644597855, -0.5393656342810456, -1.1243281350022016, 0.013175388747733167, -0.745816511748472, -0.745816511748472, -0.5393656342810456, -1.1243281350022016, 0.4606343657189545, -3.4462562298895643], "W": [-1.2763312284472517, -4.446256229889564, -3.4462562298895643, -2.1243281350022016, -2.8612937291684077, -3.4462562298895643, -3.4462562298895643, -3.4462562298895643, -1.8612937291684077, -1.8612937291684077, -0.745816511748472, -4.446256229889564, -4.446256229889564], "H": [-0.6389013078319599, -4.446256229889564, -4.446256229889564, -1.1243281350022016, -1.6389013078319599, -1.2763312284472517, -0.5393656342810456, -2.446256229889564, -1.2763312284472517, -1.8612937291684077, -1.2763312284472517, -0.8612937291684077, -4.446256229889564], "S": [0.4117247652380081, 2.811131612803088, -0.4462562298895639, 0.7236687715527484, 0.4117247652380081, 0.8391459889726842, 0.980008524812534, 0.6830267870554024, 0.7236687715527484, 1.0773057261674488, 1.553743770110436, 0.5537437701104361, -4.446256229889564], "C": [-4.446256229889564, -4.446256229889564, -4.446256229889564, -4.446256229889564, -4.446256229889564, -2.8612937291684077, -3.4462562298895643, -4.446256229889564, -2.446256229889564, -1.8612937291684077, -3.4462562298895643, -2.8612937291684077, -4.446256229889564], "V": [0.6412066113607754, 0.2541834882515281, -1.8612937291684077, -0.27633122844725155, 0.30863127227390447, -0.053938807110803726, -0.12432813500220158, 0.2541834882515281, 0.5537437701104361, 0.5981378894688895, 0.36109869216804014, -0.053938807110803726, -4.446256229889564], "N": [-0.4462562298895639, -3.4462562298895643, -1.8612937291684077, 0.013175388747733167, -1.6389013078319599, 0.36109869216804014, 0.1975999598851607, -0.5393656342810456, -0.27633122844725155, -0.745816511748472, 0.6412066113607754, -0.6389013078319599, -4.446256229889564], "P": [-2.1243281350022016, -3.4462562298895643, -3.4462562298895643, 0.7631971357393859, 0.5981378894688895, -0.27633122844725155, -0.053938807110803726, 1.1083326217880736, 0.013175388747733167, -1.1243281350022016, -2.8612937291684077, -3.4462562298895643, -4.446256229889564], "Q": [0.5981378894688895, -4.446256229889564, -0.3587933886392246, -0.19832871644597855, 0.4606343657189545, -0.9868246112522668, 0.13870627083159226, 0.1975999598851607, 0.07730572616744871, -0.27633122844725155, 0.5079400804973112, -0.053938807110803726, -4.446256229889564], "T": [0.5981378894688895, 2.9024719243415134, -2.446256229889564, 0.5981378894688895, 0.2541834882515281, 0.7631971357393859, -0.5393656342810456, 0.5537437701104361, -1.8612937291684077, 0.8756718649977985, 0.36109869216804014, -0.19832871644597855, -4.446256229889564], "I": [-0.19832871644597855, -0.5393656342810456, -1.8612937291684077, 0.2541834882515281, 0.4606343657189545, 0.07730572616744871, -0.5393656342810456, -0.745816511748472, 0.4606343657189545, 0.07730572616744871, -0.745816511748472, -1.2763312284472517, -4.446256229889564], "E": [0.1975999598851607, -1.8612937291684077, 2.9631347062481375, 0.5537437701104361, 0.4117247652380081, 0.8391459889726842, 0.8391459889726842, 0.36109869216804014, 1.0773057261674488, -0.053938807110803726, 0.4606343657189545, 0.1975999598851607, -4.446256229889564], "D": [-0.5393656342810456, -3.4462562298895643, 2.763197135739386, 0.7236687715527484, 0.7236687715527484, 0.6830267870554024, 1.0455968664401105, 0.6412066113607754, 0.8756718649977985, -0.053938807110803726, -0.4462562298895639, -1.446256229889564, -4.446256229889564], "A": [0.7236687715527484, -0.9868246112522668, 0.36109869216804014, 0.30863127227390447, 0.7236687715527484, 0.4606343657189545, 0.36109869216804014, 0.30863127227390447, 0.4117247652380081, 1.0455968664401105, 0.30863127227390447, 0.2541834882515281, -4.446256229889564], "Y": [1.3610986921680401, -4.446256229889564, -1.8612937291684077, -1.446256229889564, 0.013175388747733167, -0.9868246112522668, -0.9868246112522668, -1.2763312284472517, -0.9868246112522668, 0.2541834882515281, -0.3587933886392246, 0.30863127227390447, 4.240244297293654]}