{"L": [0.4739311883324123, -1.8479969065549502, 0.7369655941662061, -0.26303440583379395, 0.9593580155026541, 1.3219280948873624, 1.1520030934450498, 0.9593580155026541, 0.7369655941662061, 0.15200309344504975, 0.7369655941662061, 1.852442811586142, -1.8479969065549502], "G": [0.15200309344504975, -1.8479969065549502, 0.15200309344504975, 1.3219280948873624, 0.7369655941662061, 1.3219280948873624, 0.9593580155026541, 0.4739311883324123, 1.1520030934450498, 1.1520030934450498, -1.8479969065549502, -1.8479969065549502, -0.26303440583379395], "K": [2.5443205162238103, -1.8479969065549502, -0.26303440583379395, 1.1520030934450498, -0.8479969065549503, -0.26303440583379395, -0.8479969065549503, 0.15200309344504975, 0.7369655941662061, -1.8479969065549502, -0.8479969065549503, 0.15200309344504975, -0.8479969065549503], "M": [-0.26303440583379395, -1.8479969065549502, -1.8479969065549502, -1.8479969065549502, -0.8479969065549503, -1.8479969065549502, -1.8479969065549502, -1.8479969065549502, -1.8479969065549502, -1.8479969065549502, -0.8479969065549503, -0.8479969065549503, -1.8479969065549502], "F": [-1.8479969065549502, -0.8479969065549503, 1.6114347120823473, -1.8479969065549502, -1.8479969065549502, -0.26303440583379395, -1.8479969065549502, -1.8479969065549502, -0.8479969065549503, 0.7369655941662061, 0.15200309344504975, -0.26303440583379395, 0.9593580155026541], "R": [1.852442811586142, -0.26303440583379395, -1.8479969065549502, -0.26303440583379395, -0.26303440583379395, -1.8479969065549502, -1.8479969065549502, -0.8479969065549503, -1.8479969065549502, -1.8479969065549502, -0.8479969065549503, -1.8479969065549502, -1.8479969065549502], "W": [-1.8479969065549502, -1.8479969065549502, -1.8479969065549502, -1.8479969065549502, -1.8479969065549502, -1.8479969065549502, -1.8479969065549502, -1.8479969065549502, -1.8479969065549502, -1.8479969065549502, -0.26303440583379395, -1.8479969065549502, 3.509555098063134], "H": [-1.8479969065549502, -1.8479969065549502, -1.8479969065549502, -0.8479969065549503, -0.8479969065549503, -0.26303440583379395, -1.8479969065549502, -1.8479969065549502, -1.8479969065549502, -0.26303440583379395, 0.15200309344504975, -1.8479969065549502, -1.8479969065549502], "S": [0.9593580155026541, 2.795859283219775, -0.26303440583379395, -0.8479969065549503, 1.6114347120823473, 1.736965594166206, 0.7369655941662061, 1.736965594166206, 0.7369655941662061, 0.4739311883324123, 0.9593580155026541, 0.9593580155026541, -1.8479969065549502], "C": [-1.8479969065549502, -1.8479969065549502, -1.8479969065549502, -0.8479969065549503, -1.8479969065549502, -1.8479969065549502, -1.8479969065549502, -1.8479969065549502, -1.8479969065549502, -1.8479969065549502, -1.8479969065549502, -1.8479969065549502, -1.8479969065549502], "V": [-0.8479969065549503, 1.6114347120823473, 1.1520030934450498, -0.8479969065549503, 0.9593580155026541, -0.26303440583379395, 0.7369655941662061, -1.8479969065549502, 0.7369655941662061, 0.7369655941662061, 0.4739311883324123, -0.26303440583379395, -0.26303440583379395], "N": [-0.8479969065549503, -0.8479969065549503, -1.8479969065549502, -0.26303440583379395, -1.8479969065549502, -0.26303440583379395, 0.9593580155026541, 0.4739311883324123, 0.4739311883324123, -0.26303440583379395, 0.15200309344504975, -1.8479969065549502, -1.8479969065549502], "P": [-1.8479969065549502, -0.26303440583379395, -0.26303440583379395, 1.6114347120823473, 0.4739311883324123, 0.4739311883324123, -0.8479969065549503, 1.1520030934450498, 0.15200309344504975, 0.7369655941662061, -0.26303440583379395, -1.8479969065549502, -1.8479969065549502], "Q": [-1.8479969065549502, -1.8479969065549502, 0.15200309344504975, 0.15200309344504975, -1.8479969065549502, -0.26303440583379395, -0.8479969065549503, -0.8479969065549503, 0.15200309344504975, 0.4739311883324123, -0.8479969065549503, 0.7369655941662061, -0.8479969065549503], "T": [-0.8479969065549503, 1.9593580155026542, -0.26303440583379395, 0.7369655941662061, -0.26303440583379395, 0.4739311883324123, -0.8479969065549503, -0.26303440583379395, -0.26303440583379395, 0.7369655941662061, 0.7369655941662061, 1.9593580155026542, -1.8479969065549502], "I": [-0.26303440583379395, -1.8479969065549502, 1.4739311883324122, -0.8479969065549503, 0.15200309344504975, -1.8479969065549502, 0.7369655941662061, 0.9593580155026541, -0.8479969065549503, -1.8479969065549502, 0.15200309344504975, 0.15200309344504975, -1.8479969065549502], "E": [-0.8479969065549503, -0.8479969065549503, -0.8479969065549503, 0.9593580155026541, 0.9593580155026541, -1.8479969065549502, 0.15200309344504975, 0.15200309344504975, 0.9593580155026541, 0.15200309344504975, 0.9593580155026541, -0.8479969065549503, -0.8479969065549503], "D": [-1.8479969065549502, -1.8479969065549502, 0.9593580155026541, -0.26303440583379395, 0.4739311883324123, 0.4739311883324123, 1.4739311883324122, 0.4739311883324123, 0.15200309344504975, -0.8479969065549503, -1.8479969065549502, -1.8479969065549502, -0.8479969065549503], "A": [0.15200309344504975, 0.15200309344504975, 0.4739311883324123, 0.15200309344504975, 0.4739311883324123, -0.8479969065549503, 0.7369655941662061, -0.8479969065549503, 0.4739311883324123, 0.7369655941662061, 0.7369655941662061, 0.4739311883324123, -0.8479969065549503], "Y": [-1.8479969065549502, -1.8479969065549502, -0.8479969065549503, -1.8479969065549502, -1.8479969065549502, -0.26303440583379395, -1.8479969065549502, -0.8479969065549503, -1.8479969065549502, 0.4739311883324123, -0.26303440583379395, 0.7369655941662061, 0.4739311883324123]}