{"L": [-0.6415460290875238, 0.6214883767462703, 1.4288432988038742, -0.3785116232537298, 0.35845397091247627, 0.20645087746742624, 0.4959574946624111, 0.4959574946624111, 0.03652587602511388, 1.3584539709124763, 1.680382065799839, 2.036525876025114, 1.2844533894686996], "G": [-1.3785116232537298, -1.9634741239748863, -0.3785116232537298, 1.2064508774674263, 0.03652587602511388, 0.4959574946624111, 1.2844533894686996, 0.9434164716336326, 1.2064508774674263, 0.9434164716336326, 0.4959574946624111, -0.6415460290875238, -2.9634741239748865], "K": [1.2064508774674263, -2.9634741239748865, -0.3785116232537298, -0.9634741239748862, -0.3785116232537298, 0.03652587602511388, -0.156119201917282, -0.9634741239748862, -0.156119201917282, 0.4959574946624111, -2.9634741239748865, 0.20645087746742624, -2.9634741239748865], "M": [-0.9634741239748862, -0.9634741239748862, -1.3785116232537298, -2.9634741239748865, -1.9634741239748863, -2.9634741239748865, -0.3785116232537298, -1.9634741239748863, -1.9634741239748863, -1.9634741239748863, -1.9634741239748863, -2.9634741239748865, -0.6415460290875238], "F": [-0.9634741239748862, 1.9434164716336328, 1.1239887172754532, -0.6415460290875238, 0.03652587602511388, 0.4959574946624111, -0.6415460290875238, -0.3785116232537298, 0.20645087746742624, 0.35845397091247627, 1.3584539709124763, -0.3785116232537298, 3.777992862426261], "R": [-0.3785116232537298, -2.9634741239748865, -1.3785116232537298, -1.9634741239748863, -0.9634741239748862, -0.9634741239748862, -1.9634741239748863, -0.9634741239748862, -0.9634741239748862, -0.3785116232537298, -0.156119201917282, -1.3785116232537298, -2.9634741239748865], "W": [-2.9634741239748865, 1.036525876025114, -1.9634741239748863, -1.9634741239748863, -0.9634741239748862, -1.3785116232537298, -2.9634741239748865, -1.9634741239748863, -1.3785116232537298, -1.9634741239748863, -2.9634741239748865, -2.9634741239748865, 0.4959574946624111], "H": [-2.9634741239748865, -2.9634741239748865, -1.9634741239748863, -2.9634741239748865, -1.3785116232537298, -1.3785116232537298, -2.9634741239748865, -1.9634741239748863, -0.156119201917282, -0.9634741239748862, -0.3785116232537298, -0.156119201917282, -2.9634741239748865], "S": [0.8438807980827181, -2.9634741239748865, -0.3785116232537298, 0.4959574946624111, 0.4959574946624111, 0.9434164716336326, -0.3785116232537298, 0.8438807980827181, 0.6214883767462703, 0.20645087746742624, 0.35845397091247627, 0.20645087746742624, -2.9634741239748865], "C": [-2.9634741239748865, -2.9634741239748865, -2.9634741239748865, -2.9634741239748865, -2.9634741239748865, -2.9634741239748865, -2.9634741239748865, -1.9634741239748863, -2.9634741239748865, -2.9634741239748865, -2.9634741239748865, -2.9634741239748865, -2.9634741239748865], "V": [1.7914133781885824, -0.6415460290875238, 0.03652587602511388, 0.35845397091247627, -0.156119201917282, -0.3785116232537298, -1.3785116232537298, -0.3785116232537298, -0.156119201917282, 0.7369655941662061, 0.4959574946624111, 0.8438807980827181, -2.9634741239748865], "N": [-0.3785116232537298, -2.9634741239748865, -0.6415460290875238, 0.4959574946624111, 0.03652587602511388, -0.156119201917282, 0.03652587602511388, 0.20645087746742624, 0.20645087746742624, -0.9634741239748862, -0.3785116232537298, 0.03652587602511388, -2.9634741239748865], "P": [0.20645087746742624, -1.3785116232537298, 1.2064508774674263, 1.7914133781885824, 0.9434164716336326, 0.35845397091247627, 0.7369655941662061, 1.036525876025114, 1.036525876025114, 0.7369655941662061, -0.3785116232537298, -2.9634741239748865, -2.9634741239748865], "Q": [-0.156119201917282, -2.9634741239748865, -0.156119201917282, -0.156119201917282, 0.35845397091247627, 0.35845397091247627, 0.7369655941662061, 0.03652587602511388, -1.9634741239748863, -0.156119201917282, -0.156119201917282, 0.6214883767462703, -2.9634741239748865], "T": [0.9434164716336326, -1.9634741239748863, -0.156119201917282, 0.4959574946624111, 0.03652587602511388, 0.20645087746742624, 0.03652587602511388, 0.7369655941662061, 0.03652587602511388, 0.03652587602511388, 0.4959574946624111, 1.560087832082127, -2.9634741239748865], "I": [0.8438807980827181, -0.3785116232537298, 0.7369655941662061, -0.6415460290875238, 0.20645087746742624, 0.20645087746742624, 0.03652587602511388, -0.9634741239748862, -0.9634741239748862, -0.3785116232537298, 0.03652587602511388, 0.03652587602511388, -0.9634741239748862], "E": [-1.3785116232537298, -2.9634741239748865, -0.3785116232537298, 1.036525876025114, 0.9434164716336326, 0.6214883767462703, 0.20645087746742624, 0.4959574946624111, 0.03652587602511388, -0.156119201917282, 0.20645087746742624, 0.20645087746742624, -2.9634741239748865], "D": [-1.9634741239748863, -2.9634741239748865, -0.3785116232537298, 0.7369655941662061, 0.20645087746742624, 0.03652587602511388, 1.736965594166206, 0.6214883767462703, 0.4959574946624111, -0.6415460290875238, -0.6415460290875238, -1.9634741239748863, -2.9634741239748865], "A": [0.20645087746742624, -2.9634741239748865, -0.6415460290875238, -0.156119201917282, 0.7369655941662061, 0.7369655941662061, -0.3785116232537298, 0.35845397091247627, 1.1239887172754532, 0.03652587602511388, -0.156119201917282, -0.6415460290875238, -1.9634741239748863], "Y": [0.20645087746742624, 3.2263504349051315, 0.8438807980827181, -2.9634741239748865, -0.3785116232537298, 0.03652587602511388, -0.6415460290875238, -0.6415460290875238, -0.9634741239748862, -0.3785116232537298, -1.3785116232537298, -1.9634741239748863, -1.9634741239748863]}