{"L": [0.13750352374993474, 2.321928094887362, -2.3219280948873626, -0.7369655941662062, 0.584962500721156, -0.3219280948873625, 0.6780719051126376, 0.6780719051126376, 0.37851162325372983, -0.3219280948873625, -0.7369655941662062, 0.2630344058337938, -0.7369655941662062], "G": [1.6780719051126378, -1.7369655941662063, -0.7369655941662062, 1.4329594072761063, 0.925999418556223, 1.0703893278913976, 1.2630344058337937, 1.584962500721156, 1.0703893278913976, 1.3219280948873624, 0.584962500721156, 0.0, -1.7369655941662063], "K": [0.765534746362977, -1.7369655941662063, 1.584962500721156, -0.7369655941662062, -0.7369655941662062, 0.13750352374993474, 0.0, -0.7369655941662062, 0.37851162325372983, 0.0, -1.7369655941662063, -1.0, -1.7369655941662063], "M": [-1.0, -0.3219280948873625, -0.3219280948873625, -1.3219280948873624, -2.3219280948873626, -2.3219280948873626, -2.3219280948873626, -2.3219280948873626, -2.3219280948873626, -2.3219280948873626, -2.3219280948873626, -3.3219280948873626, -0.5145731728297581], "F": [-0.7369655941662062, -3.3219280948873626, 1.84799690655495, 0.13750352374993474, -1.3219280948873624, -3.3219280948873626, -1.3219280948873624, -1.3219280948873624, -0.7369655941662062, -0.7369655941662062, -3.3219280948873626, -0.7369655941662062, 2.321928094887362], "R": [1.3219280948873624, -1.7369655941662063, 1.3219280948873624, -1.3219280948873624, -1.7369655941662063, -2.3219280948873626, -0.5145731728297581, -0.7369655941662062, -0.3219280948873625, -0.3219280948873625, -0.5145731728297581, -0.5145731728297581, -2.3219280948873626], "W": [-1.7369655941662063, -3.3219280948873626, -2.3219280948873626, -1.7369655941662063, -3.3219280948873626, -1.7369655941662063, -1.7369655941662063, -1.0, -2.3219280948873626, -3.3219280948873626, -3.3219280948873626, -3.3219280948873626, -2.3219280948873626], "H": [-1.0, -3.3219280948873626, -1.7369655941662063, -2.3219280948873626, -1.7369655941662063, -2.3219280948873626, -1.3219280948873624, -0.7369655941662062, -1.0, -1.3219280948873624, -0.7369655941662062, -1.7369655941662063, -2.3219280948873626], "S": [1.0703893278913976, 0.0, -0.3219280948873625, 0.84799690655495, 1.584962500721156, 0.765534746362977, -0.15200309344505014, 0.4854268271702419, 0.84799690655495, 0.4854268271702419, 0.84799690655495, 1.0703893278913976, -2.3219280948873626], "C": [-1.3219280948873624, -3.3219280948873626, -3.3219280948873626, -2.3219280948873626, -3.3219280948873626, -2.3219280948873626, -3.3219280948873626, -3.3219280948873626, -3.3219280948873626, -3.3219280948873626, -2.3219280948873626, -3.3219280948873626, -3.3219280948873626], "V": [-0.5145731728297581, 1.0703893278913976, -1.3219280948873624, 0.2630344058337938, 0.584962500721156, 0.0, 0.0, 0.37851162325372983, 0.584962500721156, -0.15200309344505014, 1.3219280948873624, 0.765534746362977, -3.3219280948873626], "N": [-3.3219280948873626, -2.3219280948873626, -1.0, -0.5145731728297581, 0.2630344058337938, 0.4854268271702419, 0.13750352374993474, 0.13750352374993474, 0.13750352374993474, -0.15200309344505014, -0.7369655941662062, -0.7369655941662062, -1.3219280948873624], "P": [-2.3219280948873626, -1.7369655941662063, -1.3219280948873624, 1.2016338611696504, 1.1375035237499347, 0.584962500721156, 0.584962500721156, 0.13750352374993474, -0.5145731728297581, 0.37851162325372983, 0.13750352374993474, 0.13750352374993474, -3.3219280948873626], "Q": [-0.5145731728297581, 2.6780719051126374, -1.0, -0.5145731728297581, -0.5145731728297581, 0.84799690655495, 0.2630344058337938, 0.13750352374993474, 0.4854268271702419, -0.3219280948873625, 0.13750352374993474, 0.765534746362977, -3.3219280948873626], "T": [-0.15200309344505014, -1.3219280948873624, -1.3219280948873624, -1.3219280948873624, -0.3219280948873625, -0.3219280948873625, 0.37851162325372983, 0.13750352374993474, 0.13750352374993474, 0.37851162325372983, 0.765534746362977, 0.84799690655495, -2.3219280948873626], "I": [-0.5145731728297581, 0.13750352374993474, 1.0, -0.15200309344505014, -0.5145731728297581, 0.0, -1.3219280948873624, -0.5145731728297581, -1.0, 0.4854268271702419, 1.0, -0.15200309344505014, -2.3219280948873626], "E": [-3.3219280948873626, -1.7369655941662063, -1.3219280948873624, 1.0, 0.6780719051126376, 0.2630344058337938, 1.2630344058337937, 1.0703893278913976, 0.925999418556223, 0.37851162325372983, 0.84799690655495, 1.3219280948873624, -3.3219280948873626], "D": [-2.3219280948873626, -0.7369655941662062, -1.0, 1.1375035237499347, 0.0, 1.2630344058337937, 0.6780719051126376, -0.3219280948873625, 0.13750352374993474, 0.2630344058337938, 0.2630344058337938, -1.7369655941662063, -3.3219280948873626], "A": [1.2016338611696504, -0.5145731728297581, 0.0, -0.15200309344505014, 0.6780719051126376, 0.6780719051126376, 0.0, 0.6780719051126376, 0.4854268271702419, 1.2630344058337937, 0.925999418556223, 1.2630344058337937, -3.3219280948873626], "Y": [0.2630344058337938, -3.3219280948873626, 0.925999418556223, -1.3219280948873624, -1.3219280948873624, -1.3219280948873624, -1.0, -2.3219280948873626, -1.0, -0.5145731728297581, -3.3219280948873626, -1.3219280948873624, 3.4724877714627436]}