{"L": [-0.2086195764162784, 0.013229173200077987, 0.26850167830338406, -0.3847108354719596, -0.03252831736059711, 0.013229173200077987, -0.08368083980797843, -0.08368083980797843, 0.21734915585600273, 0.05462185835830301, 0.09241041924770278, -0.14167278678566522], "G": [-0.8044345918917493, -0.20237460056378692, -0.10546458755573046, 0.14980791754757558, 0.14980791754757558, 0.14980791754757558, -0.026283341508105625, 0.04066344812250754, 0.04066344812250754, -0.20237460056378692, 0.04066344812250754, -0.8044345918917493], "K": [0.4533278577078342, -0.3917701823064225, 0.3071998220295962, -0.6928001779704036, -0.3917701823064225, -0.09074018664244131, 0.15229786204385304, 0.00616982636561509, -0.3917701823064225, -0.21567892325074126, 0.21028980902153985, 0.5624723271329023], "M": [-0.3541533595938254, -0.3541533595938254, -0.3541533595938254, -0.3541533595938254, -0.05312336392984421, -0.05312336392984421, -0.3541533595938254, -0.3541533595938254, -0.3541533595938254, -0.3541533595938254, -0.05312336392984421, -0.3541533595938254], "F": [-0.07919372284808097, -0.07919372284808097, 0.5228662684798814, -0.25528498190376225, 0.6741339438105304, -0.07919372284808097, 0.2887830624465133, 0.22183627281590015, 0.2887830624465133, 0.39792753187158136, 0.34677500942420003, -0.5563149775677435], "R": [0.6019552467021411, -0.7597725893154517, -0.2826513345957893, -0.7597725893154517, -0.45874259365147046, -0.45874259365147046, -0.7597725893154517, -0.45874259365147046, -0.15771259798748935, 0.19446992012387315, 0.14331739767649182, 1.0790765014218033], "W": [-0.17354331667010178, -0.17354331667010178, 0.42851667465786053, -0.17354331667010178, -0.17354331667010178, -0.17354331667010178, -0.17354331667010178, -0.17354331667010178, -0.17354331667010178, 0.5254266876659169, -0.17354331667010178, -0.17354331667010178], "H": [-0.3987277334972887, 0.446370306516968, -0.3987277334972887, -0.0976977378333075, -0.3987277334972887, 0.07839352122237378, 0.07839352122237378, 0.07839352122237378, -0.3987277334972887, -0.3987277334972887, -0.0976977378333075, -0.3987277334972887], "S": [0.06368330692216685, -0.04546116250290126, -0.19158919818113926, 0.1094407974828419, -0.11240795213351437, -0.04546116250290126, -0.04546116250290126, -0.04546116250290126, -0.41343794779749554, -0.11240795213351437, -0.11240795213351437, -0.8905592025171579], "C": [-0.29249427967686853, -0.29249427967686853, -0.29249427967686853, -0.29249427967686853, -0.29249427967686853, -0.29249427967686853, -0.29249427967686853, -0.29249427967686853, -0.29249427967686853, -0.29249427967686853, -0.29249427967686853, -0.29249427967686853], "V": [0.02690591199743069, 0.5709739563477062, -0.14918534705825062, -0.052275334050194217, -0.2741240836665505, -0.052275334050194217, 0.02690591199743069, 0.02690591199743069, 0.02690591199743069, 0.42484592066946825, 0.15184464860573055, -0.751245338386213], "N": [-0.5329659950157353, -0.5329659950157353, 0.16600400932028347, -0.5329659950157353, -0.05584474029607286, -0.5329659950157353, 0.2451852553679083, 0.2451852553679083, -0.05584474029607286, 0.06909399631222707, -0.05584474029607286, -0.5329659950157353], "P": [-0.7623569581169695, -0.7623569581169695, -0.4613269624529882, 0.4680919632613043, -0.285235703397307, 0.14073302887497408, -0.16029696678900707, -0.16029696678900707, 0.2790357270412555, -0.7623569581169695, 0.015794292266674104, -0.7623569581169695], "Q": [-0.36172987021570424, -0.06069987455172305, -0.06069987455172305, 0.03621013845633335, 0.11539138450395817, -0.36172987021570424, 0.3372401341203145, 0.11539138450395817, 0.11539138450395817, -0.06069987455172305, -0.06069987455172305, -0.6627598658796854], "T": [0.0885630204190269, -0.05756501525921107, -0.45550502393124864, -0.45550502393124864, 0.021616230788413748, 0.3226462264523949, -0.05756501525921107, -0.7565350195952298, -0.05756501525921107, 0.0885630204190269, 0.1465549673967137, -0.7565350195952298], "I": [0.06832439448685089, 0.2724443771427757, 0.21445243016508891, -0.32961561418518665, 0.14750564053447576, 0.21445243016508891, -0.028585618521205475, 0.323596899590157, 0.14750564053447576, 0.36935439015083205, -0.6306456098491677, -0.6306456098491677], "E": [-0.8189872863772947, -0.21692729504933234, -0.8189872863772947, 0.13525522306203017, -0.21692729504933234, 0.08410270061464886, 0.08410270061464886, 0.13525522306203017, -0.21692729504933234, -0.5179572907133135, -0.8189872863772947, -0.8189872863772947], "D": [-0.06217267783945333, -0.3632026735034345, -0.06217267783945333, 0.6579866255665036, -0.06217267783945333, 0.034737335168603035, 0.3357673308325842, -0.06217267783945333, 0.034737335168603035, 0.034737335168603035, -0.3632026735034345, -0.6642326691674156], "A": [0.23856662747851048, -0.3634933638494518, -0.23855462724115195, -0.06246336818547067, 0.06247536842282921, -0.06246336818547067, -0.5395846229051331, 0.06247536842282921, 0.11362789087021054, -0.5395846229051331, -0.23855462724115195, -0.8406146185691142], "Y": [0.0017554437487463709, 0.6707622247073218, 0.2236041933651027, -0.47536581097091596, 0.12669418035704633, -0.17433581530693482, 0.0017554437487463709, 0.2236041933651027, 0.0017554437487463709, -0.47536581097091596, 0.3027854394127275, -0.47536581097091596]}