{"L": [-0.4913607863679498, -1.0934207776959122, 0.16185172740739381, -0.014239531648287446, 0.18533282325691666, -0.13917826825658736, -0.09342077769591223, -0.3152695273122686, -0.052028092537687184, 0.13702814368236166, -0.014239531648287446, 0.5500318987902751], "G": [0.4691266989238665, -0.9110845427877394, -0.9110845427877394, 0.2028588095190973, 0.0431579666515854, 0.13030814237048557, 0.38994545287624166, 0.38994545287624166, 0.2028588095190973, -0.21211453845172068, -0.433963288068077, -0.9110845427877394], "K": [0.31449322344044284, -0.7994501288663939, -0.7994501288663939, -0.32232887414673145, -0.7994501288663939, 0.10363985812554966, -0.10048012453037515, -0.10048012453037515, -0.10048012453037515, -0.7994501288663939, -0.7994501288663939, -0.7994501288663939], "M": [0.14125668083814674, -0.4608033104898156, 0.49343919894950916, -0.1597733148258344, 0.016317944229846813, -0.4608033104898156, -0.4608033104898156, -0.4608033104898156, -0.4608033104898156, 0.2381666938462031, -0.1597733148258344, 0.6183779355578092], "F": [-0.3619349327997525, -0.6629649284637336, 0.7994330694352223, 0.11518632191990992, -0.3619349327997525, -0.18584367374407124, -0.3619349327997525, -0.6629649284637336, -0.060904937135771275, 0.2912775809755912, -0.6629649284637336, 0.828396765370539], "R": [0.49530529580615085, 1.223482571227956, -0.8664225402114419, -0.8664225402114419, -0.8664225402114419, -0.5653925445474608, -0.3893012854917795, -0.2643625488834796, -0.8664225402114419, -0.8664225402114419, -0.8664225402114419, -0.02132450019718517], "W": [-0.28019326756609203, -0.28019326756609203, 0.9502556538121819, 0.02083672809788913, -0.28019326756609203, -0.28019326756609203, -0.28019326756609203, -0.28019326756609203, -0.28019326756609203, 0.6228967194258515, -0.28019326756609203, -0.28019326756609203], "H": [-0.2043476887292977, -0.5053776843932788, -0.5053776843932788, 0.09668230693468348, -0.5053776843932788, -0.5053776843932788, -0.5053776843932788, -0.2043476887292977, -0.2043476887292977, -0.5053776843932788, -0.5053776843932788, -0.02825642967361649], "S": [0.08197209263447656, -0.9972091534131482, -0.9972091534131482, 0.178882105642533, 0.08197209263447656, 0.11673419889368848, 0.0027908465868517014, 0.08197209263447656, -0.29823914907712945, -0.39514916208518586, 0.2069108292427765, -0.9972091534131482], "C": [-0.39914423057285886, -0.39914423057285886, -0.39914423057285886, -0.39914423057285886, -0.39914423057285886, -0.39914423057285886, -0.39914423057285886, -0.39914423057285886, -0.39914423057285886, -0.39914423057285886, -0.39914423057285886, -0.39914423057285886], "V": [-0.8578952892822032, -0.8578952892822032, 0.18349739587602185, -0.8578952892822032, 0.09634722015712165, -0.07974403889855958, 0.2212859567654216, 0.045194697709740335, 0.18349739587602185, 0.09634722015712165, 0.3973772158211028, -0.8578952892822032], "N": [-0.6396159459117254, -0.6396159459117254, -0.6396159459117254, -0.16249469119206308, 0.13853530447191809, 0.13853530447191809, 0.059354058424293234, -0.6396159459117254, 0.059354058424293234, 0.13853530447191809, -0.6396159459117254, -0.6396159459117254], "P": [-0.8690069090129597, -0.8690069090129597, -0.8690069090129597, 0.21017433703466507, 0.3070843500427215, 0.21017433703466507, 0.24493644329387704, 0.08523560042636513, 0.21017433703466507, -0.17003690467694088, -0.8690069090129597, -0.8690069090129597], "Q": [0.18483269266364918, -0.7694098167756757, -0.7694098167756757, 0.008741433607967997, 0.13368017021626788, 0.07568822323858115, 0.13368017021626788, 0.008741433607967997, -0.07043981243965688, 0.07568822323858115, 0.27198286838254937, -0.29228856205601317], "T": [-0.5621549748272389, -0.86318497049122, -0.86318497049122, -0.018086930476963244, 0.09105753894810478, -0.0850337201075765, -0.3860637157715577, -0.1642149661552013, 0.03990501650072346, 0.13681502950877986, 0.47923771033098606, -0.5621549748272389], "I": [-0.13523556941719572, -0.737295560745158, 0.37664779156167866, -0.737295560745158, 0.04085568963848558, -0.26017430602549557, -0.038325556409139296, 0.16579442624678545, 0.2627044392548419, 0.37664779156167866, -0.038325556409139296, -0.43626556508117686], "E": [-0.44851598255362246, -0.9256372372732848, -0.9256372372732848, -0.022547250281341302, -0.2266672329372661, 0.18830611503355185, 0.07436276272671509, -0.1474859868896413, 0.07436276272671509, -0.1474859868896413, -0.1474859868896413, -0.6246072416093037], "D": [-0.7708826200634059, -0.7708826200634059, -0.7708826200634059, 0.40520863899227527, 0.007268630320237673, 0.40520863899227527, 0.007268630320237673, 0.4843898850399001, 0.22911737993659403, -0.2937613653437435, -0.46985262439942477, -0.7708826200634059], "A": [0.25685541319082017, -0.9472645694651045, -0.6462345738011234, -0.044174582473160987, -0.044174582473160987, -0.10216652945084773, -0.34520457813714217, 0.052735430534895454, -0.044174582473160987, 0.052735430534895454, 0.2831843519131693, -0.044174582473160987], "Y": [-0.10489450714724387, -0.5820157618669063, 0.6967378390859226, 0.02004422946105607, -0.2809857662029251, -0.2809857662029251, 0.1961354885167373, -0.5820157618669063, -0.10489450714724387, 0.11695424246911247, -0.2809857662029251, 0.11695424246911247]}