{"L": [-0.108735582143018, 0.7764025714145489, 0.20732340388608272, -0.07918033858130202, 0.09308451262132637, 0.026777803404151486, -0.07918033858130202, -0.1339191281612669, 0.026777803404151486, 0.1703398376329127, 0.11555303053043739, 0.5112977801968451], "G": [0.08566516416653527, -0.22135519518663335, -0.30053644123425816, 0.181383696367173, 0.20911403831232425, 0.13615615642979612, 0.06119139478333468, 0.20461353708564778, 0.04841710674690583, -0.28629600211964784, -0.1342050194677332, -0.8745677089619769], "K": [0.3714032159080486, -0.8878720316489315, -0.48993202297689376, -0.2036252841336189, -0.30429544601498215, -0.0639632907046127, -0.053239425312839546, -0.09782155796558004, 0.03294672230344369, -0.2510499340617571, -0.022570605546387654, -0.30429544601498215], "M": [0.03435137236159613, 0.3447213942797207, 0.3060919919235897, -0.4822784236417399, -0.12325648100007197, -0.0486228627031678, -0.18124842797775875, -0.4242864766640531, -0.0486228627031678, 0.03435137236159613, -0.21343311134915996, -0.02634646799201559], "F": [0.6040008267403026, -0.4881453964716897, 0.47478329215272774, -0.05241682691025234, 0.21082460786432908, 0.36255652106056563, 0.026764419137372483, 0.33969363810106146, 0.09371120876798568, 0.15170315574567245, 0.2028556781930537, -0.3534468225742335], "R": [-0.20151677633536796, -1.2558744386579606, -0.732995693377623, -0.477723188274317, -0.5288757107216983, -0.586867657699385, -0.4107763986437038, -0.25587443865796067, -0.2278457150577171, -0.5288757107216983, -0.03402568904160428, -0.5288757107216983], "W": [-0.1925239112929482, -1.1467664207322732, 0.39730162361800253, -0.24367643374032952, -0.0006383850540350978, -0.5447064294043107, -0.24367643374032952, -0.4477964163962543, 0.029324838323408074, 0.029324838323408074, -0.36861517034862945, -0.8457364250682918], "H": [-0.37195083755945996, -1.37195083755946, -0.16783085490353522, -0.2580074852526232, -0.22582280188122203, -0.010223001541867158, -0.2580074852526232, -0.5268527975452032, -0.09319723660663107, 0.02598917111257759, -0.14150191618118615, -1.0709208418954788], "S": [0.06049697948255226, -0.7176542709010912, -0.1825410692037422, -0.20102447489775532, -0.14777896294453022, 0.017031285701461996, -0.10790745090683794, -0.01868426656507254, 0.07071614466423833, -0.05760233259544221, -0.012523957860254039, -0.6596623239234046], "C": [-0.6636573924110776, -1.2657173837390399, -0.6636573924110776, -0.11958934806080192, -0.3114748742997151, -0.22432469858081494, -0.3626273967470964, -0.6636573924110776, -0.3626273967470964, -0.42061934372478305, -0.26571738373903997, -0.9646873880750587], "V": [0.060861392562382745, 0.12062959756587255, -0.14468484583157415, -0.3627406064307914, 0.10160636025244217, 0.03895955111455302, 0.23931938489717092, 0.08844491419447127, -0.0001925728475952718, 0.26675763324411056, -0.06171061076681025, 0.6837715228634651], "N": [-0.1637664182557004, -1.029067844358244, -0.1444612630603138, 0.1372635774082808, -0.3300978400222254, 0.050113401689380596, 0.06201262498908839, 0.08487550794859257, -0.05903106773568743, -0.05903106773568743, -0.01482740524363394, -0.9041291077499441], "P": [-0.7813375527398159, -1.0366100578431219, -0.37385222616154795, -0.0031863023561723375, 0.06376048727444095, -0.011304192578351762, 0.10951797783511602, -0.09212738569295342, -0.03661005784312203, -0.12279620545940534, -0.10211160659955429, -0.7813375527398159], "Q": [-0.6359829699418568, -0.1888249385996376, -0.23804296126981914, -0.33495297427787557, -0.03392297861389442, -0.13083299162195083, -0.11746903006396929, -0.056199373325046625, -0.13083299162195083, 0.07158720615607961, 0.11989188573063458, -1.1588617152221943], "T": [-0.03956204362888754, -0.34954688194579514, -0.387335442835195, -0.19827920661514606, -0.18569007930712556, -0.12769813232943883, 0.1027507890488351, -0.022187947559464842, 0.1623364790330792, -0.022187947559464842, 0.21472454849276734, -0.16155639959040613], "I": [-0.0018087225833768221, 0.20904464273151638, 0.3917664806862107, -0.2816494191774199, 0.24122932610291767, 0.01938057648656125, 0.008915142808396328, 0.09510129042467957, 0.2222060887894873, 0.2222060887894873, -0.2059287052393016, 0.2156752216305295], "E": [-0.792210390439466, -0.3008486966051933, -0.37723704246864803, 0.33812337805554005, 0.11627462843918376, 0.11087959655247752, 0.11087959655247752, 0.10541670085097544, -0.08464021434152966, -0.04402236343326562, 0.013969583544421156, -0.792210390439466], "D": [-0.9384857688935683, -1.637455773229587, 0.11073225377661337, 0.6153972577503061, 0.15493591626866685, 0.27635807915412963, 0.15493591626866685, 0.07011440286834936, -0.09338772887931135, -0.10597685618733191, -0.22248242525876905, -0.6832132637902621], "A": [0.09997612975243102, -0.5585652175279796, 0.14995010471426956, -0.0814439628083172, -0.10626754653334929, -0.2953237827533981, -0.02144603313303179, 0.0782568800591947, -0.035686472247642056, -0.057962866958794296, 0.031260317382971144, 0.14520366968980794], "Y": [0.4026694336859879, -0.7496189106970685, 0.32226309660905683, -0.24446893237716263, -0.16983531408025848, -0.3694076689854625, -0.06837767332148137, -0.16983531408025848, -0.08686107901549452, 0.14247569199341178, 0.08289000200916768, -0.01722515087410008]}