{"L": [-0.4633943227465819, -0.9405155774662444, -0.49335754612402516, -0.17708758390330706, -0.07128385773526819, -0.19232755046004396, -0.17708758390330706, -0.1623643270826007, -0.04842097477576399, 0.04175565557332402, -0.25927434009065714, 0.7853960548288037], "G": [-0.25302936423816563, -1.4571493468940904, -0.41575666173586534, 0.32100190348955315, 0.13391526013240873, 0.16609994350381005, 0.2987255087784009, 0.3816997438431648, 0.22409189048149675, 0.11105237717290457, -0.2810580878384092, -0.855089355566128], "K": [0.17299900690514255, -1.3455149329727447, -0.044484937308763677, -0.16942367391706362, -0.26633368692512005, -0.16942367391706362, -0.11506601159447095, -0.19938689729450684, -0.16942367391706362, -0.39127242353341996, -0.6465449286367261, -1.3455149329727447], "M": [-0.4048081232682041, -0.7058381189321853, 0.1972518680597582, -0.529746859876504, -1.0068681145961664, -0.16177007458190976, -0.529746859876504, -0.4048081232682041, -0.4048081232682041, -0.3078981102601478, -0.16177007458190976, 0.44028991674605256], "F": [-0.5100597282340658, -0.9079997369061034, 0.02141918880818931, -0.36393169255582775, -0.6069697412421221, -0.032938473514403356, -0.36393169255582775, -0.004909749914159802, 0.02141918880818931, -0.4308784821864409, -0.4308784821864409, 0.45372809911148937], "R": [0.47400338085468885, -1.4124873443177928, 0.8730699646899808, -0.2083673616618681, -0.15721483921448684, 0.22098111126179362, 0.0788743495164798, -0.26635930863955487, 0.09266263400211308, -0.2985439920109561, -0.33330609827016805, -0.9353660895981304], "W": [-0.3491368169527805, -0.8262580716724428, -0.8262580716724428, -0.3491368169527805, -0.8262580716724428, -0.5252280760084617, -0.5252280760084617, -0.3491368169527805, -0.22419808034448055, -0.8262580716724428, -0.8262580716724428, -0.8262580716724428], "H": [-0.352472484163611, -1.0514424884996298, -0.051442488499629846, -0.4493824971716674, -0.20634444848537295, -0.09719997906030493, -0.14835250150768625, -0.09719997906030493, -0.4493824971716674, -0.010049803341404784, -0.4493824971716674, -1.0514424884996298], "S": [0.4389972755200691, -1.2422439618555179, -0.2008512766972929, 0.14692212250901446, 0.137967279856088, 0.24205587749126778, 0.17272938611529998, 0.1891198023034693, 0.16429621857843718, 0.30798439119957605, 0.35981602947244434, -0.9412139661915366], "C": [-0.9452090346792097, -0.9452090346792097, -0.9452090346792097, -0.9452090346792097, -0.9452090346792097, -0.9452090346792097, -0.9452090346792097, -0.9452090346792097, -0.9452090346792097, -0.6441790390152285, -0.4680877799595473, -0.9452090346792097], "V": [0.043197937953665076, -0.5588620533742972, -0.5588620533742972, -0.22786883433287286, 0.16424163067844086, -0.10293009772457291, 0.043197937953665076, 0.07316116133110831, -0.10293009772457291, 0.175823503228256, 0.2681377645471633, 0.07316116133110831], "N": [-0.34058271000381957, -1.1856807500180764, -0.18568075001807638, -0.14428806485985135, -0.07173739771123966, -0.00958949096239519, -0.18568075001807638, -0.10649950397045159, -0.0395527143398384, -0.00958949096239519, -0.2314382405787516, -1.1856807500180764], "P": [-0.8130117217913482, 1.1869882782086516, 0.0162920510396767, 0.39784164352354484, 0.5244475394993078, 0.18698827820865171, 0.3331163138868898, 0.26616952425627655, 0.22838096336687674, 0.17599289390718856, 0.09007826520059534, -0.9379504583996482], "Q": [-0.16934658520378856, -1.3154746208820265, -0.412384633890083, -0.014444625218045416, -0.06020211577872053, -0.13938336182634534, -0.014444625218045416, -0.13938336182634534, -0.03672101992919762, 0.04625321513556629, -0.3154746208820266, -0.8383533661623641], "T": [-0.10821977893358979, -1.1082197789335897, -0.8071897832696086, -0.10821977893358979, 0.03790825674464823, -0.04752193857997812, -0.15397726949426496, -0.10821977893358979, 0.21399951580032942, 0.08211191923670169, 0.24396273917777264, -0.7102797702615521], "I": [-0.10726910579582775, -1.2833603648515088, -0.20417911880388417, -0.283360364851509, -0.0046067638986800755, -0.283360364851509, -0.16941701254467223, -0.10726910579582775, 0.11457964382052857, -0.16941701254467223, -0.0046067638986800755, -0.24196767969328395], "E": [-0.8696420500516734, -1.1706720457156545, -0.9945807866599733, -0.14948274664571656, -0.39252079533201095, -0.19294844042680684, -0.17067204571565459, -0.14948274664571656, -0.39252079533201095, -0.14948274664571656, -0.05672869340881784, -0.7727320370436169], "D": [-1.3169474241697567, -1.3169474241697567, -0.3627049147304319, 0.08099258450228072, -0.47184938415549993, 0.005271870564162436, -0.038193823216927894, -0.1128274415138321, -0.3627049147304319, -0.3627049147304319, -0.41385743717781326, -1.0159174285057757], "A": [0.4411690776721121, -0.5902393865795118, -0.04617134222923627, 0.22267397006334358, 0.1501233029147319, 0.16942845811011858, 0.0864542230453546, 0.09773523345504373, -0.09538936489941789, 0.09773523345504373, 0.3987652291190249, -0.19229937790747426], "Y": [-0.5260205746452947, -1.1280805659732571, 0.2521306757383488, -0.08668788081503218, -0.5260205746452947, -0.4291105616372384, -0.22499057898131358, -0.3499293155896135, -0.04889931992563235, -0.3499293155896135, -0.4291105616372384, -0.6509593112535947]}