{"L": [0.06908182660962184, 0.609484916873492, -0.16136709476865208, 0.11738650618417691, -0.20712458532932718, 0.014724164287029207, 0.042752887887272675, -0.2582771077767085, -0.08218584872102727, -0.01523905909041403, -0.5593071034406897, 0.6647077079321743], "G": [-0.3769708685325168, -0.9790308598604792, -0.9790308598604792, -0.20087960947683567, -0.5019096051408168, -0.3769708685325168, -0.3769708685325168, -0.28006085552446053, -0.024788350421154456, -0.20087960947683567, -0.13393281984622246, -0.9790308598604792], "K": [-0.8673964459391337, -0.2653364546111714, 0.6766715984111419, 0.33672353671679095, 0.5305435627329038, 0.17399623921909124, 0.03569354105280977, 0.33672353671679095, -0.02229840592487693, 0.246546906367703, -0.5663664502751525, -0.8673964459391337], "M": [0.6173784081156825, 0.4712503724374445, 0.37434035942938804, -0.05162837284289304, -0.5287496275625554, -0.22771963189857428, 0.07331036376540688, -0.05162837284289304, -0.22771963189857428, -0.22771963189857428, -0.05162837284289304, 0.07331036376540688], "F": [0.6492999961751325, 0.22333126390285135, 0.17217874145547005, -0.03194124120045466, -0.03194124120045466, 0.6115114352857327, 0.11418679447778336, 0.11418679447778336, 0.4451800135192077, 0.17217874145547005, 0.11418679447778336, 0.6115114352857327], "R": [-0.235398852948163, -0.4572476025645193, 0.7090838192020056, 0.2417224017714994, 0.6676911340437804, 0.06563114271581816, 0.14481238876344302, 0.2417224017714994, 0.10702382787404326, 0.06563114271581816, -0.3323088659562194, -0.9343688572841818], "W": [0.12898167008083064, -0.34813958463883177, 0.2539204066891305, -0.04710958897485063, 0.12898167008083064, 0.12898167008083064, -0.34813958463883177, -0.34813958463883177, 0.12898167008083064, -0.34813958463883177, 0.12898167008083064, -0.34813958463883177], "H": [-0.2722940058020375, -0.09620274674635632, 0.028735989861943662, 0.27177403854823806, 0.4680686836922062, 0.20482724891762485, -0.5733240014660187, 0.4680686836922062, 0.028735989861943662, -0.5733240014660187, 0.028735989861943662, -0.5733240014660187], "S": [0.2135981304669409, -0.36618546614986924, -0.28700422010224447, -0.02376278532766307, -0.1620654834939445, 0.16529345089238584, 0.16529345089238584, 0.11093578856979316, 0.08097256519234995, -0.02376278532766307, 0.41196578423377433, -0.7641254748219068], "C": [0.13496944368236372, -0.4670905476455986, -0.4670905476455986, 0.13496944368236372, -0.4670905476455986, -0.4670905476455986, 0.13496944368236372, -0.4670905476455986, -0.16606055198161745, 0.311060702738045, 0.010030707074063797, -0.4670905476455986], "V": [-0.22687160201892423, -0.0807435663406862, -0.925841606354943, -0.1476903559712994, -0.925841606354943, 0.028400903084381826, -0.1476903559712994, 0.07415839364505696, -0.1476903559712994, -0.1476903559712994, 0.11555107880328198, 0.45436963535666297], "N": [0.4063810893223714, -0.10550227165650296, -0.008592258648446526, 0.1955277240074782, 0.07058898739917831, 0.13753577702979147, -0.4065322673204841, -0.008592258648446526, -0.008592258648446526, 0.29243773701553466, -0.7075622629844652, -0.7075622629844652], "P": [-0.9369532260856995, 0.4247746099318933, -0.45983197136603704, -0.6359232304217183, -0.45983197136603704, -0.23798322174968073, -0.03386323909375597, 0.017289283353625284, -0.33489323475773713, -0.09185518607144275, 0.40546945473650664, -0.9369532260856995], "Q": [-0.8373561338484155, -0.5363261381844343, -0.2352961425204531, 0.007741906165841375, -0.05920488346477184, -0.36023487912875296, 0.1626438661515845, -0.5363261381844343, -0.2352961425204531, 0.11688637559090935, 0.007741906165841375, -0.8373561338484155], "T": [0.023111221875364976, -0.9311312875639599, -0.6301012918999787, -0.32907129623599746, -0.15298003718031628, -0.32907129623599746, 0.11026139759426512, -0.0860332475497031, -0.32907129623599746, 0.11026139759426512, -0.15298003718031628, -0.9311312875639599], "I": [-0.3281206230982355, -0.027090627434254284, -0.8052418778178979, -0.027090627434254284, 0.09784810917404564, 0.2361508073403271, -0.10627187348187911, 0.03985616219635896, 0.19475812218210206, 0.03985616219635896, -0.20318188648993554, 0.3087014744889388], "E": [-0.09049356735408114, -0.9935835543460246, -0.9935835543460246, -0.21543230396238108, -0.9935835543460246, -0.3915235630180623, 0.12035979796081206, -0.29461355001000594, -0.21543230396238108, -0.5164622996263623, -0.21543230396238108, -0.9935835543460246], "D": [-0.23676894580818333, -0.8388289371361457, -0.8388289371361457, -0.36170768241648327, -0.8388289371361457, -0.8388289371361457, -0.23676894580818333, -0.36170768241648327, -0.1398589328001269, -0.8388289371361457, -0.23676894580818333, -0.8388289371361457], "A": [-0.5380896318181819, -0.23705963615420075, -0.23705963615420075, 0.026181798620380656, -0.7141808908738632, -0.17011284652358757, -0.015210886537844377, -0.015210886537844377, 0.16088037251783685, 0.1309171491403936, 0.16088037251783685, -0.11212089954590082], "Y": [0.1281891714439975, -0.6499620789396461, -0.3489320832756649, -0.047902087611683734, 0.1281891714439975, -0.17284082421998367, -0.17284082421998367, 0.1281891714439975, 0.1951359610746107, 0.1951359610746107, -0.3489320832756649, -0.6499620789396461]}