{"L": [-0.5132166926016162, -0.9111567012736537, 0.06656690401519391, 0.018262224440638932, 0.06656690401519391, -0.4340354465539913, -0.6101267056096725, -0.3670886569233781, -0.13300545089001015, -0.00806671428171019, -0.13300545089001015, 0.8633602644548958], "G": [0.35036077968214374, -1.0298504620294622, -0.7288204663654809, 0.11627757364877583, 0.011542223128762828, 0.14624079702621898, 0.44727079269020015, 0.35036077968214374, 0.24890313892336668, -0.4277904707014998, -0.5527292073097998, -1.0298504620294622], "K": [0.44351178790947615, -0.9182160481081165, 0.12317663705010837, -0.2192460437720979, -0.44109479338845414, 0.036026461331208154, 0.16096519793950817, 0.12317663705010837, 0.12317663705010837, -0.2192460437720979, -0.07311800809385983, -0.9182160481081165], "M": [-0.5795692297315383, -0.5795692297315383, -0.10244797501187593, 0.02249076159642398, 0.02249076159642398, -0.5795692297315383, -0.5795692297315383, 0.02249076159642398, -0.27853923406755715, 0.11940077460448044, 0.11940077460448044, -0.27853923406755715], "F": [-0.3046095929857939, -0.7817308477054563, 0.736783092172431, -0.17967085637749394, 0.12135913928648721, -0.08276084336943759, -0.4807008520414751, -0.7817308477054563, -0.17967085637749394, -0.0035795973218127335, -0.0035795973218127335, 0.3943604113502248], "R": [0.5333254804247227, -0.9851884594531646, -0.20703720906952103, -0.14009041943890782, -0.20703720906952103, -0.14009041943890782, -0.6841584637891834, -0.28621845511714594, 0.09399278659446014, -0.14009041943890782, -0.030945950013839825, -0.9851884594531646], "W": [-0.3989591868078147, -0.3989591868078147, 0.44613885320644203, -0.3989591868078147, -0.09792919114383353, -0.3989591868078147, -0.3989591868078147, -0.3989591868078147, -0.3989591868078147, 0.37919206357582885, -0.3989591868078147, -0.3989591868078147], "H": [-0.022083612307039268, -0.6241436036350015, -0.022083612307039268, -0.6241436036350015, -0.022083612307039268, -0.1470223489153392, 0.22095443637925516, -0.32311360797102046, -0.022083612307039268, 0.07482640070101716, -0.6241436036350015, -0.6241436036350015], "S": [-0.07458238749664597, -0.8149450769908898, -0.8149450769908898, 0.030152963023367032, -0.4170050683188522, -0.0020317203480342667, 0.08814491000105376, -0.07458238749664597, 0.06011618640081019, -0.5139150813269086, 0.13929743244843504, -1.115975072654871], "C": [-0.5179101498145816, -0.5179101498145816, -0.5179101498145816, -0.5179101498145816, -0.5179101498145816, -0.5179101498145816, -0.5179101498145816, -0.5179101498145816, -0.5179101498145816, -0.5179101498145816, -0.5179101498145816, -0.5179101498145816], "V": [-0.19850995814028227, -0.9766612085239258, 0.16946682715431208, -0.13156316850966907, -0.13156316850966907, -0.022418699084601087, -0.022418699084601087, -0.13156316850966907, 0.10252003752369891, 0.5004600461957365, 0.4547025556350613, -0.2776912041879071], "N": [-0.7583818651534482, -0.7583818651534482, -0.7583818651534482, 0.19586064428587657, -0.05941186081742943, 0.1447081218384953, 0.3207993808941766, -0.15632187382548585, 0.19586064428587657, -0.15632187382548585, -0.45735186948946704, -0.7583818651534482], "P": [-0.9877728282546824, -0.9877728282546824, -0.28880282391866363, -0.6867428325907011, 0.3924384134569236, 0.18831843080099878, -0.38571283692672004, -0.033530318815357556, 0.09140841779294241, -0.9877728282546824, -0.5106515735350199, -0.6867428325907011], "Q": [-0.04307769600314156, -0.8881757360173983, -0.8881757360173983, -0.1892057316813796, -0.41105448129773586, -0.286115744689436, 0.06606677342192649, 0.014914250974545174, -0.1892057316813796, 0.2579522996608396, 0.014914250974545174, -0.8881757360173983], "T": [-0.37989089840498036, -0.9819508897329426, -0.6809208940689616, -0.0788609027409992, 0.16417714594529523, 0.16417714594529523, -0.027708380293617947, 0.22216909292298195, -0.28298088539692395, 0.29680271121988605, 0.29680271121988605, -0.6809208940689616], "I": [-0.15709147565086198, -0.8560614799868806, 0.3992110251164252, -0.3789402252672183, 0.223119766060744, -0.8560614799868806, -0.010963439972623949, 0.09818102945244406, 0.3480585026690439, 0.29006655569135725, 0.04702850700506277, -0.15709147565086198], "E": [-1.0444031565150074, 1.140288274302591, -0.5672819017953451, 0.3173246795025852, -0.04440315651500761, 0.2980195243071986, -0.04440315651500761, -0.0030104713567825807, -0.4423431651870452, -0.04440315651500761, -0.0030104713567825807, -1.0444031565150074], "D": [-0.8896485393051287, -0.5886185436411474, -0.4125272845854661, 0.5727494585938274, 0.1517441458530964, 0.4113814563588525, 0.1517441458530964, 0.18953270674249623, 0.013441447686814894, -0.8896485393051287, -0.5886185436411474, -0.8896485393051287], "A": [0.36533327545215993, -1.066030488706827, 0.18924201639647875, -0.06603048870682732, 0.047912863600009445, -0.16294050171488367, 0.13808949394909747, 0.27639219211537885, -0.024637803548602295, -0.06603048870682732, 0.23499950695715388, -0.16294050171488367], "Y": [0.14431635890562783, -0.700781681108629, 0.4131616711982077, -0.700781681108629, -0.3997516854446478, -0.3997516854446478, -0.3997516854446478, -0.700781681108629, -0.3997516854446478, -0.09872168978066662, -0.22366042638896652, -0.22366042638896652]}