{"L": [-0.6812403299092644, -0.5051490708535831, -0.13717228555898872, -0.07918033858130202, 0.09691092047437924, 0.017729674426754407, -0.028027816133920722, -0.028027816133920722, 0.05912235958497945, -0.028027816133920722, -0.07918033858130202, 0.1938209334824356], "G": [0.20006590933492718, 0.10315589632687072, 0.04516394934918403, 0.15430841877425203, -0.10096408632905399, 0.3140092616417639, 0.15430841877425203, 0.24145859449315218, 0.10315589632687072, 0.20006590933492718, -0.021782840281429197, -0.3228128359454103], "K": [-0.21117842202406487, -0.6882996767437273, -0.387269681079746, -0.21117842202406487, -0.21117842202406487, -0.08623968541576489, 0.21479031024821627, -0.08623968541576489, -0.08623968541576489, 0.08985157363991629, -0.21117842202406487, 0.010670327592291536], "M": [-0.0486228627031678, 0.12746839635251342, 0.12746839635251342, -0.0486228627031678, -0.34965285836714893, -0.0486228627031678, -0.0486228627031678, -0.0486228627031678, -0.0486228627031678, -0.0486228627031678, -0.0486228627031678, 0.6503471416328509], "F": [0.35127551065087653, 0.5273667697065577, -0.25078448067708575, 0.050245514986895376, 0.35127551065087653, -0.25078448067708575, -0.551814476341067, -0.07469322162140454, -0.07469322162140454, -0.25078448067708575, -0.551814476341067, 0.44818552365893294], "R": [-0.4542420924247941, -0.4542420924247941, -0.4542420924247941, -0.7552720880887753, -0.7552720880887753, -0.2781508333691128, -0.4542420924247941, -0.4542420924247941, -0.2781508333691128, -0.05630208375275647, -0.2781508333691128, 0.14781789890316827], "W": [-0.16904281544342536, 0.433017175884537, -0.16904281544342536, -0.16904281544342536, -0.16904281544342536, -0.16904281544342536, -0.16904281544342536, -0.16904281544342536, -0.16904281544342536, -0.16904281544342536, -0.16904281544342536, -0.16904281544342536], "H": [-0.09319723660663107, 0.3047427720654065, -0.39422723227061224, -0.39422723227061224, 0.08289402244905017, -0.39422723227061224, -0.39422723227061224, -0.39422723227061224, -0.39422723227061224, -0.39422723227061224, -0.09319723660663107, -0.09319723660663107], "S": [0.06818380814884324, -0.4089374465708191, 0.06818380814884324, 0.017031285701461996, -0.10790745090683794, 0.06818380814884324, 0.06818380814884324, -0.040960661276224754, -0.040960661276224754, 0.1139412987095184, 0.017031285701461996, 0.06818380814884324], "C": [0.013036217213788955, -0.2879937784501922, -0.2879937784501922, -0.2879937784501922, -0.2879937784501922, -0.2879937784501922, -0.2879937784501922, -0.2879937784501922, -0.2879937784501922, -0.2879937784501922, -0.2879937784501922, -0.2879937784501922], "V": [0.2074976722797883, 0.09835320285472032, 0.15634514983240702, -0.04777483282351772, 0.15634514983240702, 0.031406413224107026, 0.09835320285472032, 0.031406413224107026, -0.04777483282351772, 0.09835320285472032, 0.15634514983240702, -0.44571484149555535], "N": [-0.5284654937890588, 0.24968575659458475, -0.22743549812507763, -0.05134423906939641, -0.22743549812507763, -0.05134423906939641, 0.07359449753890353, 0.24968575659458475, 0.316632546225198, 0.07359449753890353, -0.05134423906939641, -0.22743549812507763], "P": [-0.15579646556233068, 0.19638605254903177, -0.4568264612263118, 0.14523353010165052, 0.3560868954165436, 0.020294793493350588, 0.14523353010165052, 0.14523353010165052, -0.058886452554274216, -0.058886452554274216, 0.08724158312396375, 0.08724158312396375], "Q": [-0.056199373325046625, -0.3572293689890278, -0.056199373325046625, -0.6582593646530089, -0.056199373325046625, 0.18683867536124785, 0.11989188573063458, -0.056199373325046625, -0.18113810993334659, -0.18113810993334659, 0.040710639683009836, 0.11989188573063458], "T": [0.20220799107077145, 0.026116732015090217, 0.026116732015090217, 0.026116732015090217, 0.09306352164570339, -0.05306451403253462, 0.20220799107077145, -0.14997452704059105, -0.05306451403253462, 0.09306352164570339, -0.14997452704059105, -0.45100452270457225], "I": [0.21895293139176542, -0.14902385390282896, 0.07282489571352738, 0.4152475765357335, -0.3251151129585102, -0.024085117294529054, -0.14902385390282896, -0.024085117294529054, -0.3251151129585102, -0.024085117294529054, 0.2769448783694521, -0.024085117294529054], "E": [-0.03633553476697459, -0.21242679382265586, -0.03633553476697459, 0.08860320184132531, 0.03061125486363857, -0.33736553043095574, -0.33736553043095574, -0.21242679382265586, -0.03633553476697459, 0.08860320184132531, -0.33736553043095574, -0.8144867851506182], "D": [-0.05767217661277687, 0.03923783639527959, 0.5955403371625668, 0.2433578190512043, -0.18261091322107684, 0.48639586773749877, 0.03923783639527959, 0.03923783639527959, -0.05767217661277687, 0.03923783639527959, -0.05767217661277687, -0.358702172276758], "A": [0.06697586964950568, -0.2340541260144755, 0.11812839209688691, 0.11812839209688691, 0.20527856781578707, -0.35899286262277547, 0.06697586964950568, 0.24306712870518687, 0.33997714171324334, -0.057962866958794296, 0.27782923496439876, -0.057962866958794296], "Y": [0.22810469459177918, 0.4833771996950852, 0.00625594497542281, -0.4708653097442397, -0.4708653097442397, -0.4708653097442397, 0.00625594497542281, 0.13119468158372272, 0.13119468158372272, -0.16983531408025848, 0.3742327302700172, -0.16983531408025848]}