{"L": [0.019744965662079974, 0.15804766382836144, -0.9344975437772448, -0.024674174126332913, -0.045195841270934636, -0.09722484127494462, -0.07415953720625121, 0.019744965662079974, -0.08939950376298804, -0.10519377094621997, 0.2796837648865757, -0.7236441784623516], "G": [-0.39997879075770965, -0.9562812915249967, -0.7521613088690721, -0.0117986193748283, 0.043718708475003074, 0.13007853914975134, 0.2368433068294646, 0.08511139363322812, 0.28923137628915285, 0.1440892535925659, -0.22388753170202844, -1.1781300411413533], "K": [-0.28834437683636405, -1.0664956272200075, -1.0664956272200075, 0.05844310938829218, -0.5436168819396702, 0.05844310938829218, 0.13762435543591703, 0.03616671467713995, 0.06916697478006534, -0.4296735296328334, 0.11914094974190381, -0.6405268949477265], "M": [0.07378353738973706, -0.20497006356309183, 0.050302441540214196, -0.250727554123767, -0.4268188131794482, -0.3018800765711483, -0.250727554123767, -0.058842027884853834, 0.11724923117082736, 0.11724923117082736, -0.09102671125625515, -0.7278488088434294], "F": [0.31714418806377914, -1.4071316815370098, -0.6289804311533662, 0.02423208262197742, 0.11138225834087759, -0.20301169888108514, -0.20301169888108514, -0.3657389963787848, 0.21611760886089051, -0.08491238680309066, 0.19492830979095244, -0.5620336415227529], "R": [-0.5691966081264931, -1.6105892932847181, -1.0085293019567558, -0.309559297620737, -0.309559297620737, -0.24886145726712536, -0.1792255291257309, -0.21264928461268054, -0.4644612576064801, -0.4064693106287934, -0.00852930195675584, -1.6105892932847181], "W": [-0.17926198062511134, -1.0243600206393682, -1.0243600206393682, -0.3253900163033494, -0.24620877025572457, 0.08958333166746853, -0.24620877025572457, -0.24620877025572457, -0.4223000293114058, 0.05482122540825661, -0.24620877025572457, -1.0243600206393682], "H": [-0.1356010851597184, -1.249544437466555, -0.7724231827468926, -0.1703631914189303, -0.1703631914189303, 0.0292091634862738, -0.1034164017883171, 0.05148555819742602, -0.1034164017883171, 0.005728067636750927, 0.05148555819742602, -1.249544437466555], "S": [-0.11812661608852404, 0.5596540891775567, -0.37964807046883164, -0.008982146663455976, 0.13368535690527555, 0.09113300621981178, 0.057964642967157164, 0.022052087076512728, 0.09747318425083076, 0.2960505914541991, 0.051015783011829345, -1.7413759064864245], "C": [-1.143310983646135, -1.143310983646135, -1.143310983646135, -0.8422809879821538, -0.6661897289264725, -1.143310983646135, -0.8422809879821538, -0.6661897289264725, -0.44434097931011624, -0.29821294363187817, -1.143310983646135, -1.143310983646135], "V": [0.16878996928666473, 0.22401276034534703, -0.6478195329161545, 0.031406413224107026, 0.13830064713876442, -0.045759541588192176, -0.03386031828848446, 0.02118724804242098, -0.03386031828848446, -0.08354810247759197, -0.11070034852120679, -0.9030920380194606], "N": [0.16028534536527386, -1.3837826989850017, -0.5386846589707448, 0.09333855573466067, -0.12851019388169566, 0.14769621805725333, -0.003571457273395723, -0.15333377760672784, 0.014157309687035853, 0.37964529457793544, -0.003571457273395723, -1.0827527033210205], "P": [-0.35790115698292985, -1.6131736620862358, -0.6589311526469109, 0.030279014399951523, 0.1502543314767013, -0.3121436664222547, -0.00038980536650046806, -0.15077566418727986, -0.2909543673523167, -0.8350224117025922, -1.1360524073665734, -1.6131736620862358], "Q": [-0.051178571949995845, -0.9115165785209894, -0.3674485341707138, -0.15184873383135902, -0.02221487601467924, -0.036455315129289435, -0.02221487601467924, -0.02221487601467924, -0.09860322187813399, 0.004937370028935572, 0.004937370028935572, -1.5135765698489516], "T": [0.12504203625847216, 0.7107116113982651, -0.5281704775168714, -0.08883778368660884, 0.026116732015090217, 0.026116732015090217, 0.005432133155239136, 0.015897566833404084, 0.1779781114462707, 0.036100952921691104, -0.07587280652224122, -1.607351723564496], "I": [0.07484018694885297, 0.05001660322382077, -0.8794023224904718, 0.07484018694885297, 0.1520061417611522, -0.050098549659447024, -0.15924301908451505, 0.0626057305318413, 0.1812955178631397, -0.33533427814019623, -0.25101339244016035, -1.4814623138184342], "E": [-0.07873938332006197, -0.3687739946825799, 0.6686525032580436, 0.16270492235967512, -0.02635131386037371, 0.07055869914768273, 0.04619935328823798, 0.18752850608470736, -0.19268273562689864, -0.09002039372975099, 0.04619935328823798, -1.669803990346561], "D": [-0.11710936446464452, -0.3689213374584441, 0.9547726428414807, 0.2483786204262551, 0.10819991726121825, 0.3880406138552614, 0.2408254825358092, 0.13816314063866156, -0.15332153711908927, 0.2408254825358092, -0.19283007840276292, -1.515049373136682], "A": [0.03284454706240825, -0.3692120278044615, -0.14736327818810516, -0.028673490856806753, 0.056756704467819614, -0.2000696287041081, -0.028673490856806753, 0.024572021096418366, -0.03821880876303709, 0.03284454706240825, -0.0012352425098671232, -1.0893713312104183], "Y": [0.6083159363033852, -1.3261825149401825, -0.28478982978195744, 0.1362154829587735, -0.003963220206263262, 0.1209755164020367, -0.09573359356190862, -0.003963220206263262, -0.0251525192762013, -0.0709100098368764, 0.25360108167662765, 1.4786381637809796]}