{"L": [-0.3099839308505848, -0.1338926717949035, 0.1549028674520659, -0.5440671368839528, -0.15871625551993573, -0.06694588216429037, -0.4349226674588847, -0.11041157594538067, -0.11041157594538067, 0.14231374014404546, 0.25428749958797775, 0.16713732386907765], "G": [-0.36173090197578006, -0.7297076872703744, -0.16543625683181182, 0.023619979388237077, 0.17338229972156907, 0.2245348221689504, 0.29832103632986906, 0.20814440598078104, 0.15489889402755594, 0.07192465896279206, -0.7297076872703744, -1.2068289419900369], "K": [-0.14095201862936643, -0.79416453240471, -0.14095201862936643, -0.1921045410767477, -0.2500964880544346, -0.01601328202106656, 0.1835590728841376, -0.05380184291046634, -0.01601328202106656, -0.2500964880544346, -0.1921045410767477, -1.0951945280686912], "M": [-0.05757770535609428, -0.15448771836415057, 0.2434522903078869, -0.45551771402813174, 0.32263353635551173, -0.45551771402813174, -0.27942645497245056, -0.15448771836415057, -0.45551771402813174, 0.19769479974721188, 0.08855033032214377, -0.27942645497245056], "F": [-0.18055807728238743, 0.7225319097095562, 0.43923068100600654, -0.05561934067408745, 0.3635099670678882, 0.04129067233396889, 0.04129067233396889, 0.15523402464080566, 0.24541065498989373, 0.24541065498989373, 0.18741870801220695, 1.2231342602787414], "R": [0.16005235532017986, -1.1621669394137393, -0.6850456846940769, -0.38401568903009575, -0.5601069480857769, -0.08298569336611458, -0.4631969350777206, -0.4631969350777206, -0.6850456846940769, -0.16216693941373936, -0.25907695242179574, -1.1621669394137393], "W": [-0.5759376667683893, 0.6793348383349167, 0.026122324559573005, -0.27490767110440817, -0.5759376667683893, 0.12303233756762938, -0.5759376667683893, -0.5759376667683893, -0.5759376667683893, -0.27490767110440817, -0.5759376667683893, 0.6793348383349167], "H": [-0.5000920879315951, -0.8011220835955762, -0.5000920879315951, -0.19906209226761387, -0.19906209226761387, -0.10215207925955751, -0.19906209226761387, -0.10215207925955751, 0.04397595641868047, -0.0229708332119327, 0.15312042584374863, -0.8011220835955762], "S": [-0.1790102003086089, -0.6908935612874831, -0.08883356995952081, 0.008076443048535468, 0.029265742118473652, -0.14682551693720763, -0.08883356995952081, -0.014199951662616688, 0.008076443048535468, -0.1790102003086089, 0.029265742118473652, -1.2929535526154454], "C": [-0.6948886297751561, -0.6948886297751561, -0.6948886297751561, -0.6948886297751561, -0.6948886297751561, -0.6948886297751561, -0.39385863411117494, -0.6948886297751561, -0.6948886297751561, -0.6948886297751561, -0.6948886297751561, -0.6948886297751561], "V": [0.46960960191339973, -0.8526096928205193, -0.03969633617766384, -0.07445844243687579, 0.07680923289377334, -0.4546696841484818, 0.02245157057118064, 0.07680923289377334, -0.07445844243687579, 0.1685796062494186, 0.1685796062494186, -0.8526096928205193], "N": [-0.15720909473037925, -0.9353603451140227, 0.10603234004420213, 0.064639654885977, -0.23639034077800414, 0.2407309139416583, 0.1438209009336019, 0.17858300719281384, 0.26875963754190185, 0.01888216432530198, 0.1438209009336019, -0.9353603451140227], "P": [0.09052119688804895, -0.6876300534955947, 0.17767137260694907, 0.45849798218264326, 0.2331887004567805, 0.2331887004567805, 0.34039867010464886, 0.19697652780233577, 0.2666124559437302, 0.06569761316301678, -0.38660005783161344, -1.164751308215257], "Q": [-0.06515421597797309, -0.7641242203139917, -0.46309422465001066, -0.36618421164195425, -0.11091170653864814, -0.22005617596371624, -0.28700296559432936, -0.06515421597797309, -0.023761530819748026, 0.11093704307770813, 0.014027030069651782, -1.065154215977973], "T": [0.07151955168475642, -0.5568693783655551, -0.11753668453529244, 0.1632899250404018, 0.07151955168475642, 0.1198242312593115, 0.017161889362163757, 0.1198242312593115, 0.14210062597046363, 0.07151955168475642, 0.3595845701843699, -1.1589293696935172], "I": [0.38193338802336246, -0.43097996861949295, 0.30938272087475066, -0.18794191993319867, 0.17108002270846934, -0.03303995994745553, -0.07879745050813057, -0.03303995994745553, 0.14305129910822578, -0.03303995994745553, -0.1299499729555118, 0.24571364100537346], "E": [-0.07525360079734428, -1.221381636475582, -0.3762835964613254, 0.14034619954201055, -0.17998895131735726, 0.009067284902691625, 0.14034619954201055, 0.009067284902691625, -0.07525360079734428, -0.17998895131735726, -0.3762835964613254, -0.6193216451476199], "D": [-1.0666270192657032, -1.0666270192657032, -0.3676570149296845, 0.5668414363138831, -0.06662701926570333, 0.18864548583760277, 0.04731633304113344, 0.13749296339022152, -0.1123845098263784, -0.22152897925144652, -0.3676570149296845, -0.765597023601722], "A": [-0.20161628350917693, -0.9419789730034207, 0.09941371215480424, -0.6409489773394396, -0.16382772261977716, -0.06691770961172074, -0.012560047289128032, -0.20161628350917693, -0.06691770961172074, -0.12906561636056524, -0.3399189816754583, -1.243008968667402], "Y": [0.5201798476028339, 1.2294498085786647, 0.2361831912376331, -0.27570016974124123, 0.20142108497842115, -0.09960891068556002, -0.5767301654052224, -0.09960891068556002, -0.4006389063495412, 0.07648234837012126, 0.3526887603090702, -0.4006389063495412]}