{"L": [-0.4082390578455267, -0.15296655274222062, -0.028027816133920722, -0.4082390578455267, -0.06581637702332051, -0.20411907518960193, -0.3290578117979019, -0.028027816133920722, -0.3290578117979019, 0.12323985919672836, 0.3979409161383604, -1.1072090621815456], "G": [0.18907052503346397, -0.44775157255371034, -0.14672157688972914, 0.07512717272662721, 0.27924715538255196, -0.14672157688972914, 0.029369682165952093, 0.4730671813986647, 0.37615716839060837, 0.2212552084048652, 0.07512717272662721, -0.9248728272733726], "K": [-0.33611715863236474, -0.8132384133520272, -0.512208417688046, -0.21117842202406487, -0.21117842202406487, 0.031859626662229565, 0.26594283269559754, 0.031859626662229565, 0.14100409608729764, -0.8132384133520272, -0.11426840901600843, -0.8132384133520272], "M": [0.002529659744213531, 0.30355965540819474, 0.37050644503880786, -0.4745915949754489, -0.4745915949754489, -0.4745915949754489, -0.4745915949754489, -0.17356159931146775, -0.4745915949754489, 0.12746839635251342, -0.4745915949754489, -0.4745915949754489], "F": [0.4371901393574697, 0.6849746230682259, 0.6656694678728392, -0.1996319582297045, -0.1996319582297045, -0.1996319582297045, -0.1996319582297045, -0.1996319582297045, -0.1996319582297045, 0.2263367740425766, -0.07469322162140454, -0.1996319582297045], "R": [0.07403168474224958, -0.8802108246970751, -0.2781508333691128, -0.579180829033094, -0.579180829033094, -0.2781508333691128, -0.4030895699774128, -0.03511278468281841, -0.4030895699774128, -0.2781508333691128, -0.03511278468281841, -0.8802108246970751], "W": [-0.2939815520517253, 0.18313970266793714, -0.2939815520517253, -0.2939815520517253, -0.2939815520517253, -0.2939815520517253, -0.2939815520517253, -0.2939815520517253, -0.2939815520517253, 0.4049884522842935, -0.2939815520517253, 0.007048443612255849], "H": [0.3259320711353446, -0.5191659688789122, -0.218135973214931, 0.2589852815047314, -0.0420447141592498, -0.0420447141592498, 0.17980403545710658, 0.17980403545710658, 0.08289402244905017, 0.2589852815047314, 0.2589852815047314, -0.5191659688789122], "S": [0.1351305977794564, -0.7099674422348002, -0.5338761831791191, -0.010997437898781562, 0.06818380814884324, 0.21945148347949237, 0.19312254475714322, 0.030395247259443463, -0.10790745090683794, -0.4089374465708191, -0.05675492845945667, -0.31202743356276275], "C": [-0.4129325150584921, -0.4129325150584921, -0.4129325150584921, -0.4129325150584921, -0.4129325150584921, -0.11190251939451097, -0.4129325150584921, -0.4129325150584921, 0.1891274762694702, -0.4129325150584921, -0.4129325150584921, -0.4129325150584921], "V": [0.08255893567148835, 0.40707002718499236, -0.394562319048174, -0.394562319048174, 0.031406413224107026, -0.17271356943181768, 0.08255893567148835, -0.2696235824398741, -0.09353232338419286, -0.394562319048174, -0.2696235824398741, -0.8716835737678365], "N": [-0.6534042303973587, 0.04556577393866002, -0.05134423906939641, 0.191693809616898, -0.17628297567769638, 0.191693809616898, 0.3465957696026412, -0.05134423906939641, 0.12474701998628478, -0.6534042303973587, 0.04556577393866002, -0.6534042303973587], "P": [-0.882795193498593, -0.882795193498593, -0.1838251891625742, -0.0376971534843362, 0.5321781544722249, -0.0376971534843362, -0.5817651978346117, -0.0376971534843362, -0.10464394311494939, -0.5817651978346117, -0.882795193498593, -0.882795193498593], "Q": [-0.783198101261309, -0.18113810993334659, -0.18113810993334659, -0.08422809692529017, -0.08422809692529017, -0.08422809692529017, -0.08422809692529017, 0.06189993875294786, -0.08422809692529017, -0.783198101261309, 0.06189993875294786, -0.783198101261309], "T": [-0.17800325064083455, 0.026116732015090217, -0.8769732549768533, 0.026116732015090217, -0.031875214962596536, -0.031875214962596536, -0.09882200459320972, -0.031875214962596536, 0.07726925446247147, 0.40178034597597556, 0.026116732015090217, -0.8769732549768533], "I": [-0.05211384089477257, 0.20315866420853346, 0.3280974008168335, -0.27396259051112887, -0.14902385390282896, 0.02706740515285229, -0.27396259051112887, -0.05211384089477257, 0.02706740515285229, -0.27396259051112887, -0.14902385390282896, -0.7510838452307913], "E": [-0.24045551742289936, -0.638395526094937, -0.03633553476697459, 0.014816987680406719, -0.33736553043095574, -0.03633553476697459, 0.17451783054791853, -0.09432748174466137, -0.16127427137527453, -0.33736553043095574, -0.33736553043095574, -0.638395526094937], "D": [-0.7846709045490392, -0.7846709045490392, -0.30754964982937677, 0.7338430353288482, -0.18261091322107684, 0.5163590911149419, 0.32927244775779757, 0.11841908244290435, 0.1695716048902856, -0.08570090021302038, -0.08570090021302038, -0.7846709045490392], "A": [0.21503840510494335, -0.006810344511413004, -0.18290160356709426, -0.18290160356709426, 0.15289049835609886, -0.006810344511413004, -0.057962866958794296, -0.18290160356709426, 0.038947146049262166, 0.038947146049262166, -0.11595481393648105, -0.9610528539507377], "Y": [0.6829495546002893, 0.7466186344696666, 0.7659237896650533, 0.24929399366171728, -0.2947740506885584, -0.11868279163287714, 0.10316595798347926, -0.5958040463525396, 0.18234720403110402, 0.6346448750257343, 0.3584384630867853, 1.43761970913441]}