{"L": [-1.3873889188724065, -0.3873889188724066, 0.11776105944749939, -0.5422908788581497, -0.1832689362164818, -0.3082076728247818, -0.08635892320842542, -0.2734455665655698, -0.06516962413848736, 0.14408999816984847, 0.22539493784732884, -0.7853289275444442], "G": [0.2573453139347222, -0.6029926926362713, -0.12587143791660904, 0.2573453139347222, 0.15667515205335897, 0.07370091698859511, 0.31346125591365365, 0.22631108019475346, 0.17515855774737213, -0.3019626969722902, -0.35995464394997695, -1.2050526839642337], "K": [0.22880102469103095, -1.0934182700428883, -0.13917576060356343, 0.020525082263948436, -0.1903282830509447, -0.1903282830509447, -0.05202558488466325, 0.020525082263948436, 0.11070171261303649, -0.1903282830509447, 0.2683095659747045, 1.239020189872717], "M": [-0.7547714516663099, -0.7547714516663099, 0.3244097943813148, -0.7547714516663099, -0.7547714516663099, -0.45374145600232874, -0.45374145600232874, -0.7547714516663099, -0.27765019694664755, 0.286621233491915, -0.05580144733029123, -0.7547714516663099], "F": [-0.35487307831226556, -0.2579630653042092, 0.5482169086796779, -0.4798118149205656, -0.05384308264828439, -0.05384308264828439, -0.6559030739762467, 0.04306693035977196, -0.1118350296259712, 0.298339435463078, -0.05384308264828439, -0.956933069640228], "R": [0.0948818237153697, -0.8593606857239551, -1.160390681387936, -0.5583306900599738, -1.160390681387936, -1.160390681387936, -0.6832694266682738, -0.20614817194861146, -0.38223943100429264, -0.5583306900599738, -0.31529264137367946, -0.014262645709698273], "W": [-0.5741614087425863, -0.5741614087425863, -0.27313141307860517, -0.5741614087425863, -0.5741614087425863, -0.5741614087425863, -0.5741614087425863, -0.5741614087425863, -0.27313141307860517, -0.09704015402292392, -0.5741614087425863, -0.5741614087425863], "H": [-0.7993458255697732, -0.498315829905792, -0.1972858342418108, 0.10374416142217036, -0.3222245708501108, -0.1972858342418108, -0.3222245708501108, -0.7993458255697732, -0.3222245708501108, -0.498315829905792, -0.3222245708501108, -0.7993458255697732], "S": [0.5081632548639391, 0.0890339471219634, -0.4460792545753858, 0.12379605338117533, 0.2273366452882449, 0.1712207033093134, 0.0890339471219634, 0.21397268373026337, 0.031042000144276636, -0.06072837321136872, -0.1772339422828058, -1.2911772945896425], "C": [-0.6931123717493531, -0.6931123717493531, -0.6931123717493531, -0.6931123717493531, -0.6931123717493531, -0.39208237608537194, -0.6931123717493531, -0.6931123717493531, -0.39208237608537194, -0.6931123717493531, -0.6931123717493531, -0.6931123717493531], "V": [-0.03792007815186081, 0.7566215884199521, 0.10340907464460847, -0.03792007815186081, 0.10340907464460847, 0.14916656520528357, 0.10340907464460847, 0.07858549091957634, -0.03792007815186081, 0.3796154865835575, -0.24877344346675395, -1.1518634304586974], "N": [-0.45646283236855734, -0.45646283236855734, -0.08848604707396301, 0.296864834290054, 0.02065842235110504, 0.38863520764569937, 0.02065842235110504, 0.14559715895940495, 0.1078085980700052, -0.6325540914242386, 0.06641591291178013, -0.9335840870882198], "P": [-1.1629750501894538, -1.1629750501894538, -0.08379380414182926, 0.3555388896884334, 0.2519982977813639, -0.04903169788261731, 0.04114493246647071, -0.12158236503122899, 0.29942294770950195, 0.2172361915221519, 0.11577855076337486, -0.8619450545254728], "Q": [-1.0633779579521698, -0.21827991793791313, 0.05056539435466667, -0.21827991793791313, -0.21827991793791313, 0.015803288095454806, -0.10913544851284512, -0.06337795795217005, -0.10913544851284512, -0.36440795361615125, 0.2588413367817492, -1.0633779579521698], "T": [-0.011025075989476395, 0.6941052370513608, -0.555093120339752, -0.04320975936087772, 0.09811939343559158, 0.09811939343559158, 0.04696687098821034, -0.04320975936087772, -0.011025075989476395, -0.15715311166771442, 0.22305813004389155, -1.1571531116677145], "I": [-0.33229369758563365, 0.1148643337565856, 0.31115897890055383, -0.33229369758563365, -0.07702119248232758, -0.42920371059368995, 0.010128983236572651, -0.18616566190739559, 0.14482755713402878, 0.5250387988456348, -0.07702119248232758, -0.7302337062576711], "E": [-0.918575382785798, -1.2196053784497791, -0.6175453871218167, 0.12281730237242701, -0.07347734277154122, 0.010843542928494649, 0.03566712665352677, 0.05914822250304973, -0.17821269329155415, -0.37450733843552236, -0.04351411939409803, -1.2196053784497791], "D": [-0.763820765575919, -1.0648507612399003, -0.5877295065202378, 0.29687707477769254, 0.1904217438634058, 0.25736853349401895, -0.11060825180057537, -0.21975272122564338, -0.16176077424795665, -1.0648507612399003, -0.5877295065202378, -1.0648507612399003], "A": [0.5783112249002698, -0.010783789263325046, 0.13897853107000707, -0.010783789263325046, 0.12049512537599395, 0.22116528725735712, 0.25012898319267374, 0.32696901342539597, 0.15670729803043867, -0.0651414515859177, -0.0651414515859177, -1.2412327106415988], "Y": [-0.8759839030434006, -0.8759839030434006, 0.5219561056286369, -0.3988626483237382, 0.07825860639592422, -0.27392391171543823, 0.027106083948542973, -0.27392391171543823, -0.27392391171543823, -0.17701389870738188, 0.20319734300422412, -0.5749539073794193]}