{"L": [-0.04441823232209007, -0.31326354461467, 0.18406109619327943, -0.2552715976369832, -0.1583615846289268, -0.31326354461467, -0.11696889947070176, -0.012233548950688813, -0.20411907518960193, 0.017729674426754407, -0.07918033858130202, -0.2552715976369832], "G": [-0.3739653583927917, -0.19787409933711045, -0.2770553453847352, 0.27924715538255196, 0.4219146589512835, 0.2544235716575198, 0.3250046459432271, 0.17010268595748396, 0.20006590933492718, 0.023974650279245946, 0.023974650279245946, -0.976025349720754], "K": [-0.08623968541576489, -0.387269681079746, -0.387269681079746, -0.8643909357994085, -0.5633609401354274, -0.387269681079746, -0.019292895785151684, -0.26233094447144617, 0.17700174935881655, -0.5633609401354274, -0.019292895785151684, 0.5980070620995476], "M": [0.5534371286247945, -0.5257441174228301, -0.0486228627031678, -0.5257441174228301, -0.5257441174228301, 0.1732258869131886, 0.1732258869131886, -0.0486228627031678, -0.5257441174228301, -0.0486228627031678, -0.22471412175884903, 0.1732258869131886], "F": [0.4182223002814897, -0.42687573973276705, 0.5025431859815256, -0.42687573973276705, -0.42687573973276705, -0.42687573973276705, -0.028935731060729414, -0.7279057353967482, -0.7279057353967482, -0.7279057353967482, -0.25078448067708575, 0.6870676125740697], "R": [-0.3293033558164942, -0.4542420924247941, -0.3293033558164942, -0.4542420924247941, -0.3293033558164942, -0.23239334280843768, -0.4542420924247941, -0.6303333514804753, -0.3293033558164942, -0.9313633471444566, -0.6303333514804753, 0.21476468853378147], "W": [-0.34513407449910655, -0.34513407449910655, -0.34513407449910655, -0.34513407449910655, -0.34513407449910655, -0.34513407449910655, -0.34513407449910655, -0.34513407449910655, -0.34513407449910655, -0.34513407449910655, -0.34513407449910655, -0.34513407449910655], "H": [0.33277149566565, -0.5703184913262934, -0.5703184913262934, -0.2692884956623123, -0.5703184913262934, 0.03174150000166887, -0.5703184913262934, -0.5703184913262934, 0.12865151300972533, 0.12865151300972533, 0.2078327590573501, -0.5703184913262934], "S": [-0.02075727518793775, -0.2839987099625192, -0.062149960346162804, 0.16829896103211103, 0.017031285701461996, -0.062149960346162804, 0.08397807533207513, -0.062149960346162804, 0.05179339196067391, -0.02075727518793775, -0.062149960346162804, -0.7611199646821816], "C": [-0.4640850375058734, -0.4640850375058734, -0.4640850375058734, -0.4640850375058734, -0.4640850375058734, -0.4640850375058734, -0.4640850375058734, -0.4640850375058734, -0.4640850375058734, -0.4640850375058734, -0.4640850375058734, -0.4640850375058734], "V": [-0.22386609187919893, 0.031406413224107026, 0.11855658894300729, 0.11855658894300729, -0.01974610922327423, -0.14468484583157415, 0.22329193946302023, 0.031406413224107026, -0.32077610488725544, 0.25325516284046345, 0.28128388644070695, -0.9228360962152177], "N": [-0.22743549812507763, -0.4035267571807589, -0.22743549812507763, -0.7045567528447401, -0.22743549812507763, -0.7045567528447401, -0.7045567528447401, 0.24968575659458475, 0.24968575659458475, 0.2954432471552599, 0.14054128716951672, -0.7045567528447401], "P": [-0.632917720281993, 0.8789656406968812, -0.3318877246180119, 0.4462635257656317, 0.34480588500685466, 0.24214354310970695, 0.06605228405402569, -0.23497771160995545, 0.14523353010165052, 0.06605228405402569, -0.03085772895403074, -0.9339477159459743], "Q": [-0.23229063238072784, 0.010747416305566557, -0.23229063238072784, -0.13538061937267143, -0.23229063238072784, -0.13538061937267143, -0.23229063238072784, -0.3572293689890278, -0.056199373325046625, 0.24483062233893454, 0.1656493762913097, -0.8343506237086902], "T": [0.1132669077339904, -0.3260657860962723, -0.08302773740997785, -0.08302773740997785, 0.1132669077339904, 0.07187422257576534, -0.02503579043229113, 0.1132669077339904, 0.2180022582540033, -0.08302773740997785, 0.15105546862339012, -0.9281257774242345], "I": [0.1520061417611522, 0.04286167233608412, 0.2769448783694521, -0.8022363676781726, 0.2769448783694521, 0.1977636323218273, -0.10326636334215386, -0.2001763763502103, -0.3251151129585102, 0.2391563174800524, -0.024085117294529054, -0.8022363676781726], "E": [0.08860320184132531, -0.9905780442062994, -0.08748805721435589, 0.15554999147193851, 0.18551321484938174, 0.08860320184132531, -0.03633553476697459, 0.23987087717197444, -0.03633553476697459, 0.05081464095192559, 0.009421955793700544, -0.9905780442062994], "D": [-0.05767217661277687, -0.23376343566845814, -0.23376343566845814, 0.3682965556595042, 0.009274613017836315, 0.2433578190512043, 0.1641765730035795, 0.1641765730035795, 0.11841908244290435, 0.06726655999552301, -0.05767217661277687, -0.5347934313324393], "A": [-0.057962866958794296, 0.16388588265756207, 0.19191460625780554, 0.02918730876010596, -0.10911538940617561, 0.2665482245547098, 0.13392265928011884, 0.38573463227391847, 0.16388588265756207, -0.057962866958794296, 0.13392265928011884, -0.5350841216784566], "Y": [0.35304343120007914, -0.3459265731359396, 0.35304343120007914, -0.16983531408025848, -0.6469565687999208, -0.6469565687999208, -0.3459265731359396, -0.3459265731359396, -0.16983531408025848, -0.16983531408025848, -0.16983531408025848, 1.052013435536098]}