{"L": [-0.0129868786832082, -0.4287364457738032, 0.2537654441035279, -0.2768750663426227, -0.04101560228345177, -0.1431268089773159, -0.06656970675583991, -0.04517156205460941, 0.11677204593977966, -0.0622049013533898, 0.16051156979419348, -0.5307259843111346], "G": [-0.26708480972548154, -0.14747490662224857, -0.14747490662224857, -0.010636946714240866, 0.0009449258355742761, 0.09785493884363071, 0.25367024192500043, 0.0932591871544816, 0.03394518593849965, -0.28880405941871784, -0.09453883143445005, -0.8798686664452169], "K": [0.41360933542090095, -0.6890530064762467, 0.05130968301799717, -0.06926424818785266, -0.2768725586895988, 0.024157436974382357, 0.1955535748216837, 0.12939283876656993, -0.10547642084229747, 0.08302409619520376, -0.01235939685138009, -0.10547642084229747], "M": [0.15019616246951698, -0.38819474898906814, 0.001776330011694166, -0.38819474898906814, -0.1073681394133739, -0.38819474898906814, -0.31564408184045634, -0.087164753325087, -0.1508338331944642, 0.07556254417261273, -0.1508338331944642, -0.35040618809966834], "F": [-0.06354732805421619, -0.30952975738729194, 0.3505221809183572, -0.45565779306552995, -0.018965195401475718, -0.27002121610361834, -0.45565779306552995, -0.15462779740154875, 0.0017194034583752744, 0.15358078288955576, -0.00849976172331077, 0.5585826460490803], "R": [0.22549117648469214, -1.8352066638689193, -0.2554230672521093, -0.3580854091492571, -0.5341766682049383, -0.4372666551968819, -0.19175398738273214, -0.2554230672521093, -0.4927839830467133, 0.2886449770981662, -0.1724488321873455, -0.3580854091492571], "W": [-0.34588740423162595, -0.6469173998956071, 0.18238637293541773, -0.9479473955595883, -0.0448574085676448, -0.16979614517594468, -0.4708261408399258, -0.20758470606534454, -0.13503403891673277, 0.18238637293541773, -0.5500073868875508, 1.6071470530187306], "H": [0.14908748234714397, -0.6960105576671127, -0.3280337723725184, -0.1519425133168372, -0.19540820709792753, -0.17313181238677525, 0.002959446668905979, -0.027003776708537243, -0.19540820709792753, 0.19793604988496102, -0.0939505663391504, -0.9970405533310938], "S": [-0.19514126542848165, 0.6068783251298543, -0.06290329007868226, 0.301178451332388, 0.020778457195619073, 0.029641917526924067, -0.07950255189814388, -0.06836618578018436, -0.15981330308673866, -0.08517968478983447, 0.034006722929374206, -1.0629032900786821], "C": [-0.5897771038466927, -0.4136858447910115, 0.047044993740481614, -0.28874710818271154, -0.3679283542303364, -0.32653566907211135, -0.6689583498943176, -0.32653566907211135, -0.3679283542303364, -0.16380837157441164, -0.19183709517465516, -1.3679283542303362], "V": [0.22639903054373897, 0.19450988613025724, 0.12756309649964406, -0.18322673645349338, 0.0764105740522628, -0.0863167234454369, -0.04852816255603712, 0.04255230679129543, 0.2771243080162761, -0.0006046102388543226, 0.13236197938141286, -0.9235894259477371], "N": [-0.462272033890965, -0.7633020295549461, -0.2466722335516102, 0.02506838601038339, 0.09917010652873329, 0.044812444206140604, 0.18399161992905075, 0.06369778836651445, 0.1319626199250408, 0.10760327406559607, -0.017335462542703867, -1.0063400782412406], "P": [-0.8377910326704372, -0.6336710500145124, -0.5825185275671311, 0.37705281537726054, 0.12125035965065628, -0.03161105868655012, 0.10172821994818126, -0.14759495264192363, -0.14759495264192363, -0.4575797909588312, -0.6916629969921991, -0.7963983475122122], "Q": [-0.10472548485356671, -0.6242505881263164, -0.29103590909093396, -0.03062376433521681, -0.11494465003525278, -0.13613394910519086, 0.025234053129784006, -0.022190596798354053, 0.06114660902042849, 0.23493391316654544, 0.13686732295854687, -0.8930959004188964], "T": [-0.07609423847620624, 0.560727859110968, -0.28790104979842196, -0.02578912016481049, -0.019055737505842114, 0.043092169243002486, -0.09957533432572908, 0.141158759451001, -0.012425158606828942, -0.053817843765054024, 0.22110934933472207, -0.9868710541344408], "I": [0.28514639128985925, -0.38386038966871633, 0.35461815595097607, -0.043321852721061614, 0.03428300509160825, 0.09326086505094602, -0.043321852721061614, 0.08631200509561823, 0.35082516693383686, 0.02631407542033287, 0.1572431757178202, -0.5599516487243975], "E": [-0.5142101192191564, -0.8152401148831375, -0.7482933252525243, 0.02985792513111915, 0.05982114850856236, 0.045097891687856106, 0.02985792513111915, 0.008668626061181144, -0.17014549132997334, -0.1020296714325086, 0.05982114850856236, -0.8530286757725373], "D": [-0.4174474489869642, -0.3417267350488458, -0.13760675239292108, 0.3358802176716473, 0.3210310966327282, 0.5180118311483011, 0.1524278589695969, 0.17414710866283317, -0.023663400086084318, -0.13760675239292108, -0.46091314276805445, -0.5935387080426454], "A": [0.21105610524222554, 0.30143525109132413, 0.12534399203564292, -0.13071885811181508, 0.0882726806600604, -0.01842160183214068, 0.05243425543135301, 0.0662225399169863, -0.05272583300212624, -0.17568600362833825, -0.07719960238532678, -1.2170786887865632], "Y": [-0.07367863080472141, -0.6477098985324402, 0.11195794615719018, -0.3203509641461098, -0.1036418541821646, -0.17058864381277772, -0.3747086264687026, -0.20837720470217763, -0.03228594564649635, 0.09265279096180354, -0.0067318411741081685, 0.20507497014810758]}