{"L": [-0.20592487605286428, -0.6830461307725267, 0.16205190924173007, -0.15156721373027165, -0.03959345428633934, -0.3406234499503205, -0.10326253415571661, -0.15156721373027165, 0.19776746150826455, 0.10934555872572707, 0.14946278193370952, 0.5722263743307793], "G": [0.4235693901975276, -0.7225586454807104, -0.4215286498167291, 0.3317990168418823, 0.03076902117790113, 0.10135009546360833, 0.36852182386662224, 0.30547007811953314, 0.21529344777044515, -0.19967990020037282, 0.21529344777044515, -0.7225586454807104], "K": [0.3098945223930104, -0.6109242315593648, -0.18495549928708366, -0.24294744626477044, -0.18495549928708366, -0.08804548627902728, -0.18495549928708366, 0.08804577277665396, -0.24294744626477044, -0.24294744626477044, -0.08804548627902728, -0.48598549495106486], "M": [0.25060133209755103, -0.14733867657448654, 0.39672936777578904, -0.27227741318278653, -0.14733867657448654, -0.05042866356643017, -0.27227741318278653, -0.27227741318278653, -0.14733867657448654, 0.20484384153687588, -0.27227741318278653, 0.4547213147534758], "F": [-0.17340903549272332, -0.17340903549272332, 0.7205375720593503, -0.048470298884423405, -0.048470298884423405, -0.17340903549272332, -0.3495002945484046, -0.3495002945484046, -0.1064622458621101, 0.327193315076462, -0.2525902815403482, 0.6716890045215334], "R": [0.44704209370388703, 1.0855313506585242, -0.4560478932880565, -0.8539879019600941, -0.3768666472404317, -0.6778966429044129, -0.2007753881847504, -0.15501789762407533, -0.6778966429044129, -0.3768666472404317, -0.11362521246585026, -0.6778966429044129], "W": [-0.5687886249787253, -0.5687886249787253, 0.5451547273281114, -0.26775862931474415, 0.03327136634923703, -0.5687886249787253, -0.09166737025906291, -0.5687886249787253, -0.5687886249787253, 0.03327136634923703, -0.5687886249787253, -0.5687886249787253], "H": [-0.19191305047794985, -0.492943046141931, -0.19191305047794985, -0.0950030374698934, -0.492943046141931, -0.19191305047794985, -0.19191305047794985, -0.492943046141931, -0.0950030374698934, -0.3168517870862498, -0.19191305047794985, -0.7939730418059122], "S": [0.17659348707317452, -0.6837445194978191, -0.2858045108257816, 0.07592332519181126, 0.07592332519181126, 0.12916883714503638, 0.20555718300849105, 0.16135352051643764, -0.007050909872952607, -0.055355589447507625, 0.23270942905210587, -0.44070647081152464], "C": [-0.6877395879854922, -0.6877395879854922, -0.6877395879854922, -0.6877395879854922, -0.3867095923215109, -0.6877395879854922, -0.6877395879854922, -0.6877395879854922, -0.6877395879854922, -0.6877395879854922, -0.21061833326582974, -0.6877395879854922], "V": [-1.1464906466948364, -1.1464906466948364, 0.10878185840846952, -0.30139260668057966, 0.10878185840846952, 0.13226295425799237, -0.00036261101659848576, 0.10878185840846952, -0.06730940064721172, 0.05762933596108825, -0.1050979615366115, -0.1050979615366115], "N": [-0.32615131199639635, -0.1500600529407152, 0.07178869667564114, 0.07178869667564114, 0.07178869667564114, 0.11318138183386617, 0.026031206114966017, -0.08311326331010196, -0.025121316332415218, 0.11318138183386617, 0.07178869667564114, -0.9282113033243587], "P": [-1.157602266425593, -0.3125042264113362, -0.2545122794336494, 0.18482041439661312, 0.34754771189431294, 0.20412556959199976, 0.22260897528601292, 0.046517716230331775, 0.14342772923838815, -0.04365891411875626, -0.45863226208957414, -0.2545122794336494], "Q": [-0.058005174188309, -0.2129071341740521, -0.4559451828603466, 0.0211760718593158, 0.05593817811852781, 0.11808608486737225, 0.08812286148992907, 0.11808608486737225, -0.058005174188309, 0.0211760718593158, 0.2844175066338972, -0.058005174188309], "T": [-0.3066822878895965, -0.6746590731841909, -0.4528103235678346, -0.037836975597016605, -0.15178032790385343, -0.15178032790385343, -0.15178032790385343, -0.15178032790385343, 0.07866859347442054, 0.1906423529183528, 0.35336965041605256, -0.19753781846452848], "I": [-0.1228009311658478, -0.5487696634381289, 0.12023711752044666, -0.24773966777414777, 0.0532903278898334, 0.0532903278898334, 0.015501767000433623, -0.1807928781435345, 0.1782290644981334, 0.25286268279503754, -0.1228009311658478, 0.0532903278898334], "E": [-0.43608134430227463, -0.43608134430227463, -0.5152625903498994, -0.010112612029993426, -0.1002892423790814, 0.128190086136288, -0.06810455900768016, 0.128190086136288, -0.010112612029993426, -0.2599900852465933, -0.43608134430227463, -0.5152625903498994], "D": [-0.758447981812058, -0.4574179861480769, -0.4574179861480769, 0.41764327724362316, -0.05947797747603923, 0.35549537049477875, -0.15638799048409566, 0.1957945276272668, -0.01808529231781421, -0.10523546803671438, -0.4574179861480769, -1.0594779774760392], "A": [0.14435131483386807, -0.9348299312137566, -0.28161741743841295, 0.04289367407509104, 0.1065627539444683, -0.08973189119949983, -0.059768667822056636, -0.12191657457090106, 0.019412578225568213, 0.04289367407509104, -0.28161741743841295, -0.4577086764940943], "Y": [-0.02551307926528275, -0.8706111192795395, 0.4516081754543796, -0.26855112795157715, -0.1716411149435208, -0.3934898645598771, -0.26855112795157715, -0.26855112795157715, -0.26855112795157715, -0.1716411149435208, -0.26855112795157715, 0.2085701267680852]}