{"L": [0.3159293542659193, -1.2690331464552371, 1.538321775602367, 0.49650159990774, 0.8684703772946978, -0.13152962270530222, 0.6569662721009862, 0.49650159990774, 1.6569662721009861, 1.3632350690442758, 1.49650159990774, 2.9008918549870755], "G": [1.801356181436161, -2.0059987406214432, -1.0059987406214432, 1.49650159990774, 0.49650159990774, 0.730966853544763, 1.6184921242863506, 1.4090387586574007, 1.1094784767984929, -0.269033146455237, 1.1094784767984929, -2.0059987406214432], "K": [1.0528949484321257, -2.0059987406214432, -0.5909612413425993, -0.7836063192849954, -0.5909612413425993, -0.269033146455237, -0.5909612413425993, 0.3159293542659193, -0.7836063192849954, -0.7836063192849954, -0.269033146455237, -1.5909612413425993], "M": [-0.269033146455237, -1.5909612413425993, 0.2163936807150047, -2.0059987406214432, -1.5909612413425993, -1.2690331464552371, -2.0059987406214432, -2.0059987406214432, -1.5909612413425993, -0.4210362399002871, -2.0059987406214432, 0.4090387586574007], "F": [-1.0059987406214432, -1.0059987406214432, 1.963627610335038, -0.5909612413425993, -0.5909612413425993, -1.0059987406214432, -1.5909612413425993, -1.5909612413425993, -0.7836063192849954, 0.6569662721009862, -1.2690331464552371, 1.801356181436161], "R": [1.730966853544763, 3.8519822545061286, -1.2690331464552371, -2.5909612413425993, -1.0059987406214432, -2.0059987406214432, -0.4210362399002871, -0.269033146455237, -2.0059987406214432, -1.0059987406214432, -0.13152962270530222, -2.0059987406214432], "W": [-3.5909612413425993, -3.5909612413425993, 0.1094784767984928, -2.5909612413425993, -1.5909612413425993, -3.5909612413425993, -2.0059987406214432, -3.5909612413425993, -3.5909612413425993, -1.5909612413425993, -3.5909612413425993, -3.5909612413425993], "H": [-1.5909612413425993, -2.5909612413425993, -1.5909612413425993, -1.2690331464552371, -2.5909612413425993, -1.5909612413425993, -1.5909612413425993, -2.5909612413425993, -1.2690331464552371, -2.0059987406214432, -1.5909612413425993, -3.5909612413425993], "S": [1.2670197537849728, -1.5909612413425993, -0.269033146455237, 0.9326007147144135, 0.9326007147144135, 1.1094784767984929, 1.3632350690442758, 1.2163936807150046, 0.6569662721009862, 0.49650159990774, 1.4534328780158543, -0.7836063192849954], "C": [-3.5909612413425993, -3.5909612413425993, -3.5909612413425993, -3.5909612413425993, -2.5909612413425993, -3.5909612413425993, -3.5909612413425993, -3.5909612413425993, -3.5909612413425993, -3.5909612413425993, -2.0059987406214432, -3.5909612413425993], "V": [-3.5909612413425993, -3.5909612413425993, 0.5789637600997128, -0.7836063192849954, 0.5789637600997128, 0.6569662721009862, 0.2163936807150047, 0.5789637600997128, -0.005998740621443229, 0.4090387586574007, -0.13152962270530222, -0.13152962270530222], "N": [-1.5909612413425993, -1.0059987406214432, -0.269033146455237, -0.269033146455237, -0.269033146455237, -0.13152962270530222, -0.4210362399002871, -0.7836063192849954, -0.5909612413425993, -0.13152962270530222, -0.269033146455237, -3.5909612413425993], "P": [-3.5909612413425993, -0.7836063192849954, -0.5909612413425993, 0.8684703772946978, 1.4090387586574007, 0.9326007147144135, 0.9940012593785568, 0.4090387586574007, 0.730966853544763, 0.1094784767984928, -1.2690331464552371, -0.5909612413425993], "Q": [-0.269033146455237, -0.7836063192849954, -1.5909612413425993, -0.005998740621443229, 0.1094784767984928, 0.3159293542659193, 0.2163936807150047, 0.3159293542659193, -0.269033146455237, -0.005998740621443229, 0.8684703772946978, -0.269033146455237], "T": [-0.7836063192849954, -2.0059987406214432, -1.2690331464552371, 0.1094784767984928, -0.269033146455237, -0.269033146455237, -0.269033146455237, -0.269033146455237, 0.49650159990774, 0.8684703772946978, 1.4090387586574007, -0.4210362399002871], "I": [-0.5909612413425993, -2.0059987406214432, 0.2163936807150047, -1.0059987406214432, -0.005998740621443229, -0.005998740621443229, -0.13152962270530222, -0.7836063192849954, 0.4090387586574007, 0.6569662721009862, -0.5909612413425993, -0.005998740621443229], "E": [-1.0059987406214432, -1.0059987406214432, -1.2690331464552371, 0.4090387586574007, 0.1094784767984928, 0.8684703772946978, 0.2163936807150047, 0.8684703772946978, 0.4090387586574007, -0.4210362399002871, -1.0059987406214432, -1.2690331464552371], "D": [-2.5909612413425993, -1.5909612413425993, -1.5909612413425993, 1.3159293542659194, -0.269033146455237, 1.1094784767984929, -0.5909612413425993, 0.5789637600997128, -0.13152962270530222, -0.4210362399002871, -1.5909612413425993, -3.5909612413425993], "A": [0.9940012593785568, -2.5909612413425993, -0.4210362399002871, 0.6569662721009862, 0.8684703772946978, 0.2163936807150047, 0.3159293542659193, 0.1094784767984928, 0.5789637600997128, 0.6569662721009862, -0.4210362399002871, -1.0059987406214432], "Y": [-0.7836063192849954, -3.5909612413425993, 0.8013561814361608, -1.5909612413425993, -1.2690331464552371, -2.0059987406214432, -1.5909612413425993, -1.5909612413425993, -1.5909612413425993, -1.2690331464552371, -1.5909612413425993, -0.005998740621443229]}