{"L": [0.9568555082994838, -0.42423465905602237, 1.842987543741205, 0.08023792380476609, 0.8637461039080024, 0.5245400175888046, 0.7788572063214895, 0.849940304382972, 1.387905325566959, 0.7933567760166045, 1.5332048787159323, -0.7630365725077807], "G": [-0.4929474091400367, -0.09561191159465161, -0.09561191159465161, 0.3589539518708295, 0.3974280996854654, 0.7193561945728276, 1.2369634274922192, 0.7040894379195173, 0.5070525908599633, -0.5650971948958718, 0.08023792380476609, -2.5285713188707577], "K": [1.3974280996854656, -2.265536913036964, 0.1938947056003332, -0.20664322398339544, -0.8963031033712453, 0.10369689662875482, 0.6730625422988926, 0.4532813344189828, -0.3269374577011074, 0.299247705746562, -0.01760939959337847, -0.3269374577011074], "M": [-0.6025719003145347, -2.391067795120823, -1.0956119115946517, -2.391067795120823, -1.4581819909793599, -2.391067795120823, -2.150059695617028, -1.3910677951208232, -1.6025719003145347, -0.8504994137581202, -1.6025719003145347, -2.265536913036964], "F": [-0.6410460481291705, -1.4581819909793599, 0.734463086963036, -1.9436088181496016, -0.4929474091400367, -1.3269374577011073, -1.9436088181496016, -0.9436088181496018, -0.42423465905602237, 0.08023792380476609, -0.4581819909793599, 1.4256249915161174], "R": [0.9949906371862551, -5.85049941375812, -0.6025719003145347, -0.9436088181496018, -1.5285713188707581, -1.2066432239833955, -0.39106779512082307, -0.6025719003145347, -1.3910677951208232, 1.2047830217430693, -0.3269374577011074, -0.9436088181496018], "W": [-2.8504994137581203, -3.85049941375812, -1.0956119115946517, -4.85049941375812, -1.8504994137581203, -2.265536913036964, -3.2655369130369643, -2.391067795120823, -2.150059695617028, -1.0956119115946517, -3.5285713188707577, 3.637340620064931], "H": [-0.4581819909793599, -3.2655369130369643, -2.043144491700516, -1.4581819909793599, -1.6025719003145347, -1.5285713188707581, -0.9436088181496018, -1.0431444917005162, -1.6025719003145347, -0.2959105620804828, -1.265536913036964, -4.265536913036964], "S": [0.03214363560372086, 2.6963950461295165, 0.4714286811292421, 1.680882046758192, 0.7494134284290074, 0.7788572063214895, 0.41628712693678127, 0.4532813344189828, 0.14950058624187984, 0.3974280996854654, 0.7933567760166045, -2.8504994137581203], "C": [-3.2655369130369643, -2.680574412315808, -1.1500596956170281, -2.265536913036964, -2.5285713188707577, -2.391067795120823, -3.5285713188707577, -2.391067795120823, -2.5285713188707577, -1.8504994137581203, -1.9436088181496016, -5.85049941375812], "V": [0.9696795486570677, 0.8637461039080024, 0.6413536825715543, -0.39106779512082307, 0.4714286811292421, -0.0691397002334606, 0.056391181850398236, 0.3589539518708295, 1.1381852730140458, 0.21558977669965226, 0.6572952264405761, -2.8504994137581203], "N": [-2.043144491700516, -3.043144491700516, -1.3269374577011073, -0.42423465905602237, -0.17807407178662457, -0.3586463174284457, 0.10369689662875482, -0.2959105620804828, -0.0691397002334606, -0.15005969561702806, -0.5650971948958718, -3.85049941375812], "P": [-2.5285713188707577, -1.8504994137581203, -1.6805744123158077, 1.5070525908599635, 0.6572952264405761, 0.14950058624187984, 0.5924440820906082, -0.23578956964291187, -0.23578956964291187, -1.265536913036964, -2.043144491700516, -2.391067795120823], "Q": [-0.42423465905602237, -2.150059695617028, -1.0431444917005162, -0.17807407178662457, -0.4581819909793599, -0.528571318870758, 0.007481581369451924, -0.15005969561702806, 0.1267805097417962, 0.7040894379195173, 0.3783192767377609, -3.043144491700516], "T": [-0.01760939959337847, 2.097867817826557, -0.7212163968131537, 0.14950058624187984, 0.17186839927033415, 0.3783192767377609, -0.09561191159465161, 0.7040894379195173, 0.1938947056003332, 0.056391181850398236, 0.9696795486570677, -3.043144491700516], "I": [0.7642104303570881, -1.4581819909793599, 0.9949906371862551, -0.3269374577011074, -0.0691397002334606, 0.1267805097417962, -0.3269374577011074, 0.10369689662875482, 0.9823906004066215, -0.09561191159465161, 0.3393251451218969, -2.043144491700516], "E": [-1.265536913036964, -2.265536913036964, -2.043144491700516, 0.5418180090206401, 0.6413536825715543, 0.5924440820906082, 0.5418180090206401, 0.4714286811292421, -0.12257895919492093, 0.10369689662875482, 0.6413536825715543, -2.391067795120823], "D": [-1.4581819909793599, -1.2066432239833955, -0.528571318870758, 1.0443183495498234, 0.9949906371862551, 1.6493464733250853, 0.4349028051041281, 0.5070525908599633, -0.15005969561702806, -0.528571318870758, -1.6025719003145347, -2.043144491700516], "A": [1.2155897766996522, 1.5158228004876955, 0.9308602997665395, 0.08023792380476609, 0.8077120689936746, 0.4532813344189828, 0.6886593973499112, 0.734463086963036, 0.3393251451218969, -0.0691397002334606, 0.2580250430200488, -3.5285713188707577], "Y": [-0.9436088181496018, -2.8504994137581203, -0.3269374577011074, -1.7630365725077808, -1.0431444917005162, -1.265536913036964, -1.9436088181496016, -1.3910677951208232, -0.8061052943996669, -0.39106779512082307, -0.7212163968131537, -0.01760939959337847]}