{"L": [1.2294818461227672, 3.0246620542342693, 0.4639470997597901, 1.3899465183160133, 0.31194400631474006, 1.0489096004809462, 1.142019004872428, 0.14201900487242788, 0.7269815055935841, 0.949373926930032, -0.8579809951275721, 3.2081081953302006], "G": [-0.8579809951275721, -2.8579809951275723, -2.8579809951275723, -0.27301849440641596, -1.273018494406416, -0.8579809951275721, -0.8579809951275721, -0.5360529002402099, 0.31194400631474006, -0.27301849440641596, -0.050626073069968115, -2.8579809951275723], "K": [-2.8579809951275723, -0.8579809951275721, 2.271302021817394, 1.142019004872428, 1.7858751946471527, 0.6014506235097251, 0.14201900487242788, 1.142019004872428, -0.050626073069968115, 0.8424587230135199, -1.8579809951275723, -2.8579809951275723], "M": [0.949373926930032, 0.4639470997597901, 0.14201900487242788, -1.273018494406416, -2.8579809951275723, -1.8579809951275723, -0.8579809951275721, -1.273018494406416, -1.8579809951275723, -1.8579809951275723, -1.273018494406416, -0.8579809951275721], "F": [1.726981505593584, 0.31194400631474006, 0.14201900487242788, -0.5360529002402099, -0.5360529002402099, 1.6014506235097252, -0.050626073069968115, -0.050626073069968115, 1.0489096004809462, 0.14201900487242788, -0.050626073069968115, 1.6014506235097252], "R": [-0.5360529002402099, -1.273018494406416, 2.601450623509725, 1.0489096004809462, 2.4639470997597903, 0.4639470997597901, 0.7269815055935841, 1.0489096004809462, 0.6014506235097251, 0.4639470997597901, -0.8579809951275721, -2.8579809951275723], "W": [-1.273018494406416, -2.8579809951275723, -0.8579809951275721, -1.8579809951275723, -1.273018494406416, -1.273018494406416, -2.8579809951275723, -2.8579809951275723, -1.273018494406416, -2.8579809951275723, -1.273018494406416, -2.8579809951275723], "H": [-1.8579809951275723, -1.273018494406416, -0.8579809951275721, -0.050626073069968115, 0.6014506235097251, -0.27301849440641596, -2.8579809951275723, 0.6014506235097251, -0.8579809951275721, -2.8579809951275723, -0.8579809951275721, -2.8579809951275723], "S": [1.3899465183160133, -0.5360529002402099, -0.27301849440641596, 0.6014506235097251, 0.14201900487242788, 1.2294818461227672, 1.2294818461227672, 1.0489096004809462, 0.949373926930032, 0.6014506235097251, 2.0489096004809464, -1.8579809951275723], "C": [-0.8579809951275721, -2.8579809951275723, -2.8579809951275723, -0.8579809951275721, -2.8579809951275723, -2.8579809951275723, -0.8579809951275721, -2.8579809951275723, -1.8579809951275723, -0.27301849440641596, -1.273018494406416, -2.8579809951275723], "V": [-0.5360529002402099, -0.050626073069968115, -2.8579809951275723, -0.27301849440641596, -2.8579809951275723, 0.31194400631474006, -0.27301849440641596, 0.4639470997597901, -0.27301849440641596, -0.27301849440641596, 0.6014506235097251, 1.726981505593584], "N": [0.8424587230135199, -0.8579809951275721, -0.5360529002402099, 0.14201900487242788, -0.27301849440641596, -0.050626073069968115, -1.8579809951275723, -0.5360529002402099, -0.5360529002402099, 0.4639470997597901, -2.8579809951275723, -2.8579809951275723], "P": [-2.8579809951275723, 1.665580960929441, -1.273018494406416, -1.8579809951275723, -1.273018494406416, -0.5360529002402099, 0.14201900487242788, 0.31194400631474006, -0.8579809951275721, -0.050626073069968115, 1.6014506235097252, -2.8579809951275723], "Q": [-2.8579809951275723, -1.8579809951275723, -0.8579809951275721, -0.050626073069968115, -0.27301849440641596, -1.273018494406416, 0.4639470997597901, -1.8579809951275723, -0.8579809951275721, 0.31194400631474006, -0.050626073069968115, -2.8579809951275723], "T": [0.31194400631474006, -2.8579809951275723, -1.8579809951275723, -0.8579809951275721, -0.27301849440641596, -0.8579809951275721, 0.6014506235097251, -0.050626073069968115, -0.8579809951275721, 0.6014506235097251, -0.27301849440641596, -2.8579809951275723], "I": [-1.273018494406416, -0.27301849440641596, -2.8579809951275723, -0.27301849440641596, 0.14201900487242788, 0.6014506235097251, -0.5360529002402099, -0.050626073069968115, 0.4639470997597901, -0.050626073069968115, -0.8579809951275721, 0.8424587230135199], "E": [0.14201900487242788, -2.8579809951275723, -2.8579809951275723, -0.27301849440641596, -2.8579809951275723, -0.8579809951275721, 0.8424587230135199, -0.5360529002402099, -0.27301849440641596, -1.273018494406416, -0.27301849440641596, -2.8579809951275723], "D": [-0.8579809951275721, -2.8579809951275723, -2.8579809951275723, -1.273018494406416, -2.8579809951275723, -2.8579809951275723, -0.8579809951275721, -1.273018494406416, -0.5360529002402099, -2.8579809951275723, -0.8579809951275721, -2.8579809951275723], "A": [-1.273018494406416, -0.27301849440641596, -0.27301849440641596, 0.6014506235097251, -1.8579809951275723, -0.050626073069968115, 0.4639470997597901, 0.4639470997597901, 1.0489096004809462, 0.949373926930032, 1.0489096004809462, 0.14201900487242788], "Y": [-0.27301849440641596, -2.8579809951275723, -1.8579809951275723, -0.8579809951275721, -0.27301849440641596, -1.273018494406416, -1.273018494406416, -0.27301849440641596, -0.050626073069968115, -0.050626073069968115, -1.8579809951275723, -2.8579809951275723]}