{"L": [0.7470192588301291, -2.8379432418910273, 0.4839848529963352, 0.16205675810897274, 1.0689473537174914, 0.4839848529963352, 1.1620567581089727, 0.4839848529963352, 0.8624964762500651, 1.3319817595512853, 1.4099842715525583, 3.1844245711374275], "G": [-0.030588319833423062, -2.8379432418910273, -1.2529807411698708, 0.4839848529963352, 0.7470192588301291, -0.2529807411698709, -0.5160151470036648, -0.2529807411698709, 0.16205675810897274, 0.3319817595512853, -0.030588319833423062, -2.8379432418910273], "K": [-0.2529807411698709, -2.8379432418910273, 0.3319817595512853, 0.6214883767462703, -0.5160151470036648, 0.16205675810897274, 0.4839848529963352, -0.2529807411698709, -0.5160151470036648, -0.030588319833423062, -0.8379432418910272, -2.8379432418910273], "M": [-0.030588319833423062, -2.8379432418910273, -1.2529807411698708, -1.8379432418910273, -0.8379432418910272, -1.8379432418910273, -1.2529807411698708, -2.8379432418910273, -2.8379432418910273, -0.8379432418910272, -1.2529807411698708, 0.16205675810897274], "F": [1.9169442602724411, -1.2529807411698708, 0.969411680166577, 0.3319817595512853, 0.3319817595512853, 0.3319817595512853, 0.6214883767462703, 0.7470192588301291, 0.6214883767462703, 0.3319817595512853, -0.2529807411698709, 1.4099842715525583], "R": [-0.2529807411698709, 3.6214883767462704, 0.7470192588301291, -0.030588319833423062, 0.969411680166577, 0.16205675810897274, 0.3319817595512853, 1.1620567581089727, 1.0689473537174914, 0.4839848529963352, -0.030588319833423062, -2.8379432418910273], "W": [-1.2529807411698708, -2.8379432418910273, -1.2529807411698708, -1.8379432418910273, -0.030588319833423062, -1.2529807411698708, -1.8379432418910273, -1.8379432418910273, -2.8379432418910273, -2.8379432418910273, -0.8379432418910272, -2.8379432418910273], "H": [-0.5160151470036648, -1.8379432418910273, -1.2529807411698708, -1.2529807411698708, -0.2529807411698709, -0.5160151470036648, -1.8379432418910273, -0.5160151470036648, -0.8379432418910272, -0.5160151470036648, -0.8379432418910272, -2.8379432418910273], "S": [1.2495195993593122, 0.6214883767462703, 0.4839848529963352, 0.969411680166577, 0.3319817595512853, 1.2495195993593122, 0.8624964762500651, 0.969411680166577, 1.2495195993593122, 1.0689473537174914, 0.4839848529963352, -2.8379432418910273], "C": [-1.8379432418910273, -2.8379432418910273, -2.8379432418910273, -0.5160151470036648, -2.8379432418910273, -0.2529807411698709, -1.8379432418910273, -1.8379432418910273, -1.8379432418910273, -0.8379432418910272, -2.8379432418910273, -2.8379432418910273], "V": [-0.8379432418910272, -2.8379432418910273, 0.4839848529963352, -0.2529807411698709, 0.16205675810897274, 0.3319817595512853, 0.3319817595512853, 0.16205675810897274, 0.16205675810897274, -0.2529807411698709, 0.6214883767462703, 1.8059129478836977], "N": [-1.2529807411698708, -2.8379432418910273, 0.7470192588301291, 0.3319817595512853, 0.6214883767462703, -0.8379432418910272, 0.4839848529963352, 0.3319817595512853, 0.16205675810897274, -0.5160151470036648, -0.5160151470036648, -2.8379432418910273], "P": [-2.8379432418910273, -2.8379432418910273, 0.16205675810897274, 0.4839848529963352, 0.16205675810897274, -0.2529807411698709, 0.3319817595512853, 0.16205675810897274, 0.6214883767462703, -1.2529807411698708, 0.16205675810897274, -2.8379432418910273], "Q": [-2.8379432418910273, -1.2529807411698708, -1.2529807411698708, -0.5160151470036648, -0.5160151470036648, -0.8379432418910272, -0.2529807411698709, 0.16205675810897274, -0.2529807411698709, 0.4839848529963352, -1.2529807411698708, -2.8379432418910273], "T": [0.3319817595512853, -0.2529807411698709, -0.8379432418910272, -0.5160151470036648, -0.2529807411698709, -0.2529807411698709, -0.030588319833423062, -0.8379432418910272, -0.5160151470036648, 0.8624964762500651, 0.6214883767462703, -2.8379432418910273], "I": [0.6214883767462703, -2.8379432418910273, 0.4839848529963352, -1.8379432418910273, -0.8379432418910272, 0.4839848529963352, -0.030588319833423062, -0.030588319833423062, 0.6214883767462703, -0.030588319833423062, 0.6214883767462703, 1.0689473537174914], "E": [-2.8379432418910273, -2.8379432418910273, -1.2529807411698708, 0.8624964762500651, -0.5160151470036648, 0.6214883767462703, -0.5160151470036648, -0.030588319833423062, -2.8379432418910273, -0.2529807411698709, 0.6214883767462703, -2.8379432418910273], "D": [-2.8379432418910273, -2.8379432418910273, -0.8379432418910272, -0.8379432418910272, -0.8379432418910272, -0.5160151470036648, 0.16205675810897274, -0.5160151470036648, -0.2529807411698709, -1.8379432418910273, -0.8379432418910272, -2.8379432418910273], "A": [-0.030588319833423062, -0.2529807411698709, -0.030588319833423062, 1.1620567581089727, 0.16205675810897274, 0.16205675810897274, -0.030588319833423062, 0.16205675810897274, -0.030588319833423062, 0.16205675810897274, -0.5160151470036648, -0.8379432418910272], "Y": [0.969411680166577, 1.3319817595512853, 1.0689473537174914, -1.8379432418910273, -1.8379432418910273, -0.2529807411698709, -1.8379432418910273, -0.5160151470036648, -0.8379432418910272, -1.8379432418910273, 0.3319817595512853, -0.5160151470036648]}