{"L": [0.6387852002273028, 3.579150500386909, 1.688710425558985, 0.7369655941662061, 1.3092170431378083, 1.088950922909748, 0.7369655941662061, 0.5551272711803932, 1.088950922909748, 1.5658536777734517, 1.383855844030564, 2.6984914463515706], "G": [0.6788626396026379, -0.3410369178350672, -0.604071323668861, 0.9968327209213171, 1.088950922909748, 0.8465900853407045, 0.5975625375007897, 1.0740005814437767, 0.5551272711803932, -0.5567656088905041, -0.05153030064008223, -2.5109619192773796], "K": [1.2572224054995471, -2.9259994185562235, -1.604071323668861, -0.6529809241498072, -0.9873999632203667, -0.18903382439001706, -0.1534099146592956, -0.3015085536484296, 0.13289427049734517, -0.8105222011362875, -0.05153030064008223, -0.9873999632203667], "M": [-0.9873999632203667, 0.04362693240025802, -0.0846971645752815, -2.703606997219776, -1.5109619192773793, -1.2630344058337941, -1.7036069972197756, -2.5109619192773796, -1.2630344058337941, -0.9873999632203667, -1.8105222011362874, -1.1890338243900171], "F": [1.5765009219729598, -2.0515303006400822, 1.1472495634744153, -0.604071323668861, 0.27039779424728017, 0.774440299584869, -0.3410369178350672, 0.6984914463515703, -0.11864449649861925, 0.07400058144377678, 0.24392558288608912, -1.604071323668861], "R": [-0.4234990780270402, -3.925999418556223, -2.189033824390017, -1.3410369178350672, -1.5109619192773793, -1.7036069972197756, -1.1186444964986193, -0.604071323668861, -0.5109619192773794, -1.5109619192773793, 0.13289427049734517, -1.5109619192773793], "W": [-2.3410369178350674, -5.5109619192773796, -0.381678902332413, -2.5109619192773796, -1.7036069972197756, -3.5109619192773796, -2.5109619192773796, -3.189033824390017, -1.604071323668861, -1.604071323668861, -2.9259994185562235, -4.5109619192773796], "H": [-2.189033824390017, -5.5109619192773796, -1.5109619192773793, -1.8105222011362874, -1.7036069972197756, -0.9873999632203667, -1.8105222011362874, -2.703606997219776, -1.2630344058337941, -0.8671057295026549, -1.4234990780270402, -4.5109619192773796], "S": [0.8813555035013807, -1.7036069972197756, 0.07400058144377678, 0.012600036779633266, 0.18947779886371255, 0.7369655941662061, 0.32192809488736235, 0.618321097667587, 0.9153028354247185, 0.48903808072262056, 0.6387852002273028, -1.5109619192773793], "C": [-3.5109619192773796, -5.5109619192773796, -3.5109619192773796, -1.7036069972197756, -2.3410369178350674, -2.0515303006400822, -2.5109619192773796, -3.5109619192773796, -2.5109619192773796, -2.703606997219776, -2.189033824390017, -4.5109619192773796], "V": [0.4197754182855068, 0.618321097667587, -0.26303440583379395, -0.9873999632203667, 0.5551272711803932, 0.34701907585019276, 1.0126000367796333, 0.511405893751075, 0.21695853528581982, 1.1037479248378288, 0.012600036779633266, 2.4890380807226204], "N": [-1.0515303006400822, -3.925999418556223, -0.9873999632203667, -0.05153030064008223, -1.604071323668861, -0.3410369178350672, -0.3015085536484296, -0.22555970041513101, -0.7036069972197755, -0.7036069972197755, -0.5567656088905041, -3.5109619192773796], "P": [-2.3410369178350674, -3.189033824390017, -0.9873999632203667, 0.24392558288608912, 0.46631800422253716, 0.21695853528581982, 0.618321097667587, -0.05153030064008223, 0.13289427049734517, -0.1534099146592956, -0.0846971645752815, -2.3410369178350674], "Q": [-2.189033824390017, -0.7036069972197755, -0.8671057295026549, -1.1890338243900171, -0.18903382439001706, -0.5109619192773794, -0.46656779991892583, -0.26303440583379395, -0.5109619192773794, 0.16146342269411632, 0.32192809488736235, -3.925999418556223], "T": [0.10374792483782874, -0.9259994185562233, -1.0515303006400822, -0.4234990780270402, -0.381678902332413, -0.18903382439001706, 0.5765009219729599, 0.16146342269411632, 0.774440299584869, 0.16146342269411632, 0.9484696993599178, -0.3015085536484296], "I": [-0.18903382439001706, 0.511405893751075, 1.1183947008022304, -1.1186444964986193, 0.618321097667587, -0.11864449649861925, -0.1534099146592956, 0.13289427049734517, 0.5551272711803932, 0.5551272711803932, -0.8671057295026549, 0.5334322000810742], "E": [-2.189033824390017, -0.5567656088905041, -0.8105222011362875, 1.5658536777734517, 0.8288880836072452, 0.8109661756099831, 0.8109661756099831, 0.7928188288997235, 0.16146342269411632, 0.29639300278022457, 0.48903808072262056, -2.189033824390017], "D": [-3.189033824390017, -5.5109619192773796, 0.29639300278022457, 1.972853857986877, 0.4432343911094959, 0.8465900853407045, 0.4432343911094959, 0.16146342269411632, -0.381678902332413, -0.4234990780270402, -0.8105222011362875, -2.3410369178350674], "A": [0.8465900853407045, -1.3410369178350672, 1.0126000367796333, 0.24392558288608912, 0.16146342269411632, -0.46656779991892583, 0.4432343911094959, 0.774440299584869, 0.3959286763311391, 0.32192809488736235, 0.618321097667587, 0.9968327209213171], "Y": [0.6387852002273028, -3.189033824390017, 0.3716811300844621, -1.5109619192773793, -1.2630344058337941, -1.9259994185562235, -0.9259994185562233, -1.2630344058337941, -0.9873999632203667, -0.22555970041513101, -0.4234990780270402, -0.756074417113911]}