{"L": [1.0655883416275769, 1.525019960264874, -2.1043366598147357, 0.918031153213719, 0.8498596505721395, 0.677023053709924, 0.7536443353128365, 1.0655883416275769, 0.7030182622428686, 0.650550842348733, 1.9290863417227149, -1.4038969416736435], "G": [-0.9344116583724232, -2.7824085649273735, -2.1043366598147357, 0.35509495882256176, 0.5395195299599891, 0.8264006777481507, 1.1810655590475125, 0.677023053709924, 1.3550949588225618, 0.8729432636851809, -0.34944915765126716, -3.5193741590935796], "K": [-0.9344116583724232, -3.5193741590935796, -3.5193741590935796, 0.21759143507262657, -1.7824085649273735, 0.21759143507262657, 0.4806258409064204, 0.14359085362884985, 0.253215344803348, -1.4038969416736435, 0.419225296242277, -2.1043366598147357], "M": [-0.8564091463711501, -1.7824085649273735, -0.9344116583724232, -1.9344116583724231, -2.5193741590935796, -2.1043366598147357, -1.9344116583724231, -1.2969817377571315, -0.7120192370359754, -0.7120192370359754, -1.4038969416736435, -3.5193741590935796], "F": [0.6235837947484635, -5.104336659814736, -2.5193741590935796, -0.34944915765126716, -0.0599425404562821, -1.1043366598147357, -1.1043366598147357, -1.6449050411774382, 0.28798076296402464, -0.7120192370359754, 0.21759143507262657, -2.2969817377571315], "R": [-1.6449050411774382, -5.104336659814736, -3.1043366598147353, -0.7824085649273734, -0.7824085649273734, -0.580774703757723, -0.34944915765126716, -0.460480470040011, -1.2969817377571315, -1.1043366598147357, 0.21759143507262657, -5.104336659814736], "W": [-2.2969817377571315, -5.104336659814736, -5.104336659814736, -2.7824085649273735, -2.5193741590935796, -1.4038969416736435, -2.5193741590935796, -2.5193741590935796, -3.1043366598147353, -1.5193741590935796, -2.5193741590935796, -5.104336659814736], "H": [-1.4038969416736435, -5.104336659814736, -3.5193741590935796, -1.5193741590935796, -1.5193741590935796, -0.8564091463711501, -1.2969817377571315, -0.7824085649273734, -1.2969817377571315, -0.9344116583724232, -0.7824085649273734, -5.104336659814736], "S": [0.28798076296402464, 2.539519529959989, -0.580774703757723, 0.650550842348733, 1.1244820306811452, 0.9831261814356037, 0.8729432636851809, 0.7536443353128365, 1.0041877969634334, 1.6638476649621907, 0.8498596505721395, -5.104336659814736], "C": [-5.104336659814736, -5.104336659814736, -5.104336659814736, -4.104336659814735, -3.5193741590935796, -5.104336659814736, -4.104336659814735, -3.5193741590935796, -2.7824085649273735, -2.2969817377571315, -5.104336659814736, -5.104336659814736], "V": [0.7783063895471055, 0.961752530643037, -1.9344116583724231, 0.32192809488736235, 0.677023053709924, 0.06558834162757689, 0.10511670581421409, 0.28798076296402464, 0.10511670581421409, -0.0599425404562821, -0.15014034942786048, -2.7824085649273735], "N": [0.024946357130230908, -5.104336659814736, -2.2969817377571315, -0.19744606420621708, -0.9344116583724232, -0.016873818564396376, -0.5193741590935796, -1.0168738185643964, -0.460480470040011, 0.7536443353128365, -0.5193741590935796, -4.104336659814735], "P": [-0.9344116583724232, -5.104336659814736, -1.9344116583724231, 0.35509495882256176, 0.7536443353128365, -0.7824085649273734, 0.253215344803348, -0.24635566468716355, -0.7120192370359754, -2.5193741590935796, -3.5193741590935796, -5.104336659814736], "Q": [-0.24635566468716355, -3.1043366598147353, -1.2969817377571315, -0.580774703757723, -0.15014034942786048, -0.19744606420621708, -0.15014034942786048, -0.15014034942786048, -0.40389694167364365, -0.0599425404562821, -0.0599425404562821, -5.104336659814736], "T": [0.650550842348733, 2.5961030583263565, -1.5193741590935796, -0.0599425404562821, 0.32192809488736235, 0.32192809488736235, 0.253215344803348, 0.28798076296402464, 0.8264006777481507, 0.35509495882256176, -0.016873818564396376, -5.104336659814736], "I": [0.06558834162757689, -0.016873818564396376, -3.1043366598147353, 0.06558834162757689, 0.32192809488736235, -0.34944915765126716, -0.7120192370359754, 0.024946357130230908, 0.419225296242277, -1.2969817377571315, -1.0168738185643964, -5.104336659814736], "E": [0.18106555904751248, -0.7824085649273734, 2.6638476649621907, 0.9831261814356037, 0.35509495882256176, 0.677023053709924, 0.5961030583263565, 1.0655883416275769, -0.19744606420621708, 0.14359085362884985, 0.5961030583263565, -5.104336659814736], "D": [-0.460480470040011, -1.2969817377571315, 3.100234484434468, 0.7536443353128365, 0.28798076296402464, 1.2175914350726267, 0.7285533543500059, 0.3875164365149392, -0.580774703757723, 0.7285533543500059, -0.7120192370359754, -5.104336659814736], "A": [0.6235837947484635, -0.7120192370359754, 0.024946357130230908, 0.419225296242277, 0.7030182622428686, -0.15014034942786048, 0.419225296242277, 0.5961030583263565, 0.3875164365149392, 0.6235837947484635, 0.5103731843004725, -3.1043366598147353], "Y": [1.3219280948873624, -5.104336659814736, -1.6449050411774382, -0.24635566468716355, -0.7120192370359754, -0.2969817377571315, -1.0168738185643964, -0.7120192370359754, -0.7824085649273734, -0.9344116583724232, 0.14359085362884985, 4.213075953950134]}