{"L": [-1.011972641666076, 0.3099554532212862, -0.5969351423872322, -0.2750070474998698, 0.49052769886310726, -0.2750070474998698, -0.4270101409449199, -0.5969351423872322, 0.21041977967037184, -0.13750352374993496, 0.5729898590550802, 2.4254326706412224], "G": [0.7249929525001303, 1.2610458527403399, 1.490527698863107, 1.7606168622308513, 1.490527698863107, 1.6509923710563532, 1.5323478745577341, 1.4474589769712212, 1.4474589769712212, 1.7606168622308513, 0.7249929525001303, 0.3099554532212862], "K": [-0.13750352374993496, -0.2750070474998698, 0.10350457575385998, 0.3099554532212862, 0.21041977967037184, 0.8624964762500651, 0.9266268136697806, 0.8624964762500651, 0.7249929525001303, 0.5729898590550802, 0.21041977967037184, 0.7249929525001303], "M": [-2.011972641666076, -2.011972641666076, -1.2750070474998698, -3.5969351423872324, -3.5969351423872324, -2.011972641666076, -2.011972641666076, -3.5969351423872324, -3.5969351423872324, -2.596935142387232, -3.5969351423872324, -1.2750070474998698], "F": [-2.596935142387232, -3.5969351423872324, -1.011972641666076, -0.5969351423872322, -2.011972641666076, -0.7895802203296283, -2.011972641666076, -1.5969351423872324, -0.5969351423872322, -1.5969351423872324, -2.011972641666076, 0.10350457575385998], "R": [0.9880273583339241, -0.13750352374993496, 2.403064857612768, -1.2750070474998698, -0.13750352374993496, -0.4270101409449199, -0.4270101409449199, 0.10350457575385998, 0.10350457575385998, 0.49052769886310726, -0.13750352374993496, -0.7895802203296283], "W": [-3.5969351423872324, -3.5969351423872324, -3.5969351423872324, -2.011972641666076, -3.5969351423872324, -2.596935142387232, -3.5969351423872324, -3.5969351423872324, -2.011972641666076, -3.5969351423872324, -3.5969351423872324, -3.5969351423872324], "H": [-0.5969351423872322, -1.011972641666076, -0.7895802203296283, -0.2750070474998698, -2.011972641666076, -0.7895802203296283, -0.4270101409449199, -1.011972641666076, -0.5969351423872322, 0.3099554532212862, -0.4270101409449199, -2.596935142387232], "S": [2.2104197796703717, 0.6509923710563532, 0.5729898590550802, 0.7249929525001303, 1.5323478745577341, 0.9880273583339241, 1.3099554532212863, 1.5323478745577341, 1.210419779670372, 1.1579523597762365, 1.6509923710563532, 1.0469210473874924], "C": [-3.5969351423872324, -3.5969351423872324, -3.5969351423872324, -2.596935142387232, -3.5969351423872324, -3.5969351423872324, -3.5969351423872324, -2.596935142387232, -2.596935142387232, -3.5969351423872324, -3.5969351423872324, -3.5969351423872324], "V": [0.49052769886310726, -0.4270101409449199, -1.011972641666076, -0.2750070474998698, -0.5969351423872322, 0.10350457575385998, 0.21041977967037184, -0.7895802203296283, -0.4270101409449199, 0.10350457575385998, 0.4030648576127679, -1.011972641666076], "N": [-1.011972641666076, -1.5969351423872324, -1.011972641666076, 0.21041977967037184, -0.7895802203296283, -0.13750352374993496, -1.5969351423872324, -0.13750352374993496, -0.5969351423872322, -1.011972641666076, -0.13750352374993496, -0.13750352374993496], "P": [-1.011972641666076, 2.7781042889596925, -0.7895802203296283, 0.9266268136697806, 0.9880273583339241, 0.3099554532212862, 0.8624964762500651, 0.49052769886310726, -0.2750070474998698, 0.6509923710563532, -0.7895802203296283, -0.4270101409449199], "Q": [-2.596935142387232, -2.011972641666076, -2.011972641666076, -0.5969351423872322, -0.2750070474998698, -0.5969351423872322, -0.011972641666075944, -0.011972641666075944, -0.5969351423872322, 0.8624964762500651, 0.10350457575385998, -1.011972641666076], "T": [1.10350457575386, -0.7895802203296283, -0.13750352374993496, 0.7249929525001303, 0.6509923710563532, 0.6509923710563532, 0.7249929525001303, -0.011972641666075944, 0.8624964762500651, -0.2750070474998698, 0.3099554532212862, -1.011972641666076], "I": [-1.2750070474998698, -0.5969351423872322, -0.13750352374993496, -0.7895802203296283, -0.5969351423872322, -0.5969351423872322, -1.5969351423872324, -0.4270101409449199, -0.5969351423872322, -1.5969351423872324, -0.011972641666075944, -0.7895802203296283], "E": [-2.011972641666076, 0.10350457575385998, 0.21041977967037184, 0.3099554532212862, 0.49052769886310726, -0.011972641666075944, 0.4030648576127679, 0.7249929525001303, 0.21041977967037184, -0.2750070474998698, 0.6509923710563532, 0.5729898590550802], "D": [-0.4270101409449199, -0.2750070474998698, -0.13750352374993496, -0.2750070474998698, -0.2750070474998698, 0.5729898590550802, 0.3099554532212862, -0.7895802203296283, -1.011972641666076, -1.011972641666076, -0.7895802203296283, -1.011972641666076], "A": [1.403064857612768, -0.5969351423872322, 0.10350457575385998, 0.4030648576127679, 0.49052769886310726, 0.10350457575385998, -0.2750070474998698, 0.49052769886310726, 0.6509923710563532, 0.21041977967037184, 1.0469210473874924, -0.011972641666075944], "Y": [-1.011972641666076, -2.011972641666076, -1.2750070474998698, -1.2750070474998698, -2.011972641666076, -2.596935142387232, -1.5969351423872324, -1.2750070474998698, -0.4270101409449199, -2.011972641666076, -1.5969351423872324, -0.4270101409449199]}