{"L": [-1.560714954474479, -1.560714954474479, 2.3461756411340398, 0.024247546246677208, 1.439285045525521, 0.024247546246677208, 0.43928504552552106, 0.024247546246677208, 0.7612131404128833, 2.2466399675831252, 0.7612131404128833, 1.439285045525521], "G": [0.43928504552552106, -1.560714954474479, -1.560714954474479, 1.0242475462466774, 0.7612131404128833, 0.024247546246677208, 1.7612131404128835, 1.6092100469678334, 0.43928504552552106, -0.5607149544744789, 1.6092100469678334, -1.560714954474479], "K": [3.024247546246677, -1.560714954474479, -1.560714954474479, -1.560714954474479, -1.560714954474479, 0.43928504552552106, 0.024247546246677208, 0.43928504552552106, -1.560714954474479, -0.5607149544744789, -1.560714954474479, 1.2466399675831252], "M": [-1.560714954474479, -1.560714954474479, 0.024247546246677208, -1.560714954474479, -1.560714954474479, -1.560714954474479, -1.560714954474479, -1.560714954474479, -1.560714954474479, -0.5607149544744789, -1.560714954474479, 0.024247546246677208], "F": [-1.560714954474479, -1.560714954474479, 2.7612131404128832, -1.560714954474479, 0.43928504552552106, -1.560714954474479, -1.560714954474479, -1.560714954474479, 0.43928504552552106, 1.0242475462466774, -0.5607149544744789, 2.8316024683042813], "R": [2.439285045525521, 4.297266040653094, -1.560714954474479, -1.560714954474479, -1.560714954474479, -1.560714954474479, -1.560714954474479, -0.5607149544744789, -1.560714954474479, -0.5607149544744789, 0.7612131404128833, 0.7612131404128833], "W": [-1.560714954474479, -1.560714954474479, -0.5607149544744789, -1.560714954474479, -1.560714954474479, -1.560714954474479, -1.560714954474479, -1.560714954474479, -1.560714954474479, -0.5607149544744789, -1.560714954474479, -1.560714954474479], "H": [0.7612131404128833, -1.560714954474479, -1.560714954474479, -1.560714954474479, -1.560714954474479, -1.560714954474479, -1.560714954474479, -0.5607149544744789, -1.560714954474479, -1.560714954474479, -1.560714954474479, -1.560714954474479], "S": [0.7612131404128833, -1.560714954474479, -1.560714954474479, 0.024247546246677208, 0.7612131404128833, 1.8987166641628184, 0.7612131404128833, 1.0242475462466774, 1.6092100469678334, -0.5607149544744789, 1.0242475462466774, -1.560714954474479], "C": [-1.560714954474479, -1.560714954474479, -1.560714954474479, -1.560714954474479, -1.560714954474479, -1.560714954474479, -1.560714954474479, -1.560714954474479, -1.560714954474479, -1.560714954474479, -1.560714954474479, -1.560714954474479], "V": [-1.560714954474479, -1.560714954474479, 0.43928504552552106, -1.560714954474479, 0.024247546246677208, 1.2466399675831252, 0.7612131404128833, -0.5607149544744789, 0.024247546246677208, 0.7612131404128833, 1.0242475462466774, -1.560714954474479], "N": [-1.560714954474479, -1.560714954474479, 0.024247546246677208, 1.2466399675831252, 0.024247546246677208, 0.43928504552552106, -0.5607149544744789, 0.024247546246677208, -1.560714954474479, -0.5607149544744789, -0.5607149544744789, -1.560714954474479], "P": [-1.560714954474479, -1.560714954474479, -1.560714954474479, 0.7612131404128833, 1.2466399675831252, 0.43928504552552106, 1.2466399675831252, 1.2466399675831252, 0.43928504552552106, -1.560714954474479, -1.560714954474479, -1.560714954474479], "Q": [-1.560714954474479, -1.560714954474479, -1.560714954474479, 0.43928504552552106, -1.560714954474479, -1.560714954474479, -1.560714954474479, -1.560714954474479, -0.5607149544744789, -1.560714954474479, 0.43928504552552106, -1.560714954474479], "T": [-1.560714954474479, -1.560714954474479, -1.560714954474479, 0.7612131404128833, 1.0242475462466774, 0.024247546246677208, -1.560714954474479, -0.5607149544744789, 0.43928504552552106, 0.43928504552552106, 0.43928504552552106, -1.560714954474479], "I": [-1.560714954474479, -1.560714954474479, 0.7612131404128833, -1.560714954474479, 1.0242475462466774, -1.560714954474479, 0.7612131404128833, 0.43928504552552106, 1.2466399675831252, 1.6092100469678334, -1.560714954474479, -1.560714954474479], "E": [-1.560714954474479, -1.560714954474479, -1.560714954474479, 0.024247546246677208, -0.5607149544744789, 0.024247546246677208, 0.7612131404128833, 0.024247546246677208, 0.43928504552552106, -1.560714954474479, 0.43928504552552106, -1.560714954474479], "D": [-1.560714954474479, -1.560714954474479, -1.560714954474479, 1.7612131404128835, 0.024247546246677208, 1.7612131404128835, -1.560714954474479, 0.43928504552552106, 1.0242475462466774, -0.5607149544744789, -0.5607149544744789, -1.560714954474479], "A": [-0.5607149544744789, -1.560714954474479, 0.024247546246677208, 0.7612131404128833, -0.5607149544744789, 0.43928504552552106, 1.2466399675831252, 0.43928504552552106, 0.43928504552552106, 0.024247546246677208, 0.43928504552552106, -1.560714954474479], "Y": [-1.560714954474479, -1.560714954474479, 0.024247546246677208, -1.560714954474479, -0.5607149544744789, -1.560714954474479, -1.560714954474479, -0.5607149544744789, -1.560714954474479, -0.5607149544744789, 0.024247546246677208, 2.3461756411340398]}