{"L": [0.30697775342139094, 1.0439433475875968, 1.8919402541425472, -0.2779847472997654, 0.8919402541425471, 1.0439433475875968, 0.7220152527002346, 0.7220152527002346, 1.7220152527002348, 1.181446871337532, 1.3069777534213909, 0.5293701747578385], "G": [-2.2779847472997656, -0.2779847472997654, 0.04394334758759686, 0.8919402541425471, 0.8919402541425471, 0.8919402541425471, 0.30697775342139094, 0.5293701747578385, 0.5293701747578385, -0.2779847472997654, 0.5293701747578385, -2.2779847472997656], "K": [1.5293701747578385, -1.2779847472997654, 1.0439433475875968, -2.2779847472997656, -1.2779847472997654, -0.2779847472997654, 0.5293701747578385, 0.04394334758759686, -1.2779847472997654, -0.6930222465786091, 0.7220152527002346, 1.8919402541425472], "M": [-2.2779847472997656, -2.2779847472997656, -2.2779847472997656, -2.2779847472997656, -1.2779847472997654, -1.2779847472997654, -2.2779847472997656, -2.2779847472997656, -2.2779847472997656, -2.2779847472997656, -1.2779847472997654, -2.2779847472997656], "F": [-0.6930222465786091, -0.6930222465786091, 1.3069777534213909, -1.2779847472997654, 1.8094780939505741, -0.6930222465786091, 0.5293701747578385, 0.30697775342139094, 0.5293701747578385, 0.8919402541425471, 0.7220152527002346, -2.2779847472997656], "R": [2.2455772087572474, -2.2779847472997656, -0.6930222465786091, -2.2779847472997656, -1.2779847472997654, -1.2779847472997654, -2.2779847472997656, -1.2779847472997654, -0.2779847472997654, 0.8919402541425471, 0.7220152527002346, 3.830539709478404], "W": [-2.2779847472997656, -2.2779847472997656, -0.2779847472997654, -2.2779847472997656, -2.2779847472997656, -2.2779847472997656, -2.2779847472997656, -2.2779847472997656, -2.2779847472997656, 0.04394334758759686, -2.2779847472997656, -2.2779847472997656], "H": [-2.2779847472997656, 0.5293701747578385, -2.2779847472997656, -1.2779847472997654, -2.2779847472997656, -0.6930222465786091, -0.6930222465786091, -0.6930222465786091, -2.2779847472997656, -2.2779847472997656, -1.2779847472997654, -2.2779847472997656], "S": [0.8919402541425471, 0.5293701747578385, 0.04394334758759686, 1.0439433475875968, 0.30697775342139094, 0.5293701747578385, 0.5293701747578385, 0.5293701747578385, -0.6930222465786091, 0.30697775342139094, 0.30697775342139094, -2.2779847472997656], "C": [-2.2779847472997656, -2.2779847472997656, -2.2779847472997656, -2.2779847472997656, -2.2779847472997656, -2.2779847472997656, -2.2779847472997656, -2.2779847472997656, -2.2779847472997656, -2.2779847472997656, -2.2779847472997656, -2.2779847472997656], "V": [0.30697775342139094, 2.114332675478995, -0.2779847472997654, 0.04394334758759686, -0.6930222465786091, 0.04394334758759686, 0.30697775342139094, 0.30697775342139094, 0.30697775342139094, 1.6289058483087533, 0.7220152527002346, -2.2779847472997656], "N": [-2.2779847472997656, -2.2779847472997656, 0.04394334758759686, -2.2779847472997656, -0.6930222465786091, -2.2779847472997656, 0.30697775342139094, 0.30697775342139094, -0.6930222465786091, -0.2779847472997654, -0.6930222465786091, -2.2779847472997656], "P": [-2.2779847472997656, -2.2779847472997656, -1.2779847472997654, 1.8094780939505741, -0.6930222465786091, 0.7220152527002346, -0.2779847472997654, -0.2779847472997654, 1.181446871337532, -2.2779847472997656, 0.30697775342139094, -2.2779847472997656], "Q": [-1.2779847472997654, -0.2779847472997654, -0.2779847472997654, 0.04394334758759686, 0.30697775342139094, -1.2779847472997654, 1.0439433475875968, 0.30697775342139094, 0.30697775342139094, -0.2779847472997654, -0.2779847472997654, -2.2779847472997656], "T": [0.5293701747578385, 0.04394334758759686, -1.2779847472997654, -1.2779847472997654, 0.30697775342139094, 1.3069777534213909, 0.04394334758759686, -2.2779847472997656, 0.04394334758759686, 0.5293701747578385, 0.7220152527002346, -2.2779847472997656], "I": [0.04394334758759686, 0.7220152527002346, 0.5293701747578385, -1.2779847472997654, 0.30697775342139094, 0.5293701747578385, -0.2779847472997654, 0.8919402541425471, 0.30697775342139094, 1.0439433475875968, -2.2779847472997656, -2.2779847472997656], "E": [-2.2779847472997656, -0.2779847472997654, -2.2779847472997656, 0.8919402541425471, -0.2779847472997654, 0.7220152527002346, 0.7220152527002346, 0.8919402541425471, -0.2779847472997654, -1.2779847472997654, -2.2779847472997656, -2.2779847472997656], "D": [-0.2779847472997654, -1.2779847472997654, -0.2779847472997654, 2.114332675478995, -0.2779847472997654, 0.04394334758759686, 1.0439433475875968, -0.2779847472997654, 0.04394334758759686, 0.04394334758759686, -1.2779847472997654, -2.2779847472997656], "A": [1.3069777534213909, -0.6930222465786091, -0.2779847472997654, 0.30697775342139094, 0.7220152527002346, 0.30697775342139094, -1.2779847472997654, 0.7220152527002346, 0.8919402541425471, -1.2779847472997654, -0.2779847472997654, -2.2779847472997656], "Y": [-0.6930222465786091, 1.5293701747578385, 0.04394334758759686, -2.2779847472997656, -0.2779847472997654, -1.2779847472997654, -0.6930222465786091, 0.04394334758759686, -0.6930222465786091, -2.2779847472997656, 0.30697775342139094, -2.2779847472997656]}