{"L": [-0.632268215499513, -2.632268215499513, 1.5376567859427994, 0.9526942852216432, 1.6156592979440725, 0.5376567859427995, 0.6896598793878495, -0.04730571477835681, 0.8271634031377845, 1.4551946257508266, 0.9526942852216432, 2.8271634031377846], "G": [1.9526942852216433, -2.632268215499513, -2.632268215499513, 1.0681715026415792, 0.5376567859427995, 0.8271634031377845, 1.6896598793878495, 1.6896598793878495, 1.0681715026415792, -0.3103401206121506, -1.0473057147783569, -2.632268215499513], "K": [1.0681715026415792, -2.632268215499513, -2.632268215499513, -1.0473057147783569, -2.632268215499513, 0.3677317845004871, -0.3103401206121506, -0.3103401206121506, -0.3103401206121506, -2.632268215499513, -2.632268215499513, -2.632268215499513], "M": [-0.632268215499513, -2.632268215499513, 0.5376567859427995, -1.632268215499513, -1.0473057147783569, -2.632268215499513, -2.632268215499513, -2.632268215499513, -2.632268215499513, -0.3103401206121506, -1.632268215499513, 0.9526942852216432], "F": [-1.632268215499513, -2.632268215499513, 2.225712779628059, -0.04730571477835681, -1.632268215499513, -1.0473057147783569, -1.632268215499513, -2.632268215499513, -0.632268215499513, 0.5376567859427995, -2.632268215499513, 2.321928094887362], "R": [1.8912937405574999, 4.310246289839727, -2.632268215499513, -2.632268215499513, -2.632268215499513, -1.632268215499513, -1.0473057147783569, -0.632268215499513, -2.632268215499513, -2.632268215499513, -2.632268215499513, 0.1750867065580911], "W": [-2.632268215499513, -2.632268215499513, 1.4551946257508266, -1.632268215499513, -2.632268215499513, -2.632268215499513, -2.632268215499513, -2.632268215499513, -2.632268215499513, 0.3677317845004871, -2.632268215499513, -2.632268215499513], "H": [-1.632268215499513, -2.632268215499513, -2.632268215499513, -0.632268215499513, -2.632268215499513, -2.632268215499513, -2.632268215499513, -1.632268215499513, -1.632268215499513, -2.632268215499513, -2.632268215499513, -1.0473057147783569], "S": [0.9526942852216432, -2.632268215499513, -2.632268215499513, 1.2746223801090057, 0.9526942852216432, 1.0681715026415792, 0.6896598793878495, 0.9526942852216432, -0.3103401206121506, -0.632268215499513, 1.3677317845004873, -2.632268215499513], "C": [-2.632268215499513, -2.632268215499513, -2.632268215499513, -2.632268215499513, -2.632268215499513, -2.632268215499513, -2.632268215499513, -2.632268215499513, -2.632268215499513, -2.632268215499513, -2.632268215499513, -2.632268215499513], "V": [-2.632268215499513, -2.632268215499513, 0.8271634031377845, -2.632268215499513, 0.5376567859427995, -0.04730571477835681, 0.9526942852216432, 0.3677317845004871, 0.8271634031377845, 0.5376567859427995, 1.5376567859427994, -2.632268215499513], "N": [-2.632268215499513, -2.632268215499513, -2.632268215499513, -1.0473057147783569, -0.04730571477835681, -0.04730571477835681, -0.3103401206121506, -2.632268215499513, -0.3103401206121506, -0.04730571477835681, -2.632268215499513, -2.632268215499513], "P": [-2.632268215499513, -2.632268215499513, -2.632268215499513, 0.9526942852216432, 1.2746223801090057, 0.9526942852216432, 1.0681715026415792, 0.5376567859427995, 0.9526942852216432, -0.3103401206121506, -2.632268215499513, -2.632268215499513], "Q": [0.5376567859427995, -2.632268215499513, -2.632268215499513, -0.04730571477835681, 0.3677317845004871, 0.1750867065580911, 0.3677317845004871, -0.04730571477835681, -0.3103401206121506, 0.1750867065580911, 0.8271634031377845, -1.0473057147783569], "T": [-1.632268215499513, -2.632268215499513, -2.632268215499513, 0.1750867065580911, 0.5376567859427995, -0.04730571477835681, -1.0473057147783569, -0.3103401206121506, 0.3677317845004871, 0.6896598793878495, 1.8271634031377846, -1.632268215499513], "I": [-0.632268215499513, -2.632268215499513, 1.0681715026415792, -2.632268215499513, -0.04730571477835681, -1.0473057147783569, -0.3103401206121506, 0.3677317845004871, 0.6896598793878495, 1.0681715026415792, -0.3103401206121506, -1.632268215499513], "E": [-1.0473057147783569, -2.632268215499513, -2.632268215499513, 0.3677317845004871, -0.3103401206121506, 1.0681715026415792, 0.6896598793878495, -0.04730571477835681, 0.6896598793878495, -0.04730571477835681, -0.04730571477835681, -1.632268215499513], "D": [-2.632268215499513, -2.632268215499513, -2.632268215499513, 1.2746223801090057, -0.04730571477835681, 1.2746223801090057, -0.04730571477835681, 1.5376567859427994, 0.6896598793878495, -1.0473057147783569, -1.632268215499513, -2.632268215499513], "A": [1.3677317845004873, -2.632268215499513, -1.632268215499513, 0.3677317845004871, 0.3677317845004871, 0.1750867065580911, -0.632268215499513, 0.6896598793878495, 0.3677317845004871, 0.6896598793878495, 1.4551946257508266, 0.3677317845004871], "Y": [-1.0473057147783569, -2.632268215499513, 1.6156592979440725, -0.632268215499513, -1.632268215499513, -1.632268215499513, -0.04730571477835681, -2.632268215499513, -1.0473057147783569, -0.3103401206121506, -1.632268215499513, -0.3103401206121506]}