{"L": [0.20298702216385484, -2.7970129778361454, 1.4509145356074404, 0.20298702216385484, 0.7879495228850111, -0.7970129778361451, 0.6624186408011519, 0.5249151170512172, 1.2029870221638548, 0.37291202360616726, 2.1098776177723737, -2.7970129778361454], "G": [0.010341944221458961, 0.903426740304947, 0.010341944221458961, 0.6624186408011519, -0.47508488294878276, 0.37291202360616726, 1.010341944221459, 1.5249151170512174, 0.37291202360616726, -1.212050477114989, -1.212050477114989, -1.7970129778361452], "K": [1.9578745243273237, -1.7970129778361452, -1.7970129778361452, 0.6624186408011519, -1.7970129778361452, -0.21205047711498898, 0.20298702216385484, 1.1098776177723733, 0.010341944221458961, -1.212050477114989, 0.37291202360616726, -1.7970129778361452], "M": [-0.7970129778361451, -1.7970129778361452, -1.212050477114989, -2.7970129778361454, -0.7970129778361451, -1.7970129778361452, -2.7970129778361454, -2.7970129778361454, -0.7970129778361451, 0.010341944221458961, -0.7970129778361451, -1.7970129778361452], "F": [0.37291202360616726, -2.7970129778361454, 0.6624186408011519, -2.7970129778361454, -1.212050477114989, -0.47508488294878276, -0.7970129778361451, -0.7970129778361451, -0.7970129778361451, 1.2029870221638548, 0.010341944221458961, 1.010341944221459], "R": [1.7265489782208676, -1.7970129778361452, -2.7970129778361454, 0.010341944221458961, -2.7970129778361454, -1.7970129778361452, -0.47508488294878276, -1.212050477114989, -1.212050477114989, -1.7970129778361452, 0.010341944221458961, -2.7970129778361454], "W": [-2.7970129778361454, -2.7970129778361454, -1.7970129778361452, -2.7970129778361454, -1.212050477114989, -2.7970129778361454, -2.7970129778361454, -2.7970129778361454, -2.7970129778361454, -0.47508488294878276, -1.7970129778361452, 3.817696866279063], "H": [-0.21205047711498898, -2.7970129778361454, -0.21205047711498898, -2.7970129778361454, -1.7970129778361452, -1.7970129778361452, -0.21205047711498898, -0.21205047711498898, -0.47508488294878276, -0.21205047711498898, -0.7970129778361451, -2.7970129778361454], "S": [-0.47508488294878276, 2.787949522885011, 0.20298702216385484, 1.9034267403049472, 1.5953044449426153, 1.2029870221638548, 0.37291202360616726, -0.21205047711498898, 1.1098776177723733, 1.010341944221459, 0.20298702216385484, -2.7970129778361454], "C": [-2.7970129778361454, -2.7970129778361454, -1.7970129778361452, -1.7970129778361452, -1.212050477114989, -1.212050477114989, -2.7970129778361454, -2.7970129778361454, -2.7970129778361454, -1.212050477114989, -2.7970129778361454, -2.7970129778361454], "V": [0.5249151170512172, 0.6624186408011519, 1.2904498634141943, -0.21205047711498898, 1.010341944221459, 0.5249151170512172, 1.010341944221459, 0.6624186408011519, 1.2904498634141943, 0.5249151170512172, 0.20298702216385484, -1.7970129778361452], "N": [-2.7970129778361454, -2.7970129778361454, -0.47508488294878276, -1.212050477114989, -0.47508488294878276, -0.21205047711498898, 0.010341944221458961, -0.47508488294878276, 0.010341944221458961, 0.010341944221458961, -0.7970129778361451, -2.7970129778361454], "P": [-2.7970129778361454, -1.212050477114989, -1.7970129778361452, 2.010341944221459, 0.20298702216385484, 0.010341944221458961, 0.010341944221458961, -0.47508488294878276, 0.20298702216385484, -0.7970129778361451, -2.7970129778361454, -2.7970129778361454], "Q": [-0.7970129778361451, -2.7970129778361454, -0.47508488294878276, -1.212050477114989, -1.7970129778361452, -0.7970129778361451, -0.47508488294878276, -2.7970129778361454, -0.47508488294878276, -0.21205047711498898, 1.010341944221459, -1.7970129778361452], "T": [-0.21205047711498898, 1.9578745243273237, -1.212050477114989, -0.21205047711498898, 0.20298702216385484, -0.47508488294878276, -1.212050477114989, 0.37291202360616726, 0.010341944221458961, 0.37291202360616726, 1.010341944221459, -1.212050477114989], "I": [0.7879495228850111, -2.7970129778361454, 1.9034267403049472, -0.7970129778361451, 0.37291202360616726, 0.5249151170512172, -0.7970129778361451, 0.6624186408011519, -0.47508488294878276, 0.37291202360616726, -1.7970129778361452, -1.7970129778361452], "E": [-2.7970129778361454, -1.7970129778361452, -1.212050477114989, 0.6624186408011519, 0.6624186408011519, 0.6624186408011519, 0.903426740304947, 0.6624186408011519, -0.21205047711498898, 0.37291202360616726, 0.7879495228850111, -1.212050477114989], "D": [-1.212050477114989, -2.7970129778361454, -1.212050477114989, -0.21205047711498898, 0.903426740304947, 1.662418640801152, 1.1098776177723733, 0.903426740304947, -1.212050477114989, -0.47508488294878276, -2.7970129778361454, -2.7970129778361454], "A": [0.37291202360616726, 1.8468432119385796, 0.6624186408011519, -1.212050477114989, 0.5249151170512172, 0.903426740304947, 0.5249151170512172, 0.20298702216385484, 0.010341944221458961, 0.20298702216385484, 0.20298702216385484, -2.7970129778361454], "Y": [-1.212050477114989, -2.7970129778361454, -0.7970129778361451, -1.212050477114989, -0.7970129778361451, -1.7970129778361452, -1.212050477114989, -2.7970129778361454, 0.5249151170512172, -0.7970129778361451, -1.7970129778361452, -0.21205047711498898]}