{"L": [0.852442811586142, -0.04064198449734593, 1.6114347120823473, 0.15200309344504975, 0.4739311883324123, -0.04064198449734593, 0.6114347120823473, 0.9593580155026541, 0.32192809488736235, 1.0588936890535687, 0.7369655941662061, 0.15200309344504975], "G": [-0.8479969065549503, -0.26303440583379395, -0.5260688116675878, 1.3219280948873624, 1.7958592832197744, 1.2394659346953891, 1.4739311883324122, 0.9593580155026541, 1.0588936890535687, 0.4739311883324123, 0.4739311883324123, -2.8479969065549504], "K": [-0.26303440583379395, -1.2630344058337941, -1.2630344058337941, -2.8479969065549504, -1.8479969065549502, -1.2630344058337941, -0.04064198449734593, -0.8479969065549503, 0.6114347120823473, -1.8479969065549502, -0.04064198449734593, 2.009984088572622], "M": [0.7369655941662061, -2.8479969065549504, -1.2630344058337941, -2.8479969065549504, -2.8479969065549504, -0.5260688116675878, -0.5260688116675878, -1.2630344058337941, -2.8479969065549504, -1.2630344058337941, -1.8479969065549502, -0.5260688116675878], "F": [0.9593580155026541, -1.8479969065549502, 1.2394659346953891, -1.8479969065549502, -1.8479969065549502, -1.8479969065549502, -0.5260688116675878, -2.8479969065549504, -2.8479969065549504, -2.8479969065549504, -1.2630344058337941, 1.852442811586142], "R": [-0.8479969065549503, -1.2630344058337941, -0.8479969065549503, -1.2630344058337941, -0.8479969065549503, -0.5260688116675878, -1.2630344058337941, -1.8479969065549502, -0.8479969065549503, -2.8479969065549504, -1.8479969065549502, 0.9593580155026541], "W": [-2.8479969065549504, -2.8479969065549504, -2.8479969065549504, -2.8479969065549504, -2.8479969065549504, -2.8479969065549504, -2.8479969065549504, -2.8479969065549504, -2.8479969065549504, -2.8479969065549504, -2.8479969065549504, -2.8479969065549504], "H": [0.15200309344504975, -2.8479969065549504, -2.8479969065549504, -1.8479969065549502, -2.8479969065549504, -0.8479969065549503, -2.8479969065549504, -2.8479969065549504, -0.5260688116675878, -0.5260688116675878, -0.26303440583379395, -2.8479969065549504], "S": [0.6114347120823473, -0.26303440583379395, 0.4739311883324123, 1.2394659346953891, 0.7369655941662061, 0.4739311883324123, 0.9593580155026541, 0.4739311883324123, 0.852442811586142, 0.6114347120823473, 0.4739311883324123, -1.8479969065549502], "C": [-2.8479969065549504, -2.8479969065549504, -2.8479969065549504, -2.8479969065549504, -2.8479969065549504, -2.8479969065549504, -2.8479969065549504, -2.8479969065549504, -2.8479969065549504, -2.8479969065549504, -2.8479969065549504, -2.8479969065549504], "V": [-0.5260688116675878, 0.32192809488736235, 0.6114347120823473, 0.6114347120823473, 0.15200309344504975, -0.26303440583379395, 0.9593580155026541, 0.32192809488736235, -0.8479969065549503, 1.0588936890535687, 1.1520030934450498, -2.8479969065549504], "N": [-1.2630344058337941, -1.8479969065549502, -1.2630344058337941, -2.8479969065549504, -1.2630344058337941, -2.8479969065549504, -2.8479969065549504, 0.32192809488736235, 0.32192809488736235, 0.4739311883324123, -0.04064198449734593, -2.8479969065549504], "P": [-1.8479969065549502, 3.1743709064735044, -0.8479969065549503, 1.736965594166206, 1.3999306068886355, 1.0588936890535687, 0.4739311883324123, -0.5260688116675878, 0.7369655941662061, 0.4739311883324123, 0.15200309344504975, -2.8479969065549504], "Q": [-0.8479969065549503, -0.04064198449734593, -0.8479969065549503, -0.5260688116675878, -0.8479969065549503, -0.5260688116675878, -0.8479969065549503, -1.2630344058337941, -0.26303440583379395, 0.7369655941662061, 0.4739311883324123, -2.8479969065549504], "T": [0.6114347120823473, -0.8479969065549503, -0.04064198449734593, -0.04064198449734593, 0.6114347120823473, 0.4739311883324123, 0.15200309344504975, 0.6114347120823473, 0.9593580155026541, -0.04064198449734593, 0.7369655941662061, -2.8479969065549504], "I": [0.32192809488736235, -0.04064198449734593, 0.7369655941662061, -2.8479969065549504, 0.7369655941662061, 0.4739311883324123, -0.5260688116675878, -0.8479969065549503, -1.2630344058337941, 0.6114347120823473, -0.26303440583379395, -2.8479969065549504], "E": [0.7369655941662061, -2.8479969065549504, 0.15200309344504975, 0.9593580155026541, 1.0588936890535687, 0.7369655941662061, 0.32192809488736235, 1.2394659346953891, 0.32192809488736235, 0.6114347120823473, 0.4739311883324123, -2.8479969065549504], "D": [-0.26303440583379395, -0.8479969065549503, -0.8479969065549503, 1.1520030934450498, -0.04064198449734593, 0.7369655941662061, 0.4739311883324123, 0.4739311883324123, 0.32192809488736235, 0.15200309344504975, -0.26303440583379395, -1.8479969065549502], "A": [0.32192809488736235, 1.0588936890535687, 1.1520030934450498, 0.6114347120823473, 0.15200309344504975, 1.3999306068886355, 0.9593580155026541, 1.7958592832197744, 1.0588936890535687, 0.32192809488736235, 0.9593580155026541, -1.2630344058337941], "Y": [0.4739311883324123, -1.8479969065549502, 0.4739311883324123, -1.2630344058337941, -2.8479969065549504, -2.8479969065549504, -1.8479969065549502, -1.8479969065549502, -1.2630344058337941, -1.2630344058337941, -1.2630344058337941, 2.795859283219775]}