{"L": [-0.3561438102252753, 0.4918530963296747, 0.9068905956085185, -0.3561438102252753, 0.7813597135246597, 0.32192809488736235, -0.09310940439148148, 0.9068905956085185, -0.09310940439148148, 1.4093909361377017, 2.321928094887362, -2.678071905112638], "G": [1.0223678130284546, -1.0931094043914815, -0.09310940439148148, 0.6438561897747247, 1.3219280948873624, -0.09310940439148148, 0.4918530963296747, 1.965784284662087, 1.6438561897747248, 1.1292830169449666, 0.6438561897747247, -2.678071905112638], "K": [-1.0931094043914815, -2.678071905112638, -1.6780719051126378, -0.6780719051126377, -0.6780719051126377, 0.12928301694496647, 0.9068905956085185, 0.12928301694496647, 0.4918530963296747, -2.678071905112638, -0.3561438102252753, -2.678071905112638], "M": [-1.0931094043914815, -0.09310940439148148, 0.12928301694496647, -2.678071905112638, -2.678071905112638, -2.678071905112638, -2.678071905112638, -1.6780719051126378, -2.678071905112638, -0.6780719051126377, -2.678071905112638, -2.678071905112638], "F": [1.0223678130284546, 1.8454900509443752, 1.7813597135246595, -1.0931094043914815, -1.0931094043914815, -1.0931094043914815, -1.0931094043914815, -1.0931094043914815, -1.0931094043914815, 0.32192809488736235, -0.6780719051126377, -1.0931094043914815], "R": [0.4918530963296747, -2.678071905112638, -0.6780719051126377, -1.6780719051126378, -1.6780719051126378, -0.6780719051126377, -1.0931094043914815, 0.12928301694496647, -1.0931094043914815, -0.6780719051126377, 0.12928301694496647, -2.678071905112638], "W": [-2.678071905112638, -1.0931094043914815, -2.678071905112638, -2.678071905112638, -2.678071905112638, -2.678071905112638, -2.678071905112638, -2.678071905112638, -2.678071905112638, -0.3561438102252753, -2.678071905112638, -1.6780719051126378], "H": [0.12928301694496647, -2.678071905112638, -1.6780719051126378, -0.09310940439148148, -1.0931094043914815, -1.0931094043914815, -0.3561438102252753, -0.3561438102252753, -0.6780719051126377, -0.09310940439148148, -0.09310940439148148, -2.678071905112638], "S": [1.1292830169449666, -1.6780719051126378, -1.0931094043914815, 0.6438561897747247, 0.9068905956085185, 1.4093909361377017, 1.3219280948873624, 0.7813597135246597, 0.32192809488736235, -0.6780719051126377, 0.4918530963296747, -0.3561438102252753], "C": [-2.678071905112638, -2.678071905112638, -2.678071905112638, -2.678071905112638, -2.678071905112638, -1.6780719051126378, -2.678071905112638, -2.678071905112638, -0.6780719051126377, -2.678071905112638, -2.678071905112638, -2.678071905112638], "V": [0.4918530963296747, 1.5698556083309478, -1.0931094043914815, -1.0931094043914815, 0.32192809488736235, -0.3561438102252753, 0.4918530963296747, -0.6780719051126377, -0.09310940439148148, -1.0931094043914815, -0.6780719051126377, -2.678071905112638], "N": [-2.678071905112638, -0.3561438102252753, -0.6780719051126377, 0.12928301694496647, -1.0931094043914815, 0.12928301694496647, 0.6438561897747247, -0.6780719051126377, -0.09310940439148148, -2.678071905112638, -0.3561438102252753, -2.678071905112638], "P": [-2.678071905112638, -2.678071905112638, -0.3561438102252753, 0.12928301694496647, 2.0223678130284544, 0.12928301694496647, -1.6780719051126378, 0.12928301694496647, -0.09310940439148148, -1.6780719051126378, -2.678071905112638, -2.678071905112638], "Q": [-2.678071905112638, -0.6780719051126377, -0.6780719051126377, -0.3561438102252753, -0.3561438102252753, -0.3561438102252753, -0.3561438102252753, 0.12928301694496647, -0.3561438102252753, -2.678071905112638, 0.12928301694496647, -2.678071905112638], "T": [-0.3561438102252753, 0.32192809488736235, -2.678071905112638, 0.32192809488736235, 0.12928301694496647, 0.12928301694496647, -0.09310940439148148, 0.12928301694496647, 0.4918530963296747, 1.5698556083309478, 0.32192809488736235, -2.678071905112638], "I": [-0.3561438102252753, 0.4918530963296747, 0.9068905956085185, -1.0931094043914815, -0.6780719051126377, -0.09310940439148148, -1.0931094043914815, -0.3561438102252753, -0.09310940439148148, -1.0931094043914815, -0.6780719051126377, -2.678071905112638], "E": [-0.3561438102252753, -1.6780719051126378, 0.32192809488736235, 0.4918530963296747, -0.6780719051126377, 0.32192809488736235, 1.0223678130284546, 0.12928301694496647, -0.09310940439148148, -0.6780719051126377, -0.6780719051126377, -1.6780719051126378], "D": [-2.678071905112638, -2.678071905112638, -1.0931094043914815, 2.3663222142458156, -0.6780719051126377, 1.6438561897747248, 1.0223678130284546, 0.32192809488736235, 0.4918530963296747, -0.3561438102252753, -0.3561438102252753, -2.678071905112638], "A": [1.2288186904958809, 0.4918530963296747, -0.09310940439148148, -0.09310940439148148, 1.0223678130284546, 0.4918530963296747, 0.32192809488736235, -0.09310940439148148, 0.6438561897747247, 0.6438561897747247, 0.12928301694496647, -2.678071905112638], "Y": [1.5698556083309478, 1.7813597135246595, 1.8454900509443752, 0.12928301694496647, -1.6780719051126378, -1.0931094043914815, -0.3561438102252753, -2.678071905112638, -0.09310940439148148, 1.4093909361377017, 0.4918530963296747, 4.076815597050831]}