{"R": [0.3988134475939354, 0.9195781147000659, 0.16150296638101516, 0.16479894528675015, 0.17139090309822017, 0.16150296638101516, 0.2109426499670402, 0.17139090309822017, 0.22742254449571522, 0.2010547132498352, 0.12195121951219512, 0.2504943968358603, 0.27686222808174027, 0.4812129202373105], "Q": [0.08239947264337508, 0.2010547132498352, 0.21423862887277523, 0.25379037574159524, 0.22412656558998023, 0.25379037574159524, 0.21753460777851022, 0.26697429136453527, 0.2801582069874753, 0.2504943968358603, 0.24719841793012526, 0.3328938694792353, 0.26367831245880025, 0.2043506921555702], "G": [0.5220830586684245, 0.5260382333553065, 0.5853658536585366, 0.7396176664469347, 0.7158866183256427, 0.7158866183256427, 0.7000659195781147, 0.6921555702043507, 0.7831245880026367, 0.7752142386288727, 0.8740936058009229, 0.5972313777191826, 0.5379037574159525, 0.36387607119314436], "Y": [0.16150296638101516, 0.16611733684904417, 0.23071852340145024, 0.16611733684904417, 0.15227422544495714, 0.14765985497692816, 0.17073170731707318, 0.1845748187211602, 0.17996044825313118, 0.14304548450889915, 0.17996044825313118, 0.12458800263678313, 0.15227422544495714, 0.5583388266315096], "E": [0.17139090309822017, 0.3098220171390903, 0.3295978905735003, 0.4416611733684904, 0.3724456163480554, 0.3823335530652604, 0.34607778510217535, 0.4218852999340804, 0.3691496374423204, 0.3889255108767304, 0.4218852999340804, 0.43836519446275546, 0.36585365853658536, 0.5833882663150955], "P": [0.11535926170072512, 0.3230059327620303, 0.7521423862887278, 0.4614370468029005, 0.5260382333553065, 0.45682267633487145, 0.4614370468029005, 0.47066578773895845, 0.4937376400791035, 0.45220830586684246, 0.5767963085036256, 0.38760711931443637, 0.6137112722478576, 0.15688859591298615], "T": [0.7547791694133158, 0.25379037574159524, 0.2834541858932103, 0.2801582069874753, 0.2999340804218853, 0.3691496374423204, 0.26697429136453527, 0.2702702702702703, 0.24390243902439024, 0.3230059327620303, 0.27356624917600525, 0.2966381015161503, 0.3065260382333553, 0.16809492419248517], "F": [0.15425181278839814, 0.17402768622280818, 0.34410019775873435, 0.16611733684904417, 0.11865524060646011, 0.13052076466710613, 0.16611733684904417, 0.17402768622280818, 0.16611733684904417, 0.17007251153592617, 0.18984838497033618, 0.17402768622280818, 0.11074489123269611, 0.5497692814765985], "I": [0.08701384311140409, 0.15293342122610415, 0.16875411997363216, 0.1872116018457482, 0.1872116018457482, 0.17666446934739619, 0.14765985497692816, 0.14502307185234015, 0.16611733684904417, 0.14765985497692816, 0.15557020435069216, 0.17402768622280818, 0.15820698747528017, 0.06855636123928807], "C": [0.011865524060646011, 0.005932762030323006, 0.017798286090969017, 0.017798286090969017, 0.023731048121292023, 0.0, 0.011865524060646011, 0.02966381015161503, 0.0, 0.005932762030323006, 0.005932762030323006, 0.023731048121292023, 0.035596572181938034, 0.02966381015161503], "D": [0.15029663810151614, 0.32432432432432434, 0.31641397495056034, 0.39156229400131837, 0.35201054713249835, 0.32827949901120634, 0.37969676994067236, 0.39551746868820037, 0.41133816743572843, 0.41924851680949243, 0.35596572181938035, 0.24522083058668426, 0.25313117996044826, 0.17007251153592617], "M": [0.05932762030323006, 0.04614370468029005, 0.08569545154911008, 0.05603164139749506, 0.0955833882663151, 0.1054713249835201, 0.05603164139749506, 0.06262359920896507, 0.06921555702043507, 0.05273566249176005, 0.05932762030323006, 0.07251153592617007, 0.04614370468029005, 0.03625576796308504], "W": [0.043506921555702044, 0.043506921555702044, 0.12326961107448912, 0.07976268951878708, 0.08701384311140409, 0.06526038233355307, 0.05075807514831905, 0.05800922874093606, 0.07251153592617007, 0.06526038233355307, 0.03625576796308504, 0.13777191825972313, 0.05075807514831905, 0.03625576796308504], "N": [0.07910349373764008, 0.16611733684904417, 0.19775873434410018, 0.17007251153592617, 0.15820698747528017, 0.23731048121292023, 0.23731048121292023, 0.18589321028345418, 0.18984838497033618, 0.24126565589980223, 0.21753460777851022, 0.22148978246539222, 0.23335530652603823, 0.3994726433750824], "K": [0.2109426499670402, 0.18127883981542517, 0.20764667106130522, 0.25379037574159524, 0.24060646011865525, 0.2043506921555702, 0.24060646011865525, 0.31641397495056034, 0.27356624917600525, 0.22742254449571522, 0.2109426499670402, 0.33948582729070537, 0.3328938694792353, 0.4087013843111404], "S": [0.7593935398813447, 0.3085036255767963, 0.34014502307185235, 0.41924851680949243, 0.39551746868820037, 0.43506921555702044, 0.3770599868160844, 0.4034278180619644, 0.34014502307185235, 0.41133816743572843, 0.36651285431773234, 0.3981542518127884, 0.4034278180619644, 0.22412656558998023], "V": [0.16084377059986815, 0.3032300593276203, 0.2003955174686882, 0.22148978246539222, 0.27158866183256425, 0.2742254449571523, 0.25313117996044826, 0.21621621621621623, 0.23731048121292023, 0.22940013183915622, 0.2030323005932762, 0.2188529993408042, 0.26895187870797627, 0.08965062623599208], "L": [0.18193803559657218, 0.27158866183256425, 0.35596572181938035, 0.2874093605800923, 0.26367831245880025, 0.28477257745550427, 0.3691496374423204, 0.3058668424522083, 0.26367831245880025, 0.22940013183915622, 0.25313117996044826, 0.27686222808174027, 0.2979564930784443, 0.44825313117996046], "A": [0.35069215557020433, 0.26367831245880025, 0.25576796308503624, 0.26895187870797627, 0.34541858932102837, 0.25576796308503624, 0.3058668424522083, 0.2742254449571523, 0.2794990112063283, 0.3005932762030323, 0.3005932762030323, 0.2821357943309163, 0.2979564930784443, 0.16611733684904417], "H": [0.6697429136453527, 0.15820698747528017, 0.15293342122610415, 0.16348055372445616, 0.17402768622280818, 0.16348055372445616, 0.20566908371786422, 0.14765985497692816, 0.1951219512195122, 0.17930125247198417, 0.2267633487145682, 0.17402768622280818, 0.14238628872775214, 0.14765985497692816]}