{"R": [0.09852216748768473, 0.04926108374384237, 0.07389162561576355, 0.09852216748768473, 0.1477832512315271, 0.09852216748768473, 0.09852216748768473, 0.3448275862068966, 0.19704433497536947, 0.12315270935960591, 0.09852216748768473, 0.1477832512315271, 0.1477832512315271, 0.12315270935960591], "Q": [0.024630541871921183, 0.12315270935960591, 0.1477832512315271, 0.1477832512315271, 0.12315270935960591, 0.1477832512315271, 0.2955665024630542, 0.32019704433497537, 0.1724137931034483, 0.19704433497536947, 0.24630541871921183, 0.270935960591133, 0.3694581280788177, 0.07389162561576355], "G": [0.6206896551724138, 0.2955665024630542, 0.2660098522167488, 0.8275862068965517, 0.6206896551724138, 0.5320197044334976, 0.6206896551724138, 0.6206896551724138, 0.7389162561576355, 0.6206896551724138, 0.4729064039408867, 0.3251231527093596, 0.2660098522167488, 0.2660098522167488], "Y": [0.5862068965517241, 0.06896551724137931, 0.6551724137931034, 0.034482758620689655, 0.27586206896551724, 0.13793103448275862, 0.1724137931034483, 0.10344827586206896, 0.10344827586206896, 0.1724137931034483, 0.1724137931034483, 0.20689655172413793, 0.1724137931034483, 0.13793103448275862], "E": [0.09852216748768473, 0.1724137931034483, 0.1724137931034483, 1.1330049261083743, 0.3694581280788177, 0.541871921182266, 0.4187192118226601, 0.5172413793103449, 0.3694581280788177, 0.49261083743842365, 0.39408866995073893, 0.46798029556650245, 0.46798029556650245, 0.22167487684729065], "P": [0.06896551724137931, 0.2413793103448276, 0.10344827586206896, 0.4827586206896552, 0.6206896551724138, 0.3103448275862069, 0.6896551724137931, 0.6551724137931034, 0.4482758620689655, 0.27586206896551724, 0.4827586206896552, 0.5172413793103449, 0.3103448275862069, 0.10344827586206896], "T": [0.22167487684729065, 0.09852216748768473, 0.1477832512315271, 0.24630541871921183, 0.22167487684729065, 0.270935960591133, 0.24630541871921183, 0.1477832512315271, 0.1477832512315271, 0.46798029556650245, 0.270935960591133, 0.24630541871921183, 0.39408866995073893, 0.09852216748768473], "F": [0.8571428571428571, 0.029556650246305417, 0.7389162561576355, 0.029556650246305417, 0.23645320197044334, 0.2660098522167488, 0.08866995073891626, 0.11822660098522167, 0.11822660098522167, 0.1477832512315271, 0.23645320197044334, 0.1477832512315271, 0.11822660098522167, 0.2955665024630542], "I": [0.31527093596059114, 0.13793103448275862, 0.21674876847290642, 0.059113300492610835, 0.2561576354679803, 0.21674876847290642, 0.03940886699507389, 0.19704433497536947, 0.11822660098522167, 0.07881773399014778, 0.17733990147783252, 0.27586206896551724, 0.13793103448275862, 0.21674876847290642], "C": [0.0, 0.0, 0.0, 0.0, 0.04433497536945813, 0.04433497536945813, 0.0, 0.0, 0.08866995073891626, 0.04433497536945813, 0.0, 0.08866995073891626, 0.04433497536945813, 0.08866995073891626], "D": [0.059113300492610835, 0.08866995073891626, 0.4433497536945813, 0.916256157635468, 0.41379310344827586, 0.41379310344827586, 0.4729064039408867, 0.3842364532019704, 0.5024630541871922, 0.5615763546798029, 0.2660098522167488, 0.20689655172413793, 0.2955665024630542, 0.11822660098522167], "M": [0.07389162561576355, 0.07389162561576355, 0.1724137931034483, 0.07389162561576355, 0.09852216748768473, 0.04926108374384237, 0.024630541871921183, 0.0, 0.09852216748768473, 0.024630541871921183, 0.07389162561576355, 0.1477832512315271, 0.07389162561576355, 0.22167487684729065], "W": [0.054187192118226604, 0.0, 0.43349753694581283, 0.10837438423645321, 0.1625615763546798, 0.10837438423645321, 0.0, 0.10837438423645321, 0.054187192118226604, 0.0, 0.10837438423645321, 0.054187192118226604, 0.0, 0.0], "N": [0.17733990147783252, 0.11822660098522167, 0.23645320197044334, 0.20689655172413793, 0.4433497536945813, 0.2955665024630542, 0.3842364532019704, 0.35467980295566504, 0.23645320197044334, 0.20689655172413793, 0.3251231527093596, 0.2955665024630542, 0.23645320197044334, 0.059113300492610835], "K": [0.32019704433497537, 0.04926108374384237, 0.09852216748768473, 0.09852216748768473, 0.270935960591133, 0.2955665024630542, 0.24630541871921183, 0.24630541871921183, 0.19704433497536947, 0.32019704433497537, 0.2955665024630542, 0.1724137931034483, 0.2955665024630542, 0.1724137931034483], "S": [0.45320197044334976, 0.13793103448275862, 0.23645320197044334, 0.19704433497536947, 0.19704433497536947, 0.31527093596059114, 0.33497536945812806, 0.17733990147783252, 0.15763546798029557, 0.2955665024630542, 0.23645320197044334, 0.17733990147783252, 0.17733990147783252, 0.19704433497536947], "V": [0.27586206896551724, 0.19704433497536947, 0.21674876847290642, 0.09852216748768473, 0.21674876847290642, 0.27586206896551724, 0.33497536945812806, 0.13793103448275862, 0.2955665024630542, 0.17733990147783252, 0.21674876847290642, 0.31527093596059114, 0.2955665024630542, 0.6699507389162561], "L": [0.27586206896551724, 2.3251231527093594, 0.5911330049261084, 0.2955665024630542, 0.33497536945812806, 0.4729064039408867, 0.2955665024630542, 0.35467980295566504, 0.5517241379310345, 0.39408866995073893, 0.6108374384236454, 0.5123152709359606, 0.5714285714285714, 1.0049261083743843], "A": [0.37438423645320196, 0.19704433497536947, 0.35467980295566504, 0.13793103448275862, 0.27586206896551724, 0.27586206896551724, 0.27586206896551724, 0.33497536945812806, 0.43349753694581283, 0.31527093596059114, 0.23645320197044334, 0.35467980295566504, 0.41379310344827586, 0.5123152709359606], "H": [0.19704433497536947, 0.03940886699507389, 0.03940886699507389, 0.23645320197044334, 0.0, 0.0, 0.23645320197044334, 0.15763546798029557, 0.11822660098522167, 0.27586206896551724, 0.27586206896551724, 0.15763546798029557, 0.19704433497536947, 0.0]}