{"R": [0.09803921568627451, 0.0, 0.0, 0.19607843137254902, 0.14705882352941177, 0.22058823529411764, 0.07352941176470588, 0.1715686274509804, 0.14705882352941177, 0.09803921568627451, 0.12254901960784313, 0.24509803921568626, 0.31862745098039214, 0.0], "Q": [0.49019607843137253, 0.0, 0.1715686274509804, 0.19607843137254902, 0.22058823529411764, 0.19607843137254902, 0.1715686274509804, 0.2696078431372549, 0.24509803921568626, 0.36764705882352944, 0.22058823529411764, 0.36764705882352944, 0.31862745098039214, 0.024509803921568627], "G": [0.20588235294117646, 0.08823529411764706, 0.058823529411764705, 0.2647058823529412, 0.6470588235294118, 0.47058823529411764, 0.6176470588235294, 0.8235294117647058, 0.7941176470588235, 0.6764705882352942, 0.8823529411764706, 0.5882352941176471, 0.11764705882352941, 0.029411764705882353], "Y": [0.7205882352941176, 0.0, 0.27450980392156865, 0.13725490196078433, 0.27450980392156865, 0.20588235294117646, 0.24019607843137256, 0.1715686274509804, 0.20588235294117646, 0.27450980392156865, 0.27450980392156865, 0.3088235294117647, 0.44607843137254904, 6.622549019607843], "E": [0.24509803921568626, 0.09803921568627451, 2.034313725490196, 0.39215686274509803, 0.4411764705882353, 0.29411764705882354, 0.5392156862745098, 0.5392156862745098, 0.31862745098039214, 0.6372549019607843, 0.1715686274509804, 0.3431372549019608, 0.24509803921568626, 0.049019607843137254], "P": [0.13725490196078433, 0.06862745098039216, 0.10294117647058823, 0.6862745098039216, 0.4117647058823529, 0.5147058823529411, 0.5833333333333334, 0.24019607843137256, 0.6176470588235294, 0.5147058823529411, 0.03431372549019608, 0.0, 0.06862745098039216, 0.0], "T": [0.24509803921568626, 1.5441176470588236, 0.024509803921568627, 0.29411764705882354, 0.2696078431372549, 0.36764705882352944, 0.29411764705882354, 0.31862745098039214, 0.22058823529411764, 0.22058823529411764, 0.6862745098039216, 0.2696078431372549, 0.31862745098039214, 0.0], "F": [0.29411764705882354, 0.0, 0.08823529411764706, 0.17647058823529413, 0.14705882352941177, 0.11764705882352941, 0.20588235294117646, 0.17647058823529413, 0.14705882352941177, 0.11764705882352941, 0.14705882352941177, 0.14705882352941177, 0.2647058823529412, 0.029411764705882353], "I": [0.1568627450980392, 0.19607843137254902, 0.058823529411764705, 0.47058823529411764, 0.23529411764705882, 0.21568627450980393, 0.17647058823529413, 0.1568627450980392, 0.0784313725490196, 0.058823529411764705, 0.11764705882352941, 0.09803921568627451, 0.0392156862745098, 0.0], "C": [0.0, 0.0, 0.0, 0.0, 0.04411764705882353, 0.0, 0.0, 0.04411764705882353, 0.04411764705882353, 0.0, 0.2647058823529412, 0.08823529411764706, 0.0, 0.0], "D": [0.29411764705882354, 0.0, 1.9705882352941178, 0.4117647058823529, 0.2647058823529412, 0.7941176470588235, 0.4117647058823529, 0.6764705882352942, 0.7647058823529411, 0.5588235294117647, 0.4411764705882353, 0.20588235294117646, 0.08823529411764706, 0.0], "M": [0.19607843137254902, 0.07352941176470588, 0.049019607843137254, 0.0, 0.1715686274509804, 0.024509803921568627, 0.024509803921568627, 0.049019607843137254, 0.049019607843137254, 0.09803921568627451, 0.14705882352941177, 0.024509803921568627, 0.19607843137254902, 0.0], "W": [0.16176470588235295, 0.05392156862745098, 0.0, 0.05392156862745098, 0.05392156862745098, 0.21568627450980393, 0.0, 0.0, 0.0, 0.05392156862745098, 0.16176470588235295, 0.43137254901960786, 0.21568627450980393, 0.05392156862745098], "N": [0.35294117647058826, 0.029411764705882353, 0.0, 0.2647058823529412, 0.17647058823529413, 0.38235294117647056, 0.23529411764705882, 0.23529411764705882, 0.29411764705882354, 0.058823529411764705, 0.2647058823529412, 0.6176470588235294, 0.20588235294117646, 0.0], "K": [0.1715686274509804, 0.0, 0.024509803921568627, 0.12254901960784313, 0.07352941176470588, 0.14705882352941177, 0.09803921568627451, 0.1715686274509804, 0.2696078431372549, 0.31862745098039214, 0.1715686274509804, 0.07352941176470588, 0.2696078431372549, 0.024509803921568627], "S": [0.3137254901960784, 1.6470588235294117, 0.13725490196078433, 0.37254901960784315, 0.37254901960784315, 0.3137254901960784, 0.43137254901960786, 0.35294117647058826, 0.4117647058823529, 0.3333333333333333, 0.37254901960784315, 0.47058823529411764, 0.43137254901960786, 0.0], "V": [0.2549019607843137, 0.27450980392156865, 0.0196078431372549, 0.27450980392156865, 0.35294117647058826, 0.19607843137254902, 0.19607843137254902, 0.21568627450980393, 0.13725490196078433, 0.13725490196078433, 0.27450980392156865, 0.35294117647058826, 0.23529411764705882, 0.0196078431372549], "L": [0.45098039215686275, 0.35294117647058826, 0.0196078431372549, 0.37254901960784315, 0.35294117647058826, 0.27450980392156865, 0.4117647058823529, 0.35294117647058826, 0.19607843137254902, 0.23529411764705882, 0.17647058823529413, 0.43137254901960786, 0.9215686274509803, 0.0392156862745098], "A": [0.3137254901960784, 0.0196078431372549, 0.29411764705882354, 0.27450980392156865, 0.3137254901960784, 0.29411764705882354, 0.27450980392156865, 0.0784313725490196, 0.29411764705882354, 0.35294117647058826, 0.2549019607843137, 0.11764705882352941, 0.17647058823529413, 0.0196078431372549], "H": [0.0784313725490196, 0.0, 0.0, 0.0784313725490196, 0.11764705882352941, 0.0784313725490196, 0.19607843137254902, 0.19607843137254902, 0.11764705882352941, 0.1568627450980392, 0.1568627450980392, 0.11764705882352941, 0.0784313725490196, 0.0]}