{"R": [0.4918032786885246, 0.36885245901639346, 0.28688524590163933, 0.36885245901639346, 0.12295081967213115, 0.08196721311475409, 0.32786885245901637, 0.16393442622950818, 0.08196721311475409, 0.16393442622950818, 0.12295081967213115, 0.28688524590163933, 0.08196721311475409, 0.45081967213114754], "Q": [0.0, 0.20491803278688525, 0.16393442622950818, 0.28688524590163933, 0.5737704918032787, 0.040983606557377046, 0.2459016393442623, 0.040983606557377046, 0.28688524590163933, 0.36885245901639346, 0.5737704918032787, 0.36885245901639346, 0.20491803278688525, 0.2459016393442623], "G": [1.278688524590164, 1.180327868852459, 1.5245901639344261, 1.4262295081967213, 1.4754098360655739, 1.9180327868852458, 1.0819672131147542, 1.3278688524590163, 1.3278688524590163, 1.721311475409836, 1.0327868852459017, 1.1311475409836065, 1.4262295081967213, 0.7868852459016393], "Y": [0.1721311475409836, 0.1721311475409836, 0.0, 0.22950819672131148, 0.05737704918032787, 0.05737704918032787, 0.1721311475409836, 0.22950819672131148, 0.1721311475409836, 0.28688524590163933, 0.11475409836065574, 0.05737704918032787, 0.05737704918032787, 0.28688524590163933], "E": [0.16393442622950818, 0.36885245901639346, 0.4098360655737705, 0.12295081967213115, 0.2459016393442623, 0.28688524590163933, 0.16393442622950818, 0.4098360655737705, 0.2459016393442623, 0.5327868852459017, 0.28688524590163933, 0.5327868852459017, 0.36885245901639346, 0.32786885245901637], "P": [0.05737704918032787, 0.6311475409836066, 0.3442622950819672, 0.3442622950819672, 0.45901639344262296, 0.05737704918032787, 0.22950819672131148, 0.28688524590163933, 0.28688524590163933, 0.11475409836065574, 0.28688524590163933, 0.1721311475409836, 0.3442622950819672, 0.11475409836065574], "T": [0.2459016393442623, 0.12295081967213115, 0.28688524590163933, 0.32786885245901637, 0.20491803278688525, 0.5737704918032787, 0.32786885245901637, 0.28688524590163933, 0.040983606557377046, 0.16393442622950818, 0.20491803278688525, 0.20491803278688525, 0.16393442622950818, 0.12295081967213115], "F": [0.04918032786885246, 0.04918032786885246, 0.0, 0.0, 0.04918032786885246, 0.09836065573770492, 0.14754098360655737, 0.09836065573770492, 0.09836065573770492, 0.04918032786885246, 0.14754098360655737, 0.19672131147540983, 0.19672131147540983, 0.14754098360655737], "I": [0.09836065573770492, 0.16393442622950818, 0.16393442622950818, 0.16393442622950818, 0.13114754098360656, 0.13114754098360656, 0.0, 0.13114754098360656, 0.26229508196721313, 0.0, 0.13114754098360656, 0.09836065573770492, 0.19672131147540983, 0.06557377049180328], "C": [0.0, 0.07377049180327869, 0.0, 0.0, 0.0, 0.0, 0.0, 0.0, 0.0, 0.0, 0.0, 0.0, 0.0, 0.0], "D": [0.2459016393442623, 0.29508196721311475, 0.3442622950819672, 0.19672131147540983, 0.29508196721311475, 0.2459016393442623, 0.14754098360655737, 0.4918032786885246, 0.3442622950819672, 0.09836065573770492, 0.19672131147540983, 0.2459016393442623, 0.19672131147540983, 0.4918032786885246], "M": [0.0, 0.0, 0.040983606557377046, 0.0, 0.0, 0.08196721311475409, 0.0, 0.0, 0.0, 0.040983606557377046, 0.040983606557377046, 0.040983606557377046, 0.08196721311475409, 0.040983606557377046], "W": [0.0, 0.0, 0.0, 0.0, 0.09016393442622951, 0.18032786885245902, 0.0, 0.0, 0.0, 0.09016393442622951, 0.0, 0.09016393442622951, 0.0, 0.0], "N": [0.04918032786885246, 0.14754098360655737, 0.04918032786885246, 0.19672131147540983, 0.14754098360655737, 0.14754098360655737, 0.29508196721311475, 0.3442622950819672, 0.04918032786885246, 0.04918032786885246, 0.19672131147540983, 0.09836065573770492, 0.14754098360655737, 0.14754098360655737], "K": [0.45081967213114754, 0.28688524590163933, 0.20491803278688525, 0.28688524590163933, 0.45081967213114754, 0.2459016393442623, 0.28688524590163933, 0.4098360655737705, 0.36885245901639346, 0.20491803278688525, 0.20491803278688525, 0.36885245901639346, 0.36885245901639346, 0.36885245901639346], "S": [1.0163934426229508, 0.29508196721311475, 0.6885245901639344, 0.5901639344262295, 0.4918032786885246, 0.4918032786885246, 0.7213114754098361, 0.45901639344262296, 0.6557377049180327, 0.5573770491803278, 0.7213114754098361, 0.6885245901639344, 0.6557377049180327, 0.7540983606557377], "V": [0.16393442622950818, 0.06557377049180328, 0.16393442622950818, 0.09836065573770492, 0.09836065573770492, 0.16393442622950818, 0.22950819672131148, 0.09836065573770492, 0.13114754098360656, 0.22950819672131148, 0.16393442622950818, 0.06557377049180328, 0.16393442622950818, 0.13114754098360656], "L": [0.0, 0.26229508196721313, 0.13114754098360656, 0.09836065573770492, 0.06557377049180328, 0.13114754098360656, 0.19672131147540983, 0.06557377049180328, 0.26229508196721313, 0.29508196721311475, 0.16393442622950818, 0.06557377049180328, 0.03278688524590164, 0.32786885245901637], "A": [0.29508196721311475, 0.36065573770491804, 0.19672131147540983, 0.22950819672131148, 0.09836065573770492, 0.16393442622950818, 0.26229508196721313, 0.29508196721311475, 0.32786885245901637, 0.16393442622950818, 0.16393442622950818, 0.13114754098360656, 0.22950819672131148, 0.13114754098360656], "H": [0.26229508196721313, 0.32786885245901637, 0.13114754098360656, 0.32786885245901637, 0.39344262295081966, 0.26229508196721313, 0.32786885245901637, 0.19672131147540983, 0.13114754098360656, 0.06557377049180328, 0.45901639344262296, 0.45901639344262296, 0.32786885245901637, 0.13114754098360656]}