{"R": [0.6484641638225256, 4.089874857792947, 0.06825938566552901, 0.15927189988623436, 0.07963594994311718, 0.1422070534698521, 0.10238907849829351, 0.09101251422070535, 0.2844141069397042, 0.02844141069397042], "Q": [0.2616609783845279, 0.1820250284414107, 0.10238907849829351, 0.33560864618885095, 0.27303754266211605, 0.2844141069397042, 0.2844141069397042, 0.38111490329920367, 0.31285551763367464, 0.06257110352673492], "G": [0.8327645051194539, 0.040955631399317405, 0.14334470989761092, 0.7098976109215017, 0.6757679180887372, 0.44368600682593856, 0.6075085324232082, 0.19795221843003413, 0.8737201365187713, 0.027303754266211604], "Y": [0.2627986348122867, 0.0875995449374289, 0.565415244596132, 0.15130830489192265, 0.1831626848691695, 0.09556313993174062, 0.2787258248009101, 0.15927189988623436, 0.16723549488054607, 0.1353811149032992], "E": [0.10238907849829351, 0.04550625711035267, 0.04550625711035267, 0.44368600682593856, 0.4550625711035267, 0.36973833902161546, 0.3583617747440273, 0.4891922639362912, 0.3640500568828214, 0.005688282138794084], "P": [0.04778156996587031, 0.11149032992036405, 0.11149032992036405, 0.6131968145620023, 0.7167235494880546, 0.5096700796359499, 0.6848691695108078, 0.3424345847554039, 0.07167235494880546, 0.015927189988623434], "T": [0.13083048919226395, 0.04550625711035267, 0.16496018202502843, 0.14789533560864618, 0.15927189988623436, 0.31285551763367464, 0.19908987485779295, 0.38680318543799774, 0.3412969283276451, 0.022753128555176336], "F": [0.15017064846416384, 0.09556313993174062, 0.8873720136518771, 0.17747440273037543, 0.22525597269624573, 0.20477815699658702, 0.19795221843003413, 0.2593856655290102, 0.24573378839590443, 1.3651877133105803], "I": [0.16382252559726962, 0.01820250284414107, 0.37770193401592717, 0.10921501706484642, 0.20477815699658702, 0.2912400455062571, 0.3503981797497156, 0.27303754266211605, 0.07281001137656427, 0.25483503981797495], "C": [0.010238907849829351, 0.020477815699658702, 0.06143344709897611, 0.040955631399317405, 0.020477815699658702, 0.030716723549488054, 0.020477815699658702, 0.040955631399317405, 0.051194539249146756, 0.020477815699658702], "D": [0.013651877133105802, 0.020477815699658702, 0.2593856655290102, 0.7098976109215017, 0.41638225255972694, 0.2935153583617747, 0.23890784982935154, 0.15017064846416384, 0.19112627986348124, 0.0], "M": [0.11945392491467577, 0.011376564277588168, 0.2502844141069397, 0.03981797497155859, 0.09101251422070535, 0.08532423208191127, 0.10238907849829351, 0.09670079635949944, 0.07963594994311718, 0.5233219567690558], "W": [0.02502844141069397, 0.03754266211604096, 0.38794084186575656, 0.15017064846416384, 0.05005688282138794, 0.0875995449374289, 0.06257110352673492, 0.0875995449374289, 0.012514220705346985, 0.05005688282138794], "N": [0.05460750853242321, 0.034129692832764506, 0.28668941979522183, 0.19795221843003413, 0.23890784982935154, 0.17064846416382254, 0.26621160409556316, 0.39590443686006827, 0.36177474402730375, 0.020477815699658702], "K": [0.5802047781569966, 0.017064846416382253, 0.09670079635949944, 0.30716723549488056, 0.15927189988623436, 0.267349260523322, 0.16496018202502843, 0.08532423208191127, 0.18771331058020477, 0.011376564277588168], "S": [0.4141069397042093, 0.04550625711035267, 0.14562002275312855, 0.35494880546075086, 0.2684869169510808, 0.26393629124004553, 0.20932878270762229, 0.31399317406143346, 0.4869169510807736, 0.01820250284414107], "V": [0.16837315130830488, 0.013651877133105802, 0.2775881683731513, 0.08191126279863481, 0.2684869169510808, 0.3003412969283277, 0.2821387940841866, 0.3503981797497156, 0.14562002275312855, 0.21387940841865757], "L": [0.17747440273037543, 0.09556313993174062, 0.6689419795221843, 0.2775881683731513, 0.4232081911262799, 0.4732650739476678, 0.4869169510807736, 0.4778156996587031, 0.4232081911262799, 1.8657565415244597], "A": [0.5051194539249146, 0.05005688282138794, 0.2229806598407281, 0.25483503981797495, 0.2366325369738339, 0.28668941979522183, 0.17747440273037543, 0.28668941979522183, 0.2593856655290102, 0.05460750853242321], "H": [0.40955631399317405, 0.0, 0.2366325369738339, 0.13651877133105803, 0.09101251422070535, 0.16382252559726962, 0.13651877133105803, 0.13651877133105803, 0.1547212741751991, 0.027303754266211604]}