{"R": [0.05128205128205128, 0.0, 0.0, 0.05128205128205128, 0.10256410256410256, 0.23076923076923078, 0.28205128205128205, 0.07692307692307693, 0.1794871794871795, 0.05128205128205128], "Q": [0.02564102564102564, 0.05128205128205128, 0.1794871794871795, 0.1794871794871795, 0.23076923076923078, 0.1794871794871795, 0.2564102564102564, 0.38461538461538464, 0.1282051282051282, 0.0], "G": [0.06153846153846154, 0.03076923076923077, 0.15384615384615385, 0.5538461538461539, 0.8615384615384616, 0.5846153846153846, 0.5230769230769231, 0.15384615384615385, 0.0, 0.0], "Y": [0.8256410256410256, 0.14358974358974358, 0.5743589743589743, 0.2153846153846154, 0.28717948717948716, 0.07179487179487179, 0.07179487179487179, 0.1076923076923077, 0.14358974358974358, 0.035897435897435895], "E": [0.15384615384615385, 0.0, 0.3333333333333333, 0.6410256410256411, 0.48717948717948717, 0.3076923076923077, 0.5128205128205128, 0.5384615384615384, 0.46153846153846156, 0.0], "P": [0.0, 4.630769230769231, 0.6102564102564103, 1.4, 0.5384615384615384, 0.6102564102564103, 0.39487179487179486, 0.5743589743589743, 0.5025641025641026, 0.07179487179487179], "T": [0.41025641025641024, 0.05128205128205128, 0.02564102564102564, 0.1282051282051282, 0.20512820512820512, 0.38461538461538464, 0.28205128205128205, 0.5128205128205128, 0.6923076923076923, 0.02564102564102564], "F": [1.6307692307692307, 0.0, 0.6461538461538462, 0.09230769230769231, 0.36923076923076925, 0.12307692307692308, 0.46153846153846156, 0.12307692307692308, 0.06153846153846154, 1.2615384615384615], "I": [0.3487179487179487, 0.020512820512820513, 0.28717948717948716, 0.10256410256410256, 0.20512820512820512, 0.1641025641025641, 0.22564102564102564, 0.24615384615384617, 0.12307692307692308, 0.020512820512820513], "C": [0.0, 0.0, 0.0, 0.0, 0.0, 0.0, 0.0, 0.0, 0.0, 0.0], "D": [0.09230769230769231, 0.03076923076923077, 0.6153846153846154, 0.8615384615384616, 0.3384615384615385, 0.6153846153846154, 0.4307692307692308, 0.27692307692307694, 0.2153846153846154, 0.0], "M": [0.5897435897435898, 0.0, 0.07692307692307693, 0.05128205128205128, 0.07692307692307693, 0.0, 0.23076923076923078, 0.07692307692307693, 0.02564102564102564, 0.6666666666666666], "W": [0.22564102564102564, 0.0, 0.05641025641025641, 0.11282051282051282, 0.0, 0.0, 0.0, 0.0, 0.0, 0.0], "N": [0.15384615384615385, 0.03076923076923077, 0.2153846153846154, 0.15384615384615385, 0.15384615384615385, 0.15384615384615385, 0.2153846153846154, 0.27692307692307694, 0.09230769230769231, 0.0], "K": [0.05128205128205128, 0.0, 0.05128205128205128, 0.05128205128205128, 0.1282051282051282, 0.1794871794871795, 0.1794871794871795, 0.10256410256410256, 0.10256410256410256, 0.02564102564102564], "S": [0.06153846153846154, 0.020512820512820513, 0.18461538461538463, 0.36923076923076925, 0.24615384615384617, 0.3487179487179487, 0.3076923076923077, 0.08205128205128205, 0.5948717948717949, 0.0], "V": [0.0, 0.1641025641025641, 0.5333333333333333, 0.06153846153846154, 0.22564102564102564, 0.26666666666666666, 0.24615384615384617, 0.3076923076923077, 0.5538461538461539, 0.10256410256410256], "L": [0.3282051282051282, 0.12307692307692308, 0.1641025641025641, 0.12307692307692308, 0.36923076923076925, 0.22564102564102564, 0.3076923076923077, 0.6153846153846154, 0.26666666666666666, 2.358974358974359], "A": [0.020512820512820513, 0.8, 0.49230769230769234, 0.28717948717948716, 0.28717948717948716, 0.4307692307692308, 0.12307692307692308, 0.3076923076923077, 0.5333333333333333, 0.0], "H": [0.7384615384615385, 0.0, 0.041025641025641026, 0.20512820512820512, 0.12307692307692308, 0.3282051282051282, 0.08205128205128205, 0.28717948717948716, 0.08205128205128205, 0.0]}