{"R": [0.3968253968253968, 0.5555555555555556, 0.1984126984126984, 0.0, 0.2777777777777778, 0.35714285714285715, 0.23809523809523808, 0.1984126984126984, 0.15873015873015872, 0.0], "Q": [0.0, 0.35714285714285715, 0.11904761904761904, 0.15873015873015872, 0.07936507936507936, 0.11904761904761904, 0.1984126984126984, 0.11904761904761904, 0.1984126984126984, 0.0], "G": [0.047619047619047616, 0.14285714285714285, 0.19047619047619047, 0.23809523809523808, 0.8095238095238095, 0.5714285714285714, 0.47619047619047616, 0.0, 0.2857142857142857, 0.0], "Y": [1.5, 0.6666666666666666, 1.2222222222222223, 0.1111111111111111, 0.1111111111111111, 0.16666666666666666, 0.05555555555555555, 0.2777777777777778, 0.5, 0.0], "E": [0.0, 0.11904761904761904, 0.11904761904761904, 0.4365079365079365, 0.5158730158730159, 0.03968253968253968, 0.03968253968253968, 0.11904761904761904, 0.3968253968253968, 0.0], "P": [0.0, 0.05555555555555555, 0.1111111111111111, 1.7222222222222223, 0.7777777777777778, 0.8888888888888888, 0.7777777777777778, 0.6111111111111112, 0.16666666666666666, 0.0], "T": [0.11904761904761904, 0.1984126984126984, 0.03968253968253968, 0.23809523809523808, 0.23809523809523808, 0.23809523809523808, 0.4365079365079365, 0.5158730158730159, 0.5952380952380952, 0.0], "F": [2.142857142857143, 0.3333333333333333, 1.2857142857142858, 0.2857142857142857, 0.3333333333333333, 0.19047619047619047, 0.3333333333333333, 0.38095238095238093, 0.6190476190476191, 0.7142857142857143], "I": [0.06349206349206349, 0.12698412698412698, 0.15873015873015872, 0.09523809523809523, 0.06349206349206349, 0.2857142857142857, 0.31746031746031744, 0.15873015873015872, 0.19047619047619047, 0.2857142857142857], "C": [0.0, 0.0, 0.0, 0.0, 0.0, 0.0, 0.0, 0.0, 0.0, 0.0], "D": [0.0, 0.0, 0.6190476190476191, 1.3333333333333333, 0.14285714285714285, 0.09523809523809523, 0.09523809523809523, 0.14285714285714285, 0.14285714285714285, 0.0], "M": [0.15873015873015872, 0.15873015873015872, 0.35714285714285715, 0.0, 0.0, 0.0, 0.0, 0.07936507936507936, 0.03968253968253968, 0.15873015873015872], "W": [0.0873015873015873, 0.0, 0.0873015873015873, 0.0, 0.2619047619047619, 0.2619047619047619, 0.0, 0.2619047619047619, 0.0873015873015873, 0.0], "N": [0.047619047619047616, 0.0, 0.14285714285714285, 0.38095238095238093, 0.5238095238095238, 0.38095238095238093, 0.5238095238095238, 0.42857142857142855, 0.0, 0.0], "K": [0.15873015873015872, 0.03968253968253968, 0.07936507936507936, 0.23809523809523808, 0.11904761904761904, 0.47619047619047616, 0.15873015873015872, 0.07936507936507936, 0.03968253968253968, 0.0], "S": [0.2857142857142857, 0.12698412698412698, 0.12698412698412698, 0.15873015873015872, 0.2222222222222222, 0.3492063492063492, 0.31746031746031744, 0.3492063492063492, 0.5079365079365079, 0.0], "V": [0.12698412698412698, 0.2857142857142857, 0.19047619047619047, 0.06349206349206349, 0.12698412698412698, 0.15873015873015872, 0.4126984126984127, 0.47619047619047616, 0.2857142857142857, 0.8888888888888888], "L": [0.25396825396825395, 1.3650793650793651, 0.31746031746031744, 0.15873015873015872, 0.25396825396825395, 0.2857142857142857, 0.4444444444444444, 0.4444444444444444, 0.3492063492063492, 2.1904761904761907], "A": [0.19047619047619047, 0.2222222222222222, 0.19047619047619047, 0.06349206349206349, 0.2222222222222222, 0.31746031746031744, 0.12698412698412698, 0.25396825396825395, 0.4126984126984127, 0.031746031746031744], "H": [0.06349206349206349, 0.0, 0.0, 0.12698412698412698, 0.6349206349206349, 0.19047619047619047, 0.19047619047619047, 0.38095238095238093, 0.0, 0.0]}