{"R": [0.14184397163120568, 0.03546099290780142, 0.08865248226950355, 0.08865248226950355, 0.12411347517730496, 0.2127659574468085, 0.2127659574468085, 0.1773049645390071, 0.2127659574468085, 0.0], "Q": [0.01773049645390071, 0.1773049645390071, 0.08865248226950355, 0.10638297872340426, 0.12411347517730496, 0.08865248226950355, 0.03546099290780142, 0.28368794326241137, 0.10638297872340426, 0.01773049645390071], "G": [0.10638297872340426, 0.1276595744680851, 0.14893617021276595, 0.7021276595744681, 0.9787234042553191, 0.8085106382978723, 0.9148936170212766, 0.2978723404255319, 0.1276595744680851, 0.0], "Y": [1.3156028368794326, 0.09929078014184398, 0.6950354609929078, 0.17375886524822695, 0.32269503546099293, 0.12411347517730496, 0.12411347517730496, 0.14893617021276595, 0.17375886524822695, 0.09929078014184398], "E": [0.01773049645390071, 0.10638297872340426, 0.07092198581560284, 0.3546099290780142, 0.12411347517730496, 0.24822695035460993, 0.08865248226950355, 0.1773049645390071, 0.3900709219858156, 0.0], "P": [0.07446808510638298, 0.9929078014184397, 0.12411347517730496, 1.2659574468085106, 1.3156028368794326, 0.7198581560283688, 0.49645390070921985, 0.2978723404255319, 0.4219858156028369, 0.04964539007092199], "T": [0.10638297872340426, 0.33687943262411346, 0.24822695035460993, 0.23049645390070922, 0.33687943262411346, 0.4078014184397163, 0.28368794326241137, 0.5141843971631206, 0.6028368794326241, 0.07092198581560284], "F": [2.3191489361702127, 0.0851063829787234, 0.851063829787234, 0.23404255319148937, 0.19148936170212766, 0.14893617021276595, 0.23404255319148937, 0.1276595744680851, 0.19148936170212766, 1.5106382978723405], "I": [0.28368794326241137, 0.1276595744680851, 0.45390070921985815, 0.15602836879432624, 0.1276595744680851, 0.0851063829787234, 0.22695035460992907, 0.22695035460992907, 0.1276595744680851, 0.0851063829787234], "C": [0.0, 0.0, 0.031914893617021274, 0.0, 0.0, 0.0, 0.0, 0.031914893617021274, 0.0, 0.0], "D": [0.0, 0.02127659574468085, 0.3829787234042553, 0.5319148936170213, 0.3617021276595745, 0.23404255319148937, 0.3829787234042553, 0.23404255319148937, 0.1702127659574468, 0.0], "M": [0.1773049645390071, 0.01773049645390071, 0.12411347517730496, 0.07092198581560284, 0.01773049645390071, 0.03546099290780142, 0.05319148936170213, 0.12411347517730496, 0.08865248226950355, 0.4432624113475177], "W": [0.07801418439716312, 0.03900709219858156, 0.03900709219858156, 0.15602836879432624, 0.03900709219858156, 0.03900709219858156, 0.0, 0.0, 0.11702127659574468, 0.07801418439716312], "N": [0.0, 0.0425531914893617, 0.23404255319148937, 0.3191489361702128, 0.2553191489361702, 0.2553191489361702, 0.23404255319148937, 0.425531914893617, 0.10638297872340426, 0.0], "K": [0.10638297872340426, 0.03546099290780142, 0.08865248226950355, 0.1595744680851064, 0.07092198581560284, 0.1773049645390071, 0.30141843971631205, 0.1773049645390071, 0.07092198581560284, 0.03546099290780142], "S": [0.014184397163120567, 0.5673758865248227, 0.15602836879432624, 0.3262411347517731, 0.3546099290780142, 0.5106382978723404, 0.36879432624113473, 0.3120567375886525, 0.624113475177305, 0.0], "V": [0.3971631205673759, 0.3546099290780142, 0.46808510638297873, 0.11347517730496454, 0.15602836879432624, 0.24113475177304963, 0.24113475177304963, 0.425531914893617, 0.41134751773049644, 0.0851063829787234], "L": [0.28368794326241137, 0.11347517730496454, 0.36879432624113473, 0.19858156028368795, 0.1702127659574468, 0.2695035460992908, 0.49645390070921985, 0.4397163120567376, 0.18439716312056736, 2.226950354609929], "A": [0.07092198581560284, 1.446808510638298, 0.36879432624113473, 0.2127659574468085, 0.2978723404255319, 0.425531914893617, 0.2695035460992908, 0.3262411347517731, 0.6382978723404256, 0.028368794326241134], "H": [0.11347517730496454, 0.0, 0.0851063829787234, 0.22695035460992907, 0.22695035460992907, 0.14184397163120568, 0.1702127659574468, 0.22695035460992907, 0.11347517730496454, 0.0]}