{"R": [0.21113243761996162, 0.028790786948176585, 0.14395393474088292, 0.16314779270633398, 0.2783109404990403, 0.19193857965451055, 0.2687140115163148, 0.21113243761996162, 0.14395393474088292, 2.859884836852207], "Q": [0.14395393474088292, 0.15355086372360843, 0.12476007677543186, 0.12476007677543186, 0.1343570057581574, 0.11516314779270634, 0.15355086372360843, 0.0671785028790787, 0.12476007677543186, 0.0], "G": [0.19577735124760076, 0.09213051823416507, 0.21880998080614203, 0.23032629558541268, 0.2418426103646833, 0.2763915547024952, 0.23032629558541268, 0.16122840690978887, 0.21880998080614203, 0.0], "Y": [0.20153550863723607, 0.32245681381957775, 0.3761996161228407, 0.32245681381957775, 0.362763915547025, 0.44337811900191937, 0.40307101727447214, 0.4165067178502879, 0.5374280230326296, 0.42994241842610365], "E": [0.2783109404990403, 0.019193857965451054, 0.11516314779270634, 0.20153550863723607, 0.1727447216890595, 0.29750479846449135, 0.2399232245681382, 0.15355086372360843, 0.2687140115163148, 0.028790786948176585], "P": [0.0671785028790787, 0.013435700575815739, 0.12092130518234165, 0.255278310940499, 0.14779270633397312, 0.08061420345489444, 0.16122840690978887, 0.1343570057581574, 0.2821497120921305, 0.013435700575815739], "T": [0.42226487523992323, 0.6046065259117083, 0.2687140115163148, 0.2399232245681382, 0.18234165067178504, 0.2591170825335892, 0.32629558541266795, 0.33589251439539347, 0.2591170825335892, 0.0], "F": [0.5412667946257198, 0.7600767754318618, 0.43761996161228406, 0.28790786948176583, 0.6564299424184261, 0.3570057581573896, 0.3800383877159309, 0.5988483685220729, 0.5988483685220729, 0.011516314779270634], "I": [0.2687140115163148, 0.46833013435700577, 0.2533589251439539, 0.29942418426103645, 0.3378119001919386, 0.31477927063339733, 0.33013435700575816, 0.3838771593090211, 0.2533589251439539, 0.015355086372360844], "C": [0.1036468330134357, 0.05182341650671785, 0.4145873320537428, 0.19001919385796545, 0.4145873320537428, 0.19001919385796545, 0.2072936660268714, 0.2591170825335892, 0.1727447216890595, 0.0], "D": [0.5297504798464492, 0.011516314779270634, 0.18426103646833014, 0.3685220729366603, 0.1727447216890595, 0.11516314779270634, 0.2533589251439539, 0.2072936660268714, 0.2072936660268714, 0.0], "M": [0.2399232245681382, 0.44145873320537427, 0.345489443378119, 0.2591170825335892, 0.18234165067178504, 0.2495201535508637, 0.21113243761996162, 0.19193857965451055, 0.18234165067178504, 0.009596928982725527], "W": [0.2533589251439539, 0.12667946257197696, 0.2744721689059501, 0.19001919385796545, 0.08445297504798464, 0.2744721689059501, 0.10556621880998081, 0.12667946257197696, 0.2744721689059501, 0.0], "N": [0.42610364683301344, 0.08061420345489444, 0.2763915547024952, 0.29942418426103645, 0.2418426103646833, 0.33397312859884837, 0.2418426103646833, 0.1727447216890595, 0.345489443378119, 0.0], "K": [0.16314779270633398, 0.019193857965451054, 0.28790786948176583, 0.29750479846449135, 0.2783109404990403, 0.22072936660268713, 0.3550863723608445, 0.2591170825335892, 0.2399232245681382, 1.4395393474088292], "S": [0.4069097888675624, 0.3915547024952015, 0.345489443378119, 0.3685220729366603, 0.2763915547024952, 0.43761996161228406, 0.29942418426103645, 0.4069097888675624, 0.23032629558541268, 0.0], "V": [0.2380038387715931, 0.45297504798464494, 0.2072936660268714, 0.16122840690978887, 0.2687140115163148, 0.31477927063339733, 0.16122840690978887, 0.2687140115163148, 0.19193857965451055, 0.007677543186180422], "L": [0.2687140115163148, 0.54510556621881, 0.5374280230326296, 0.46833013435700577, 0.4990403071017274, 0.3685220729366603, 0.46833013435700577, 0.4145873320537428, 0.4990403071017274, 0.03838771593090211], "A": [0.18426103646833014, 0.2380038387715931, 0.21497120921305182, 0.32245681381957775, 0.19193857965451055, 0.19961612284069097, 0.18426103646833014, 0.26103646833013433, 0.2072936660268714, 0.0], "H": [0.09213051823416507, 0.0, 0.19961612284069097, 0.15355086372360843, 0.12284069097888675, 0.18426103646833014, 0.2456813819577735, 0.10748560460652591, 0.1689059500959693, 0.4145873320537428]}