{"R": [0.8766233766233766, 0.8441558441558441, 1.3311688311688312, 0.09740259740259741, 0.551948051948052, 1.0064935064935066, 0.2922077922077922, 0.22727272727272727, 0.19480519480519481, 0.0], "Q": [0.032467532467532464, 0.09740259740259741, 0.06493506493506493, 0.16233766233766234, 0.16233766233766234, 0.16233766233766234, 0.12987012987012986, 0.19480519480519481, 0.09740259740259741, 0.0], "G": [0.0, 0.03896103896103896, 0.03896103896103896, 0.42857142857142855, 0.5844155844155844, 0.19480519480519481, 0.7012987012987013, 0.19480519480519481, 0.15584415584415584, 0.0], "Y": [0.6363636363636364, 0.09090909090909091, 0.7727272727272727, 0.045454545454545456, 0.22727272727272727, 0.0, 0.22727272727272727, 0.13636363636363635, 0.09090909090909091, 0.0], "E": [0.12987012987012986, 0.06493506493506493, 0.032467532467532464, 0.38961038961038963, 0.09740259740259741, 0.09740259740259741, 0.06493506493506493, 0.032467532467532464, 0.19480519480519481, 0.0], "P": [0.0, 4.2727272727272725, 0.13636363636363635, 1.0909090909090908, 0.6363636363636364, 0.6363636363636364, 0.22727272727272727, 0.3181818181818182, 0.36363636363636365, 0.0], "T": [0.19480519480519481, 0.09740259740259741, 0.06493506493506493, 0.19480519480519481, 0.2597402597402597, 0.19480519480519481, 0.35714285714285715, 0.7142857142857143, 0.7142857142857143, 0.0], "F": [0.38961038961038963, 0.03896103896103896, 0.8961038961038961, 0.19480519480519481, 0.15584415584415584, 0.19480519480519481, 0.35064935064935066, 0.19480519480519481, 0.07792207792207792, 0.5064935064935064], "I": [0.12987012987012986, 0.025974025974025976, 0.1038961038961039, 0.1038961038961039, 0.1038961038961039, 0.23376623376623376, 0.33766233766233766, 0.2077922077922078, 0.025974025974025976, 0.0], "C": [0.05844155844155844, 0.0, 0.0, 0.0, 0.0, 0.0, 0.0, 0.0, 0.0, 0.0], "D": [0.38961038961038963, 0.03896103896103896, 0.19480519480519481, 0.5064935064935064, 0.07792207792207792, 0.03896103896103896, 0.0, 0.11688311688311688, 0.11688311688311688, 0.0], "M": [0.2922077922077922, 0.032467532467532464, 0.3246753246753247, 0.0, 0.032467532467532464, 0.09740259740259741, 0.0, 0.06493506493506493, 0.032467532467532464, 0.35714285714285715], "W": [0.07142857142857142, 0.0, 0.21428571428571427, 0.07142857142857142, 0.14285714285714285, 0.07142857142857142, 0.21428571428571427, 0.0, 0.0, 0.0], "N": [0.5064935064935064, 0.03896103896103896, 0.11688311688311688, 0.19480519480519481, 0.2727272727272727, 0.3116883116883117, 0.2727272727272727, 0.2727272727272727, 0.03896103896103896, 0.0], "K": [0.0, 0.0, 0.06493506493506493, 0.22727272727272727, 0.2597402597402597, 0.19480519480519481, 0.12987012987012986, 0.06493506493506493, 0.06493506493506493, 0.0], "S": [0.5454545454545454, 0.0, 0.23376623376623376, 0.33766233766233766, 0.4155844155844156, 0.5194805194805194, 0.38961038961038963, 0.5194805194805194, 0.8571428571428571, 0.0], "V": [0.12987012987012986, 0.12987012987012986, 0.05194805194805195, 0.12987012987012986, 0.23376623376623376, 0.2597402597402597, 0.5454545454545454, 0.33766233766233766, 0.4935064935064935, 0.1038961038961039], "L": [0.2857142857142857, 0.07792207792207792, 0.3116883116883117, 0.33766233766233766, 0.3116883116883117, 0.18181818181818182, 0.3116883116883117, 0.5974025974025974, 0.2597402597402597, 3.2467532467532467], "A": [0.18181818181818182, 0.18181818181818182, 0.2597402597402597, 0.5454545454545454, 0.4155844155844156, 0.3116883116883117, 0.2597402597402597, 0.4675324675324675, 0.8051948051948052, 0.025974025974025976], "H": [0.4675324675324675, 0.15584415584415584, 0.2077922077922078, 0.2597402597402597, 0.3116883116883117, 0.4155844155844156, 0.3116883116883117, 0.1038961038961039, 0.0, 0.0]}