{"R": [0.4260089686098655, 0.033632286995515695, 0.08968609865470852, 0.06726457399103139, 0.14573991031390135, 0.23542600896860988, 0.24663677130044842, 0.07847533632286996, 0.13452914798206278, 0.0], "Q": [0.033632286995515695, 0.12331838565022421, 0.10089686098654709, 0.12331838565022421, 0.10089686098654709, 0.13452914798206278, 0.26905829596412556, 0.2914798206278027, 0.14573991031390135, 0.0], "G": [0.04035874439461883, 0.22869955156950672, 0.026905829596412557, 0.6860986547085202, 0.7668161434977578, 0.9417040358744395, 0.5515695067264574, 0.08071748878923767, 0.21524663677130046, 0.0], "Y": [0.9730941704035875, 0.03139013452914798, 0.15695067264573992, 0.03139013452914798, 0.09417040358744394, 0.06278026905829596, 0.10986547085201794, 0.1412556053811659, 0.3295964125560538, 0.0], "E": [0.04484304932735426, 0.02242152466367713, 0.2914798206278027, 0.594170403587444, 0.36995515695067266, 0.21300448430493274, 0.17937219730941703, 0.30269058295964124, 0.49327354260089684, 0.0], "P": [0.0, 0.9260089686098655, 0.04708520179372197, 0.9103139013452914, 1.0358744394618835, 0.6278026905829597, 0.3452914798206278, 0.1726457399103139, 0.2825112107623318, 0.0], "T": [0.1905829596412556, 0.3251121076233184, 0.033632286995515695, 0.2242152466367713, 0.257847533632287, 0.4147982062780269, 0.336322869955157, 0.7062780269058296, 0.6053811659192825, 0.0], "F": [1.210762331838565, 0.04035874439461883, 0.18834080717488788, 0.1210762331838565, 0.10762331838565023, 0.10762331838565023, 0.22869955156950672, 0.09417040358744394, 0.2825112107623318, 0.6322869955156951], "I": [0.29596412556053814, 0.32286995515695066, 0.08968609865470852, 0.06278026905829596, 0.17040358744394618, 0.12556053811659193, 0.17040358744394618, 0.23318385650224216, 0.06278026905829596, 0.12556053811659193], "C": [0.0, 0.1210762331838565, 0.0, 0.020179372197309416, 0.020179372197309416, 0.020179372197309416, 0.04035874439461883, 0.04035874439461883, 0.04035874439461883, 0.0], "D": [0.013452914798206279, 0.04035874439461883, 3.7399103139013454, 1.4663677130044843, 0.4170403587443946, 0.2556053811659193, 0.2556053811659193, 0.18834080717488788, 0.06726457399103139, 0.0], "M": [0.08968609865470852, 0.06726457399103139, 0.10089686098654709, 0.02242152466367713, 0.033632286995515695, 0.08968609865470852, 0.04484304932735426, 0.11210762331838565, 0.033632286995515695, 0.17937219730941703], "W": [0.19730941704035873, 0.0, 0.0, 0.09865470852017937, 0.0, 0.07399103139013453, 0.0, 0.04932735426008968, 0.02466367713004484, 0.0], "N": [0.13452914798206278, 0.053811659192825115, 0.04035874439461883, 0.21524663677130046, 0.37668161434977576, 0.22869955156950672, 0.34977578475336324, 0.4439461883408072, 0.1210762331838565, 0.0], "K": [0.2914798206278027, 0.0, 0.02242152466367713, 0.13452914798206278, 0.1681614349775785, 0.257847533632287, 0.2242152466367713, 0.17937219730941703, 0.11210762331838565, 0.0], "S": [0.26905829596412556, 0.35874439461883406, 0.17937219730941703, 0.25112107623318386, 0.45739910313901344, 0.6188340807174888, 0.34977578475336324, 0.4484304932735426, 0.6367713004484304, 0.008968609865470852], "V": [0.5022421524663677, 0.49327354260089684, 0.053811659192825115, 0.053811659192825115, 0.2242152466367713, 0.14349775784753363, 0.28699551569506726, 0.4304932735426009, 0.40358744394618834, 0.4125560538116592], "L": [0.18834080717488788, 0.5829596412556054, 0.14349775784753363, 0.17040358744394618, 0.10762331838565023, 0.15246636771300448, 0.5291479820627802, 0.36771300448430494, 0.16143497757847533, 2.8789237668161434], "A": [0.19730941704035873, 0.9417040358744395, 0.2242152466367713, 0.25112107623318386, 0.30493273542600896, 0.29596412556053814, 0.242152466367713, 0.27802690582959644, 0.6278026905829597, 0.008968609865470852], "H": [0.25112107623318386, 0.0, 0.03587443946188341, 0.07174887892376682, 0.21524663677130046, 0.26905829596412556, 0.35874439461883406, 0.30493273542600896, 0.10762331838565023, 0.0]}