{"R": [0.11538461538461539, 0.038461538461538464, 0.15384615384615385, 0.07692307692307693, 0.09615384615384616, 0.11538461538461539, 0.23076923076923078, 0.25, 0.07692307692307693, 0.09615384615384616], "Q": [0.019230769230769232, 0.0, 0.19230769230769232, 0.21153846153846154, 0.11538461538461539, 0.2692307692307692, 0.15384615384615385, 0.15384615384615385, 0.1346153846153846, 0.019230769230769232], "G": [0.046153846153846156, 0.11538461538461539, 0.13846153846153847, 0.3230769230769231, 0.36923076923076925, 0.5769230769230769, 0.5769230769230769, 0.2076923076923077, 0.27692307692307694, 0.0], "Y": [0.4576923076923077, 0.026923076923076925, 0.8076923076923077, 0.5384615384615384, 0.2692307692307692, 0.2153846153846154, 0.1346153846153846, 0.35, 0.18846153846153846, 0.29615384615384616], "E": [0.07692307692307693, 0.038461538461538464, 0.15384615384615385, 0.6730769230769231, 0.21153846153846154, 0.11538461538461539, 0.19230769230769232, 0.21153846153846154, 0.46153846153846156, 0.038461538461538464], "P": [0.05384615384615385, 5.680769230769231, 0.2153846153846154, 0.4846153846153846, 0.5384615384615384, 0.7807692307692308, 0.6730769230769231, 0.5384615384615384, 0.40384615384615385, 0.08076923076923077], "T": [0.15384615384615385, 0.057692307692307696, 0.07692307692307693, 0.21153846153846154, 0.21153846153846154, 0.19230769230769232, 0.25, 0.2692307692307692, 0.28846153846153844, 0.07692307692307693], "F": [1.2923076923076924, 0.0, 0.6230769230769231, 0.25384615384615383, 0.36923076923076925, 0.34615384615384615, 0.3923076923076923, 0.23076923076923078, 0.09230769230769231, 0.4153846153846154], "I": [0.23076923076923078, 0.06153846153846154, 0.26153846153846155, 0.3230769230769231, 0.38461538461538464, 0.3076923076923077, 0.3384615384615385, 0.4, 0.4307692307692308, 0.36923076923076925], "C": [0.06923076923076923, 0.0, 0.03461538461538462, 0.2423076923076923, 0.2423076923076923, 0.10384615384615385, 0.06923076923076923, 0.13846153846153847, 0.13846153846153847, 0.0], "D": [0.09230769230769231, 0.023076923076923078, 0.11538461538461539, 0.25384615384615383, 0.27692307692307694, 0.25384615384615383, 0.3, 0.09230769230769231, 0.09230769230769231, 0.0], "M": [0.6538461538461539, 0.019230769230769232, 0.15384615384615385, 0.09615384615384616, 0.15384615384615385, 0.17307692307692307, 0.057692307692307696, 0.21153846153846154, 0.11538461538461539, 0.11538461538461539], "W": [0.12692307692307692, 0.0, 0.08461538461538462, 0.04230769230769231, 0.12692307692307692, 0.08461538461538462, 0.25384615384615383, 0.04230769230769231, 0.04230769230769231, 0.08461538461538462], "N": [0.16153846153846155, 0.023076923076923078, 0.34615384615384615, 0.27692307692307694, 0.16153846153846155, 0.36923076923076925, 0.23076923076923078, 0.23076923076923078, 0.13846153846153847, 0.0], "K": [0.11538461538461539, 0.019230769230769232, 0.15384615384615385, 0.1346153846153846, 0.23076923076923078, 0.19230769230769232, 0.17307692307692307, 0.19230769230769232, 0.15384615384615385, 0.09615384615384616], "S": [0.16923076923076924, 0.06153846153846154, 0.23076923076923078, 0.3384615384615385, 0.27692307692307694, 0.13846153846153847, 0.16923076923076924, 0.26153846153846155, 0.35384615384615387, 0.046153846153846156], "V": [0.2, 0.09230769230769231, 0.24615384615384617, 0.13846153846153847, 0.36923076923076925, 0.23076923076923078, 0.38461538461538464, 0.5384615384615384, 0.4153846153846154, 0.6461538461538462], "L": [0.5384615384615384, 0.07692307692307693, 0.5846153846153846, 0.4153846153846154, 0.5076923076923077, 0.38461538461538464, 0.4307692307692308, 0.3076923076923077, 0.2923076923076923, 0.4307692307692308], "A": [0.12307692307692308, 0.15384615384615385, 0.2923076923076923, 0.1076923076923077, 0.2, 0.24615384615384617, 0.18461538461538463, 0.2923076923076923, 0.6, 1.6153846153846154], "H": [0.8, 0.09230769230769231, 0.46153846153846156, 0.2153846153846154, 0.09230769230769231, 0.3384615384615385, 0.12307692307692308, 0.15384615384615385, 0.2153846153846154, 0.03076923076923077]}