{"R": [0.1388888888888889, 0.03205128205128205, 0.0, 0.07478632478632478, 0.17094017094017094, 0.24572649572649571, 0.3525641025641026, 0.1388888888888889, 0.3525641025641026, 0.053418803418803416], "Q": [0.053418803418803416, 0.14957264957264957, 0.07478632478632478, 0.16025641025641027, 0.0641025641025641, 0.21367521367521367, 0.17094017094017094, 0.24572649572649571, 0.16025641025641027, 0.010683760683760684], "G": [0.21794871794871795, 0.1282051282051282, 0.08974358974358974, 0.8205128205128205, 0.5769230769230769, 0.8333333333333334, 0.4230769230769231, 0.15384615384615385, 0.2692307692307692, 0.038461538461538464], "Y": [0.8226495726495726, 0.07478632478632478, 0.08974358974358974, 0.1047008547008547, 0.14957264957264957, 0.14957264957264957, 0.11965811965811966, 0.23931623931623933, 0.40384615384615385, 0.07478632478632478], "E": [0.010683760683760684, 0.0, 0.3311965811965812, 0.7799145299145299, 0.28846153846153844, 0.2777777777777778, 0.202991452991453, 0.36324786324786323, 0.405982905982906, 0.010683760683760684], "P": [0.0, 0.23931623931623933, 0.1794871794871795, 0.8974358974358975, 1.0021367521367521, 0.47863247863247865, 0.4337606837606838, 0.344017094017094, 0.11965811965811966, 0.029914529914529916], "T": [0.22435897435897437, 0.36324786324786323, 0.021367521367521368, 0.2777777777777778, 0.2564102564102564, 0.36324786324786323, 0.30982905982905984, 0.5128205128205128, 0.4807692307692308, 0.042735042735042736], "F": [1.0897435897435896, 0.02564102564102564, 0.0641025641025641, 0.08974358974358974, 0.10256410256410256, 0.07692307692307693, 0.19230769230769232, 0.1282051282051282, 0.47435897435897434, 1.4615384615384615], "I": [0.28205128205128205, 0.3076923076923077, 0.02564102564102564, 0.08547008547008547, 0.1452991452991453, 0.13675213675213677, 0.23931623931623933, 0.21367521367521367, 0.07692307692307693, 0.20512820512820512], "C": [0.0, 0.019230769230769232, 0.0, 0.0, 0.019230769230769232, 0.038461538461538464, 0.0, 0.057692307692307696, 0.0, 0.0], "D": [0.05128205128205128, 0.01282051282051282, 4.5256410256410255, 0.9743589743589743, 0.48717948717948717, 0.14102564102564102, 0.3076923076923077, 0.11538461538461539, 0.15384615384615385, 0.0], "M": [0.0641025641025641, 0.18162393162393162, 0.021367521367521368, 0.021367521367521368, 0.03205128205128205, 0.0641025641025641, 0.08547008547008547, 0.07478632478632478, 0.0641025641025641, 0.2564102564102564], "W": [0.023504273504273504, 0.023504273504273504, 0.023504273504273504, 0.0, 0.0, 0.04700854700854701, 0.07051282051282051, 0.023504273504273504, 0.04700854700854701, 0.09401709401709402], "N": [0.20512820512820512, 0.02564102564102564, 0.05128205128205128, 0.32051282051282054, 0.47435897435897434, 0.2948717948717949, 0.41025641025641024, 0.23076923076923078, 0.11538461538461539, 0.01282051282051282], "K": [0.3311965811965812, 0.010683760683760684, 0.0, 0.24572649572649571, 0.24572649572649571, 0.23504273504273504, 0.38461538461538464, 0.21367521367521367, 0.405982905982906, 0.010683760683760684], "S": [0.29914529914529914, 0.4444444444444444, 0.05982905982905983, 0.20512820512820512, 0.3162393162393162, 0.5299145299145299, 0.2564102564102564, 0.2222222222222222, 0.2564102564102564, 0.0], "V": [0.47863247863247865, 0.4444444444444444, 0.02564102564102564, 0.06837606837606838, 0.28205128205128205, 0.2564102564102564, 0.24786324786324787, 0.6581196581196581, 0.20512820512820512, 0.5641025641025641], "L": [0.29914529914529914, 0.6153846153846154, 0.042735042735042736, 0.1623931623931624, 0.17094017094017094, 0.19658119658119658, 0.42735042735042733, 0.42735042735042733, 0.5641025641025641, 1.7777777777777777], "A": [0.3333333333333333, 1.264957264957265, 0.1452991452991453, 0.15384615384615385, 0.3076923076923077, 0.29914529914529914, 0.20512820512820512, 0.27350427350427353, 0.20512820512820512, 0.017094017094017096], "H": [0.2564102564102564, 0.017094017094017096, 0.05128205128205128, 0.06837606837606838, 0.3418803418803419, 0.3418803418803419, 0.37606837606837606, 0.358974358974359, 0.41025641025641024, 0.05128205128205128]}