{"R": [0.14961725817675714, 0.013917884481558803, 0.10786360473208072, 0.13221990257480862, 0.14265831593597772, 0.15309672929714682, 0.10438413361169102, 0.08350730688935282, 0.25748086290883787, 2.139874739039666], "Q": [0.11134307585247043, 0.09394572025052192, 0.11482254697286012, 0.18093249826026445, 0.09742519137091162, 0.14961725817675714, 0.18093249826026445, 0.15309672929714682, 0.24008350730688935, 0.003479471120389701], "G": [0.1837160751565762, 0.0041753653444676405, 0.15031315240083507, 0.4091858037578288, 0.5010438413361169, 0.30062630480167013, 0.4175365344467641, 0.10438413361169102, 0.2881002087682672, 0.0041753653444676405], "Y": [0.23869171885873347, 0.014613778705636743, 0.41892832289492, 0.32150313152400833, 0.2045929018789144, 0.30201809324982604, 0.22407794015309673, 0.2971468336812804, 0.4286708420320111, 0.7696590118302018], "E": [0.7620041753653445, 0.017397355601948505, 0.12874043145441894, 0.3201113430758525, 0.19137091162143355, 0.2783576896311761, 0.25748086290883787, 0.21224773834377175, 0.2818371607515658, 0.006958942240779402], "P": [0.03409881697981907, 0.06332637439109255, 0.24356297842727906, 0.3409881697981907, 0.4286708420320111, 0.360473208072373, 0.3750869867780097, 0.18997912317327767, 0.22407794015309673, 0.0048712595685455815], "T": [0.4384133611691023, 1.0995128740431455, 0.30619345859429364, 0.2609603340292276, 0.24704244954766874, 0.4140570633263744, 0.3166318719554628, 0.3966597077244259, 0.3653444676409186, 0.0], "F": [0.33820459290187893, 0.2546972860125261, 0.6430062630480167, 0.2839248434237996, 0.4342379958246347, 0.22964509394572025, 0.4091858037578288, 0.4384133611691023, 0.38413361169102295, 0.0041753653444676405], "I": [0.2533054975643702, 0.3813500347947112, 0.39526791927627003, 0.23660403618649964, 0.3980514961725818, 0.3451635351426583, 0.31454418928322897, 0.4342379958246347, 0.20598469032707029, 0.016701461377870562], "C": [0.07515657620041753, 0.025052192066805846, 0.162839248434238, 0.13778705636743216, 0.17536534446764093, 0.1315240083507307, 0.1127348643006263, 0.15031315240083507, 0.05010438413361169, 0.0], "D": [0.4759916492693111, 0.0041753653444676405, 0.17954070981210857, 0.5887265135699373, 0.27139874739039666, 0.3173277661795407, 0.24634655532359082, 0.25052192066805845, 0.18789144050104384, 0.0], "M": [0.13221990257480862, 0.19137091162143355, 0.22268615170494085, 0.13221990257480862, 0.11482254697286012, 0.12526096033402923, 0.16353514265831592, 0.17397355601948503, 0.13917884481558804, 0.003479471120389701], "W": [0.07654836464857341, 0.015309672929714684, 0.06889352818371608, 0.07654836464857341, 0.11482254697286012, 0.06889352818371608, 0.09951287404314545, 0.0918580375782881, 0.16075156576200417, 0.007654836464857342], "N": [0.33402922755741127, 0.029227557411273485, 0.2588726513569937, 0.36325678496868474, 0.23799582463465555, 0.35490605427974947, 0.3298538622129436, 0.2546972860125261, 0.33402922755741127, 0.0041753653444676405], "K": [0.16005567153792624, 0.013917884481558803, 0.14265831593597772, 0.22616562282533054, 0.17049408489909534, 0.21224773834377175, 0.25052192066805845, 0.15657620041753653, 0.28879610299234515, 2.066805845511482], "S": [0.5010438413361169, 0.5038274182324287, 0.36464857341684065, 0.37021572720946416, 0.27279053583855256, 0.37856645789839943, 0.30062630480167013, 0.3729993041057759, 0.25608907446068196, 0.0], "V": [0.16423103688239388, 0.860125260960334, 0.34237995824634654, 0.20320111343075853, 0.3757828810020877, 0.3117606123869172, 0.2894919972164231, 0.4732080723729993, 0.20598469032707029, 0.013917884481558803], "L": [0.23103688239387613, 0.4398051496172582, 0.29227557411273486, 0.2894919972164231, 0.4592901878914405, 0.32846207376478775, 0.3924843423799583, 0.37021572720946416, 0.5845511482254697, 0.06402226861517049], "A": [0.2616562282533055, 0.41475295755045233, 0.4342379958246347, 0.26443980514961724, 0.20598469032707029, 0.23660403618649964, 0.25052192066805845, 0.2254697286012526, 0.18649965205288796, 0.008350730688935281], "H": [0.16144745998608212, 0.0, 0.11134307585247043, 0.13917884481558804, 0.14474599860821155, 0.13917884481558804, 0.13917884481558804, 0.2115518441196938, 0.1057759220598469, 0.1336116910229645]}