{"R": [0.4263848396501458, 0.010932944606413994, 0.10568513119533528, 0.13119533527696792, 0.20772594752186588, 0.18950437317784258, 0.25510204081632654, 0.11661807580174927, 0.2696793002915452, 0.0036443148688046646], "Q": [0.15306122448979592, 0.06924198250728864, 0.16034985422740525, 0.20772594752186588, 0.17128279883381925, 0.21865889212827988, 0.25145772594752186, 0.27332361516034986, 0.1967930029154519, 0.0036443148688046646], "G": [0.1618075801749271, 0.013119533527696793, 0.2099125364431487, 0.29737609329446063, 0.46355685131195334, 0.5116618075801749, 0.6166180758017493, 0.10932944606413994, 0.1793002915451895, 0.008746355685131196], "Y": [0.4642857142857143, 4.163265306122449, 0.41836734693877553, 0.15306122448979592, 0.1989795918367347, 0.20408163265306123, 0.22448979591836735, 0.22959183673469388, 0.3979591836734694, 0.10714285714285714], "E": [0.16763848396501457, 0.018221574344023325, 0.07653061224489796, 0.5029154518950437, 0.27696793002915454, 0.2259475218658892, 0.21137026239067055, 0.3826530612244898, 0.24052478134110788, 0.021865889212827987], "P": [0.2857142857142857, 0.09693877551020408, 0.7755102040816326, 1.1479591836734695, 0.6683673469387755, 0.5663265306122449, 0.6224489795918368, 0.6020408163265306, 0.18877551020408162, 0.0], "T": [0.2368804664723032, 0.05102040816326531, 0.2879008746355685, 0.2696793002915452, 0.3462099125364432, 0.3498542274052478, 0.2660349854227405, 0.3097667638483965, 0.6778425655976676, 0.021865889212827987], "F": [0.30174927113702626, 0.760932944606414, 0.41545189504373176, 0.1661807580174927, 0.2230320699708455, 0.26676384839650147, 0.4897959183673469, 0.42857142857142855, 0.41545189504373176, 3.3104956268221573], "I": [0.34402332361516036, 0.03206997084548105, 0.3294460641399417, 0.12244897959183673, 0.21574344023323616, 0.2944606413994169, 0.22448979591836735, 0.2303206997084548, 0.16326530612244897, 0.40524781341107874], "C": [0.08527696793002916, 0.03279883381924198, 0.08527696793002916, 0.07215743440233237, 0.07215743440233237, 0.05903790087463557, 0.03935860058309038, 0.04591836734693878, 0.09183673469387756, 0.0], "D": [0.13119533527696792, 0.004373177842565598, 0.1793002915451895, 0.7084548104956269, 0.3454810495626822, 0.21428571428571427, 0.24927113702623907, 0.2055393586005831, 0.11807580174927114, 0.01749271137026239], "M": [0.16763848396501457, 0.1129737609329446, 0.2587463556851312, 0.08746355685131195, 0.1129737609329446, 0.12026239067055394, 0.1348396501457726, 0.10932944606413994, 0.08746355685131195, 0.06559766763848396], "W": [0.0641399416909621, 1.154518950437318, 0.16034985422740525, 0.08819241982507289, 0.16034985422740525, 0.24052478134110788, 0.13629737609329445, 0.24854227405247814, 0.07215743440233237, 0.7616618075801749], "N": [0.1793002915451895, 0.004373177842565598, 0.3454810495626822, 0.27988338192419826, 0.2755102040816326, 0.29737609329446063, 0.2536443148688047, 0.3323615160349854, 0.26239067055393583, 0.004373177842565598], "K": [0.3607871720116618, 0.010932944606413994, 0.1749271137026239, 0.22959183673469388, 0.1967930029154519, 0.16763848396501457, 0.25145772594752186, 0.1348396501457726, 0.24052478134110788, 0.0], "S": [0.3177842565597668, 0.09329446064139942, 0.2857142857142857, 0.239067055393586, 0.2944606413994169, 0.2915451895043732, 0.19825072886297376, 0.19825072886297376, 0.24198250728862974, 0.0058309037900874635], "V": [0.5568513119533528, 0.043731778425655975, 0.15743440233236153, 0.17784256559766765, 0.3236151603498542, 0.24489795918367346, 0.21865889212827988, 0.34110787172011664, 0.3032069970845481, 0.05539358600583091], "L": [0.27696793002915454, 0.17201166180758018, 0.45481049562682213, 0.23323615160349853, 0.2944606413994169, 0.3935860058309038, 0.30903790087463556, 0.4606413994169096, 0.5860058309037901, 0.8542274052478134], "A": [0.22448979591836735, 0.03498542274052478, 0.3032069970845481, 0.21574344023323616, 0.26822157434402333, 0.27405247813411077, 0.20408163265306123, 0.2303206997084548, 0.13702623906705538, 0.01749271137026239], "H": [0.1282798833819242, 0.029154518950437316, 0.1457725947521866, 0.18658892128279883, 0.1924198250728863, 0.13994169096209913, 0.25072886297376096, 0.3498542274052478, 0.2915451895043732, 0.0058309037900874635]}