{"R": [0.7358870967741935, 0.012600806451612902, 0.2469758064516129, 0.1461693548387097, 0.2242943548387097, 0.17137096774193547, 0.14112903225806453, 0.17389112903225806, 0.21925403225806453, 0.5670362903225806], "Q": [0.1436491935483871, 0.15120967741935484, 0.1310483870967742, 0.24193548387096775, 0.1688508064516129, 0.17641129032258066, 0.14868951612903225, 0.16129032258064516, 0.25201612903225806, 0.0025201612903225806], "G": [0.42036290322580644, 0.018145161290322582, 0.1693548387096774, 0.4022177419354839, 0.5383064516129032, 0.3024193548387097, 0.4596774193548387, 0.2540322580645161, 0.43850806451612906, 0.0], "Y": [0.11290322580645161, 0.017641129032258066, 0.7303427419354839, 0.25756048387096775, 0.27872983870967744, 0.1905241935483871, 0.22580645161290322, 0.18346774193548387, 0.38810483870967744, 0.7056451612903226], "E": [0.06804435483870967, 0.0, 0.078125, 0.42338709677419356, 0.2091733870967742, 0.18901209677419356, 0.1537298387096774, 0.11088709677419355, 0.2368951612903226, 0.0025201612903225806], "P": [0.04586693548387097, 0.007056451612903226, 0.2469758064516129, 0.6597782258064516, 0.5574596774193549, 0.6915322580645161, 0.4375, 0.26814516129032256, 0.3634072580645161, 0.007056451612903226], "T": [0.21169354838709678, 0.6602822580645161, 0.17389112903225806, 0.2973790322580645, 0.24949596774193547, 0.3855846774193548, 0.3125, 0.5090725806451613, 0.2721774193548387, 0.007560483870967742], "F": [0.1844758064516129, 0.15423387096774194, 0.5957661290322581, 0.22983870967741934, 0.39314516129032256, 0.25705645161290325, 0.3659274193548387, 0.26310483870967744, 0.31149193548387094, 0.06048387096774194], "I": [0.25201612903225806, 0.5504032258064516, 0.22379032258064516, 0.1875, 0.24193548387096775, 0.3548387096774194, 0.35685483870967744, 0.33669354838709675, 0.11693548387096774, 0.014112903225806451], "C": [0.07711693548387097, 0.040826612903225805, 0.12701612903225806, 0.12701612903225806, 0.12247983870967742, 0.13608870967741934, 0.09979838709677419, 0.13155241935483872, 0.08618951612903226, 0.0], "D": [0.06350806451612903, 0.009072580645161291, 0.17237903225806453, 0.4838709677419355, 0.20262096774193547, 0.17237903225806453, 0.15120967741935484, 0.10584677419354839, 0.15423387096774194, 0.006048387096774193], "M": [0.11088709677419355, 0.2746975806451613, 0.16381048387096775, 0.1184475806451613, 0.08820564516129033, 0.09324596774193548, 0.1663306451612903, 0.19657258064516128, 0.10836693548387097, 0.012600806451612902], "W": [0.06653225806451613, 0.005544354838709678, 0.19959677419354838, 0.08870967741935484, 0.1774193548387097, 0.08870967741935484, 0.09425403225806452, 0.09425403225806452, 0.11643145161290322, 0.0], "N": [0.11794354838709678, 0.015120967741935484, 0.375, 0.2661290322580645, 0.28125, 0.3024193548387097, 0.22983870967741934, 0.24193548387096775, 0.3901209677419355, 0.0030241935483870967], "K": [0.7837701612903226, 0.020161290322580645, 0.3251008064516129, 0.23941532258064516, 0.3175403225806452, 0.24193548387096775, 0.22681451612903225, 0.19153225806451613, 0.4007056451612903, 3.5912298387096775], "S": [0.3709677419354839, 0.37701612903225806, 0.28225806451612906, 0.35080645161290325, 0.2963709677419355, 0.3528225806451613, 0.3064516129032258, 0.4798387096774194, 0.29435483870967744, 0.0020161290322580645], "V": [0.25, 0.7883064516129032, 0.17540322580645162, 0.1774193548387097, 0.23387096774193547, 0.32661290322580644, 0.27419354838709675, 0.2923387096774194, 0.20766129032258066, 0.024193548387096774], "L": [0.23387096774193547, 1.0544354838709677, 0.48588709677419356, 0.27419354838709675, 0.28830645161290325, 0.33064516129032256, 0.5806451612903226, 0.5524193548387096, 0.5, 0.08870967741935484], "A": [0.48588709677419356, 0.16733870967741934, 0.3024193548387097, 0.2399193548387097, 0.24596774193548387, 0.2620967741935484, 0.22782258064516128, 0.2600806451612903, 0.23387096774193547, 0.010080645161290322], "H": [0.1814516129032258, 0.004032258064516129, 0.14516129032258066, 0.125, 0.29435483870967744, 0.16129032258064516, 0.14516129032258066, 0.1532258064516129, 0.16532258064516128, 0.12096774193548387]}