{"R": [0.25460455037919827, 0.059588299024918745, 0.07042253521126761, 0.07042253521126761, 0.13001083423618634, 0.18959913326110509, 0.19501625135427952, 0.12459371614301191, 0.1570964247020585, 0.021668472372697724], "Q": [0.05417118093174431, 0.3087757313109426, 0.11375947995666305, 0.23293607800650054, 0.20585048754062837, 0.19501625135427952, 0.20043336944745396, 0.28710725893824485, 0.2221018418201517, 0.021668472372697724], "G": [0.11700975081256772, 0.16901408450704225, 0.17551462621885158, 0.26652221018418204, 0.7150595882990249, 0.7930660888407367, 0.5395449620801733, 0.2275189599133261, 0.21451787648970747, 0.02600216684723727], "Y": [0.9555796316359697, 1.3651137594799567, 0.5612134344528711, 0.06825568797399784, 0.23510292524377033, 0.09859154929577464, 0.2123510292524377, 0.1820151679306609, 0.47020585048754066, 0.48537378114842905], "E": [0.07583965330444203, 0.07583965330444203, 0.2437703141928494, 0.4875406283856988, 0.3087757313109426, 0.18418201516793067, 0.3358613217768147, 0.28710725893824485, 0.3196099674972914, 0.07042253521126761], "P": [0.10617551462621885, 1.1755146262188516, 0.30335861321776814, 1.3878656554712894, 0.6446370530877573, 0.6598049837486457, 0.6825568797399784, 0.5308775731310943, 0.24268689057421453, 0.09100758396533044], "T": [0.26543878656554715, 0.1570964247020585, 0.11375947995666305, 0.1570964247020585, 0.3304442036836403, 0.3250270855904659, 0.27085590465872156, 0.4442036836403034, 0.6717226435536294, 0.06500541711809317], "F": [1.2416034669555795, 0.7345612134344529, 0.7410617551462622, 0.10400866738894908, 0.19501625135427952, 0.12351029252437704, 0.3120260021668472, 0.21451787648970747, 0.3640303358613218, 2.2621885157096426], "I": [0.26435536294691225, 0.0780065005417118, 0.19501625135427952, 0.0780065005417118, 0.18634886240520043, 0.18634886240520043, 0.20801733477789816, 0.23835319609967498, 0.11267605633802817, 0.14301191765980498], "C": [0.0, 0.01950162513542795, 0.0390032502708559, 0.02925243770314193, 0.009750812567713976, 0.01950162513542795, 0.02925243770314193, 0.01950162513542795, 0.01950162513542795, 0.02925243770314193], "D": [0.032502708559046585, 0.06500541711809317, 1.6836403033586131, 1.3651137594799567, 0.3055254604550379, 0.3120260021668472, 0.29252437703141926, 0.2210184182015168, 0.13651137594799567, 0.0390032502708559], "M": [0.23293607800650054, 0.11375947995666305, 0.13001083423618634, 0.032502708559046585, 0.05417118093174431, 0.03791982665222102, 0.06500541711809317, 0.11375947995666305, 0.06500541711809317, 0.2437703141928494], "W": [0.047670639219934995, 0.38136511375947996, 0.15492957746478872, 0.08342361863488625, 0.059588299024918745, 0.08342361863488625, 0.035752979414951244, 0.059588299024918745, 0.035752979414951244, 0.035752979414951244], "N": [0.1560130010834236, 0.05850487540628386, 0.1820151679306609, 0.26652221018418204, 0.28602383531960995, 0.3120260021668472, 0.3445287107258938, 0.3445287107258938, 0.16251354279523295, 0.02600216684723727], "K": [0.19501625135427952, 0.016251354279523293, 0.04333694474539545, 0.09750812567713976, 0.18418201516793067, 0.28710725893824485, 0.2275189599133261, 0.10292524377031419, 0.24918743228602383, 0.03791982665222102], "S": [0.2210184182015168, 0.13434452871072589, 0.14734561213434452, 0.26868905742145177, 0.3640303358613218, 0.42903575297941493, 0.30335861321776814, 0.26435536294691225, 0.3380281690140845, 0.056338028169014086], "V": [0.3856988082340195, 0.13001083423618634, 0.09534127843986999, 0.2123510292524377, 0.2990249187432286, 0.24702058504875407, 0.24268689057421453, 0.5027085590465872, 0.38136511375947996, 0.29469122426868904], "L": [0.2903575297941495, 0.5373781148429035, 0.27735644637053086, 0.1560130010834236, 0.2123510292524377, 0.22535211267605634, 0.3120260021668472, 0.3423618634886241, 0.4507042253521127, 1.1484290357529794], "A": [0.19934994582881907, 0.23835319609967498, 0.24268689057421453, 0.1820151679306609, 0.3293607800650054, 0.333694474539545, 0.24268689057421453, 0.3120260021668472, 0.28602383531960995, 0.056338028169014086], "H": [0.24268689057421453, 0.02600216684723727, 0.09534127843986999, 0.06067172264355363, 0.21668472372697725, 0.20801733477789816, 0.2513542795232936, 0.28602383531960995, 0.13867822318526543, 0.01733477789815818]}