{"R": [1.532258064516129, 0.0, 0.08064516129032258, 0.24193548387096775, 0.08064516129032258, 0.4838709677419355, 0.6451612903225806, 0.16129032258064516, 0.24193548387096775, 0.0], "Q": [0.3225806451612903, 0.0, 1.1290322580645162, 0.24193548387096775, 0.08064516129032258, 0.4032258064516129, 0.16129032258064516, 0.16129032258064516, 0.4838709677419355, 0.0], "G": [0.2903225806451613, 0.0, 0.0967741935483871, 0.6774193548387096, 0.2903225806451613, 0.5806451612903226, 0.3870967741935484, 0.0967741935483871, 0.0, 0.0], "Y": [0.11290322580645161, 0.0, 0.11290322580645161, 0.0, 0.22580645161290322, 0.45161290322580644, 0.0, 0.0, 0.0, 0.0], "E": [0.0, 4.838709677419355, 1.1290322580645162, 1.2903225806451613, 0.7258064516129032, 0.4032258064516129, 0.24193548387096775, 0.4032258064516129, 0.3225806451612903, 0.0], "P": [0.0, 0.0, 0.11290322580645161, 0.3387096774193548, 1.0161290322580645, 0.5645161290322581, 0.45161290322580644, 0.7903225806451613, 0.11290322580645161, 0.22580645161290322], "T": [0.08064516129032258, 0.0, 0.08064516129032258, 0.24193548387096775, 0.08064516129032258, 0.3225806451612903, 0.5645161290322581, 0.3225806451612903, 0.6451612903225806, 0.08064516129032258], "F": [0.1935483870967742, 0.0, 0.0, 0.1935483870967742, 0.0967741935483871, 0.0, 0.0967741935483871, 0.2903225806451613, 0.0, 0.0], "I": [0.06451612903225806, 0.0, 0.6451612903225806, 0.25806451612903225, 0.12903225806451613, 0.0, 0.3870967741935484, 0.0, 0.1935483870967742, 0.0], "C": [0.0, 0.0, 0.0, 0.0, 0.0, 0.0, 0.0, 0.0, 0.14516129032258066, 0.0], "D": [0.0, 0.0, 0.2903225806451613, 1.1612903225806452, 0.3870967741935484, 0.0, 0.2903225806451613, 0.0, 0.0967741935483871, 0.0], "M": [0.0, 0.0, 0.08064516129032258, 0.0, 0.0, 0.0, 0.0, 0.0, 0.0, 0.08064516129032258], "W": [0.1774193548387097, 0.0, 0.0, 0.1774193548387097, 0.0, 0.0, 0.1774193548387097, 0.0, 0.0, 0.0], "N": [0.0, 0.0, 0.0, 0.0, 0.2903225806451613, 0.4838709677419355, 0.0967741935483871, 0.2903225806451613, 0.0967741935483871, 0.0], "K": [0.8064516129032258, 0.0, 0.08064516129032258, 0.16129032258064516, 0.16129032258064516, 0.4838709677419355, 0.3225806451612903, 0.3225806451612903, 0.24193548387096775, 0.0], "S": [0.25806451612903225, 0.0, 0.06451612903225806, 0.0, 0.06451612903225806, 0.12903225806451613, 0.06451612903225806, 0.12903225806451613, 0.1935483870967742, 0.0], "V": [0.06451612903225806, 0.0, 0.06451612903225806, 0.12903225806451613, 0.1935483870967742, 0.25806451612903225, 0.3225806451612903, 0.967741935483871, 0.5161290322580645, 0.06451612903225806], "L": [0.0, 0.0, 0.12903225806451613, 0.0, 0.3225806451612903, 0.12903225806451613, 0.25806451612903225, 0.25806451612903225, 0.06451612903225806, 0.12903225806451613], "A": [0.8387096774193549, 0.12903225806451613, 0.5161290322580645, 0.25806451612903225, 0.8387096774193549, 0.5161290322580645, 0.3870967741935484, 0.45161290322580644, 1.2258064516129032, 3.5483870967741935], "H": [0.25806451612903225, 0.0, 0.25806451612903225, 0.0, 0.25806451612903225, 0.0, 0.25806451612903225, 0.3870967741935484, 0.0, 0.0]}