{"R": [0.1488095238095238, 0.02976190476190476, 0.08928571428571429, 0.11904761904761904, 0.1488095238095238, 0.20833333333333334, 0.23809523809523808, 0.17857142857142858, 0.2976190476190476, 0.0], "Q": [0.11904761904761904, 0.02976190476190476, 0.1488095238095238, 0.35714285714285715, 0.0, 0.08928571428571429, 0.02976190476190476, 0.20833333333333334, 0.26785714285714285, 0.0], "G": [0.07142857142857142, 0.0, 0.07142857142857142, 0.39285714285714285, 0.39285714285714285, 0.2857142857142857, 0.5357142857142857, 0.17857142857142858, 0.32142857142857145, 0.10714285714285714], "Y": [0.25, 0.041666666666666664, 0.5, 0.375, 0.125, 0.125, 0.20833333333333334, 0.25, 0.5833333333333334, 2.6666666666666665], "E": [0.5654761904761905, 4.613095238095238, 0.44642857142857145, 0.6547619047619048, 0.11904761904761904, 0.35714285714285715, 0.23809523809523808, 0.35714285714285715, 0.23809523809523808, 0.0], "P": [0.08333333333333333, 0.0, 0.125, 0.20833333333333334, 0.16666666666666666, 0.3333333333333333, 0.5, 0.25, 0.125, 0.0], "T": [0.3869047619047619, 0.02976190476190476, 0.1488095238095238, 0.08928571428571429, 0.20833333333333334, 0.1488095238095238, 0.3273809523809524, 0.23809523809523808, 0.4166666666666667, 0.11904761904761904], "F": [0.39285714285714285, 0.0, 0.6785714285714286, 0.17857142857142858, 0.42857142857142855, 0.17857142857142858, 0.5714285714285714, 0.7857142857142857, 0.10714285714285714, 1.1428571428571428], "I": [0.19047619047619047, 0.023809523809523808, 0.14285714285714285, 0.09523809523809523, 0.30952380952380953, 0.2619047619047619, 0.38095238095238093, 0.21428571428571427, 0.09523809523809523, 0.19047619047619047], "C": [0.0, 0.05357142857142857, 0.10714285714285714, 0.05357142857142857, 0.16071428571428573, 0.21428571428571427, 0.26785714285714285, 0.0, 0.10714285714285714, 0.0], "D": [1.2857142857142858, 0.14285714285714285, 0.25, 0.42857142857142855, 0.39285714285714285, 0.2857142857142857, 0.14285714285714285, 0.03571428571428571, 0.17857142857142858, 0.0], "M": [0.17857142857142858, 0.0, 0.17857142857142858, 0.08928571428571429, 0.1488095238095238, 0.11904761904761904, 0.05952380952380952, 0.20833333333333334, 0.17857142857142858, 0.26785714285714285], "W": [0.06547619047619048, 0.0, 0.2619047619047619, 0.0, 0.19642857142857142, 0.06547619047619048, 0.06547619047619048, 0.06547619047619048, 0.06547619047619048, 0.19642857142857142], "N": [0.5357142857142857, 0.0, 0.21428571428571427, 0.17857142857142858, 0.21428571428571427, 0.39285714285714285, 0.07142857142857142, 0.25, 0.03571428571428571, 0.0], "K": [0.05952380952380952, 0.0, 0.08928571428571429, 0.3273809523809524, 0.1488095238095238, 0.26785714285714285, 0.35714285714285715, 0.35714285714285715, 0.44642857142857145, 0.02976190476190476], "S": [0.2619047619047619, 0.0, 0.2619047619047619, 0.30952380952380953, 0.35714285714285715, 0.16666666666666666, 0.30952380952380953, 0.2619047619047619, 0.35714285714285715, 0.07142857142857142], "V": [0.16666666666666666, 0.023809523809523808, 0.42857142857142855, 0.21428571428571427, 0.3333333333333333, 0.38095238095238093, 0.23809523809523808, 0.40476190476190477, 0.2857142857142857, 0.19047619047619047], "L": [0.14285714285714285, 0.047619047619047616, 0.35714285714285715, 0.42857142857142855, 0.7857142857142857, 0.6904761904761905, 0.2619047619047619, 0.2857142857142857, 0.38095238095238093, 0.5714285714285714], "A": [0.19047619047619047, 0.0, 0.4523809523809524, 0.38095238095238093, 0.3333333333333333, 0.23809523809523808, 0.2857142857142857, 0.2619047619047619, 0.4523809523809524, 0.19047619047619047], "H": [0.2857142857142857, 0.0, 0.3333333333333333, 0.23809523809523808, 0.0, 0.3333333333333333, 0.19047619047619047, 0.38095238095238093, 0.09523809523809523, 0.047619047619047616]}