{"R": [0.12345679012345678, 0.0, 0.046296296296296294, 0.07716049382716049, 0.10802469135802469, 0.2932098765432099, 0.18518518518518517, 0.18518518518518517, 0.15432098765432098, 0.0], "Q": [0.0, 0.12345679012345678, 0.15432098765432098, 0.10802469135802469, 0.18518518518518517, 0.10802469135802469, 0.2006172839506173, 0.3549382716049383, 0.2006172839506173, 0.0], "G": [0.05555555555555555, 0.09259259259259259, 0.09259259259259259, 0.6296296296296297, 1.037037037037037, 0.8333333333333334, 0.7962962962962963, 0.2962962962962963, 0.1111111111111111, 0.0], "Y": [1.5555555555555556, 0.021604938271604937, 1.058641975308642, 0.08641975308641975, 0.12962962962962962, 0.08641975308641975, 0.021604938271604937, 0.19444444444444445, 0.32407407407407407, 0.25925925925925924], "E": [0.046296296296296294, 0.030864197530864196, 0.1388888888888889, 0.5709876543209876, 0.43209876543209874, 0.21604938271604937, 0.1388888888888889, 0.1697530864197531, 0.4012345679012346, 0.0], "P": [0.043209876543209874, 0.8425925925925926, 0.10802469135802469, 1.5771604938271604, 0.9506172839506173, 0.9074074074074074, 0.6049382716049383, 0.5185185185185185, 0.36728395061728397, 0.0], "T": [0.09259259259259259, 0.2777777777777778, 0.15432098765432098, 0.18518518518518517, 0.21604938271604937, 0.44753086419753085, 0.24691358024691357, 0.44753086419753085, 0.7870370370370371, 0.015432098765432098], "F": [2.5, 0.05555555555555555, 0.8888888888888888, 0.1111111111111111, 0.1111111111111111, 0.05555555555555555, 0.25925925925925924, 0.14814814814814814, 0.25925925925925924, 1.462962962962963], "I": [0.19753086419753085, 0.1728395061728395, 0.38271604938271603, 0.09876543209876543, 0.09876543209876543, 0.07407407407407407, 0.16049382716049382, 0.19753086419753085, 0.04938271604938271, 0.06172839506172839], "C": [0.0, 0.0, 0.05555555555555555, 0.0, 0.0, 0.0, 0.05555555555555555, 0.0, 0.0, 0.0], "D": [0.0, 0.0, 0.3333333333333333, 0.8888888888888888, 0.3888888888888889, 0.4444444444444444, 0.2962962962962963, 0.037037037037037035, 0.07407407407407407, 0.0], "M": [0.2623456790123457, 0.046296296296296294, 0.24691358024691357, 0.046296296296296294, 0.015432098765432098, 0.030864197530864196, 0.1388888888888889, 0.1697530864197531, 0.06172839506172839, 0.44753086419753085], "W": [0.10185185185185185, 0.0, 0.13580246913580246, 0.06790123456790123, 0.10185185185185185, 0.0, 0.033950617283950615, 0.0, 0.13580246913580246, 0.0], "N": [0.037037037037037035, 0.018518518518518517, 0.16666666666666666, 0.2962962962962963, 0.37037037037037035, 0.2962962962962963, 0.35185185185185186, 0.5, 0.09259259259259259, 0.0], "K": [0.046296296296296294, 0.0, 0.06172839506172839, 0.15432098765432098, 0.12345679012345678, 0.24691358024691357, 0.2932098765432099, 0.2006172839506173, 0.046296296296296294, 0.0], "S": [0.06172839506172839, 0.4567901234567901, 0.1728395061728395, 0.25925925925925924, 0.30864197530864196, 0.5432098765432098, 0.3333333333333333, 0.32098765432098764, 0.6666666666666666, 0.0], "V": [0.24691358024691357, 0.5061728395061729, 0.3950617283950617, 0.09876543209876543, 0.16049382716049382, 0.18518518518518517, 0.2345679012345679, 0.35802469135802467, 0.3333333333333333, 0.13580246913580246], "L": [0.18518518518518517, 0.3333333333333333, 0.2839506172839506, 0.07407407407407407, 0.08641975308641975, 0.08641975308641975, 0.41975308641975306, 0.30864197530864196, 0.14814814814814814, 2.2839506172839505], "A": [0.1111111111111111, 1.5432098765432098, 0.35802469135802467, 0.20987654320987653, 0.37037037037037035, 0.2962962962962963, 0.18518518518518517, 0.32098765432098764, 0.6172839506172839, 0.024691358024691357], "H": [0.12345679012345678, 0.0, 0.07407407407407407, 0.1728395061728395, 0.37037037037037035, 0.1728395061728395, 0.345679012345679, 0.41975308641975306, 0.12345679012345678, 0.0]}