{"R": [0.5, 0.0, 0.07777777777777778, 0.18333333333333332, 0.15555555555555556, 0.2833333333333333, 0.28888888888888886, 0.17777777777777778, 0.2111111111111111, 0.03333333333333333], "Q": [0.12777777777777777, 0.005555555555555556, 0.07222222222222222, 0.3333333333333333, 0.2, 0.22777777777777777, 0.2722222222222222, 0.42777777777777776, 0.29444444444444445, 0.005555555555555556], "G": [0.7866666666666666, 0.006666666666666667, 0.20666666666666667, 0.4266666666666667, 0.38666666666666666, 0.46, 0.44, 0.20666666666666667, 0.16666666666666666, 0.06], "Y": [0.3111111111111111, 0.0, 0.3811111111111111, 0.19444444444444445, 0.07777777777777778, 0.15555555555555556, 0.30333333333333334, 0.20222222222222222, 0.21777777777777776, 0.05444444444444444], "E": [0.14444444444444443, 4.972222222222222, 0.4, 0.8, 0.5277777777777778, 0.38333333333333336, 0.24444444444444444, 0.5611111111111111, 0.5111111111111111, 0.005555555555555556], "P": [0.03888888888888889, 0.0, 0.18666666666666668, 0.3655555555555556, 0.42, 0.35, 0.3811111111111111, 0.2722222222222222, 0.1711111111111111, 0.0], "T": [0.3111111111111111, 0.0, 0.19444444444444445, 0.2111111111111111, 0.20555555555555555, 0.3, 0.2222222222222222, 0.34444444444444444, 0.5333333333333333, 0.08888888888888889], "F": [0.26666666666666666, 0.006666666666666667, 0.5933333333333334, 0.17333333333333334, 0.32, 0.15333333333333332, 0.30666666666666664, 0.23333333333333334, 0.16666666666666666, 0.44], "I": [0.14222222222222222, 0.0, 0.56, 0.10222222222222223, 0.2311111111111111, 0.21777777777777776, 0.27555555555555555, 0.21333333333333335, 0.16, 0.18222222222222223], "C": [0.0, 0.0, 0.06, 0.06, 0.05, 0.1, 0.06, 0.03, 0.09, 0.0], "D": [0.006666666666666667, 0.013333333333333334, 0.23333333333333334, 0.7, 0.48, 0.24, 0.2733333333333333, 0.32, 0.14, 0.0], "M": [0.09444444444444444, 0.0, 0.1388888888888889, 0.06666666666666667, 0.08888888888888889, 0.08333333333333333, 0.08333333333333333, 0.09444444444444444, 0.07777777777777778, 0.25], "W": [0.13444444444444445, 0.0, 0.2688888888888889, 0.14666666666666667, 0.12222222222222222, 0.04888888888888889, 0.07333333333333333, 0.09777777777777778, 0.09777777777777778, 0.024444444444444446], "N": [0.06, 0.0, 0.22, 0.23333333333333334, 0.38666666666666666, 0.21333333333333335, 0.41333333333333333, 0.36, 0.08666666666666667, 0.02], "K": [0.6722222222222223, 0.0, 0.15555555555555556, 0.26666666666666666, 0.25, 0.4444444444444444, 0.4166666666666667, 0.11666666666666667, 0.35555555555555557, 0.011111111111111112], "S": [0.38666666666666666, 0.0, 0.18222222222222223, 0.27555555555555555, 0.28444444444444444, 0.25333333333333335, 0.18666666666666668, 0.27555555555555555, 0.4311111111111111, 0.0044444444444444444], "V": [0.1511111111111111, 0.0, 0.39555555555555555, 0.14222222222222222, 0.24888888888888888, 0.23555555555555555, 0.2311111111111111, 0.4888888888888889, 0.36, 0.2], "L": [0.18222222222222223, 0.0, 0.36, 0.27555555555555555, 0.3688888888888889, 0.5066666666666667, 0.3422222222222222, 0.24888888888888888, 0.3244444444444444, 2.84], "A": [0.49333333333333335, 0.0, 0.3022222222222222, 0.21777777777777776, 0.26666666666666666, 0.25333333333333335, 0.23555555555555555, 0.1688888888888889, 0.3244444444444444, 0.06222222222222222], "H": [0.3377777777777778, 0.0, 0.1688888888888889, 0.1511111111111111, 0.11555555555555555, 0.18666666666666668, 0.21333333333333335, 0.32, 0.28444444444444444, 0.017777777777777778]}