{"R": [0.258086717136958, 0.0034411562284927736, 0.051617343427391604, 0.20302821748107364, 0.1686166551961459, 0.2099105299380592, 0.26841018582243636, 0.591878871300757, 0.40949759119064005, 0.006882312456985547], "Q": [0.46111493461803166, 0.013764624913971095, 0.1961459050240881, 0.26841018582243636, 0.2615278733654508, 0.2236751548520303, 0.20302821748107364, 0.3888506538196834, 0.3372333103922918, 0.0034411562284927736], "G": [0.20646937370956642, 0.0041293874741913286, 0.23950447350309703, 0.3633860977288369, 0.3799036476256022, 0.28492773571920166, 0.47075017205781144, 0.1610461114934618, 0.34686854783207155, 0.057811424638678596], "Y": [0.057811424638678596, 0.004817618719889883, 0.21679284239504473, 0.17825189263592567, 0.1686166551961459, 0.15416379903647626, 0.18788713007570543, 0.13007570543702685, 0.2794218857536132, 2.346180316586373], "E": [1.0839642119752237, 4.893324156916724, 0.3165863730213352, 0.7432897453544391, 0.5230557467309016, 0.27873365450791465, 0.21335168616655195, 0.26841018582243636, 0.35788024776324845, 0.0], "P": [0.0, 0.0, 0.21679284239504473, 0.6359256710254646, 0.42876806607019957, 0.40467997247075016, 0.23124569855471439, 0.20233998623537508, 0.06262904335856848, 0.0], "T": [0.2615278733654508, 0.013764624913971095, 0.1686166551961459, 0.19270474879559532, 0.26841018582243636, 0.2477632484514797, 0.26841018582243636, 0.21335168616655195, 0.40949759119064005, 0.034411562284927734], "F": [0.053682037164487266, 0.008258774948382657, 0.3509979353062629, 0.1610461114934618, 0.26841018582243636, 0.1858224363386098, 0.34686854783207155, 0.1899518238128011, 0.19408121128699243, 1.4535443909153476], "I": [0.05505849965588438, 0.0055058499655884375, 0.5258086717136958, 0.1293874741913283, 0.2505161734342739, 0.3055746730901583, 0.2973158981417756, 0.13764624913971094, 0.088093599449415, 0.17068134893324158], "C": [0.018582243633860976, 0.0, 0.043358568479008944, 0.06813489332415691, 0.09910529938059189, 0.06194081211286993, 0.11149346180316587, 0.055746730901582935, 0.08671713695801789, 0.006194081211286993], "D": [0.1321403991741225, 0.02064693737095664, 0.276668960770819, 0.6070199587061252, 0.3551273227804542, 0.3179628355127323, 0.1775636613902271, 0.11562284927735719, 0.1610461114934618, 0.0], "M": [0.11011699931176876, 0.0, 0.16517549896765313, 0.024088093599449415, 0.05849965588437715, 0.07226428079834825, 0.05849965588437715, 0.0791465932553338, 0.04817618719889883, 0.0653819683413627], "W": [0.030282174810736407, 0.007570543702684102, 0.15141087405368203, 0.08327598072952512, 0.060564349621472814, 0.03785271851342051, 0.12112869924294563, 0.07570543702684102, 0.08327598072952512, 2.301445285615967], "N": [0.23124569855471439, 0.0041293874741913286, 0.41293874741913283, 0.2477632484514797, 0.2973158981417756, 0.25602202339986235, 0.3262216104611149, 0.23537508602890572, 0.2601514108740537, 0.0041293874741913286], "K": [0.2856159669649002, 0.0034411562284927736, 0.0653819683413627, 0.30626290433585684, 0.30282174810736406, 0.3234686854783207, 0.48864418444597385, 0.8568479008947006, 0.578114246386786, 0.006882312456985547], "S": [0.503785271851342, 0.0027529249827942187, 0.20096352374397797, 0.2505161734342739, 0.24225739848589126, 0.2697866483138334, 0.21197522367515484, 0.19821059876118377, 0.34136269786648316, 0.0055058499655884375], "V": [0.088093599449415, 0.0027529249827942187, 0.3331039229181005, 0.1899518238128011, 0.2697866483138334, 0.30282174810736406, 0.3055746730901583, 0.27529249827942187, 0.17068134893324158, 0.04955264969029594], "L": [0.07157604955264969, 0.013764624913971095, 0.4679972470750172, 0.30282174810736406, 0.3193392980041294, 0.6331727460426704, 0.45973847212663455, 0.34136269786648316, 0.33035099793530626, 0.4239504473503097], "A": [0.7598072952512044, 0.0027529249827942187, 0.3909153475567791, 0.2339986235375086, 0.27253957329662765, 0.25326909841706813, 0.24501032346868548, 0.2202339986235375, 0.2973158981417756, 0.05505849965588438], "H": [0.17068134893324158, 0.0, 0.2697866483138334, 0.11562284927735719, 0.20922229869236064, 0.18719889883000687, 0.1321403991741225, 0.39642119752236754, 0.3083275980729525, 0.02202339986235375]}