{"R": [0.2061248527679623, 0.0, 0.07656065959952886, 0.1413427561837456, 0.10011778563015312, 0.1707891637220259, 0.11189634864546526, 0.11189634864546526, 0.18256772673733804, 0.0176678445229682], "Q": [0.07656065959952886, 0.3415783274440518, 0.05889281507656066, 0.12956419316843346, 0.10600706713780919, 0.10011778563015312, 0.08244994110718493, 0.05889281507656066, 0.0706713780918728, 0.005889281507656066], "G": [0.28975265017667845, 0.0, 0.24028268551236748, 0.558303886925795, 0.38162544169611307, 0.3392226148409894, 0.31802120141342755, 0.22614840989399293, 0.4452296819787986, 0.02120141342756184], "Y": [0.519434628975265, 0.0, 0.3545347467608952, 0.1978798586572438, 0.2226148409893993, 0.3627797408716137, 0.1978798586572438, 0.2968197879858657, 0.3792697290930506, 0.008244994110718492], "E": [0.15312131919905772, 0.0176678445229682, 0.1413427561837456, 0.2591283863368669, 0.23557126030624265, 0.23557126030624265, 0.1413427561837456, 0.21790341578327443, 0.21201413427561838, 0.0], "P": [0.07420494699646643, 0.0, 0.3297997644287397, 0.1978798586572438, 0.1978798586572438, 0.2226148409893993, 0.2226148409893993, 0.47820965842167257, 0.3050647820965842, 0.024734982332155476], "T": [0.2826855123674912, 0.535924617196702, 0.18256772673733804, 0.41813898704358066, 0.33568904593639576, 0.35924617196702, 0.25323910482921086, 0.21790341578327443, 0.38869257950530034, 0.3710247349823322], "F": [0.607773851590106, 0.007067137809187279, 0.3250883392226148, 0.26148409893992935, 0.3674911660777385, 0.43109540636042404, 0.5371024734982333, 0.4028268551236749, 0.4381625441696113, 0.0], "I": [0.3250883392226148, 0.6360424028268551, 0.5041224970553593, 0.287396937573616, 0.3627797408716137, 0.3910482921083628, 0.4994110718492344, 0.3486454652532391, 0.23557126030624265, 0.7396937573616019], "C": [0.1166077738515901, 0.04240282685512368, 0.18021201413427562, 0.19081272084805653, 0.19081272084805653, 0.2332155477031802, 0.20141342756183744, 0.2332155477031802, 0.18021201413427562, 0.0], "D": [0.15547703180212014, 0.007067137809187279, 0.2049469964664311, 0.3674911660777385, 0.3674911660777385, 0.2756183745583039, 0.2332155477031802, 0.24734982332155478, 0.127208480565371, 0.0], "M": [0.19434628975265017, 0.5182567726737338, 0.3415783274440518, 0.1707891637220259, 0.15312131919905772, 0.08244994110718493, 0.17667844522968199, 0.2414605418138987, 0.11189634864546526, 0.18845700824499412], "W": [0.18138987043580684, 0.0, 0.07773851590106007, 0.1684334511189635, 0.24617196702002356, 0.07773851590106007, 0.10365135453474676, 0.38869257950530034, 0.12956419316843346, 0.0], "N": [0.24734982332155478, 0.05653710247349823, 0.1625441696113074, 0.3462897526501767, 0.24734982332155478, 0.21908127208480566, 0.31095406360424027, 0.3392226148409894, 0.254416961130742, 0.0], "K": [0.3710247349823322, 0.011778563015312132, 0.12367491166077739, 0.14723203769140164, 0.1707891637220259, 0.18845700824499412, 0.12956419316843346, 0.1413427561837456, 0.21201413427561838, 0.011778563015312132], "S": [0.3486454652532391, 0.0895170789163722, 0.27326266195524146, 0.38633686690223795, 0.254416961130742, 0.26383981154299174, 0.32037691401649, 0.287396937573616, 0.41460541813898705, 0.01884570082449941], "V": [0.22143698468786807, 0.48998822143698467, 0.3580683156654888, 0.16489988221436985, 0.2779740871613663, 0.30624263839811544, 0.20730270906949352, 0.1978798586572438, 0.2308598351001178, 1.3521790341578328], "L": [0.5182567726737338, 1.314487632508834, 0.7208480565371025, 0.4664310954063604, 0.6124852767962309, 0.5371024734982333, 0.7444051825677267, 0.5512367491166078, 0.42402826855123676, 0.9469964664310954], "A": [0.20259128386336867, 0.26383981154299174, 0.2308598351001178, 0.21201413427561838, 0.21201413427561838, 0.2497055359246172, 0.160188457008245, 0.27326266195524146, 0.3580683156654888, 0.4334511189634865], "H": [0.06595995288574794, 0.0, 0.10365135453474676, 0.15076560659599528, 0.15076560659599528, 0.06595995288574794, 0.10365135453474676, 0.10365135453474676, 0.06595995288574794, 0.0]}