{"R": [0.6010928961748634, 0.0, 0.16393442622950818, 0.0546448087431694, 0.2459016393442623, 0.1366120218579235, 0.32786885245901637, 0.9289617486338798, 0.3005464480874317, 0.0], "Q": [0.1366120218579235, 0.0546448087431694, 0.2185792349726776, 0.273224043715847, 0.08196721311475409, 0.1366120218579235, 0.1366120218579235, 0.32786885245901637, 0.273224043715847, 0.0], "G": [0.06557377049180328, 0.16393442622950818, 0.22950819672131148, 0.4918032786885246, 0.819672131147541, 0.6229508196721312, 0.5901639344262295, 0.26229508196721313, 0.06557377049180328, 0.0], "Y": [1.1475409836065573, 0.15300546448087432, 0.726775956284153, 0.15300546448087432, 0.11475409836065574, 0.2677595628415301, 0.1912568306010929, 0.15300546448087432, 0.2677595628415301, 1.6830601092896176], "E": [0.0273224043715847, 0.0273224043715847, 0.08196721311475409, 0.7103825136612022, 0.3551912568306011, 0.3825136612021858, 0.0546448087431694, 0.1092896174863388, 0.4918032786885246, 0.0], "P": [0.03825136612021858, 0.4207650273224044, 0.1912568306010929, 0.7650273224043715, 1.3005464480874316, 0.6885245901639344, 0.8032786885245902, 0.6120218579234973, 0.2677595628415301, 0.0], "T": [0.1912568306010929, 0.4918032786885246, 0.4098360655737705, 0.2459016393442623, 0.3005464480874317, 0.4098360655737705, 0.32786885245901637, 0.4644808743169399, 0.5191256830601093, 0.0273224043715847], "F": [1.3442622950819672, 0.09836065573770492, 0.4262295081967213, 0.26229508196721313, 0.26229508196721313, 0.09836065573770492, 0.26229508196721313, 0.13114754098360656, 0.32786885245901637, 1.7049180327868851], "I": [0.15300546448087432, 0.02185792349726776, 0.24043715846994534, 0.06557377049180328, 0.15300546448087432, 0.15300546448087432, 0.17486338797814208, 0.17486338797814208, 0.1092896174863388, 0.02185792349726776], "C": [0.0, 0.0, 0.09836065573770492, 0.04918032786885246, 0.04918032786885246, 0.04918032786885246, 0.04918032786885246, 0.04918032786885246, 0.0, 0.0], "D": [0.0, 0.0, 0.19672131147540983, 0.9508196721311475, 0.26229508196721313, 0.22950819672131148, 0.19672131147540983, 0.06557377049180328, 0.13114754098360656, 0.0], "M": [0.1912568306010929, 0.0546448087431694, 0.08196721311475409, 0.08196721311475409, 0.0546448087431694, 0.0273224043715847, 0.1092896174863388, 0.1092896174863388, 0.0546448087431694, 0.32786885245901637], "W": [0.0, 0.0, 0.12021857923497267, 0.060109289617486336, 0.12021857923497267, 0.0, 0.060109289617486336, 0.0, 0.060109289617486336, 0.0], "N": [0.06557377049180328, 0.03278688524590164, 0.32786885245901637, 0.39344262295081966, 0.22950819672131148, 0.16393442622950818, 0.39344262295081966, 0.09836065573770492, 0.09836065573770492, 0.0], "K": [0.5737704918032787, 0.0, 0.1092896174863388, 0.16393442622950818, 0.16393442622950818, 0.273224043715847, 0.2459016393442623, 0.2185792349726776, 0.273224043715847, 0.0], "S": [0.13114754098360656, 0.5027322404371585, 0.4371584699453552, 0.26229508196721313, 0.19672131147540983, 0.34972677595628415, 0.15300546448087432, 0.26229508196721313, 0.45901639344262296, 0.0], "V": [0.34972677595628415, 0.39344262295081966, 0.2185792349726776, 0.13114754098360656, 0.19672131147540983, 0.32786885245901637, 0.26229508196721313, 0.37158469945355194, 0.45901639344262296, 0.13114754098360656], "L": [0.08743169398907104, 0.30601092896174864, 0.24043715846994534, 0.1092896174863388, 0.28415300546448086, 0.32786885245901637, 0.4371584699453552, 0.28415300546448086, 0.26229508196721313, 1.4426229508196722], "A": [0.13114754098360656, 1.7486338797814207, 0.5683060109289617, 0.2185792349726776, 0.24043715846994534, 0.37158469945355194, 0.28415300546448086, 0.19672131147540983, 0.34972677595628415, 0.02185792349726776], "H": [0.2185792349726776, 0.0, 0.08743169398907104, 0.04371584699453552, 0.08743169398907104, 0.13114754098360656, 0.30601092896174864, 0.30601092896174864, 0.17486338797814208, 0.0]}