{"R": [0.6185567010309279, 2.6288659793814433, 0.28350515463917525, 0.06443298969072164, 0.15463917525773196, 0.15463917525773196, 0.2706185567010309, 0.25773195876288657, 0.4896907216494845, 0.06443298969072164], "Q": [0.11597938144329897, 0.15463917525773196, 0.06443298969072164, 0.24484536082474226, 0.25773195876288657, 0.19329896907216496, 0.19329896907216496, 0.5412371134020618, 0.23195876288659795, 0.0], "G": [0.3711340206185567, 0.12371134020618557, 0.10824742268041238, 0.5721649484536082, 0.6804123711340206, 0.5103092783505154, 0.6185567010309279, 0.15463917525773196, 0.3865979381443299, 0.015463917525773196], "Y": [1.0103092783505154, 0.8298969072164949, 0.8479381443298969, 0.21649484536082475, 0.25257731958762886, 0.12628865979381443, 0.25257731958762886, 0.2345360824742268, 0.4329896907216495, 0.8118556701030928], "E": [0.03865979381443299, 0.10309278350515463, 0.06443298969072164, 0.4896907216494845, 0.28350515463917525, 0.19329896907216496, 0.18041237113402062, 0.24484536082474226, 0.2706185567010309, 0.0], "P": [0.09020618556701031, 0.09020618556701031, 0.30670103092783507, 1.1005154639175259, 0.8118556701030928, 0.7396907216494846, 0.6134020618556701, 0.36082474226804123, 0.16237113402061856, 0.07216494845360824], "T": [0.11597938144329897, 0.10309278350515463, 0.15463917525773196, 0.10309278350515463, 0.16752577319587628, 0.30927835051546393, 0.2190721649484536, 0.25773195876288657, 0.4381443298969072, 0.03865979381443299], "F": [1.0051546391752577, 0.17010309278350516, 1.1597938144329898, 0.15463917525773196, 0.23195876288659795, 0.29381443298969073, 0.3556701030927835, 0.3556701030927835, 0.24742268041237114, 2.1030927835051547], "I": [0.2268041237113402, 0.10309278350515463, 0.29896907216494845, 0.09278350515463918, 0.24742268041237114, 0.25773195876288657, 0.4536082474226804, 0.20618556701030927, 0.16494845360824742, 0.25773195876288657], "C": [0.023195876288659795, 0.0, 0.0, 0.0, 0.0, 0.0, 0.0, 0.0, 0.0, 0.0], "D": [0.04639175257731959, 0.04639175257731959, 0.23195876288659795, 1.0670103092783505, 0.3402061855670103, 0.24742268041237114, 0.10824742268041238, 0.15463917525773196, 0.10824742268041238, 0.015463917525773196], "M": [0.06443298969072164, 0.05154639175257732, 0.15463917525773196, 0.02577319587628866, 0.05154639175257732, 0.06443298969072164, 0.0, 0.07731958762886598, 0.10309278350515463, 0.25773195876288657], "W": [0.0, 0.08505154639175258, 0.17010309278350516, 0.05670103092783505, 0.05670103092783505, 0.08505154639175258, 0.1134020618556701, 0.05670103092783505, 0.05670103092783505, 0.0], "N": [0.10824742268041238, 0.0, 0.26288659793814434, 0.27835051546391754, 0.3402061855670103, 0.21649484536082475, 0.24742268041237114, 0.24742268041237114, 0.20103092783505155, 0.015463917525773196], "K": [0.25773195876288657, 0.07731958762886598, 0.15463917525773196, 0.2706185567010309, 0.19329896907216496, 0.2963917525773196, 0.24484536082474226, 0.2190721649484536, 0.30927835051546393, 0.06443298969072164], "S": [0.30927835051546393, 0.20618556701030927, 0.2268041237113402, 0.25773195876288657, 0.1958762886597938, 0.27835051546391754, 0.1958762886597938, 0.41237113402061853, 0.29896907216494845, 0.020618556701030927], "V": [0.14432989690721648, 0.12371134020618557, 0.16494845360824742, 0.07216494845360824, 0.25773195876288657, 0.38144329896907214, 0.29896907216494845, 0.27835051546391754, 0.27835051546391754, 0.29896907216494845], "L": [0.16494845360824742, 0.1134020618556701, 0.4020618556701031, 0.26804123711340205, 0.38144329896907214, 0.3711340206185567, 0.41237113402061853, 0.5051546391752577, 0.5979381443298969, 1.092783505154639], "A": [0.35051546391752575, 0.14432989690721648, 0.18556701030927836, 0.14432989690721648, 0.21649484536082475, 0.25773195876288657, 0.17525773195876287, 0.2268041237113402, 0.16494845360824742, 0.030927835051546393], "H": [0.35051546391752575, 0.061855670103092786, 0.24742268041237114, 0.10309278350515463, 0.24742268041237114, 0.2268041237113402, 0.30927835051546393, 0.24742268041237114, 0.061855670103092786, 0.041237113402061855]}