{"R": [0.2916666666666667, 0.041666666666666664, 0.0, 0.0, 0.041666666666666664, 0.041666666666666664, 0.08333333333333333, 0.125, 0.3333333333333333, 0.0], "Q": [0.125, 0.0, 0.20833333333333334, 0.125, 0.16666666666666666, 0.25, 0.041666666666666664, 0.20833333333333334, 0.5833333333333334, 0.0], "G": [0.5, 0.0, 0.15, 0.35, 0.9, 0.65, 0.45, 0.0, 0.45, 0.0], "Y": [0.6416666666666667, 0.0, 0.7583333333333333, 0.058333333333333334, 0.175, 0.6416666666666667, 0.058333333333333334, 0.4083333333333333, 0.6416666666666667, 0.0], "E": [0.0, 0.0, 0.0, 1.0416666666666667, 0.4166666666666667, 0.20833333333333334, 0.16666666666666666, 0.08333333333333333, 0.25, 0.0], "P": [0.0, 0.0, 0.2916666666666667, 1.5166666666666666, 0.23333333333333334, 0.9333333333333333, 0.8166666666666667, 0.875, 0.0, 0.0], "T": [0.3333333333333333, 0.0, 0.041666666666666664, 0.08333333333333333, 0.16666666666666666, 0.2916666666666667, 0.20833333333333334, 0.25, 0.5, 0.041666666666666664], "F": [0.95, 0.0, 0.65, 0.05, 0.1, 0.5, 0.35, 0.25, 0.25, 0.1], "I": [0.16666666666666666, 0.43333333333333335, 0.36666666666666664, 0.0, 0.4, 0.13333333333333333, 0.3333333333333333, 0.3333333333333333, 0.06666666666666667, 0.3], "C": [0.0, 0.0, 0.0, 0.075, 0.075, 0.075, 0.0, 0.0, 0.0, 0.0], "D": [0.0, 0.05, 0.05, 1.75, 0.6, 0.35, 0.45, 0.1, 0.05, 0.0], "M": [0.041666666666666664, 0.08333333333333333, 0.0, 0.041666666666666664, 0.041666666666666664, 0.0, 0.041666666666666664, 0.0, 0.041666666666666664, 0.0], "W": [0.09166666666666666, 0.0, 0.36666666666666664, 0.0, 0.275, 0.09166666666666666, 0.0, 0.275, 0.0, 0.0], "N": [0.1, 0.0, 0.3, 0.15, 0.15, 0.2, 0.1, 0.15, 0.15, 0.0], "K": [0.2916666666666667, 0.0, 0.0, 0.0, 0.08333333333333333, 0.3333333333333333, 0.08333333333333333, 0.08333333333333333, 0.25, 0.0], "S": [0.5, 0.0, 0.23333333333333334, 0.3, 0.13333333333333333, 0.13333333333333333, 0.1, 0.13333333333333333, 0.5333333333333333, 0.0], "V": [0.1, 0.13333333333333333, 0.06666666666666667, 0.06666666666666667, 0.3333333333333333, 0.13333333333333333, 0.36666666666666664, 0.4666666666666667, 0.03333333333333333, 1.8333333333333333], "L": [0.4666666666666667, 3.2666666666666666, 1.2666666666666666, 0.06666666666666667, 0.43333333333333335, 0.2, 1.1, 0.5333333333333333, 0.36666666666666664, 1.7333333333333334], "A": [0.4, 0.03333333333333333, 0.3, 0.06666666666666667, 0.26666666666666666, 0.3, 0.06666666666666667, 0.5, 0.3, 0.03333333333333333], "H": [0.13333333333333333, 0.0, 0.13333333333333333, 0.0, 0.3333333333333333, 0.2, 0.26666666666666666, 0.5333333333333333, 0.3333333333333333, 0.0]}