{"R": [2.0639147802929427, 4.993342210386152, 0.11318242343541944, 0.3395472703062583, 0.24633821571238348, 0.35286284953395475, 0.2729693741677763, 0.2596537949400799, 0.5525965379494008, 0.625832223701731], "Q": [0.07989347536617843, 0.006657789613848202, 0.08655126498002663, 0.33288948069241014, 0.2529960053262317, 0.24633821571238348, 0.17310252996005326, 0.2929427430093209, 0.3395472703062583, 0.006657789613848202], "G": [0.8149134487350199, 0.0, 0.06391478029294274, 0.5992010652463382, 0.47137150466045274, 0.45539280958721706, 0.4474034620505992, 0.1278295605858855, 0.5193075898801598, 0.023968042609853527], "Y": [0.13981358189081225, 0.0, 0.6804260985352862, 0.3355525965379494, 0.28894806924101196, 0.13981358189081225, 0.4007989347536618, 0.2237017310252996, 0.23302263648468707, 1.1557922769640478], "E": [0.006657789613848202, 0.0, 0.0, 0.5193075898801598, 0.3129161118508655, 0.3062583222370173, 0.2929427430093209, 0.33288948069241014, 0.43275632490013316, 0.006657789613848202], "P": [0.009320905459387484, 0.0, 0.0, 0.24234354194407456, 0.4194407456724368, 0.42876165113182424, 0.5685752330226365, 0.21438082556591212, 0.1118508655126498, 0.0], "T": [0.09986684420772303, 0.0, 0.09986684420772303, 0.11984021304926765, 0.15312916111850866, 0.2396804260985353, 0.17310252996005326, 0.2862849533954727, 0.23302263648468707, 0.02663115845539281], "F": [0.03994673768308921, 0.0, 0.9986684420772304, 0.255659121171771, 0.41544607190412786, 0.255659121171771, 0.4793608521970706, 0.23169107856191745, 0.27163781624500666, 1.3342210386151798], "I": [0.0426098535286285, 0.0, 0.42609853528628494, 0.11717709720372836, 0.33022636484687085, 0.3249001331557923, 0.25033288948069243, 0.340878828229028, 0.037283621837549935, 0.07989347536617843], "C": [0.0, 0.0, 0.0, 0.0, 0.0, 0.0, 0.0, 0.0, 0.0, 0.0], "D": [0.0, 0.0, 0.07190412782956059, 0.45539280958721706, 0.2636484687083888, 0.255659121171771, 0.2796271637816245, 0.18375499334221038, 0.09587217043941411, 0.023968042609853527], "M": [0.013315579227696404, 0.0, 0.15978695073235685, 0.033288948069241014, 0.07323568575233022, 0.10652463382157124, 0.05992010652463382, 0.11984021304926765, 0.07323568575233022, 0.36617842876165113], "W": [0.014647137150466045, 0.0, 0.7470039946737683, 0.10252996005326231, 0.05858854860186418, 0.10252996005326231, 0.10252996005326231, 0.1611185086551265, 0.02929427430093209, 0.05858854860186418], "N": [0.015978695073235686, 0.0, 0.31158455392809586, 0.2636484687083888, 0.19174434087882822, 0.18375499334221038, 0.2636484687083888, 0.3914780292942743, 0.20772303595206393, 0.023968042609853527], "K": [0.9054593874833555, 0.0, 0.24633821571238348, 0.5126498002663116, 0.24633821571238348, 0.3595206391478029, 0.2729693741677763, 0.2796271637816245, 0.46604527296937415, 0.758988015978695], "S": [0.2237017310252996, 0.0, 0.11717709720372836, 0.2929427430093209, 0.20239680426098536, 0.24500665778961384, 0.1810918774966711, 0.19174434087882822, 0.2663115845539281, 0.010652463382157125], "V": [0.06391478029294274, 0.0, 0.28761651131824234, 0.1118508655126498, 0.23435419440745672, 0.3621837549933422, 0.30892143808255657, 0.41544607190412786, 0.19174434087882822, 0.06391478029294274], "L": [0.02663115845539281, 0.0, 0.6391478029294274, 0.24500665778961384, 0.5379494007989347, 0.38348868175765644, 0.37283621837549935, 0.4580559254327563, 0.45272969374167776, 0.7137150466045273], "A": [0.34620505992010653, 0.0, 0.20772303595206393, 0.21837549933422104, 0.255659121171771, 0.20239680426098536, 0.22902796271637815, 0.31424766977363516, 0.35153129161118507, 0.047936085219707054], "H": [0.1810918774966711, 0.0, 0.2663115845539281, 0.2237017310252996, 0.1810918774966711, 0.1278295605858855, 0.1810918774966711, 0.1810918774966711, 0.170439414114514, 0.06391478029294274]}