{"R": [1.3973799126637554, 0.05458515283842795, 0.12008733624454149, 0.0982532751091703, 0.185589519650655, 0.2074235807860262, 0.2838427947598253, 0.1091703056768559, 0.2292576419213974, 0.043668122270742356], "Q": [0.043668122270742356, 0.7096069868995634, 0.07641921397379912, 0.17467248908296942, 0.2292576419213974, 0.13100436681222707, 0.13100436681222707, 0.3056768558951965, 0.2183406113537118, 0.0], "G": [0.2096069868995633, 0.07860262008733625, 0.18340611353711792, 0.5502183406113537, 0.7860262008733624, 0.62882096069869, 0.5502183406113537, 0.10480349344978165, 0.27510917030567683, 0.013100436681222707], "Y": [0.09170305676855896, 0.0611353711790393, 0.5960698689956332, 0.13755458515283842, 0.32096069868995636, 0.10698689956331878, 0.21397379912663755, 0.4737991266375546, 0.16812227074235808, 1.3602620087336244], "E": [0.03275109170305677, 0.0982532751091703, 0.03275109170305677, 0.5021834061135371, 0.29475982532751094, 0.185589519650655, 0.07641921397379912, 0.25109170305676853, 0.36026200873362446, 0.010917030567685589], "P": [0.07641921397379912, 0.03056768558951965, 0.18340611353711792, 1.054585152838428, 0.5960698689956332, 0.36681222707423583, 0.5043668122270742, 0.4126637554585153, 0.18340611353711792, 0.03056768558951965], "T": [0.1091703056768559, 0.7205240174672489, 0.17467248908296942, 0.2183406113537118, 0.17467248908296942, 0.29475982532751094, 0.25109170305676853, 0.37117903930131, 0.8733624454148472, 0.043668122270742356], "F": [0.11790393013100436, 0.06550218340611354, 1.2838427947598254, 0.13100436681222707, 0.40611353711790393, 0.1965065502183406, 0.3537117903930131, 0.3799126637554585, 0.10480349344978165, 2.567685589519651], "I": [0.1572052401746725, 0.3406113537117904, 0.3056768558951965, 0.05240174672489083, 0.2096069868995633, 0.38427947598253276, 0.22707423580786026, 0.2445414847161572, 0.0611353711790393, 0.16593886462882096], "C": [0.0, 0.019650655021834062, 0.019650655021834062, 0.0, 0.0, 0.13755458515283842, 0.0, 0.039301310043668124, 0.019650655021834062, 0.0], "D": [0.039301310043668124, 0.05240174672489083, 0.026200873362445413, 0.9039301310043668, 0.3930131004366812, 0.24890829694323144, 0.11790393013100436, 0.10480349344978165, 0.07860262008733625, 0.09170305676855896], "M": [0.17467248908296942, 0.1965065502183406, 0.17467248908296942, 0.043668122270742356, 0.043668122270742356, 0.08733624454148471, 0.0982532751091703, 0.15283842794759825, 0.043668122270742356, 0.043668122270742356], "W": [0.14410480349344978, 0.0, 0.26419213973799127, 0.048034934497816595, 0.12008733624454149, 0.24017467248908297, 1.224890829694323, 0.26419213973799127, 0.09606986899563319, 2.0655021834061134], "N": [0.039301310043668124, 0.06550218340611354, 0.2096069868995633, 0.28820960698689957, 0.1572052401746725, 0.18340611353711792, 0.3406113537117904, 0.1965065502183406, 0.2096069868995633, 0.013100436681222707], "K": [1.539301310043668, 0.06550218340611354, 0.15283842794759825, 0.25109170305676853, 0.2074235807860262, 0.3384279475982533, 0.12008733624454149, 0.14192139737991266, 0.17467248908296942, 0.06550218340611354], "S": [0.27074235807860264, 0.19213973799126638, 0.16593886462882096, 0.3318777292576419, 0.20087336244541484, 0.27074235807860264, 0.19213973799126638, 0.23580786026200873, 0.7860262008733624, 0.0], "V": [0.11353711790393013, 0.62882096069869, 0.23580786026200873, 0.1572052401746725, 0.22707423580786026, 0.3318777292576419, 0.314410480349345, 0.4890829694323144, 0.34934497816593885, 0.05240174672489083], "L": [0.09606986899563319, 1.0131004366812226, 0.6026200873362445, 0.17467248908296942, 0.27074235807860264, 0.3056768558951965, 0.44541484716157204, 0.37554585152838427, 0.17467248908296942, 0.26200873362445415], "A": [0.22707423580786026, 0.11353711790393013, 0.3930131004366812, 0.17467248908296942, 0.34934497816593885, 0.3056768558951965, 0.16593886462882096, 0.2445414847161572, 0.3406113537117904, 0.017467248908296942], "H": [0.1572052401746725, 0.0, 0.05240174672489083, 0.26200873362445415, 0.2096069868995633, 0.29694323144104806, 0.2445414847161572, 0.4017467248908297, 0.1572052401746725, 0.0]}