{"R": [0.21604938271604937, 0.015432098765432098, 0.10802469135802469, 0.10802469135802469, 0.21604938271604937, 0.1697530864197531, 0.21604938271604937, 0.37037037037037035, 0.06172839506172839, 0.030864197530864196], "Q": [0.10802469135802469, 0.015432098765432098, 0.06172839506172839, 0.2006172839506173, 0.2623456790123457, 0.23148148148148148, 0.09259259259259259, 0.2932098765432099, 0.15432098765432098, 0.0], "G": [0.12962962962962962, 0.24074074074074073, 0.09259259259259259, 0.3888888888888889, 0.7037037037037037, 0.46296296296296297, 0.4444444444444444, 0.2962962962962963, 0.07407407407407407, 0.018518518518518517], "Y": [0.8641975308641975, 0.10802469135802469, 0.1728395061728395, 0.1728395061728395, 0.25925925925925924, 0.08641975308641975, 0.43209876543209874, 0.10802469135802469, 0.10802469135802469, 0.021604938271604937], "E": [0.030864197530864196, 0.0, 0.030864197530864196, 0.8179012345679012, 0.2777777777777778, 0.18518518518518517, 0.046296296296296294, 0.1697530864197531, 0.6635802469135802, 0.0], "P": [0.06481481481481481, 0.19444444444444445, 3.3271604938271606, 0.8209876543209876, 0.30246913580246915, 0.9938271604938271, 0.8209876543209876, 0.25925925925925924, 0.5833333333333334, 0.0], "T": [0.2777777777777778, 0.1388888888888889, 0.06172839506172839, 0.2623456790123457, 0.32407407407407407, 0.3395061728395062, 0.3549382716049383, 0.46296296296296297, 0.46296296296296297, 0.0], "F": [1.1296296296296295, 0.09259259259259259, 0.12962962962962962, 0.2222222222222222, 0.18518518518518517, 0.18518518518518517, 0.3888888888888889, 0.05555555555555555, 0.16666666666666666, 0.2962962962962963], "I": [0.2839506172839506, 0.4567901234567901, 0.08641975308641975, 0.07407407407407407, 0.1728395061728395, 0.13580246913580246, 0.18518518518518517, 0.12345679012345678, 0.07407407407407407, 0.14814814814814814], "C": [0.0, 0.08333333333333333, 0.05555555555555555, 0.1388888888888889, 0.05555555555555555, 0.08333333333333333, 0.1388888888888889, 0.1388888888888889, 0.027777777777777776, 0.027777777777777776], "D": [0.05555555555555555, 0.037037037037037035, 0.09259259259259259, 0.5740740740740741, 0.24074074074074073, 0.2777777777777778, 0.07407407407407407, 0.09259259259259259, 0.16666666666666666, 0.018518518518518517], "M": [0.18518518518518517, 0.10802469135802469, 0.10802469135802469, 0.030864197530864196, 0.06172839506172839, 0.06172839506172839, 0.1388888888888889, 0.21604938271604937, 0.015432098765432098, 0.1388888888888889], "W": [0.0, 0.06790123456790123, 0.1697530864197531, 0.3395061728395062, 0.033950617283950615, 0.033950617283950615, 0.13580246913580246, 0.033950617283950615, 0.0, 0.0], "N": [0.07407407407407407, 0.07407407407407407, 0.37037037037037035, 0.2222222222222222, 0.2962962962962963, 0.2777777777777778, 0.24074074074074073, 0.2222222222222222, 0.037037037037037035, 0.018518518518518517], "K": [0.18518518518518517, 0.015432098765432098, 0.0, 0.1388888888888889, 0.30864197530864196, 0.3549382716049383, 0.07716049382716049, 0.2623456790123457, 0.015432098765432098, 0.030864197530864196], "S": [0.5432098765432098, 0.2222222222222222, 0.43209876543209874, 0.38271604938271603, 0.4691358024691358, 0.4074074074074074, 0.2839506172839506, 0.6419753086419753, 1.0, 0.0], "V": [0.25925925925925924, 0.1728395061728395, 0.04938271604938271, 0.1728395061728395, 0.2345679012345679, 0.18518518518518517, 0.30864197530864196, 0.19753086419753085, 0.14814814814814814, 0.2222222222222222], "L": [0.19753086419753085, 1.8518518518518519, 0.14814814814814814, 0.1728395061728395, 0.2962962962962963, 0.2345679012345679, 0.5925925925925926, 0.5555555555555556, 0.2345679012345679, 3.197530864197531], "A": [0.32098765432098764, 0.5308641975308642, 0.1111111111111111, 0.2345679012345679, 0.2345679012345679, 0.35802469135802467, 0.2222222222222222, 0.2716049382716049, 0.7160493827160493, 0.012345679012345678], "H": [0.2716049382716049, 0.0, 0.6666666666666666, 0.04938271604938271, 0.24691358024691357, 0.2716049382716049, 0.14814814814814814, 0.12345679012345678, 0.04938271604938271, 0.0]}