{"R": [0.4097222222222222, 4.944444444444445, 0.041666666666666664, 0.09027777777777778, 0.06944444444444445, 0.05555555555555555, 0.0763888888888889, 0.0763888888888889, 0.2222222222222222, 0.0], "Q": [0.2777777777777778, 0.020833333333333332, 0.09722222222222222, 0.3472222222222222, 0.24305555555555555, 0.2361111111111111, 0.16666666666666666, 0.3888888888888889, 0.375, 0.0], "G": [1.0083333333333333, 0.0, 0.13333333333333333, 0.5833333333333334, 0.4583333333333333, 0.425, 0.5666666666666667, 0.175, 0.5583333333333333, 0.008333333333333333], "Y": [0.2625, 0.0, 0.49583333333333335, 0.175, 0.18472222222222223, 0.12638888888888888, 0.28194444444444444, 0.23333333333333334, 0.3111111111111111, 2.1875], "E": [0.3333333333333333, 0.006944444444444444, 0.04861111111111111, 0.4444444444444444, 0.4930555555555556, 0.4375, 0.3125, 0.5, 0.4027777777777778, 0.0], "P": [0.009722222222222222, 0.019444444444444445, 0.09722222222222222, 0.5638888888888889, 0.7388888888888889, 0.5055555555555555, 0.6805555555555556, 0.21388888888888888, 0.009722222222222222, 0.009722222222222222], "T": [0.2569444444444444, 0.0, 0.2013888888888889, 0.1875, 0.16666666666666666, 0.24305555555555555, 0.2847222222222222, 0.4305555555555556, 0.4791666666666667, 0.0], "F": [0.20833333333333334, 0.0, 0.8666666666666667, 0.225, 0.275, 0.2833333333333333, 0.25833333333333336, 0.225, 0.225, 2.0416666666666665], "I": [0.18333333333333332, 0.0, 0.34444444444444444, 0.18888888888888888, 0.26666666666666666, 0.3333333333333333, 0.32222222222222224, 0.28888888888888886, 0.044444444444444446, 0.044444444444444446], "C": [0.0, 0.0, 0.05, 0.0, 0.0875, 0.0, 0.025, 0.0, 0.0375, 0.0], "D": [0.008333333333333333, 0.0, 0.21666666666666667, 0.675, 0.4583333333333333, 0.425, 0.3333333333333333, 0.31666666666666665, 0.21666666666666667, 0.008333333333333333], "M": [0.1388888888888889, 0.006944444444444444, 0.1597222222222222, 0.0625, 0.04861111111111111, 0.04861111111111111, 0.1111111111111111, 0.09722222222222222, 0.05555555555555555, 0.09722222222222222], "W": [0.12222222222222222, 0.0, 0.4583333333333333, 0.1375, 0.12222222222222222, 0.06111111111111111, 0.06111111111111111, 0.12222222222222222, 0.1375, 1.6194444444444445], "N": [0.15, 0.0, 0.23333333333333334, 0.175, 0.23333333333333334, 0.24166666666666667, 0.26666666666666666, 0.3333333333333333, 0.26666666666666666, 0.016666666666666666], "K": [0.3125, 0.0, 0.05555555555555555, 0.2777777777777778, 0.10416666666666667, 0.1111111111111111, 0.1111111111111111, 0.08333333333333333, 0.1597222222222222, 0.020833333333333332], "S": [0.5222222222222223, 0.005555555555555556, 0.25, 0.26666666666666666, 0.16666666666666666, 0.2388888888888889, 0.24444444444444444, 0.2388888888888889, 0.43333333333333335, 0.005555555555555556], "V": [0.16666666666666666, 0.0, 0.38333333333333336, 0.12222222222222222, 0.3277777777777778, 0.40555555555555556, 0.3111111111111111, 0.29444444444444445, 0.24444444444444444, 0.0], "L": [0.15, 0.0, 0.7, 0.42777777777777776, 0.5111111111111111, 0.5111111111111111, 0.4666666666666667, 0.6555555555555556, 0.4722222222222222, 0.6055555555555555], "A": [0.3388888888888889, 0.0, 0.3, 0.21666666666666667, 0.2388888888888889, 0.26666666666666666, 0.2222222222222222, 0.23333333333333334, 0.29444444444444445, 0.016666666666666666], "H": [0.2777777777777778, 0.0, 0.08888888888888889, 0.14444444444444443, 0.05555555555555555, 0.07777777777777778, 0.1, 0.05555555555555555, 0.12222222222222222, 0.011111111111111112]}