{"L": [0.47826086956521735, 0.0, 0.4666666666666667, 1.0, 0.5217391304347826, 0.5714285714285714, 1.0, 0.5813953488372092], "G": [0.08695652173913043, 0.0, 0.5333333333333333, 0.2222222222222222, 1.0, 0.0, 0.1111111111111111, 0.0], "K": [0.17391304347826086, 0.0, 0.7333333333333333, 0.2222222222222222, 0.2608695652173913, 0.9285714285714285, 0.5, 0.023255813953488372], "M": [0.17391304347826086, 0.0, 0.13333333333333333, 0.1111111111111111, 0.043478260869565216, 0.07142857142857142, 0.1111111111111111, 0.023255813953488372], "F": [0.30434782608695654, 0.0, 0.39999999999999997, 0.05555555555555555, 0.13043478260869565, 0.2857142857142857, 0.2777777777777778, 0.37209302325581395], "R": [0.34782608695652173, 0.0, 0.39999999999999997, 0.05555555555555555, 0.30434782608695654, 1.0, 0.3333333333333333, 0.0], "W": [0.043478260869565216, 0.0, 0.06666666666666667, 0.0, 0.0, 0.14285714285714285, 0.05555555555555555, 1.0], "H": [0.043478260869565216, 0.0, 0.26666666666666666, 0.05555555555555555, 0.08695652173913043, 0.5714285714285714, 0.2777777777777778, 0.0], "S": [0.34782608695652173, 0.0, 0.3333333333333333, 0.2222222222222222, 0.391304347826087, 0.2857142857142857, 0.5555555555555556, 0.0], "C": [0.0, 0.0, 0.06666666666666667, 0.05555555555555555, 0.0, 0.0, 0.05555555555555555, 0.0], "V": [0.17391304347826086, 0.0, 0.6666666666666666, 0.8333333333333334, 0.34782608695652173, 0.5, 0.2777777777777778, 0.11627906976744186], "N": [0.08695652173913043, 0.009259259259259259, 0.39999999999999997, 0.16666666666666666, 0.13043478260869565, 0.21428571428571427, 0.2777777777777778, 0.0], "P": [0.17391304347826086, 0.0, 0.06666666666666667, 0.3333333333333333, 0.17391304347826086, 0.2857142857142857, 0.16666666666666666, 0.0], "Q": [0.17391304347826086, 0.0, 0.4666666666666667, 0.7777777777777778, 0.08695652173913043, 0.6428571428571428, 0.3333333333333333, 0.06976744186046512], "T": [0.30434782608695654, 0.0, 0.19999999999999998, 0.3333333333333333, 0.21739130434782608, 0.35714285714285715, 0.3888888888888889, 0.0], "I": [0.30434782608695654, 0.0, 1.0, 0.4444444444444444, 0.43478260869565216, 0.5, 0.2777777777777778, 0.13953488372093023], "E": [0.43478260869565216, 1.0, 0.3333333333333333, 0.611111111111111, 0.13043478260869565, 0.5, 0.5, 0.0], "D": [0.17391304347826086, 0.0462962962962963, 0.19999999999999998, 0.3333333333333333, 0.0, 0.14285714285714285, 0.05555555555555555, 0.0], "A": [1.0, 0.018518518518518517, 0.8666666666666666, 0.5, 0.782608695652174, 0.8571428571428571, 0.7777777777777778, 0.11627906976744186], "Y": [0.21739130434782608, 0.0, 0.13333333333333333, 0.1111111111111111, 0.0, 0.42857142857142855, 0.1111111111111111, 0.25581395348837205]}