{"L": [1.0, 0.0, 0.25609756097560976, 1.0, 0.5247524752475248, 0.4545454545454546, 0.5955056179775281, 0.14049586776859505], "G": [0.5254237288135593, 0.0, 0.1219512195121951, 0.08333333333333333, 0.11881188118811882, 0.12987012987012989, 0.20224719101123595, 0.0], "K": [0.4067796610169491, 0.0, 0.2195121951219512, 0.3333333333333333, 0.009900990099009901, 0.5714285714285715, 1.0, 0.0], "M": [0.2542372881355932, 0.0, 0.09756097560975609, 0.08333333333333333, 0.07920792079207921, 0.06493506493506494, 0.10112359550561797, 0.0], "F": [0.7627118644067796, 0.0020161290322580645, 0.6707317073170732, 0.11458333333333333, 0.9108910891089109, 0.1038961038961039, 0.07865168539325842, 0.05371900826446281], "R": [0.8135593220338982, 0.0, 0.2073170731707317, 0.28125, 0.019801980198019802, 1.0, 0.44943820224719105, 0.0], "W": [0.10169491525423728, 0.0, 0.1097560975609756, 0.020833333333333332, 0.029702970297029705, 0.0, 0.0, 0.0], "H": [0.47457627118644063, 0.0, 0.2439024390243902, 0.052083333333333336, 0.10891089108910891, 0.33766233766233766, 0.1797752808988764, 0.0], "S": [0.6101694915254237, 0.0, 0.36585365853658536, 0.10416666666666667, 0.504950495049505, 0.6233766233766234, 0.3932584269662922, 0.0], "C": [0.0, 0.0, 0.0, 0.0, 0.0, 0.0, 0.0, 0.0], "V": [0.5423728813559322, 0.0, 0.5487804878048781, 0.46875000000000006, 0.8811881188118812, 0.33766233766233766, 0.4044943820224719, 0.9132231404958678], "N": [0.03389830508474576, 0.0, 0.2195121951219512, 0.14583333333333334, 0.04950495049504951, 0.2987012987012987, 0.22471910112359553, 0.0], "P": [0.0, 0.0, 0.024390243902439022, 0.625, 0.04950495049504951, 0.33766233766233766, 0.011235955056179775, 0.0], "Q": [0.13559322033898305, 0.004032258064516129, 0.23170731707317072, 0.3229166666666667, 0.13861386138613863, 0.4545454545454546, 0.44943820224719105, 0.0], "T": [0.5423728813559322, 0.0, 0.36585365853658536, 0.22916666666666666, 1.0, 0.5714285714285715, 0.49438202247191015, 0.0], "I": [0.5932203389830508, 0.0, 1.0, 0.4583333333333333, 0.23762376237623764, 0.6103896103896105, 0.12359550561797754, 1.0], "E": [0.06779661016949153, 1.0, 0.1097560975609756, 0.4479166666666667, 0.029702970297029705, 0.16883116883116883, 0.5280898876404495, 0.0], "D": [0.0, 0.016129032258064516, 0.2439024390243902, 0.125, 0.009900990099009901, 0.1038961038961039, 0.011235955056179775, 0.0], "A": [0.8305084745762712, 0.0, 0.6707317073170732, 0.3229166666666667, 0.34653465346534656, 0.4155844155844156, 0.3932584269662922, 0.0], "Y": [0.9491525423728813, 0.006048387096774193, 0.5121951219512195, 0.09375, 0.0, 0.03896103896103896, 0.0898876404494382, 0.0]}