{"L": [0.4273504273504274, 0.12, 0.014861995753715497, 0.39759036144578314, 0.2602739726027397, 0.20634920634920634, 0.8051948051948052, 1.0], "G": [0.06837606837606838, 0.03555555555555556, 0.008492569002123142, 0.43373493975903615, 0.4246575342465754, 0.5476190476190476, 0.2207792207792208, 0.007067137809187279], "K": [0.1623931623931624, 0.01777777777777778, 0.014861995753715497, 0.43373493975903615, 0.3013698630136986, 0.15873015873015872, 1.0, 0.0035335689045936395], "M": [0.12820512820512822, 0.05333333333333334, 0.010615711252653927, 0.08433734939759036, 0.1643835616438356, 0.09523809523809523, 0.12987012987012986, 0.27208480565371024], "F": [1.0, 1.0, 0.010615711252653927, 0.1807228915662651, 0.5616438356164384, 0.09523809523809523, 0.3246753246753247, 0.42049469964664316], "R": [0.12820512820512822, 0.01777777777777778, 0.004246284501061571, 0.3855421686746988, 0.2602739726027397, 0.21428571428571427, 0.5714285714285714, 0.0035335689045936395], "W": [0.02564102564102564, 0.06666666666666668, 0.004246284501061571, 0.07228915662650602, 0.0410958904109589, 0.007936507936507936, 0.025974025974025976, 0.007067137809187279], "H": [0.20512820512820512, 0.01777777777777778, 0.012738853503184712, 0.25301204819277107, 1.0, 0.22222222222222218, 0.5714285714285714, 0.0035335689045936395], "S": [0.36752136752136755, 0.13333333333333336, 0.016985138004246284, 0.3734939759036145, 0.6986301369863013, 0.31746031746031744, 0.3766233766233766, 0.0176678445229682], "C": [0.008547008547008548, 0.0, 0.0021231422505307855, 0.0, 0.0821917808219178, 0.015873015873015872, 0.05194805194805195, 0.0], "V": [0.5811965811965812, 0.10222222222222223, 0.016985138004246284, 0.7710843373493976, 0.6164383561643836, 1.0, 0.4155844155844156, 0.2332155477031802], "N": [0.264957264957265, 0.06222222222222222, 0.014861995753715497, 0.43373493975903615, 0.24657534246575344, 0.1746031746031746, 0.4675324675324675, 0.0], "P": [0.06837606837606838, 0.08444444444444445, 0.03184713375796178, 0.6385542168674698, 0.5753424657534246, 0.15873015873015872, 0.12987012987012986, 0.007067137809187279], "Q": [0.03418803418803419, 0.02666666666666667, 0.008492569002123142, 0.3132530120481928, 0.24657534246575344, 0.22222222222222218, 0.4155844155844156, 0.0], "T": [0.2905982905982906, 0.2177777777777778, 0.010615711252653927, 0.39759036144578314, 0.547945205479452, 0.31746031746031744, 0.4935064935064935, 0.03180212014134275], "I": [0.6324786324786326, 0.04888888888888889, 0.014861995753715497, 0.46987951807228917, 0.5205479452054794, 0.38095238095238093, 0.16883116883116883, 0.17667844522968196], "E": [0.05982905982905983, 0.04, 0.11252653927813162, 1.0, 0.5753424657534246, 0.23015873015873012, 0.7662337662337663, 0.010600706713780918], "D": [0.05982905982905983, 0.08444444444444445, 1.0, 0.5301204819277109, 0.1506849315068493, 0.15873015873015872, 0.2597402597402597, 0.0035335689045936395], "A": [0.264957264957265, 0.09777777777777778, 0.010615711252653927, 0.3012048192771084, 0.9726027397260274, 0.36507936507936506, 0.3636363636363636, 0.0035335689045936395], "Y": [0.5897435897435898, 0.5644444444444445, 0.012738853503184712, 0.0963855421686747, 0.3561643835616438, 0.09523809523809523, 0.5974025974025974, 0.0176678445229682]}