{"L": [0.27586206896551724, 0.4634146341463415, 0.20689655172413796, 0.4705882352941176, 0.07999999999999999, 1.0, 1.0, 1.0], "G": [0.06896551724137931, 0.024390243902439025, 0.5172413793103449, 0.2352941176470588, 0.039999999999999994, 0.20833333333333334, 0.0, 0.0], "K": [0.20689655172413796, 0.0, 0.0, 1.0, 0.12, 0.041666666666666664, 0.27999999999999997, 0.0], "M": [0.06896551724137931, 0.0, 0.034482758620689655, 0.0588235294117647, 0.039999999999999994, 0.08333333333333333, 0.07999999999999999, 0.0], "F": [1.0, 0.0, 0.06896551724137931, 0.0, 0.31999999999999995, 0.0, 0.48, 0.12048192771084337], "R": [0.10344827586206898, 0.0, 0.0, 0.4705882352941176, 0.07999999999999999, 0.041666666666666664, 0.12, 0.0], "W": [0.034482758620689655, 0.0, 0.034482758620689655, 0.0, 0.039999999999999994, 0.0, 0.12, 0.0], "H": [0.034482758620689655, 0.0, 0.10344827586206898, 0.2352941176470588, 0.36, 0.0, 0.19999999999999998, 0.0], "S": [0.3103448275862069, 0.29268292682926833, 0.4482758620689655, 0.3529411764705882, 0.12, 0.08333333333333333, 0.039999999999999994, 0.0], "C": [0.0, 0.0, 0.0, 0.0, 0.0, 0.0, 0.0, 0.0], "V": [0.3793103448275862, 0.21951219512195122, 0.10344827586206898, 0.4117647058823529, 0.19999999999999998, 0.8333333333333334, 0.039999999999999994, 0.0], "N": [0.06896551724137931, 0.0, 0.10344827586206898, 0.0588235294117647, 0.0, 0.20833333333333334, 0.19999999999999998, 0.0], "P": [0.034482758620689655, 0.0, 0.034482758620689655, 0.8823529411764706, 1.0, 0.041666666666666664, 0.039999999999999994, 0.0], "Q": [0.0, 0.0, 0.0, 0.29411764705882354, 0.12, 0.125, 0.15999999999999998, 0.0], "T": [0.1724137931034483, 0.0, 0.20689655172413796, 0.1764705882352941, 0.12, 0.041666666666666664, 0.07999999999999999, 0.0], "I": [0.06896551724137931, 0.34146341463414637, 0.034482758620689655, 0.1176470588235294, 0.19999999999999998, 0.9166666666666666, 0.19999999999999998, 0.03614457831325301], "E": [0.0, 0.0, 0.0, 0.4705882352941176, 0.72, 0.125, 0.24, 0.0], "D": [0.10344827586206898, 0.0, 0.4137931034482759, 0.1764705882352941, 0.0, 0.041666666666666664, 0.07999999999999999, 0.0], "A": [0.13793103448275862, 1.0, 1.0, 0.1764705882352941, 0.24, 0.20833333333333334, 0.07999999999999999, 0.0], "Y": [0.24137931034482762, 0.0, 0.0, 0.0588235294117647, 0.039999999999999994, 0.0, 0.39999999999999997, 0.0]}