{"L": [0.13235294117647056, 0.004184100418410042, 1.0, 1.0, 0.03508771929824561, 0.870967741935484, 0.3118279569892473, 1.0], "G": [0.014705882352941176, 0.03347280334728034, 0.09459459459459459, 0.19117647058823528, 0.17543859649122806, 0.1774193548387097, 0.06451612903225808, 0.0], "K": [0.0, 0.008368200836820085, 0.013513513513513514, 0.5294117647058822, 0.07017543859649122, 0.14516129032258066, 0.053763440860215055, 0.0], "M": [0.1985294117647059, 0.01673640167364017, 0.2702702702702703, 0.08823529411764705, 0.011695906432748537, 0.2580645161290323, 0.0967741935483871, 0.029411764705882356], "F": [0.08823529411764705, 0.004184100418410042, 0.8378378378378378, 0.20588235294117646, 0.029239766081871343, 0.16129032258064516, 0.03225806451612904, 0.03208556149732621], "R": [0.07352941176470587, 1.0, 0.05405405405405406, 0.3970588235294118, 0.47368421052631576, 0.38709677419354843, 0.021505376344086023, 0.0], "W": [0.014705882352941176, 0.0, 0.09459459459459459, 0.029411764705882353, 0.029239766081871343, 0.01612903225806452, 0.0, 0.0], "H": [0.15441176470588233, 0.08368200836820083, 0.14864864864864866, 0.13235294117647056, 1.0, 0.22580645161290325, 0.010752688172043012, 0.0], "S": [0.19117647058823528, 0.012552301255230125, 0.20270270270270271, 0.38235294117647056, 0.14035087719298245, 1.0, 0.6881720430107527, 0.0], "C": [0.0, 0.0, 0.02702702702702703, 0.0, 0.0, 0.048387096774193554, 0.021505376344086023, 0.0], "V": [0.058823529411764705, 0.008368200836820085, 0.8243243243243243, 0.6470588235294117, 0.07602339181286549, 0.33870967741935487, 0.8387096774193549, 0.04278074866310161], "N": [0.4485294117647059, 0.0, 0.09459459459459459, 0.13235294117647056, 0.05263157894736841, 0.2741935483870968, 0.03225806451612904, 0.0], "P": [0.0, 0.11715481171548117, 0.05405405405405406, 0.2794117647058823, 0.07602339181286549, 0.22580645161290325, 0.08602150537634409, 0.0], "Q": [0.10294117647058823, 0.4100418410041841, 0.10810810810810811, 0.30882352941176466, 0.011695906432748537, 0.5483870967741936, 0.16129032258064518, 0.0], "T": [0.14705882352941174, 0.004184100418410042, 0.2972972972972973, 0.5588235294117646, 0.0935672514619883, 0.6451612903225806, 0.5268817204301075, 0.0], "I": [0.11029411764705882, 0.0, 0.37837837837837834, 0.5441176470588235, 0.06432748538011696, 0.4032258064516129, 0.16129032258064518, 0.021390374331550804], "E": [0.16176470588235292, 0.02092050209205021, 0.0, 0.20588235294117646, 0.005847953216374269, 0.2580645161290323, 0.36559139784946243, 0.0], "D": [1.0, 0.0, 0.013513513513513514, 0.11764705882352941, 0.0, 0.06451612903225808, 0.043010752688172046, 0.0], "A": [0.036764705882352935, 0.029288702928870293, 0.6486486486486487, 0.2941176470588235, 0.10526315789473682, 0.5645161290322581, 1.0, 0.0], "Y": [0.16176470588235292, 0.008368200836820085, 0.5270270270270271, 0.14705882352941174, 0.011695906432748537, 0.1774193548387097, 0.010752688172043012, 0.0]}