{"L": [0.1111111111111111, 0.33333333333333337, 0.2857142857142857, 0.5555555555555556, 0.5384615384615384, 1.0, 1.0, 0.017857142857142856], "G": [0.33333333333333337, 0.06666666666666667, 0.8571428571428572, 0.4444444444444444, 0.5384615384615384, 0.2142857142857143, 0.3636363636363636, 0.0], "K": [0.8888888888888888, 0.0, 0.4285714285714286, 0.4444444444444444, 0.07692307692307693, 0.14285714285714285, 0.45454545454545453, 1.0], "M": [0.2222222222222222, 0.0, 0.2857142857142857, 0.1111111111111111, 0.15384615384615385, 0.07142857142857142, 0.0909090909090909, 0.017857142857142856], "F": [0.5555555555555556, 0.2, 0.4285714285714286, 0.5555555555555556, 0.38461538461538464, 0.6428571428571429, 0.45454545454545453, 0.0], "R": [0.7777777777777777, 0.0, 0.4285714285714286, 0.4444444444444444, 0.15384615384615385, 0.2857142857142857, 0.0909090909090909, 0.07142857142857142], "W": [0.0, 0.0, 0.2857142857142857, 0.0, 0.07692307692307693, 0.14285714285714285, 0.1818181818181818, 0.0], "H": [0.1111111111111111, 0.0, 0.14285714285714285, 0.1111111111111111, 0.07692307692307693, 0.0, 0.0909090909090909, 0.03571428571428571], "S": [1.0, 0.4, 0.7142857142857143, 0.2222222222222222, 0.15384615384615385, 0.07142857142857142, 0.3636363636363636, 0.0], "C": [0.1111111111111111, 0.06666666666666667, 0.0, 0.2222222222222222, 0.0, 0.0, 0.0, 0.0], "V": [0.6666666666666667, 1.0, 0.2857142857142857, 0.6666666666666667, 1.0, 0.5714285714285714, 0.0909090909090909, 0.0], "N": [0.0, 0.06666666666666667, 0.7142857142857143, 0.1111111111111111, 0.15384615384615385, 0.5, 0.1818181818181818, 0.0], "P": [0.33333333333333337, 0.0, 0.2857142857142857, 0.8888888888888888, 0.3076923076923077, 0.2142857142857143, 0.6363636363636364, 0.0], "Q": [0.1111111111111111, 0.06666666666666667, 0.5714285714285714, 0.0, 0.3076923076923077, 0.14285714285714285, 0.3636363636363636, 0.0], "T": [0.8888888888888888, 1.0, 0.7142857142857143, 1.0, 0.4615384615384616, 0.14285714285714285, 0.0909090909090909, 0.0], "I": [0.33333333333333337, 0.5333333333333333, 0.7142857142857143, 0.33333333333333337, 0.38461538461538464, 0.5, 0.0909090909090909, 0.0], "E": [0.0, 0.13333333333333333, 0.14285714285714285, 0.0, 0.15384615384615385, 0.14285714285714285, 0.45454545454545453, 0.03571428571428571], "D": [0.0, 0.26666666666666666, 0.8571428571428572, 0.2222222222222222, 0.15384615384615385, 0.0, 0.0909090909090909, 0.0], "A": [1.0, 0.4, 0.5714285714285714, 0.5555555555555556, 0.15384615384615385, 0.0, 0.8181818181818181, 0.0], "Y": [0.1111111111111111, 0.0, 1.0, 0.6666666666666667, 0.0, 0.07142857142857142, 0.2727272727272727, 0.03571428571428571]}