{"L": [0.2608695652173913, 0.004739336492890996, 0.603448275862069, 0.909090909090909, 0.7419354838709677, 0.4489795918367347, 0.38181818181818183, 0.1097560975609756], "G": [0.3913043478260869, 0.05213270142180095, 0.017241379310344827, 0.04545454545454545, 0.1774193548387097, 0.04081632653061224, 0.0909090909090909, 0.0], "K": [0.17391304347826086, 0.0, 0.22413793103448276, 0.7045454545454545, 0.06451612903225806, 1.0, 1.0, 0.0060975609756097554], "M": [0.06521739130434782, 0.08530805687203792, 0.08620689655172413, 0.022727272727272724, 0.1774193548387097, 0.04081632653061224, 0.05454545454545454, 0.012195121951219511], "F": [0.17391304347826086, 0.037914691943127965, 0.6724137931034483, 0.22727272727272724, 0.22580645161290322, 0.02040816326530612, 0.01818181818181818, 0.0060975609756097554], "R": [0.28260869565217395, 0.004739336492890996, 0.3793103448275862, 0.4545454545454545, 0.016129032258064516, 0.9591836734693878, 0.2909090909090909, 0.0], "W": [0.0, 0.0, 0.13793103448275862, 0.022727272727272724, 0.016129032258064516, 0.0, 0.01818181818181818, 0.0], "H": [1.0, 0.0, 0.17241379310344826, 0.04545454545454545, 0.1935483870967742, 0.30612244897959184, 0.0909090909090909, 0.0], "S": [0.6956521739130435, 0.1184834123222749, 0.15517241379310343, 0.2727272727272727, 0.16129032258064516, 0.5510204081632653, 0.4727272727272727, 0.0], "C": [0.15217391304347824, 0.0, 0.0, 0.0, 0.0, 0.0, 0.03636363636363636, 0.0], "V": [0.6956521739130435, 0.0, 0.4482758620689655, 0.5454545454545454, 1.0, 0.2653061224489796, 0.5636363636363636, 1.0], "N": [0.08695652173913043, 0.0, 0.034482758620689655, 0.06818181818181818, 0.0, 0.36734693877551017, 0.1636363636363636, 0.0], "P": [0.021739130434782608, 0.004739336492890996, 0.17241379310344826, 0.3636363636363636, 0.1935483870967742, 0.8571428571428572, 0.01818181818181818, 0.0060975609756097554], "Q": [0.8043478260869565, 1.0, 0.2068965517241379, 0.4772727272727273, 0.3548387096774194, 0.3469387755102041, 0.4909090909090909, 0.0060975609756097554], "T": [0.4782608695652174, 0.0, 0.2068965517241379, 0.5, 0.3225806451612903, 0.3877551020408163, 0.7454545454545455, 0.0060975609756097554], "I": [0.21739130434782608, 0.0, 0.5689655172413793, 1.0, 0.8225806451612903, 0.1020408163265306, 0.07272727272727272, 0.7012195121951219], "E": [0.3695652173913044, 0.0947867298578199, 0.051724137931034475, 0.5227272727272727, 0.11290322580645161, 0.12244897959183673, 0.5454545454545454, 0.0], "D": [0.0, 0.0, 0.051724137931034475, 0.04545454545454545, 0.03225806451612903, 0.061224489795918366, 0.01818181818181818, 0.0], "A": [0.5869565217391304, 0.02843601895734597, 0.051724137931034475, 0.40909090909090906, 0.2741935483870968, 0.2857142857142857, 0.4, 0.0], "Y": [0.15217391304347824, 0.009478672985781991, 1.0, 0.2727272727272727, 0.016129032258064516, 0.04081632653061224, 0.05454545454545454, 0.0]}