{"L": [0.25165562913907286, 0.0043859649122807015, 0.288135593220339, 0.9421487603305786, 0.578125, 0.5365853658536585, 0.496, 1.0], "G": [0.07947019867549669, 0.0029239766081871348, 0.3474576271186441, 0.23140495867768598, 0.9374999999999999, 0.34146341463414637, 0.384, 0.0], "K": [0.3443708609271523, 0.0, 0.23728813559322035, 0.42148760330578516, 0.46874999999999994, 0.2113821138211382, 0.128, 0.0], "M": [0.12582781456953643, 0.0029239766081871348, 0.1694915254237288, 0.057851239669421496, 0.046875, 0.08943089430894309, 0.048, 0.07894736842105263], "F": [0.1324503311258278, 0.0, 0.3135593220338983, 0.20661157024793392, 0.125, 0.0975609756097561, 0.008, 0.04887218045112781], "R": [0.8609271523178808, 0.013157894736842105, 0.8983050847457628, 0.2231404958677686, 1.0, 0.36585365853658536, 0.184, 0.0037593984962406013], "W": [0.013245033112582781, 0.0, 0.02542372881355932, 0.057851239669421496, 0.03906249999999999, 0.04065040650406504, 0.008, 0.0018796992481203006], "H": [0.0662251655629139, 0.0, 0.20338983050847456, 0.17355371900826447, 0.42187499999999994, 0.18699186991869918, 0.032, 0.0], "S": [1.0, 0.0014619883040935674, 0.5254237288135594, 0.38842975206611574, 0.453125, 0.5447154471544715, 0.688, 0.009398496240601503], "C": [0.0, 0.0, 0.00847457627118644, 0.024793388429752067, 0.0, 0.008130081300813009, 0.032, 0.0], "V": [0.2582781456953642, 0.007309941520467836, 0.4322033898305085, 0.4049586776859504, 0.17968749999999997, 0.39837398373983735, 0.7839999999999999, 0.07518796992481203], "N": [0.052980132450331126, 0.0043859649122807015, 0.1864406779661017, 0.17355371900826447, 0.07031249999999999, 0.26829268292682923, 0.048, 0.0018796992481203006], "P": [0.1390728476821192, 1.0, 0.06779661016949153, 1.0, 0.42187499999999994, 1.0, 0.352, 0.0037593984962406013], "Q": [0.1390728476821192, 0.0014619883040935674, 0.2542372881355932, 0.2809917355371901, 0.15624999999999997, 0.24390243902439024, 0.296, 0.005639097744360902], "T": [0.24503311258278143, 0.0, 0.42372881355932207, 0.2727272727272727, 0.1953125, 0.37398373983739835, 0.568, 0.02819548872180451], "I": [0.23178807947019867, 0.0043859649122807015, 0.288135593220339, 0.2809917355371901, 0.11718749999999999, 0.30081300813008127, 0.224, 0.06578947368421052], "E": [0.006622516556291391, 0.0014619883040935674, 0.1440677966101695, 0.21487603305785125, 0.046875, 0.15447154471544716, 0.40800000000000003, 0.0037593984962406013], "D": [0.0, 0.0, 0.11016949152542371, 0.09090909090909091, 0.015625, 0.0975609756097561, 0.048, 0.005639097744360902], "A": [0.7350993377483444, 0.013157894736842105, 1.0, 0.39669421487603307, 0.33593749999999994, 0.5853658536585366, 1.0, 0.020676691729323307], "Y": [0.10596026490066225, 0.0, 0.20338983050847456, 0.1322314049586777, 0.03906249999999999, 0.032520325203252036, 0.048, 0.005639097744360902]}