{"L": [0.6538461538461537, 0.013513513513513514, 0.4615384615384615, 1.0, 1.0, 0.2571428571428572, 0.11764705882352942, 0.061224489795918366], "G": [0.0, 0.0, 0.038461538461538464, 0.07407407407407408, 0.12121212121212123, 0.0, 0.35294117647058826, 0.0], "K": [0.038461538461538464, 0.013513513513513514, 0.038461538461538464, 0.14814814814814817, 0.0, 0.0, 0.7058823529411765, 0.04081632653061225], "M": [0.1923076923076923, 0.013513513513513514, 0.038461538461538464, 0.03703703703703704, 0.060606060606060615, 0.0, 0.23529411764705885, 0.0], "F": [1.0, 0.0, 1.0, 0.11111111111111112, 0.24242424242424246, 0.2571428571428572, 0.11764705882352942, 0.020408163265306124], "R": [0.0, 0.02702702702702703, 0.0, 0.25925925925925924, 0.0, 0.05714285714285715, 0.17647058823529413, 0.04081632653061225], "W": [0.07692307692307693, 0.0, 0.15384615384615385, 0.03703703703703704, 0.0, 0.05714285714285715, 0.0, 0.0], "H": [0.3076923076923077, 0.0, 0.15384615384615385, 0.11111111111111112, 0.030303030303030307, 0.17142857142857143, 0.0, 0.0], "S": [0.0, 0.02702702702702703, 0.1923076923076923, 0.22222222222222224, 0.030303030303030307, 0.028571428571428574, 0.7647058823529412, 0.04081632653061225], "C": [0.0, 0.0, 0.0, 0.0, 0.0, 0.0, 0.0, 0.0], "V": [0.2692307692307692, 0.02702702702702703, 0.34615384615384615, 0.25925925925925924, 0.24242424242424246, 0.2857142857142857, 0.7647058823529412, 0.4693877551020408], "N": [0.038461538461538464, 0.013513513513513514, 0.038461538461538464, 0.11111111111111112, 0.0, 0.0, 0.05882352941176471, 0.061224489795918366], "P": [0.07692307692307693, 1.0, 0.038461538461538464, 0.48148148148148157, 0.15151515151515152, 1.0, 0.23529411764705885, 0.0816326530612245], "Q": [0.0, 0.0, 0.07692307692307693, 0.22222222222222224, 0.21212121212121213, 0.028571428571428574, 0.29411764705882354, 0.0], "T": [0.038461538461538464, 0.0, 0.2692307692307692, 0.0, 0.060606060606060615, 0.19999999999999998, 0.29411764705882354, 0.0816326530612245], "I": [0.3076923076923077, 0.013513513513513514, 0.34615384615384615, 0.22222222222222224, 0.7272727272727273, 0.14285714285714285, 0.05882352941176471, 0.1020408163265306], "E": [0.1923076923076923, 0.0, 0.07692307692307693, 0.07407407407407408, 0.060606060606060615, 0.08571428571428572, 1.0, 0.0], "D": [0.15384615384615385, 0.013513513513513514, 0.038461538461538464, 0.14814814814814817, 0.0, 0.028571428571428574, 0.0, 0.020408163265306124], "A": [0.07692307692307693, 0.16216216216216217, 0.23076923076923075, 0.07407407407407408, 0.030303030303030307, 0.17142857142857143, 0.5882352941176471, 1.0], "Y": [0.3846153846153846, 0.013513513513513514, 0.2692307692307692, 0.07407407407407408, 0.030303030303030307, 0.05714285714285715, 0.05882352941176471, 0.0]}