{"L": [0.3076923076923077, 0.0707070707070707, 0.22580645161290325, 0.7000000000000001, 0.8571428571428572, 0.5555555555555556, 1.0, 0.5945945945945946], "G": [0.07692307692307693, 0.030303030303030304, 1.0, 0.25, 0.4761904761904762, 0.14814814814814817, 0.5238095238095238, 0.0], "K": [0.358974358974359, 0.0202020202020202, 0.2903225806451613, 0.75, 0.09523809523809525, 0.2592592592592593, 0.761904761904762, 0.0], "M": [0.10256410256410256, 0.050505050505050504, 0.16129032258064516, 0.15000000000000002, 0.09523809523809525, 0.14814814814814817, 0.2380952380952381, 0.06756756756756756], "F": [0.41025641025641024, 0.13131313131313133, 0.16129032258064516, 0.25, 1.0, 1.0, 0.7142857142857143, 1.0], "R": [0.358974358974359, 0.0101010101010101, 0.06451612903225806, 0.4, 0.2380952380952381, 0.22222222222222224, 0.4761904761904762, 0.0], "W": [0.0, 0.0101010101010101, 0.09677419354838711, 0.2, 0.28571428571428575, 0.2592592592592593, 0.14285714285714288, 0.24324324324324323], "H": [0.05128205128205128, 0.030303030303030304, 0.16129032258064516, 0.5, 0.2380952380952381, 0.33333333333333337, 0.5238095238095238, 0.0], "S": [0.3076923076923077, 0.0101010101010101, 0.5806451612903226, 0.6000000000000001, 0.380952380952381, 0.2592592592592593, 0.33333333333333337, 0.0], "C": [0.0, 0.0101010101010101, 0.12903225806451613, 0.05, 0.09523809523809525, 0.0, 0.0, 0.0], "V": [0.2564102564102564, 0.050505050505050504, 0.25806451612903225, 0.5, 0.761904761904762, 0.40740740740740744, 0.5714285714285715, 0.013513513513513513], "N": [0.07692307692307693, 0.0202020202020202, 0.22580645161290325, 0.5, 0.1904761904761905, 0.1851851851851852, 0.14285714285714288, 0.013513513513513513], "P": [0.10256410256410256, 0.0707070707070707, 0.7096774193548389, 1.0, 0.9047619047619048, 0.3703703703703704, 0.1904761904761905, 0.0], "Q": [0.07692307692307693, 0.0404040404040404, 0.16129032258064516, 0.25, 0.2380952380952381, 0.3703703703703704, 0.380952380952381, 0.0], "T": [0.2564102564102564, 0.0, 0.5483870967741936, 0.65, 0.761904761904762, 0.29629629629629634, 0.6190476190476191, 0.027027027027027025], "I": [0.4358974358974359, 0.11111111111111112, 0.16129032258064516, 0.35000000000000003, 0.7142857142857143, 0.22222222222222224, 0.380952380952381, 0.3108108108108108], "E": [0.05128205128205128, 0.030303030303030304, 0.19354838709677422, 0.35000000000000003, 0.09523809523809525, 0.40740740740740744, 0.4761904761904762, 0.013513513513513513], "D": [0.15384615384615385, 0.0101010101010101, 0.25806451612903225, 0.5, 0.380952380952381, 0.22222222222222224, 0.2380952380952381, 0.027027027027027025], "A": [0.10256410256410256, 0.06060606060606061, 0.09677419354838711, 0.6000000000000001, 0.33333333333333337, 0.5185185185185186, 0.2380952380952381, 0.013513513513513513], "Y": [1.0, 1.0, 0.16129032258064516, 0.2, 0.1904761904761905, 0.29629629629629634, 0.380952380952381, 0.04054054054054054]}