{"L": [0.7282608695652174, 0.3672316384180791, 0.0016694490818030048, 0.9210526315789473, 0.12264150943396225, 0.39560439560439553, 0.2717391304347826, 1.0], "G": [0.08695652173913043, 0.2598870056497175, 0.0, 0.5526315789473685, 0.5471698113207547, 0.3406593406593406, 0.18478260869565216, 0.0], "K": [0.2826086956521739, 0.011299435028248588, 0.0, 0.8157894736842105, 0.03773584905660377, 0.3406593406593406, 1.0, 0.0], "M": [0.14130434782608695, 0.07344632768361582, 0.0016694490818030048, 0.09210526315789473, 0.08490566037735849, 0.12087912087912087, 0.11956521739130435, 0.04771784232365145], "F": [0.9130434782608695, 0.06214689265536723, 0.0016694490818030048, 0.21052631578947367, 0.09433962264150943, 0.13186813186813184, 0.08695652173913043, 0.04979253112033195], "R": [0.07608695652173914, 0.0, 0.0, 0.4342105263157895, 0.03773584905660377, 0.6483516483516483, 0.532608695652174, 0.0], "W": [0.043478260869565216, 0.022598870056497175, 0.0, 0.05263157894736842, 0.018867924528301886, 0.03296703296703296, 0.021739130434782608, 0.0], "H": [0.2391304347826087, 0.0, 0.0, 0.2894736842105263, 0.7358490566037735, 0.5604395604395604, 0.34782608695652173, 0.0], "S": [0.6739130434782609, 0.5875706214689266, 0.0, 0.3684210526315789, 1.0, 1.0, 0.5760869565217391, 0.0], "C": [0.010869565217391304, 0.02824858757062147, 0.0, 0.0, 0.03773584905660377, 0.010989010989010988, 0.03260869565217391, 0.0], "V": [1.0, 0.327683615819209, 0.0016694490818030048, 0.6710526315789475, 0.25471698113207547, 0.40659340659340654, 0.5869565217391305, 0.13070539419087138], "N": [0.4782608695652174, 0.07344632768361582, 0.0016694490818030048, 0.27631578947368424, 0.8207547169811321, 0.4725274725274725, 0.17391304347826086, 0.0], "P": [0.0, 0.03389830508474576, 0.0, 0.39473684210526316, 0.33962264150943394, 0.13186813186813184, 0.11956521739130435, 0.0], "Q": [0.021739130434782608, 0.1864406779661017, 0.0, 0.35526315789473684, 0.2641509433962264, 0.6043956043956044, 0.6195652173913044, 0.0], "T": [0.42391304347826086, 0.2937853107344633, 0.0, 0.5394736842105263, 0.3490566037735849, 0.7802197802197801, 0.4782608695652174, 0.0], "I": [0.9782608695652175, 0.3163841807909604, 0.0, 0.6447368421052632, 0.2641509433962264, 0.1868131868131868, 0.17391304347826086, 0.11618257261410789], "E": [0.05434782608695652, 0.0, 0.07345575959933222, 1.0, 0.20754716981132074, 0.3406593406593406, 0.8586956521739131, 0.0], "D": [0.03260869565217391, 0.01694915254237288, 1.0, 0.39473684210526316, 0.12264150943396225, 0.21978021978021975, 0.16304347826086957, 0.0], "A": [0.34782608695652173, 1.0, 0.0, 0.32894736842105265, 0.7264150943396226, 0.3296703296703296, 0.641304347826087, 0.0], "Y": [0.5108695652173914, 0.0, 0.0, 0.18421052631578946, 0.04716981132075471, 0.06593406593406592, 0.05434782608695652, 0.0]}