{"L": [0.75, 0.23943661971830985, 0.2884615384615385, 1.0, 0.2698412698412698, 0.42105263157894735, 1.0, 0.17177914110429449], "G": [0.225, 0.09859154929577464, 0.38461538461538464, 0.2777777777777778, 0.2698412698412698, 0.15789473684210525, 0.14893617021276595, 0.0], "K": [0.6, 0.23943661971830985, 0.9423076923076923, 0.9166666666666666, 0.20634920634920634, 0.5526315789473684, 0.6170212765957447, 0.049079754601226995], "M": [0.09999999999999999, 0.04225352112676056, 0.05769230769230769, 0.08333333333333333, 0.015873015873015872, 0.13157894736842105, 0.14893617021276595, 0.03680981595092025], "F": [0.3, 0.15492957746478872, 0.3076923076923077, 0.3611111111111111, 0.1111111111111111, 0.5789473684210525, 0.19148936170212766, 0.4233128834355829], "R": [0.5, 0.14084507042253522, 1.0, 0.5833333333333333, 0.30158730158730157, 1.0, 0.6808510638297872, 0.06134969325153375], "W": [0.125, 0.014084507042253521, 0.07692307692307693, 0.1388888888888889, 0.031746031746031744, 0.3157894736842105, 0.0425531914893617, 1.0], "H": [0.35, 0.09859154929577464, 0.17307692307692307, 0.41666666666666663, 0.36507936507936506, 0.763157894736842, 0.3404255319148936, 0.006134969325153374], "S": [0.6749999999999999, 1.0, 0.23076923076923075, 0.25, 0.42857142857142855, 0.3157894736842105, 0.5531914893617021, 0.0], "C": [0.075, 0.014084507042253521, 0.0, 0.027777777777777776, 0.015873015873015872, 0.05263157894736842, 0.06382978723404255, 0.0], "V": [0.75, 0.19718309859154928, 0.38461538461538464, 0.75, 0.2857142857142857, 0.868421052631579, 0.5106382978723404, 0.0], "N": [0.075, 0.056338028169014086, 0.1346153846153846, 0.1388888888888889, 0.07936507936507936, 0.10526315789473684, 0.21276595744680854, 0.0], "P": [0.25, 0.11267605633802817, 0.25, 0.9722222222222222, 1.0, 0.39473684210526316, 0.10638297872340427, 0.006134969325153374], "Q": [0.225, 0.09859154929577464, 0.21153846153846154, 0.3055555555555555, 0.14285714285714285, 0.5263157894736842, 0.3191489361702128, 0.0], "T": [1.0, 1.0, 0.3076923076923077, 0.5277777777777778, 0.20634920634920634, 0.34210526315789475, 0.6595744680851064, 0.006134969325153374], "I": [0.9, 0.1267605633802817, 0.3269230769230769, 0.861111111111111, 0.38095238095238093, 0.39473684210526316, 0.19148936170212766, 0.04294478527607362], "E": [0.09999999999999999, 0.07042253521126761, 0.2884615384615385, 0.611111111111111, 0.2222222222222222, 0.5789473684210525, 0.3191489361702128, 0.012269938650306749], "D": [0.125, 0.2112676056338028, 0.40384615384615385, 0.3055555555555555, 0.14285714285714285, 0.15789473684210525, 0.21276595744680854, 0.0], "A": [0.575, 0.4084507042253521, 0.3076923076923077, 0.3055555555555555, 0.5714285714285714, 0.3684210526315789, 0.2978723404255319, 0.006134969325153374], "Y": [0.32499999999999996, 0.19718309859154928, 0.09615384615384616, 0.08333333333333333, 0.047619047619047616, 0.42105263157894735, 0.21276595744680854, 0.147239263803681]}