{"L": [0.7130434782608696, 0.97, 0.2619718309859155, 0.9927007299270073, 0.02569593147751606, 0.43956043956043955, 0.5693430656934306, 1.0], "G": [0.06956521739130435, 0.26, 0.03943661971830986, 0.1094890510948905, 0.021413276231263382, 0.21978021978021978, 0.24817518248175183, 0.0], "K": [0.11304347826086956, 0.02, 1.0, 1.0, 1.0, 0.5934065934065934, 0.2846715328467153, 0.0], "M": [0.2869565217391304, 0.145, 0.12394366197183097, 0.058394160583941604, 0.014989293361884369, 0.06593406593406594, 0.1094890510948905, 0.044117647058823525], "F": [0.7217391304347825, 0.12000000000000001, 0.10985915492957746, 0.15328467153284672, 0.0278372591006424, 0.4175824175824176, 0.09489051094890512, 0.06818181818181818], "R": [0.19130434782608693, 0.055, 0.30140845070422534, 0.4598540145985401, 0.4796573875802998, 0.43956043956043955, 0.20437956204379562, 0.001336898395721925], "W": [0.09565217391304347, 0.0, 0.025352112676056335, 0.0, 0.0, 0.15384615384615385, 0.0072992700729927005, 0.0], "H": [0.45217391304347826, 0.0, 0.12394366197183097, 0.13138686131386862, 0.1841541755888651, 1.0, 0.06569343065693431, 0.0], "S": [0.5739130434782608, 0.17, 0.05070422535211267, 0.3868613138686131, 0.02569593147751606, 0.6703296703296704, 0.802919708029197, 0.001336898395721925], "C": [0.052173913043478265, 0.0, 0.0, 0.0364963503649635, 0.0, 0.03296703296703297, 0.043795620437956206, 0.0], "V": [0.31304347826086953, 0.27, 0.04507042253521127, 0.4744525547445256, 0.02355460385438972, 0.9560439560439561, 1.0, 0.05213903743315508], "N": [0.5391304347826087, 0.14, 0.07887323943661972, 0.17518248175182483, 0.01284796573875803, 0.6593406593406593, 0.12408759124087591, 0.0], "P": [0.0, 1.0, 0.01971830985915493, 0.18978102189781024, 0.008565310492505354, 0.4175824175824176, 0.13138686131386862, 0.001336898395721925], "Q": [0.30434782608695654, 0.18, 0.07887323943661972, 0.4598540145985401, 0.02569593147751606, 0.8241758241758242, 0.3941605839416058, 0.0], "T": [0.5391304347826087, 0.08, 0.01408450704225352, 0.48905109489051096, 0.019271948608137045, 0.9230769230769231, 0.583941605839416, 0.004010695187165776], "I": [0.3391304347826087, 0.39, 0.08450704225352111, 0.5328467153284672, 0.029978586723768737, 0.5604395604395604, 0.3941605839416058, 0.0481283422459893], "E": [0.9304347826086957, 0.045, 0.008450704225352114, 0.5474452554744526, 0.008565310492505354, 0.5934065934065934, 0.656934306569343, 0.0], "D": [1.0, 0.0, 0.005633802816901409, 0.12408759124087591, 0.0021413276231263384, 0.0989010989010989, 0.10218978102189781, 0.0], "A": [0.22608695652173913, 0.765, 0.09295774647887323, 0.26277372262773724, 0.0556745182012848, 0.6923076923076923, 0.875912408759124, 0.014705882352941176], "Y": [0.5739130434782608, 0.01, 0.13802816901408452, 0.16058394160583941, 0.01284796573875803, 0.3956043956043956, 0.051094890510948905, 0.0]}