{"L": [-0.7876956608235511, -1.2648169155432136, 0.35843237485468676, -0.11868887986497559, 0.16654684861577368, 0.09691092047437924, 0.03621308012076752, 0.2536970243346738, -0.00954441043990757, 0.2666620014990414], "G": [0.3154593280369967, -1.0824806806350409, -0.6053594259153784, 0.2977305610765651, 0.3154593280369967, -0.041087995476815846, 0.3154593280369967, -0.3835106762990221, 0.5303031760846946, -1.0824806806350409], "K": [0.652403023684205, -0.9708462667136952, -0.6698162710497141, 0.14309708559314135, -0.3687862753857329, -0.12574822669943847, -0.016603757274370433, -0.27187626237767654, -0.19269501633005168, -0.016603757274370433], "M": [-0.6321994483371169, -0.6321994483371169, 0.27089053865482654, -0.6321994483371169, -0.3311694526731358, -0.030139457009154637, -0.15507819361745465, 0.21289859167713981, -0.15507819361745465, 0.27089053865482654], "F": [0.06872892068090847, -0.8343610663110351, 0.756703540715464, -0.5333310706470539, -0.2323010749830727, 0.11988144312828987, 0.27958228599580165, 0.20703161884718999, 0.06872892068090847, 0.9649794831425467], "R": [0.5749651786609921, 1.219859896810441, -1.0378186780587433, -1.0378186780587433, -1.0378186780587433, -0.736788682394762, -0.435758686730781, -0.435758686730781, -0.13472869106679977, -0.435758686730781], "W": [-0.4515894054133933, -0.4515894054133933, 0.6623539468934433, 0.025531849306269, -0.4515894054133933, -0.15055940974941218, -0.4515894054133933, 0.025531849306269, -0.4515894054133933, 0.24738059892262534], "H": [0.6849540137770125, -0.6767738222405802, 0.022196182095438523, -0.1996525675209179, -0.6767738222405802, -0.37574382657659905, -0.6767738222405802, -0.1996525675209179, -0.6767738222405802, -0.6767738222405802], "S": [-0.1272126061022246, -1.1686052912604494, -0.390454040876806, -0.022477255582211624, -0.21436278182112473, 0.061843630117824226, -0.16860529126044965, -0.16860529126044965, -0.022477255582211624, -1.1686052912604494], "C": [-0.5705403684201601, -0.5705403684201601, -0.5705403684201601, -0.5705403684201601, -0.5705403684201601, -0.5705403684201601, -0.5705403684201601, -0.5705403684201601, -0.5705403684201601, -0.5705403684201601], "V": [-0.4272314358015422, -1.0292914271295046, 0.14679983192617665, -0.5521701724098422, 0.24946217382332433, 0.08465192517733217, -0.12620144013756102, 0.04988981891812016, -0.0750489176901797, -0.4272314358015422], "N": [-0.33389082903936446, -0.8110120837590268, -0.5099820880950456, -0.2089520924310645, -0.5099820880950456, 0.18898791624097308, -0.11204207942300808, 0.2681691622885979, 0.03408595625522999, -0.8110120837590268], "P": [-1.0404030468602612, -1.0404030468602612, -1.0404030468602612, 0.10572498881797691, 0.19004587451801275, 0.10572498881797691, 0.30201963396194514, -0.040403046860261145, -0.7393730511962799, -1.0404030468602612], "Q": [-0.33874596329501466, -0.9408059546229771, -0.6397759589589959, 0.2633140280329477, -0.09570791460872018, -0.03771596763103351, -0.24183595028695828, -0.03771596763103351, -0.03771596763103351, -0.9408059546229771], "T": [-0.43252111701055906, -1.0345811083385215, -1.0345811083385215, -0.7335511126745402, -0.18948306832426465, -0.18948306832426465, -0.1314911213465779, -0.0803385988991966, 0.14151015071715978, -1.0345811083385215], "I": [-0.9086916985924594, -0.9086916985924594, 0.4530361374251334, 0.0455508108468654, 0.37006190236036945, 0.32175722278581437, 0.23743633708577855, 0.17048954745516534, -0.9086916985924594, -0.13054044820881586], "E": [-1.0970333751205863, -1.0970333751205863, -1.0970333751205863, -0.19394338812864273, -0.01785212907296147, 0.04909466055765177, -0.14279086568126137, 0.01690997718625047, 0.13341554625768756, -1.0970333751205863], "D": [-0.9422787579107073, -0.9422787579107073, -0.1641275075270637, 0.48908500624828005, 0.011963751528617589, 0.05772124208929265, -0.24330875357468854, -0.09718071789645047, -0.09718071789645047, -0.9422787579107073], "A": [-0.4196907029763871, -1.118660707312406, -0.4196907029763871, 0.18236928835157523, 0.057430551743275236, -0.07726802215418091, -0.07726802215418091, -0.004717355005569235, 0.02746732836583207, -0.5166007159844436], "Y": [0.20083060972511718, -0.7534118997142075, 0.3257693463334171, 0.09168614030004921, -0.054441895378188845, -0.2762906449945452, 0.28798078544401734, 0.02473935066943593, -0.15135190838624527, 0.8900407767719797]}