{"L": [-0.7472913588608807, -1.4632947024956797, 0.06818421454657521, -0.12087202167347366, -0.09780671760478021, 0.19946312918589415, 0.06045176431588452, -0.0688430216694636, -0.08308346078407386, 0.025256014004764335], "G": [-0.2809584675875071, -1.979928471923526, -0.21650047836058864, -0.03544579977335731, -0.016140644577970667, -0.1410793811862706, 0.07697637941294665, -0.38886386489702673, -0.05564918586164427, -0.8338004362452879], "K": [0.0507840343738935, -1.8682940580021803, -0.5895404570493513, 0.08109594864273234, 0.07618861414798818, 0.10483379559751826, 0.28399428638087604, 0.5279052890935558, 0.35701522372368244, -1.567264062338199], "M": [-0.02449726130569613, -1.529647239625602, 0.1515939977499851, -0.6845491996113453, -0.2991983182473282, -0.20742794489168281, -0.2991983182473282, -0.16791940360800922, -0.38351920394736405, -0.25089363867277314], "F": [-0.6178655052926832, -1.4307788619355388, 0.19761006811477264, -0.14074425057302092, 0.08110449904333543, -0.07859634382417643, 0.1924704284623615, -0.06905102591794604, -0.059710999663802625, 0.8147338058786109], "R": [-0.0602052059555284, -1.9352664693472283, -0.7591752102915471, -0.16441445770508425, -0.24507038931871478, -0.14993663433646137, -0.04317186665674807, 0.30026197756032047, 0.14028049204530232, -1.634236473683247], "W": [-0.746977205373916, -1.3490371967018784, -0.04800720103789723, -0.30764451154365335, -0.4459472097099348, -0.6500671923658595, -0.14491721404595367, -0.3490371967018784, -0.30764451154365335, 1.133836386906875], "H": [-0.08285991969479267, -1.5742216135290652, 0.11597446649944823, -0.2520023187951461, 0.005561983087744755, -0.04274269648681027, -0.19401037181745934, 0.2831108829022031, 0.173966413477135, -0.9721616222011029], "S": [0.19639800718149472, -2.0660530825489345, -0.20273022242847885, -0.10701169022784113, -0.12157041039876607, -0.07482700685643988, -0.17956235737645282, -0.2087205861176662, 0.027368602613300375, -1.7650230868849532], "C": [-0.9908669049889827, -1.4679881597086453, -0.6228901196943885, -0.4265954745504203, -0.26386817705272053, -0.4679881597086452, -0.21271565460533917, -0.5137456502693204, -0.32186012403040726, -1.4679881597086453], "V": [-0.4215892400980837, -1.9267392184179895, 0.15604615189846044, -0.08789012768073438, 0.0644868572745051, 0.11465346674023537, 0.11858376036866777, 0.07326078158201031, -0.13434752891973573, -0.6714667133146834], "N": [0.03972815195868844, -1.708459875047512, 0.291540124952488, 0.06969137533613165, 0.14887262138375648, 0.08393181445074194, 0.18916721624292945, 0.0474149806249794, 0.09088067440606966, -1.708459875047512], "P": [-1.9378508381487463, -1.9378508381487463, -0.2846383243734025, 0.18272309305710369, 0.011539168496166608, -0.013571552086864504, -0.256609600773159, -0.31460154775084564, -0.8239074858419093, -1.9378508381487463], "Q": [0.2888510524533455, -1.2361937545834996, -0.08237889023897069, 0.05384085677901823, 0.042559846369329274, -0.025340389268606572, -0.06740173426931798, 0.21482469757195757, 0.15297232978103267, -1.838253745911462], "T": [-0.05121530734621517, -1.329968908299044, -0.2418328195984929, -0.18384087262080612, -0.03993429693652614, -0.07469640319573807, -0.03993429693652614, -0.1396372101287526, 0.14351806176552417, -0.9320288996270065], "I": [-0.5051094942169633, -1.5051094942169632, 0.47489387736678296, -0.13404163194522706, 0.15290190244014898, 0.23918348890571284, 0.22728426560600512, -0.10716948554492577, -0.3009895115610386, -0.013747800382690634], "E": [0.5038293873805291, 1.158418429984676, -0.03069333906351609, 0.33997258474185943, 0.1873624215357012, -0.08599614753042155, -0.20208947691081744, -0.10238656371859096, 0.022552172889708982, -1.9944811664090714], "D": [-0.3345765708792864, -1.1407565448631733, -0.013651746498365935, 0.3275907855489837, 0.09477190204437531, 0.04676417597328948, -0.20625809361960584, -0.3925685178569731, -0.24866194217269316, -1.839726549199192], "A": [0.42480058346432664, -2.016108498600891, 0.13617984578216547, -0.08668957288659826, -0.02047330400334117, -0.052320671255335745, -0.06671849195597823, -0.11301851160894742, 0.017315256886058665, -0.7150785029369098], "Y": [-0.5716784449550678, -1.6508596910026927, 0.0023528227726509654, -0.08265796693569775, -0.1067916466524171, -0.14570971268278676, -0.05979508397619357, -0.2194959268437054, 0.1125683025602446, 1.0366692702119413]}