{"L": [-0.6127829492534126, 0.12757974024083116, -0.06871490490313702, -0.31175295358943145, -0.010722957925450258, -0.010722957925450258, -0.1356616945337503, 0.26227831413828734, 0.26227831413828734, 0.2903070377385309], "G": [0.2685232899907789, -0.731476710009221, -0.43044671434523984, 0.309915975149004, 0.4146513256690169, 0.38246664229761557, -0.03250670567320232, -0.731476710009221, -0.43044671434523984, -0.731476710009221], "K": [0.5262857395903624, -0.6198422960878756, -0.6198422960878756, 0.15830895429576802, -0.6198422960878756, -0.017782304759913138, -0.3188123004238943, -0.6198422960878756, 0.3344002133514493, -0.6198422960878756], "M": [-0.28119547771129727, -0.28119547771129727, 0.019834517952683917, -0.28119547771129727, -0.28119547771129727, 0.019834517952683917, -0.28119547771129727, 0.1959257770083651, -0.28119547771129727, -0.28119547771129727], "F": [0.2947941546984283, -0.48335709568521523, 0.6627709399930227, -0.006235840965552874, -0.006235840965552874, 0.11870289564274714, 0.2947941546984283, 0.2947941546984283, 0.21561290865080346, 0.11870289564274714], "R": [0.711125301239114, -0.6868147074329235, -0.6868147074329235, -0.6868147074329235, -0.20969345271326115, -0.6868147074329235, -0.20969345271326115, -0.6868147074329235, -0.20969345271326115, -0.6868147074329235], "W": [-0.10058543478757362, -0.10058543478757362, 0.5014745565403887, -0.10058543478757362, 0.5014745565403887, -0.10058543478757362, 0.20044456087640752, -0.10058543478757362, -0.10058543478757362, -0.10058543478757362], "H": [-0.32576985161476046, -0.32576985161476046, 0.2762901397132018, -0.32576985161476046, -0.32576985161476046, -0.32576985161476046, -0.024739855950779314, 0.1513514031049019, 0.2762901397132018, -0.32576985161476046], "S": [-0.5165713249706487, -0.8176013206346298, -0.5165713249706487, 0.02749671937962701, 0.08548866635731368, -0.2155413293066675, -0.5165713249706487, 0.22379136452359513, 0.02749671937962701, -0.8176013206346298], "C": [-0.2195363977943404, -0.2195363977943404, -0.2195363977943404, -0.2195363977943404, -0.2195363977943404, -0.2195363977943404, -0.2195363977943404, -0.2195363977943404, -0.2195363977943404, -0.2195363977943404], "V": [0.020682547832333992, -0.6782874565036847, 0.09986379387995874, -0.6782874565036847, 0.020682547832333992, 0.22480253048825877, 0.09986379387995874, 0.22480253048825877, 0.27595505293564004, 0.7019237852079211], "N": [-0.46000811313320705, -0.46000811313320705, -0.46000811313320705, -0.46000811313320705, 0.1420518781947553, -0.46000811313320705, 0.44308187385873643, -0.1589781174692259, 0.017113141586455292, -0.46000811313320705], "P": [-0.6893990762344413, -0.6893990762344413, -0.3883690805704601, -0.08733908490647892, -0.21227782151477886, -0.08733908490647892, 0.08875217414920228, 0.009570928101577404, -0.6893990762344413, -0.6893990762344413], "Q": [-0.5898019839971572, 1.166072871675334, 0.1091680203388615, 0.36444052544216754, -0.288771988333176, 0.1091680203388615, 0.18834926638648627, 0.36444052544216754, 0.012258007330805142, -0.5898019839971572], "T": [-0.6835771377127016, -0.6835771377127016, -0.20645588299303927, -0.6835771377127016, -0.3825471420487205, 0.16152090230155516, 0.015392866623317066, -0.08151714638473931, -0.08151714638473931, -0.6835771377127016], "I": [-0.08056647324697727, -0.5576877279666396, 0.34540225902530386, -0.2566577323026585, 0.28741031204761713, 0.22046352241700387, 0.4837049571915853, -0.08056647324697727, -0.08056647324697727, 0.9986147728006475], "E": [-0.7460294044947664, -0.047059400158747704, -0.26890814977510413, 0.2539705955052335, 0.03212184588887704, -0.047059400158747704, -0.44499940883078526, -0.44499940883078526, 0.1570605824971771, -0.7460294044947664], "D": [-0.5912747872848875, -0.11415353256522512, -0.5912747872848875, 0.5548532483933505, 0.10769521705113122, -0.2902447916209063, -0.5912747872848875, -0.2902447916209063, -0.2902447916209063, -0.5912747872848875], "A": [0.010494513697057423, -0.466626741022605, 0.13543325030535736, -0.0686867323505674, -0.29053548196692375, 0.0774413033276707, -0.0686867323505674, -0.0686867323505674, -0.466626741022605, -0.466626741022605], "Y": [0.4426901109258689, -0.40240792908838785, 0.597592070911612, -0.10137793342440671, 0.07471332563127446, -0.40240792908838785, 0.07471332563127446, -0.40240792908838785, -0.10137793342440671, -0.40240792908838785]}