{"L": [-0.3847108354719596, -0.5474381329696594, 0.002233788898614834, -0.17385747015706646, -0.020629094060889464, -0.03252831736059711, 0.013229173200077987, 0.1013652619006292, 0.17459717543505285, 0.43647504713688573], "G": [-0.026283341508105625, -0.5034045962277681, -0.5613965432054547, 0.16170714084728333, 0.23695809326647574, 0.11201935665817582, 0.1955654081082507, -0.40649458321971166, -0.00855457454767412, -1.4064945832197115], "K": [0.00616982636561509, -0.5167089189147224, -0.21567892325074126, 0.027359125435553182, -0.11876891024268488, 0.06686766671922674, -0.016106568345537167, -0.0644112479200922, 0.08535107241323991, -0.5958901649623473], "M": [-0.25724334658576903, -0.3541533595938254, 0.12296789512583704, -0.6551833552578065, -0.3541533595938254, -0.25724334658576903, -0.9562133509217878, -0.1780621005381441, -0.05312336392984421, 0.3448166447421933], "F": [0.6545383877471497, -0.11698228373748079, 0.7166862944959942, -0.15837496889570585, 0.017716290159975435, 0.12037863205712314, 0.20335286712188702, 0.20335286712188702, 0.0457450137602189, 0.9751639394745116], "R": [0.31940865673217306, 0.9477975867824845, -0.019409899821207936, -0.6628625763073953, -0.2826513345957893, -0.2826513345957893, -0.039613285909494846, -0.060802584979432965, 0.21795101597339595, -0.6628625763073953], "W": [-0.7756033079980642, -0.29848205327840166, 0.0025479423855794994, -0.47457331233408295, -0.47457331233408295, -0.29848205327840166, -0.17354331667010178, -0.47457331233408295, -0.47457331233408295, -0.7756033079980642], "H": [0.2296611965530228, -0.5236664701055886, 0.07839352122237378, -0.3018177204892322, 0.07839352122237378, 0.04060496033297393, 0.17530353423043016, 0.07839352122237378, -0.5236664701055886, -0.6997577291612699], "S": [-0.015497939125457992, -0.19158919818113926, -0.1501965130229142, -0.09467918517308285, -0.21386559289229146, -0.061255429686133095, -0.21386559289229146, 0.1094407974828419, -0.03022119594616437, -1.191589198181139], "C": [-0.8945542710048309, -0.8945542710048309, -0.8945542710048309, -0.8945542710048309, -0.8945542710048309, -0.8945542710048309, -0.8945542710048309, -0.8945542710048309, -0.8945542710048309, -0.8945542710048309], "V": [-0.20717729403593738, -0.2741240836665505, -0.14918534705825062, -0.5082072896999186, 0.04463467895786214, 0.2148963943528196, 0.10909266818478068, 0.07805843444481192, 0.07805843444481192, 0.10909266818478068], "N": [-0.2899279463294408, -1.1350259863436976, 0.09542293503457619, 0.12024651875960839, 0.20739669447850853, 0.011102049334540343, 0.06909399631222707, 0.06909399631222707, -0.02108263403686094, -1.1350259863436976], "P": [-0.665446945108913, -0.665446945108913, -0.13396802806665803, 0.42091288556583506, 0.28879556433041176, 0.24836690727480357, 0.16706196759732317, -0.0633869537809507, -0.410174440005607, -0.7623569581169695], "Q": [-0.3105773477683229, -0.185638611160023, -0.565849852871629, 0.01393374374518107, 0.03621013845633335, -0.0887285981519666, -0.0887285981519666, 0.3584294331902526, -0.009547352104341772, -1.264819857207648], "T": [-0.40435250148386737, -0.45550502393124864, -0.2794137648755674, -0.45550502393124864, -0.2446516586163555, 0.021616230788413748, -0.12814608954491835, -0.05756501525921107, 0.17288390611906282, -0.8814737562035299], "I": [0.10971707964507597, -0.23270560117713027, 0.2296923967218258, -0.27846309173780537, 0.14750564053447576, 0.16523440749490728, 0.41074707530905713, 0.06832439448685089, -0.028585618521205475, 0.16523440749490728], "E": [-0.9439260229855946, -0.5179572907133135, -0.7220772733692382, 0.15873631891155307, -0.07862459688305079, -0.24495601864957578, -0.274919242027019, -0.1422936767524281, -0.09882798297133776, -1.421047277705257], "D": [-0.7891714057757155, -0.7891714057757155, -0.09020140143969682, 0.5725564302418772, 0.07613002032682817, -0.06217267783945333, -0.4211946204811213, -0.26629266049537814, -0.4211946204811213, -1.266292660495378], "A": [0.08880430714517834, -0.29654657421883873, -0.18740210479377062, -0.29654657421883873, -0.12045531516315743, -0.04473460122503915, -0.21222568851880283, -0.10025192907487047, -0.23855462724115195, -0.9655533551774143], "Y": [0.6707622247073218, 0.5853320293826956, 0.594672055636839, 0.0017554437487463709, 0.06870223337935949, -0.23232776228462165, 0.06870223337935949, 0.03651755000795832, 0.3027854394127275, 0.5757867114764652]}