{"L": [-0.7011351586262036, -1.3031951499541659, 0.01902414477975316, -0.4001051629622224, -0.2240139039065412, -0.2240139039065412, -0.0021651542901848144, -0.024441549001337094, -0.34895264051484115, 0.8843255708822969], "G": [-0.6437376603263308, -1.1208589150459933, -1.1208589150459933, 0.24086892097159954, 0.3105048491129939, 0.3105048491129939, 0.13441359005731277, -0.4218889107099745, -0.27576087503173646, -1.1208589150459933], "K": [-1.0092245011246477, -0.5321032464049853, -1.0092245011246477, -0.05498199168532289, -0.40716450979668534, -0.05498199168532289, 0.06995674492297703, -1.0092245011246477, -0.40716450979668534, -1.0092245011246477], "M": [0.5055135763076116, -0.6705776827480694, 0.10757356763557414, -0.6705776827480694, -0.3695476870840882, -0.3695476870840882, 0.028392321587949368, -0.19345642802840704, -0.6705776827480694, 0.3708150024101556], "F": [0.46968338010021876, -0.8727393007219875, 0.4282906949419937, -0.09458805033834382, -0.09458805033834382, -0.09458805033834382, 0.12726069927801253, 0.08150320871733738, -0.395618046002325, 0.030350686269956125], "R": [-1.0761969124696957, 0.6561968473532727, -1.0761969124696957, -0.2980456620860521, -1.0761969124696957, -0.5990756577500332, -0.5990756577500332, -1.0761969124696957, -1.0761969124696957, -1.0761969124696957], "W": [0.11209235150361654, -0.4899676398243458, -0.4899676398243458, -0.4899676398243458, -0.4899676398243458, -0.4899676398243458, 0.11209235150361654, -0.4899676398243458, -0.4899676398243458, -0.4899676398243458], "H": [0.7619691980681296, 1.4183868517186848, -0.016182052315513874, -0.11309206532357031, 0.06299919373211088, -0.4141220609875515, 0.1299459833627241, -0.23803080193187026, -0.7151520566515326, -0.7151520566515326], "S": [-0.165590840513177, -1.2069835256714019, -0.20698352567140202, 0.04828897943190398, 0.07177007528142687, 0.15474431034619082, -0.3618854856571452, -0.20698352567140202, 0.24017450567081713, -1.2069835256714019], "C": [-0.6089186028311127, -0.6089186028311127, -0.30788860716713146, -0.6089186028311127, -0.6089186028311127, -0.6089186028311127, -0.6089186028311127, -0.6089186028311127, -0.30788860716713146, -0.13179734811145022], "V": [-0.7666396658764757, -1.0676696615404568, 0.2110839394123719, -0.5905484068207945, 0.1627792598378169, -0.16457967454851344, -0.06766966154045699, 0.4374803167794489, 0.4374803167794489, -0.2225716215262001], "N": [0.4516396774940018, -0.8493903181699793, -0.8493903181699793, 0.1920023669882457, 0.15060968183002066, -0.15042031383396048, 0.29673771750825867, 0.38105860320829466, -0.5483603225059981, -0.8493903181699793], "P": [-1.0787812812712134, -0.7777512856072322, -0.7777512856072322, 0.3361920666996044, 0.06734675440702455, 0.36837675007100573, 0.1764912238320925, -0.1756912942792699, -0.6016600265515509, -1.0787812812712134], "Q": [-0.13408614901967264, -0.6781541933699482, -0.20103293865028582, -0.13408614901967264, -0.502062934314267, 0.020815810966070568, 0.020815810966070568, 0.16694384664430853, -0.13408614901967264, -0.9791841890339293], "T": [0.4952423813175211, -1.0729593427494737, -0.5958380880298114, -0.37398933841345505, 0.04098400955736282, -0.07295934274947384, 0.04098400955736282, 0.07316869292876418, 0.342014005221344, -1.0729593427494737], "I": [-0.248099928667393, -0.9470699330034118, 0.6092325677638754, -0.16891868261976828, 0.0071725764359129975, 0.28337898837486203, 0.05293006699658816, 0.35396006266056934, 0.19905810267482615, -0.043979946011468284], "E": [0.0107164261466993, -1.1354116095315387, -0.2323216225395951, 0.24479963218006728, 0.06870837312438607, -0.09401892437331368, -0.18116910009221388, 0.06870837312438607, -0.09401892437331368, -1.1354116095315387], "D": [-0.02641448288233486, -0.9806569923216596, 0.4665010390205595, 0.45070677183732755, 0.2746155127816463, 0.16547104335657828, -0.02641448288233486, -0.3785970009936973, -0.9806569923216596, -0.9806569923216596], "A": [-0.6799176870036958, -1.1570389417233584, 0.22317229998824767, -0.0430955894165216, 0.04708104093256642, -0.1570389417233583, -0.010910906045120352, 0.04708104093256642, 0.46621034867454203, -0.3119409017091015], "Y": [0.3843011249305211, -0.7917901341251601, 0.16245237531416476, -0.1897301427971977, 0.05330790588909674, -0.1897301427971977, 0.05330790588909674, 0.16245237531416476, 0.05330790588909674, -0.7917901341251601]}