{"L": [0.03368909660414403, 0.7073909987710995, 0.011081305858671798, -0.10186861601444987, 0.024143778697913603, 0.0581628659873446, 0.32517377436189476, 0.15148858507209204, -0.02340461948064234, 0.36948119852733713], "G": [0.049274098710778945, -1.446732500169257, -0.3675512541216324, 0.0804676188937229, 0.13684408546469198, 0.01064469635464804, -0.24261251751333238, -0.08500466415166444, 0.12146922389773772, -1.446732500169257], "K": [0.17900673472492074, -1.3350980862479116, 0.07987526172290618, -0.10464916486963775, 0.0006940156752813802, 0.09626567791107558, -0.28074042392531906, 0.04511315546369431, -0.006039366983686994, -1.2101593496396117], "M": [0.07049552175927981, 0.6403708297158408, 0.2898554709719414, 0.03157745572891013, 0.05790639445125926, -0.19481892163816691, 0.1796399911843478, 0.12848746873696656, -0.13114984176878966, -0.13114984176878966], "F": [0.46414494583632254, -1.6757341405649138, 0.5746858617439801, -0.1572202006870264, 0.28330725175617966, 0.11665754893333999, 0.26874853158525475, 0.05665961925805464, 0.187588719555542, -1.0736741492369515], "R": [-0.0938619173018551, -1.8791917523126218, -0.288127145286123, -0.4020704975929597, -0.163188408677823, -0.13100372530642174, -0.4989805106010161, -0.0938619173018551, -0.18899567228410846, -1.8791917523126218], "W": [-0.11687122061159093, -1.292962479667272, -0.2929624796672722, -0.21378123361964732, 0.13840128449171507, -0.33871997022794736, -0.5939924753312533, 0.06876535635032059, -0.5148112292836284, -1.292962479667272], "H": [-0.34205563743877787, -1.5181468964944589, -0.1959276017605398, -0.1959276017605398, 0.1446109351871149, -0.21711690083047785, -0.28769797511618517, -0.13793565478285305, -0.28769797511618517, -1.5181468964944589], "S": [0.011210933555609566, -1.0099783655143284, -0.11788376282384809, 0.061903641791796915, -0.0856990794524468, -0.12348764034184664, -0.13491710212262845, 0.007054973784451881, 0.14838412658092115, -1.1068883785223849], "C": [-0.411913442674039, -0.7129434383380202, -0.08969414794011975, -0.013973434002001427, -0.11088344701005783, -0.11088344701005783, -0.265785406995801, -0.11088344701005783, -0.20779346001811425, -1.4119134426740387], "V": [-0.12247647437718304, 0.21924061005601447, -0.07132395192980173, -0.2795998943568842, -0.013332004952114963, 0.12497069321416654, 0.12497069321416654, 0.05361478467849823, -0.05775114474052786, 0.8096710120311797], "N": [0.010372673668668357, -0.7492951710209621, 0.028856079362681492, 0.22842843426788562, 0.11846685362923849, 0.0008273557624379679, 0.03781092201560793, 0.13294467699786133, 0.11104283555003151, -1.6523851580129054], "P": [-0.7678327688073031, -1.8817761211141397, -0.17420594501620357, 0.15961656404408509, -0.3254736203468526, -0.006714857722439918, 0.17130232236927978, -0.11092410947199569, -0.29071151408764073, -1.8817761211141397], "Q": [-0.4019677871652498, -0.11008117094113842, -0.5780590462209311, -0.20239543226004575, -0.1289665151015122, -0.18011903754889347, -0.6360509931986178, -0.31978103097789984, -0.1289665151015122, -1.7821790288768558], "T": [0.06852848955776832, -0.024695833873325013, -0.21319635091082628, -0.043445269886164, -0.024695833873325013, 0.02713580439954333, -0.024695833873325013, -0.006722462861424091, 0.1693687961942571, 0.05346474312189245], "I": [0.20897661947475527, 0.48546367406121055, 0.26277245185883386, 0.03526506216442873, 0.24557042175121158, 0.3362950578284099, 0.4540552098095864, 0.10726772358493021, 0.0760100298544881, 0.5943275008387723], "E": [-0.2949537728882776, -1.6373764537104836, -0.4612851946548026, 0.16539727158149173, -0.1460147598762112, -0.17497845581152788, -0.40692753233221, -0.1530766143636981, -0.06917472964348893, -1.6373764537104836], "D": [-0.3522880680055988, -1.7836518321645862, -0.3364938008223669, 0.2732530191718864, 0.02926152447826944, -0.012799820522441902, -0.14019915567839872, -0.252172915122331, -0.3065305774449236, -1.7836518321645862], "A": [0.03996621843371522, -0.2524636054683484, 0.07338997392066489, 0.0037540457792704356, -0.16764209206803088, -0.062406690275843356, -0.3918320574992898, 0.1333879035959503, 0.00844916698765029, 0.19530225589877703], "Y": [0.3028421173223549, -1.5947849739680864, 0.5323198243967211, -0.14762694262586729, -0.02658324990109151, 0.048667702518100896, -0.03848247320079921, -0.10342328013381376, 0.26254752246318197, -1.2937549783041051]}