{"L": [-0.03677649002821465, 0.15905882722322362, 0.12563507173627397, -0.012233548950688813, 0.045758398026997944, -0.06278992239313269, 0.10060706603434293, -0.03175568865316387, 0.07404803751487496, -0.5088769433728263], "G": [-0.1868787150356472, -0.885848719371666, -0.3118174516439472, -0.08136853026567327, -0.17615484964387418, -0.08136853026567327, -0.15547025078402307, -0.46671941162969033, -0.08136853026567327, -1.7889387063636095], "K": [0.3270170813403784, -0.5981230463946393, 0.16154479829499124, 0.09354771919988003, 0.02166571189375469, -0.033851615956076664, 0.06305839705197969, -0.08623968541576489, -0.014546460760690029, 0.8305515792535667], "M": [0.17985646581220166, 0.5064405659485709, 0.3856183955351032, 0.15270421976858686, 0.10850055727653342, -0.01643817933176655, 0.1664925042542202, 0.3047952024205016, 0.0927062900933015, -1.3386574740656856], "F": [0.038964504577206335, 0.4182223002814897, 0.26536088194428337, 0.14937698798890983, 0.39367935920396385, 0.20736893496659659, 0.2852557106612226, 0.3676659268390459, 0.2852557106612226, -0.7626678416559601], "R": [0.2469493719051827, -0.8411867167953685, -0.054080623758798456, -0.22576276390942468, -0.036706527689375754, -0.02827336015251302, 0.011598151885179249, -0.054080623758798456, 0.01915128977562513, 0.888180588397412], "W": [-0.3129493911277053, -0.2549574441500185, 0.046072551513962695, -0.15804743114196218, -0.011919395463724128, 0.16417186359195712, -0.2549574441500185, -0.2549574441500185, 0.12070616981086679, -1.158047431141962], "H": [-0.10447824701632011, -0.7811718566411866, -0.237103812290911, 0.04813191618983828, -0.003020606257543071, -0.08220185230516784, -0.12795934286584296, -0.04080916714694286, -0.0610125532352298, 0.2602208285170383], "S": [0.12493668301098151, 0.18939467223790007, 0.01142740818346348, -0.042554404282782045, -0.19382207961343118, 0.0644559356296001, -0.06888334300513119, 0.038750535394698235, -0.07572276753543676, -1.8750633169890183], "C": [-0.07287841149280419, -0.13087035847049092, 0.06542428667347724, -0.07287841149280419, 0.15436537001025835, 0.15436537001025835, -0.19781714810110415, 0.24151554572915845, -0.1630550418418922, -1.2769983941487288], "V": [0.056642236640180504, 0.3287085363688451, -0.07299162117649932, -0.1675477287910784, 0.056642236640180504, 0.07043052112581383, -0.036779448522054566, 0.145064139422718, -0.13368946153011096, -0.8906514128438165], "N": [0.014008807554659466, -0.9154101181596332, 0.17272597054091798, 0.1814998948484231, 0.03883239127969164, 0.2307179175186047, 0.2384047461848957, 0.07359449753890353, 0.32762793052666117, -1.5174701094875953], "P": [-0.9017630325745729, -1.1448010812608673, -0.36664983087722386, 0.009013783083661495, -0.10340839610264245, -0.4044383917666236, -0.11339261700924332, -0.5707698135331486, -0.14480108126086744, -1.7468610725888296], "Q": [-0.21590021619255845, -0.04520398902358341, -0.07906225628455085, -0.15590228651727311, -0.34623398468756456, -0.24932397167950823, -0.3048412995293396, -0.32504468561762656, -0.3048412995293396, -1.6472639803515456], "T": [0.02238885949584705, 0.2717980906380819, -0.059797896691503025, -0.07828130238551617, -0.2225251941892027, 0.07850480147477844, -0.016763264466301192, 0.0978099566701651, 0.05830141538649139, -1.74103913406709], "I": [0.1557022873211159, 0.36712150871854016, 0.2540819954099479, 0.19103024966285898, 0.3579781292786704, 0.34389166800006526, 0.2599115390706718, 0.2713410008514536, 0.056948133614689235, -0.6151497243210281], "E": [-0.5247377998963261, -1.0253401504655115, -0.3721276366901677, -0.13139354291343755, -0.1600387243629676, -0.25942335649887943, -0.23528967678216012, -0.24718890008186775, -0.13139354291343755, -1.803491400849155], "D": [-0.15737508980500342, -1.648736783639276, -0.32651748890535676, 0.136593051371491, -0.15737508980500342, -0.15737508980500342, -0.03595292691954062, -0.1302228437613886, -0.11725786659702091, -1.648736783639276], "A": [0.0613719921315071, 0.007390179665261619, -0.12614872870495591, 0.01997930697328205, -0.10084286344018566, -0.24533513642416455, -0.19165027746138813, -0.07693070603477425, -0.17190621926563104, -1.8251187330409746], "Y": [-0.07965868373117042, 0.045280052877129585, 0.152913931276959, 0.11991367117403373, 0.2028879062387976, 0.22137131193281076, 0.152913931276959, 0.22137131193281076, 0.2561334181920227, 0.4695490002715162]}