{"L": [-0.3529233605809498, -0.6217686728735297, 0.22332936714072696, -0.15865813259668204, 0.02449498094648603, 0.07304537169133128, 0.08539581007776051, 0.07720133146248899, 0.02449498094648603, 0.6687958891122865], "G": [0.32470809797547184, -0.9835004823156326, -0.43943243796535697, 0.255381606599504, 0.2339834618982736, 0.05126162394357919, 0.1877382739456364, -0.2992537348003202, 0.345558236948592, -1.1595917413713137], "K": [0.3585828529839868, -1.1728960640582682, -0.4195683973996568, 0.08237644104503768, -0.20285928743571155, 0.02208053915778674, -0.18761932087897465, -0.4739260597222495, -0.13150337890004324, -1.3489873231139493], "M": [0.010848794332566863, -1.0103405047373712, 0.332082176084835, -0.46627246038709563, -0.10725051774542772, -0.13527924134567118, -0.05609799529804643, -0.0809215790230785, -0.16524246472311446, 0.6524173269442027], "F": [-0.17110943755306424, -0.3674040826970325, 0.6004112339315661, -0.09855877040445248, 0.00498182150261703, -0.036410863655608035, -0.05113412047631433, 0.0662514782415397, 0.04277038239201679, 0.7874978772887106], "R": [0.3399151212134937, 1.1397391602599036, -0.6378084840753538, -0.2698316987807596, -0.5708616944447407, -0.3190497214509412, -0.46171722501967266, -0.512869747467054, -0.018019725786960032, -1.0180197257869599], "W": [-0.8297304618136476, -0.6536392027579663, 0.3606012363566439, -0.05157921143000397, -0.5287004661496664, -0.28566241746337195, -0.43179045314161, -0.28566241746337195, -1.1307604574776287, -0.5287004661496664], "H": [0.29726763947052787, -1.3559448743048155, 0.05902847366600222, -0.17985361524913446, -0.3559448743048157, -0.10067236920150965, -0.17985361524913446, -0.17985361524913446, -0.12549595292654175, -0.8788236195851532], "S": [0.11126504899640847, -0.847776343324685, -0.3426263650047791, 0.0443182593657953, -0.07692433168254088, -0.08434834976174775, -0.185018511643111, -0.00892725258742976, 0.18160743436052454, -1.2457163519967227], "C": [-1.2497114204843955, -0.9486814248204145, -0.4715601701007521, -0.6476514291564333, -0.9486814248204145, -0.7725901657647332, -0.9486814248204145, -0.6476514291564333, -0.5507414161483768, -0.9486814248204145], "V": [-0.14026075512674505, -1.2313412244740773, 0.07686735581702701, -0.45318997409043393, 0.062389532448404214, 0.1110814563481287, 0.0839292103045138, 0.17802824597874187, -0.2033125008738341, -0.036364621258022575], "N": [-0.5870931488313188, -0.7912131314872435, 0.13306615457463816, -0.027785137924306196, 0.053884908527013296, -0.09224312715122476, 0.10088147120323689, 0.273244857739675, 0.23409273377752665, -1.0130618811035998], "P": [-0.9414228485408528, -0.5734460632462586, -0.5734460632462586, 0.16691662624798534, 0.23466841051482834, 0.08660587505939056, 0.21492435231907114, -0.08610564334491001, -0.7653315894851717, -1.4185441032605153], "Q": [0.04278082499436159, -0.11482702836730653, -0.3647045015839064, 0.15087500495493167, 0.06126423068837475, 0.07899299764880628, 0.07899299764880628, 0.20609779601361394, 0.12038568280703131, -0.5785843215289874], "T": [-0.352024324385164, -0.8106621734108133, -0.2513541625038007, -0.2987788124319389, -0.2665941290605377, 0.026610529091486947, -0.16968411605248127, 0.11875675230347944, 0.06439908998088675, -1.1116921690747943], "I": [-0.031560249889407664, -0.9858027593287325, 0.3312153417193789, -0.20765150894508888, 0.06534976311864876, 0.21831722332719222, 0.298627974515787, 0.19028849972694875, -0.3837427680007701, 0.16032527634950547], "E": [-0.5209319220815156, -0.8731144401928781, -0.8731144401928781, 0.11589017550565868, 0.12688555980712182, 0.036708929458033786, 0.023136122268759933, 0.15829402405874599, 0.029975546799065434, -1.7762044271848216], "D": [-1.3204198143109613, -1.14432855525528, -0.04166621335813256, 0.3955835293238376, 0.16388002503582427, 0.012018645604643762, -0.0773817656246671, -0.27902712915273653, -0.17429177863272358, -1.6214498099749426], "A": [0.24749121941001598, -0.7564390742184163, -0.10763567934812775, -0.049643732370441014, -0.08182841574184221, 0.001508790076940313, -0.20676715235014217, 0.001508790076940313, -0.041956903704150034, -0.7186505133290164], "Y": [0.08593098809944438, -0.391190266620218, 0.4186753969406321, -0.15382935082561408, -0.07085511576085027, -0.3534017057308182, 0.11148509257183253, -0.13155295611446194, -0.1103636570445238, -0.2021340304001691]}