{"L": [-0.15962959861556222, -0.3665011922622658, 0.05577139445005146, -0.23426321691246643, -0.13303183012176747, -0.007019435409403917, -0.11204733863963984, 0.061303883050012574, 0.16584285351607883, 0.32951441644969937], "G": [-0.38681524492924224, -1.4778957142765747, -0.27377573162065, -0.12250805629000096, 0.07028889626853292, 0.11316889274992435, 0.1942021436591426, -0.5570769603241996, -0.34223311227650177, -1.6539869733322559], "K": [0.15225263952265816, -1.3662613003552293, -0.16214131769930454, -0.044042005621310026, -0.1109887952519232, -0.18062472339331764, -0.004533464337636476, -0.2751808310078967, -0.023838619533023065, -1.8433825550748917], "M": [0.15802209498326059, -0.013374042864040814, 0.3465226120207618, -0.1245244949867074, -0.013374042864040814, 0.01377820317957405, 0.0634659873686816, -0.027614481978651042, -0.1245244949867074, -0.24946323159500733], "F": [0.13195173606502383, 0.5336518936103682, 0.2708262506166163, -0.1271137580554213, 0.000672821425704843, 0.07843248033853557, 0.3423206679979501, 0.28432872102026335, 0.2708262506166163, 1.172198524827841], "R": [0.15783089532622188, -1.4332337117002771, -0.4479569685209837, -0.35405246565265247, -0.15448011074744833, -0.19435162278514057, -0.06525692640568294, -0.4052049881000338, -0.04112324668896355, -1.9103549664199397], "W": [-0.42103570678264624, 0.8342367983206598, -0.023095698110608655, -0.2827330086163647, -0.023095698110608655, 0.15299556094507255, -0.0936767723963159, 0.16723600005968284, -0.3698831843352649, 0.653597911514258], "H": [-0.2068874297795705, -0.8503401062657578, -0.15137010192973907, -0.04416013228187076, -0.030796170723889224, -0.16909886889017067, 0.08415834497780986, 0.22884113978186688, 0.14965989373424213, -1.5493101106017766], "S": [-0.003715081681022429, -0.5359916013017402, -0.04991550392915124, -0.1273277272379294, -0.03682020583900351, -0.041141579621646066, -0.20863266691540974, -0.20863266691540974, -0.1220634872455721, -1.7401115839576649], "C": [-0.3291333044745198, -0.7441066524453378, -0.3291333044745198, -0.4016839716231316, -0.4016839716231316, -0.4888341473420317, -0.6649254063977129, -0.5979786167670997, -0.2969486211031186, -1.4430766567813564], "V": [0.3792056517570265, -0.7257364564350197, -0.16943395566773248, -0.11649788047993395, 0.14349526329595638, 0.02245157057118064, -0.026766452099000977, 0.1663581462554606, 0.11520562380807935, -0.623074114537872], "N": [-0.07076451540048787, -1.6835483721202231, 0.2140787191702181, 0.12263160186366381, 0.11579217733335838, 0.14896054058601302, 0.0798796214427139, 0.19726522016056802, 0.09460287826342029, -1.6835483721202231], "P": [-0.16475130821525713, -0.6341857342686285, 0.268904252723315, 0.43924318288990494, 0.20433196043430668, 0.13238364356519988, 0.17342049545329072, 0.15894267208466784, -0.3447376111544625, -1.9129393352214572], "Q": [-0.190092952586273, -0.5345886420313445, -0.169889566497986, -0.05746738731168206, -0.14124438504845607, -0.035190992600529845, 0.025506847753081804, 0.061719020407526595, -0.08094848316120494, -1.8133422429841732], "T": [-0.09420404005686228, -0.7609893610214798, -0.009490305409276475, -0.037885676968741656, 0.0706062085891299, 0.0751538363398505, -0.04379453657926199, 0.02230152901457487, 0.36239554751819836, -1.1289661463160743], "I": [0.29065402035246946, -0.7398353017954308, 0.2718504565297638, -0.15797869655575542, 0.08800373277732029, 0.22309338682898666, 0.105262738218826, 0.11639910433678553, -0.03303995994745553, 0.3617868133004392], "E": [-0.30681183180020866, -1.2705996591457638, -0.6473503687478633, 0.17030942291945378, -0.08875607120099131, -0.17717797398352883, -0.20614166991884544, 0.05161963558815535, -0.150025727939914, -1.191418413098139], "D": [-0.3376937915522413, -1.8148150462719035, -0.20203118955216826, 0.3946999682707272, 0.0828120450185377, -0.12461896624339007, -0.0589401905994123, -0.1427171883361863, -0.38345128211291635, -1.2127550549439412], "A": [-0.10470627050112052, -0.9120157496259774, 0.025836343625177973, -0.12196527594262617, -0.02740916832804712, -0.018069142073903754, -0.14609895565934555, -0.09356990438316093, -0.3190991377378849, -1.2130457452899586], "Y": [0.3330932042456895, 1.285741970678457, 0.28786566430831256, -0.14882693335574165, -0.03488358104890492, -0.023888196747441734, 0.017504488410783312, 0.02726432569993956, 0.26614641461507627, -0.3037288933414848]}