{"L": [0.22500817632750886, 0.3751637012887904, 0.153314951672434, -0.03980964668202755, -0.0760218193364723, -0.057538413642459124, 0.08076428452382234, -0.0760218193364723, -0.1589960544012362, 0.8432837118936624], "G": [-0.7782921657262298, -0.7782921657262298, -0.3011709110065675, -0.4103153804316355, 0.06680587428802685, -0.25541342044589244, -0.14147006813905563, 0.22170783427377008, -0.25541342044589244, -1.2554134204458922], "K": [-0.36562775614090315, 0.06034097613137792, 0.5374622308510403, 0.3333422481951156, 0.5189788251570271, 0.4794702838733536, -0.14377900652454684, -0.10238632136632177, -0.8427490108605656, -1.1437790065245468], "M": [0.42531673323030533, 0.6719890665716939, 0.592807820524069, 0.23626049701025648, 0.09795779884397501, -0.20307219682000616, -0.026980937764324902, -0.20307219682000616, -0.20307219682000616, 0.30881116415886817], "F": [0.5609079179451083, -0.1621957661076297, 0.13883422955635147, -0.1621957661076297, 0.1687974529337947, 0.2231551152563874, 0.03409887903633846, -0.05305129668256164, -0.10420381912994296, 0.13883422955635147], "R": [-0.006631435213670102, 0.1316712629526113, 0.4327012586165925, 0.20422193010122308, 0.4327012586165925, 0.3207274991726603, 0.18718859080244274, -0.5117814135335761, -0.25650890843026997, -1.2107514178695948], "W": [0.27856784176769867, -0.6245221452242449, 0.15362910515939876, 0.375477854775755, -0.6245221452242449, 0.07444785911177387, -0.3234921495602637, 0.22057589479001188, -0.3234921495602637, -0.6245221452242449], "H": [0.15029343794856811, -0.8497065620514317, -0.07155531166778813, -0.07155531166778813, 0.1045359473878931, 0.1045359473878931, 0.1045359473878931, -0.004608522037174968, -0.5486765663874505, -0.8497065620514317], "S": [-0.019318736337381865, -0.1954099953930631, -0.4384480440793575, -0.1954099953930631, -0.1954099953930631, 0.05640197760073641, 0.03867321064030487, -0.019318736337381865, 0.4780059044705675, -1.04050803540732], "C": [-0.2663518535113492, -0.4424431125670305, -0.7434731082310118, -0.14141311690304936, -0.04450310389499296, -0.04450310389499296, 0.03467814215263195, 0.10162493178324505, -0.14141311690304936, -0.7434731082310118], "V": [-0.08828081463351933, -0.29913417994841246, -0.7251029122206936, -0.29913417994841246, -0.20222416694035614, -0.056096131262118064, 0.1401985138818501, 0.3418438774099195, 0.1401985138818501, 0.09880582872362503], "N": [-0.13884678355562158, -0.5068235688502158, -0.381884832241916, 0.09523642247774641, -0.13884678355562158, -0.13884678355562158, 0.05744786158834662, -0.08085483657793481, -0.20579357318623476, -0.9839448235698783], "P": [-0.9123057910071314, 0.2637854680485498, -0.73621453195145, -0.03724452761543134, -0.310245799679169, -0.310245799679169, -0.17194310151288755, -0.25909327723178777, -0.009215804015187842, -1.2133357866711125], "Q": [-0.41476869009780976, -0.0723460092756035, 0.20848060030009072, 0.11671022694444534, -0.11373869443382859, -0.0723460092756035, -0.41476869009780976, -0.11373869443382859, -0.11373869443382859, -1.1137386944338283], "T": [-0.09357049584253622, -0.36241580813511615, -0.5085438438133543, -0.0033938654934481897, -0.061385812471134976, 0.047758656953933123, -0.061385812471134976, -0.031422589093691715, -0.061385812471134976, -1.207513848149373], "I": [0.24059485633060826, -0.0024431923556861492, 0.12249554425261373, 0.09446682065237026, -0.30347318801966733, 0.09446682065237026, 0.2801033976142818, 0.19712916254951798, 0.4498544786389441, 0.12249554425261373], "E": [-0.0938748558757565, -0.26996611493143774, -0.7928448602117752, -0.15602276262460105, -0.014693609828131707, -0.3668761279394942, -0.3668761279394942, -0.26996611493143774, -0.2285734297732127, -1.2699661149314376], "D": [-0.270113457707302, -0.8141815020575776, -0.5131515063935963, -0.0012681454147220495, -0.41624149338554, -0.6380902430018963, -0.16096898828223385, -0.41624149338554, -0.3370602473379151, -1.1152114977215588], "A": [-0.38850346013131387, 0.13977031703572984, -0.38850346013131387, -0.012839846170428501, -0.25020076196503244, -0.33735093768393254, 0.07013438889433538, 0.17080455077569862, 0.07013438889433538, -0.11550218806757621], "Y": [0.2777753431308656, -0.32428464819709674, -0.02325465253311558, -0.1481933891414155, -0.9263446395250591, -0.1481933891414155, 0.027897869914265697, 0.07365536047494077, -0.1481933891414155, -0.9263446395250591]}