{"L": [0.22792380479487231, -1.1522874369167335, -0.0383440846098969, -0.4533174325807148, -0.006159401238495654, 0.14874255874724757, 0.10298506818657238, -0.37413618653309, -0.8512574412527524, -1.1522874369167335], "G": [-0.6689212063445796, -0.9699512020085608, -0.6689212063445796, 0.2853213030947451, 0.35226809272535836, 0.07144148314966413, 0.1761768336696771, -0.3678912106805985, -0.4928299472888984, -0.9699512020085608], "K": [-0.25625679675925295, -0.8583167880872153, 0.14168321191278468, 0.04477319890472821, -0.1593467837511965, -0.013218748072958576, -0.1593467837511965, -0.8583167880872153, -0.3811955333675529, -0.8583167880872153], "M": [0.08239002161732531, -0.5196699697106371, -0.5196699697106371, -0.21863997404665586, -0.5196699697106371, -0.5196699697106371, -0.5196699697106371, -0.5196699697106371, -0.5196699697106371, -0.5196699697106371], "F": [-0.11977159635659268, -0.721831587684555, 0.12326645232970172, -0.721831587684555, -0.11977159635659268, -0.11977159635659268, 0.056319662699088564, -0.4208015920205738, -0.721831587684555, -0.721831587684555], "R": [0.1538920466153614, -0.9252891994322634, 0.07471080056773664, -0.2263191950962445, -0.6242592037682821, -0.08019115941800656, -0.32322920810430095, -0.32322920810430095, -0.6242592037682821, -0.9252891994322634], "W": [-0.3390599267869134, -0.3390599267869134, 0.35991007754910537, 0.26300006454104896, -0.03802993112293221, 0.13806132793274903, -0.3390599267869134, -0.03802993112293221, -0.3390599267869134, -0.3390599267869134], "H": [0.4357556563858997, -0.5642443436141001, 0.28085369640015645, 0.13472566072191852, 0.0378156477138621, 0.13472566072191852, 0.13472566072191852, 0.5149369024335244, -0.5642443436141001, -0.5642443436141001], "S": [0.22267778831885923, -1.0560758126339695, 0.09005222304426831, -0.01468312747574467, -0.21097777261971284, -0.056075812633969636, -0.3571058082979508, -0.7550458169699884, 0.5002266881333176, -1.0560758126339695], "C": [-0.4580108897936802, -0.4580108897936802, -0.4580108897936802, -0.4580108897936802, -0.4580108897936802, -0.4580108897936802, -0.4580108897936802, 0.14404910153428213, -0.4580108897936802, -0.4580108897936802], "V": [0.1624192975446002, -0.9167619485030245, 0.03748056093630023, -0.3147019571750622, -0.07166390848876779, 0.03748056093630023, 0.12463073665520037, 0.4811780601690129, 0.3385105566002814, 0.3619916524498043], "N": [-0.0964226138045845, -0.6984826051325468, 0.20460738185939667, -0.39745260946856564, -0.22136135041288452, 0.07966864525109667, 0.00048739920347189684, 0.30151739486745305, -0.22136135041288452, -0.6984826051325468], "P": [-0.9278735682337811, 1.2151412320203139, -0.9278735682337811, 0.4870997797370369, 0.3731564274302, 0.27624641442214365, 0.3508800327190478, 0.4700664404382564, -0.2289035638977623, -0.9278735682337811], "Q": [-0.5272464803325159, -0.828276475996497, -0.05012522561285347, 0.016821564017759756, -0.3511552212768347, -0.12930647166047823, -0.05012522561285347, -0.828276475996497, -0.3511552212768347, -0.828276475996497], "T": [-0.018961642720097874, -0.9220516297120415, -0.2230816253760226, -0.2230816253760226, 0.07794837028795852, 0.032190879727283364, 0.15712961633558328, 0.11934105544618354, 0.2540396293436397, -0.9220516297120415], "I": [0.10692776702596406, -0.7961622199659795, 0.24523046519224548, -0.7961622199659795, 0.15808028947334535, 0.15808028947334535, 0.2038377800340205, 0.48259138098684934, -0.4951322243019982, -0.7961622199659795], "E": [-0.9845038964941062, -0.9845038964941062, -0.9845038964941062, 0.24594502488416756, -0.5073826417744438, -0.28553389215808744, -0.5073826417744438, -0.9845038964941062, 0.015496103505893697, -0.9845038964941062], "D": [-0.8297492792842273, -0.8297492792842273, -0.8297492792842273, -0.22768928795626492, -0.22768928795626492, -0.528719283620246, -0.3526280245645649, -0.8297492792842273, -0.8297492792842273, -0.8297492792842273], "A": [0.4252325354730613, -0.7051012330219447, 0.39180877998611163, 0.139996806992312, 0.27262237226690295, -0.051888719246601114, 0.139996806992312, -0.051888719246601114, 0.5736523679308841, 1.0657507786201994], "Y": [-0.3398524254237465, -0.6408824210877276, 0.20421561892652912, -0.16376116636806523, -0.16376116636806523, -0.16376116636806523, -0.6408824210877276, -0.16376116636806523, -0.6408824210877276, -0.6408824210877276]}