{"L": [-0.3969160277481359, -1.3263349534624285, -0.12221497080650383, -0.3969160277481359, -0.1649669512274537, -0.047581352509599696, 0.2864489032573069, 0.01608772735977763, -0.12221497080650383, -0.02530495779844739], "G": [0.2709746294165621, -1.445028714218237, -0.445028714218237, 0.13475488239857306, 0.2081837995571066, 0.2873650456047314, 0.1570312771097254, -0.40363602906001195, -0.5419387272262934, -1.445028714218237], "K": [0.2106737440533841, -1.0323643046329103, -0.5552430499132478, -0.25421305424926666, 0.009028380525314789, 0.04681694141471449, 0.06454570837514609, -0.12927431764096675, 0.23480742377010347, -1.3333943002968915], "M": [-0.2957774775842943, -0.994747481920313, 0.15138055375792484, -0.5176262272006507, -0.994747481920313, 0.0052525180796868486, 0.04664520323791183, -0.2957774775842943, -0.21659623153666951, -0.21659623153666951], "F": [0.25024893144798793, -1.196909099894231, 0.43655935568535525, -0.020817840838550015, 0.3216048399836562, 0.2944525939400414, 0.39415550713226793, -0.19690909989423114, -0.08296574758739444, 0.05836340520907478], "R": [0.25284580213340413, -1.4003667116419394, -0.6222154612582959, -0.4003667116419395, -0.28642335933510277, -0.02015546993033349, -0.4003667116419395, -0.28642335933510277, -0.12161311068911061, -1.4003667116419394], "W": [0.0309606010176673, -0.8141374389965895, -0.035986188612945946, -0.8141374389965895, -0.5131074433326084, -0.8141374389965895, -0.2120774476686272, -0.8141374389965895, -0.8141374389965895, -0.8141374389965895], "H": [-0.3403518514877576, -1.0393218558237765, 0.10680617985446153, -0.562200601104114, -0.26117060544013276, -0.08507934638445161, -0.08507934638445161, -0.08507934638445161, 0.039859390223848386, -1.0393218558237765], "S": [-0.0839952935014266, -1.2301233291796647, -0.576910815404321, -0.13321331617160823, -0.06875532694468972, 0.0709066664843166, -0.05403207012398338, 0.0709066664843166, 0.09209596555425467, -1.5311533248436457], "C": [-0.9330884020033563, -0.9330884020033563, -0.9330884020033563, -0.9330884020033563, -0.9330884020033563, -0.9330884020033563, -0.9330884020033563, -0.9330884020033563, -0.9330884020033563, -0.9330884020033563], "V": [0.03952430344628656, -1.3918394607127005, -0.011628219001094732, -0.18771947805677597, -0.06962016597878148, -0.11308585975987184, 0.13963945632955432, 0.25161321577348666, 0.07055853718625534, 0.7511753395413943], "N": [-1.173560117342223, -0.6964388626225605, -0.13216743218399798, 0.20665112436938296, 0.3315898609776828, 0.16886256347998319, 0.0025311417134582003, 0.3178015764920496, 0.14865917739169623, -0.8725301216782418], "P": [-1.101921084779476, -1.402951080443457, -0.6247998300598135, 0.19910891088450508, 0.25980675123811675, -0.12419747949062833, -0.17250215906518335, -0.14767857534015125, -1.402951080443457, -1.101921084779476], "Q": [-0.0023239925421919896, -0.45825594819191634, -0.5252027378225296, 0.1737672665134892, -0.024600387253344277, -0.024600387253344277, 0.018865306527746043, 0.35940384347540083, 0.09458602046586441, -1.303353988206173], "T": [-0.09609914625773643, -1.3971291419217176, -0.28318578961488083, -0.2210378828660364, -0.09609914625773643, -0.016917900210111594, -0.07490984718779835, 0.09423255191255502, 0.5219489504543562, -0.6981591375856987], "I": [0.0711829486465506, -1.2712397321756557, 0.5676093585615997, -0.22984704701743056, -0.22984704701743056, -0.015967227072349613, 0.0711829486465506, 0.19115826572330039, -0.09514847311997439, 1.0254254580858753], "E": [-0.7606114043677635, 1.1446446443806875, 0.0028165891951736416, 0.37292750400245384, -0.06164140003174482, -0.34563805639694567, -0.31345337302554444, 0.0028165891951736416, 0.01753984601587995, -1.4595814087037824], "D": [-1.3048267914939033, -1.3048267914939033, 0.05690104452368944, 0.5212480112069229, 0.20032318682600248, -0.3048267914939034, -0.7027668001659411, -0.35058428205457853, -0.45972875147964665, -1.3048267914939033], "A": [0.41088586179487824, -1.1801787452316208, 0.1420405495022983, -0.11948090487800926, 0.050270176146653, 0.1420405495022983, -0.15898944616168284, 0.037305198982285355, -0.15898944616168284, -0.6361107008813452], "Y": [0.31540383086158347, -1.1159599332974037, 0.6693699017133632, -0.270861893283147, -0.416989928961385, -0.21286994630546022, -0.416989928961385, -0.5138999419694413, 0.24576790272018903, -0.33780868291376015]}