{"L": [-0.08591372124027041, -0.5118824535125515, -0.38694371690425156, -0.5118824535125515, -0.03476119879288907, -0.24864101873797015, -0.11394244484051388, 0.18708755082346729, -0.17609035158935843, 0.7706641364574164], "G": [-0.8066674733240411, -1.1076974689880223, -0.4087274646520036, 0.1475750361152836, 0.33946056235419675, 0.1710561319648065, 0.1227514523902515, -0.4087274646520036, -1.1076974689880223, -1.1076974689880223], "K": [-0.6950330594026957, -0.9960630550666769, -0.6950330594026957, -0.6950330594026957, -0.29709305073065806, -0.15096501505242008, -0.15096501505242008, -0.39400306373871447, -0.39400306373871447, -0.9960630550666769], "M": [0.7043115993274942, -0.6574162366900985, -0.1802949819704361, -0.3563862410261173, -0.1802949819704361, -0.6574162366900985, 0.2968262727492263, -0.1802949819704361, -0.6574162366900985, 0.7575571112807192], "F": [0.8646980149367723, -0.8595778546640165, 0.46264144006990265, -0.3824565999443541, 0.21960339138360824, -0.25751786333605414, 0.31651340439166464, -0.25751786333605414, -0.5585478590000353, 0.7532060020557187], "R": [-0.7620054707477436, -1.0630354664117247, -1.0630354664117247, -0.7620054707477436, -0.4609754750837624, -0.10879295697240003, -0.021642781253499884, -0.5859142116920624, -0.21793742639746805, -0.7620054707477436], "W": [0.12525379756158744, -0.4768061937663749, -0.4768061937663749, -0.17577619810239373, -0.4768061937663749, -0.4768061937663749, -0.4768061937663749, -0.4768061937663749, -0.4768061937663749, -0.4768061937663749], "H": [0.5532818945097442, -0.7019906105935617, -0.7019906105935617, -0.003020606257543071, -0.22486935587389942, 0.20109937639838174, -0.40096061492958057, 0.14310742942069493, -0.40096061492958057, -0.7019906105935617], "S": [-0.7167008248937686, -1.1938220796134311, -0.23957957017410628, 0.06145042548987487, -0.11464083356580634, 0.0366268417648427, -0.017730820557749914, -0.5917620882854687, 0.2685759182855248, -1.1938220796134311], "C": [-0.5957571567731417, -0.5957571567731417, -0.5957571567731417, -0.5957571567731417, -0.5957571567731417, -0.5957571567731417, -0.5957571567731417, -0.5957571567731417, -0.5957571567731417, -0.5957571567731417], "V": [-1.054508215482486, -0.15141822849054257, 0.3604651324883318, -0.5773869607628237, -0.013115530324261115, 0.05943513682435063, 0.024673030565138702, 0.12158304357319506, 0.3768555486765012, -0.35553821114646733], "N": [-0.13725886777598967, -0.8362288721120084, 0.008869167902248365, -0.13725886777598967, -0.13725886777598967, -0.13725886777598967, 0.008869167902248365, 0.11801363732731643, -0.359107617392346, -0.8362288721120084], "P": [-1.0656198352132427, 1.0449698750860061, 0.16482908616503122, 0.5254447718132566, 0.11047142384243859, 0.16482908616503122, -0.024227150055017597, 0.13850014744268208, 0.08050820046499532, -0.7645898395492614], "Q": [-0.9660227429759585, -0.6649927473119773, -0.1209247029617018, -0.1209247029617018, -0.011780233536633721, -0.1209247029617018, 0.03397725702404139, 0.21006851607972263, -0.2670527386399398, -0.9660227429759585], "T": [0.14432208596442173, -0.7587679010275218, -1.059797896691503, -0.3608278923554842, -0.15670790969955944, 0.11629336236417823, -0.01840521153327799, 0.24123209897247813, 0.3715658674674843, -1.059797896691503], "I": [0.29654043443283284, -0.933908486945441, 0.21221954873279694, -0.2349384826094222, 0.06609151305455899, -0.030818499953497457, 0.10748419821278404, 0.14527275910218382, -0.15575723656179732, -0.933908486945441], "E": [-0.3440989130899242, -1.1222501634735678, -0.008306811166731074, 0.2756898451984697, 0.15650343747926107, -0.043068917425943, 0.17877983219041332, 0.19996913126035143, 0.1330223416297382, -1.1222501634735678], "D": [-0.4903742915440263, -0.9674955462636887, 0.3335344494002923, 0.4796624850785303, 0.07389713889453621, 0.3335344494002923, 0.17863248941454912, -0.013253036824363976, -0.12239750624943203, -0.9674955462636887], "A": [-1.1438774956653872, 0.4471871113611117, 0.2363337460462185, 0.0022505400128505202, 0.0022505400128505202, 0.17834179906853173, -0.3657262452817438, 0.03221376339029378, 0.27109585230543043, -1.1438774956653872], "Y": [0.5830991479504035, -0.17656869673922682, 0.4254912945887355, -0.00047743768354554703, 0.12446129892475435, -0.47759869240320796, -0.47759869240320796, -0.3015074333475267, -0.17656869673922682, -0.7786286880671892]}