{"L": [-0.6194718853793213, 0.403593418689372, 0.1779845201997089, -0.3598345748735651, -0.16950287670327363, -0.11679652618727072, 0.04670560556038995, -0.02739611495795984, -0.3598345748735651, -0.18374331581788386], "G": [-0.27440835297344884, -0.70037708524573, -0.3324002999511356, 0.14472095476852684, 0.29962291475426994, 0.20271290174621356, 0.14472095476852684, -0.57543834863743, -0.15630904089545433, -1.4785283356293735], "K": [0.7823251909473518, -0.5887426713243845, -0.22076588602979008, -0.005166085690435176, -0.08814032075519912, 0.12446777212624467, -0.325501236549803, -0.25295056940119126, -0.16277393905210324, -0.5887426713243845], "M": [0.175872879324475, 0.22702540177185632, 0.175872879324475, -0.42618711200348736, -0.42618711200348736, -0.12515711633950616, -0.07400459389212485, 0.11788093234678823, -0.42618711200348736, -0.42618711200348736], "F": [-0.27616621186604284, -0.531438716969349, 0.760817354387127, -0.23040872130536777, 0.2609529725289049, -0.05431746224968656, 0.2009550428536195, 0.23198927659358823, -0.32731873431342423, 1.061847350051108], "R": [0.6733436365947922, -0.7348963287170572, -0.392473647894851, -0.47962382361375117, -0.20341741167480215, -0.15511273210024715, -0.01889298508225814, -0.43386633305307604, -0.11164703831915679, -0.8318063417251136], "W": [-0.06948581002408252, -0.8476370604077261, 0.1937556247504989, -0.5466070647437449, -0.14866705607170733, 0.15236293959227384, 0.8599331156902101, 0.1937556247504989, -0.24557706907976373, 1.0868613908358415], "H": [-0.11857896779558812, -1.072821477234913, -0.5957002225152507, 0.1032697818207682, 0.006359768812711734, 0.15762744414336094, 0.07330655844332494, 0.28890635878267984, -0.11857896779558812, -1.072821477234913], "S": [-0.07329125242050968, -0.2222302654325761, -0.2858993453019534, 0.015130650362027808, -0.2029251102371895, -0.07329125242050968, -0.2222302654325761, -0.13328918209579504, 0.3895895631845424, -1.5646529462547822], "C": [-0.9665880234144929, -0.9665880234144929, -0.9665880234144929, -0.9665880234144929, -0.9665880234144929, -0.12148998340023615, -0.9665880234144929, -0.6655580277505118, -0.9665880234144929, -0.9665880234144929], "V": [-0.3113957298170005, 0.4319934143074311, 0.006024682035149969, -0.17006657702053127, -0.01036573415301935, 0.15444451449297283, 0.13096341864344993, 0.3228489448823631, 0.17672090920412503, -0.6471878317401937], "N": [-0.7299384840336971, -0.5080897344173407, -0.0029397560974348974, 0.1353629420688466, -0.12787849270573484, -0.060931703075121614, 0.20791360921745833, -0.030968479697678394, -0.0029397560974348974, -1.2070597387533595], "P": [-0.737480697518575, -1.1354207061906125, -0.357269455806969, 0.4023983888826614, 0.15461390517190535, -0.05623946014298784, 0.08206323802329363, -0.005086937695606548, -0.357269455806969, -1.1354207061906125], "Q": [-0.7347936182893473, 0.4760597470255457, -0.4917555696030529, -0.132733626961385, -0.014634314883390495, -0.257672363569685, -0.257672363569685, 0.11030442172490942, -0.035823613953328635, -1.3368536096173096], "T": [-0.4306287633328542, 0.38891517220901445, -0.22650878067692948, -0.12959876766887304, -0.22650878067692948, 0.0007350008261331343, -0.06890092731526135, 0.10085015370940094, 0.4724612236590893, -0.8285687720048918], "I": [-0.049466848483486085, 0.28632525343970705, 0.2393286907634834, -0.5265881032031485, 0.07547188812481383, 0.33871332289939526, 0.11023399438402573, 0.14241867775542696, -0.4596413135725354, -0.025985752633963216], "E": [-1.0159597753952565, -0.5388385206755941, -1.0159597753952565, 0.16967680156665504, -0.0617172659559317, -0.262632108736645, -0.6479829901006621, -0.13135319409732613, 0.02543290976296843, -1.4930810301149189], "D": [-0.8612051581853775, -0.7362664215770776, -1.0372964172410588, 0.5005226778322153, 0.1387948418146224, -0.059572811952211084, -0.3840839034657151, -0.4352364259130964, -0.5601751625213964, -0.4932283728907831], "A": [-0.0997350143359207, -0.4007650099999019, 0.13850415146860492, -0.21367836664275747, 0.08735162902122368, 0.029359682043536967, -0.23595476135390972, -0.0675503309645195, 0.07635624471976053, -1.2136783666427573], "Y": [-0.37130830432489675, -0.547399563380578, 0.44160505231795877, -0.1952170452692155, 0.17275974002537886, -0.3043615146942835, -0.0033315190303023707, 0.3419021391257323, -0.10806686955031537, 0.7999304519363724]}