{"L": [0.10340921351129635, 0.6254271171184977, 0.12847161741386345, -0.00881755758086582, 0.15978568008226543, 0.08585957399489866, 0.17463480112118457, 0.09031391542114864, 0.10768801149057132, 0.4811048823035221], "G": [-0.12751131833667428, -1.7185759253631732, -0.18709700832091833, 0.005699944237615588, -0.028379845334659794, -0.07512324887698603, -0.25617792746421736, -0.27141789402095423, -0.095326634965273, -1.1165159340352109], "K": [0.1173343581589611, -1.606941511441828, 0.026526944137758596, -0.08842757156394043, -0.14454351354287187, -0.015876904415328758, -0.15978348009960866, -0.03873978737483293, 0.016307778956072525, -1.0048815201138654], "M": [0.1630690710937377, 0.645519159318467, 0.28800780770203765, 0.12964531560678796, 0.03273530259873157, -0.18911344701762478, 0.03273530259873157, 0.19410330483370647, -0.09220343400956843, 0.22306700076902308], "F": [0.38080203767990756, -1.4704563110391673, 0.2929716825237696, -0.008058313140211566, 0.2538195585616214, 0.23711386505876875, 0.349087624502701, 0.2538195585616214, 0.3357236629447195, -1.4704563110391673], "R": [-0.19679266806721354, -1.6739139227868758, -0.25894057481605787, -0.31218608676928306, -0.3728839271228947, -0.24255015862788856, -0.22675589144465674, -0.25894057481605787, -0.1825522289526032, -1.1967926680672134], "W": [-0.08768465014152595, -1.087684650141526, -0.18459466314958237, 0.05844338553671201, 0.1427642712367479, -0.08768465014152595, -0.24258661012726915, 0.2133453455224552, -0.1334421407022011, -1.087684650141526], "H": [-0.4097790799767692, -1.3128690669687126, -0.16674103129047485, -0.23368782092108806, -0.27147638181048783, -0.27147638181048783, -0.10874908431278807, -0.27147638181048783, -0.46777102695445605, -1.3128690669687126], "S": [-0.019370700977815212, -0.8047005359885822, -0.019370700977815212, 0.1195787500732994, -0.02654928560493864, -0.005359986535000547, -0.019370700977815212, -0.04882568031609078, 0.10911331639513448, -0.9596024959743252], "C": [-0.2523931037089679, -0.4284843627646492, 0.048636891955013244, 0.13578706767391344, 0.023813308229981095, 0.07211798780453615, 0.023813308229981095, 0.07211798780453615, -0.03054435409261161, -1.2066356131482927], "V": [-0.0526028151379017, 0.2377033151343064, 0.04218350424029914, -0.1602366935377312, -0.021933995371449716, 0.1199431631531298, -0.06332668052967477, -0.002628840176063114, -0.012174158082293489, 0.677036008964569], "N": [0.16567652823257598, -0.40571464332893437, 0.08437158855509563, 0.39174176225009577, 0.16567652823257598, 0.09696071586311619, 0.224990529448558, 0.12109439557983548, 0.10919517228012778, -1.4471073284871594], "P": [-0.5004070325327125, -1.6764982915883935, -0.10829656752139866, -0.19937703686873126, -0.4212257864850875, -0.29628704987678767, -0.3147704555708008, -0.06371443486865822, -0.21410029368943762, -1.6764982915883935], "Q": [-0.2981475983982807, -0.14553743519212234, -0.3727812166951848, -0.21517336333351672, -0.23447851852890333, -0.3464522779728357, -0.40080994029542844, -0.49771995330348473, -0.3727812166951848, -1.5769011993511095], "T": [-0.11437385229936677, 0.16183255963958224, -0.20827835516769802, -0.05789249634691857, 0.036893823031282295, 0.04532699056814512, -0.027223676580466583, -0.11437385229936677, -0.027223676580466583, 0.12866419638692764], "I": [0.35284014796984936, 0.548634741841643, 0.34170378185188977, 0.20340108368560836, 0.24760474617766182, 0.33027432007110796, 0.4190008840249632, 0.2545536061329896, 0.15418306101542673, 0.6427337775158709], "E": [-0.2560073651290564, -1.7331286198487186, -0.3017648556897315, -0.0429325398202052, -0.12034476312898333, -0.12034476312898333, -0.17682611908143156, -0.03415861551270011, -0.13106862852075646, -1.7331286198487186], "D": [-0.19816276092723384, -1.5783740026388398, -0.08701230880456717, 0.12059600169717886, 0.18505399092409738, -0.05986006276095241, 0.05509445294074659, -0.03430595828856423, -0.25615470790492056, -1.5783740026388398], "A": [-0.05578594770451976, -0.06455987201202489, -0.14197209532080304, -0.07351471466495135, -0.1865542279735435, -0.10154343826519482, -0.21068790769026285, 0.0445845974130431, -0.014393262546294756, 0.07131885066028794], "Y": [0.3264961991924589, -1.3895071444423401, 0.2917340929332469, 0.00843286422969733, 0.10185454939193245, 0.21255284688562212, 0.08761411027732213, 0.1545608999079354, 0.3180630316555961, -1.3895071444423401]}