{"L": [-0.9867708267999219, -0.6857408311359408, 0.2436780945783518, -0.3847108354719596, 0.09241041924770278, -0.2086195764162784, -0.14167278678566522, 0.09241041924770278, -0.3847108354719596, 0.49035042791974043], "G": [-0.8044345918917493, -0.8044345918917493, -0.5034045962277681, -0.32731333717208677, 0.23695809326647574, -0.32731333717208677, 0.23695809326647574, -0.5034045962277681, 0.14980791754757558, -0.8044345918917493], "K": [-0.3917701823064225, -0.6928001779704036, -0.6928001779704036, -0.21567892325074126, 0.00616982636561509, -0.3917701823064225, 0.08535107241323991, -0.6928001779704036, -0.3917701823064225, -0.6928001779704036], "M": [0.24790663173413696, -0.3541533595938254, 0.12296789512583704, 0.12296789512583704, -0.3541533595938254, -0.3541533595938254, -0.3541533595938254, 0.4909446804204313, 0.12296789512583704, 0.24790663173413696], "F": [0.44368502243225644, -0.5563149775677435, 0.5576283747390933, 0.1426550267682753, 0.22183627281590015, 0.2887830624465133, 0.5898130581104944, 0.0457450137602189, 0.34677500942420003, -0.5563149775677435], "R": [-0.7597725893154517, -0.7597725893154517, -0.7597725893154517, -0.15771259798748935, -0.45874259365147046, -0.2826513345957893, -0.45874259365147046, -0.7597725893154517, -0.45874259365147046, -0.7597725893154517], "W": [-0.17354331667010178, -0.17354331667010178, 0.12748667899387936, -0.17354331667010178, -0.17354331667010178, -0.17354331667010178, -0.17354331667010178, -0.17354331667010178, 0.12748667899387936, -0.17354331667010178], "H": [0.20333225783067366, -0.3987277334972887, -0.3987277334972887, -0.3987277334972887, -0.3987277334972887, 0.20333225783067366, 0.07839352122237378, -0.3987277334972887, -0.0976977378333075, -0.3987277334972887], "S": [-0.2884992111891956, -0.2884992111891956, -0.19158919818113926, -0.11240795213351437, -0.19158919818113926, 0.2855320565385232, -0.2884992111891956, 0.06368330692216685, 0.18862204353046683, -0.8905592025171579], "C": [-0.29249427967686853, -0.29249427967686853, -0.29249427967686853, -0.29249427967686853, -0.29249427967686853, -0.29249427967686853, -0.29249427967686853, -0.29249427967686853, -0.29249427967686853, -0.29249427967686853], "V": [-0.14918534705825062, 0.7258759163334494, 0.29014734677201204, -0.052275334050194217, -0.052275334050194217, 0.36269801392062373, 0.15184464860573055, 0.32793590766141184, -0.14918534705825062, 0.9477246659498055], "N": [-0.23193599935175413, -0.5329659950157353, -0.5329659950157353, 0.2451852553679083, 0.06909399631222707, 0.16600400932028347, -0.05584474029607286, 0.06909399631222707, -0.05584474029607286, -0.5329659950157353], "P": [-0.7623569581169695, -0.7623569581169695, -0.4613269624529882, 0.14073302887497408, 0.3515863941898672, 0.31682428793065526, 0.08274108189728728, -0.0633869537809507, -0.4613269624529882, -0.7623569581169695], "Q": [-0.6627598658796854, -0.6627598658796854, -0.6627598658796854, 0.11539138450395817, -0.185638611160023, -0.6627598658796854, -0.36172987021570424, -0.6627598658796854, 0.11539138450395817, -0.6627598658796854], "T": [0.1465549673967137, 0.5444949760687513, -0.15447502826726747, -0.2794137648755674, 0.2434649804047701, -0.05756501525921107, 0.021616230788413748, 0.021616230788413748, 0.1465549673967137, -0.7565350195952298], "I": [-0.1535243551295054, 0.14750564053447576, 0.4832977424576688, -0.028585618521205475, -0.32961561418518665, 0.14750564053447576, 0.2724443771427757, 0.06832439448685089, -0.028585618521205475, 0.323596899590157], "E": [0.7492144376897002, 0.3271407493009433, -0.8189872863772947, 0.13525522306203017, -0.12001728204127589, -0.8189872863772947, -0.3418660316576322, -0.5179572907133135, 0.1810127136227053, -0.8189872863772947], "D": [0.11391858121622797, -0.6642326691674156, -0.06217267783945333, 0.48189536651082227, -0.06217267783945333, -0.6642326691674156, -0.1871114144477532, -0.3632026735034345, -0.6642326691674156, -0.6642326691674156], "A": [-0.23855462724115195, 0.3635053640868104, 0.23856662747851048, 0.11362789087021054, -0.06246336818547067, 0.15938538143088563, 0.11362789087021054, 0.3354766404865669, 0.004483421445142416, -0.23855462724115195], "Y": [0.3027854394127275, -0.47536581097091596, 0.4277241760210275, 0.0017554437487463709, 0.0017554437487463709, 0.0017554437487463709, -0.47536581097091596, 0.3697322290433407, 0.4788766984684088, -0.47536581097091596]}