{"L": [-1.1766690252018266, -1.8756390295378453, 0.20354221650977924, -0.21288119785627152, 0.128682344244797, -0.018306533106577122, -0.030540989523588705, 0.05885942170572217, 0.05377989617644713, 0.25146576882696203], "G": [0.31529737713224465, -1.6933027946296726, -0.7902128076377292, 0.1817584687620272, 0.07754921701247136, 0.06257206104281857, 0.05488523237652758, -0.48918281197374797, 0.11961056201318278, -1.2161815399100102], "K": [0.5518705276618902, -1.5816683807083272, -0.013466656641332267, 0.3048223444641546, -0.013466656641332267, 0.1507253791146412, 0.031115476011408207, 0.04158090968957324, 0.26342965930592954, 0.47523647062814534], "M": [-0.9419915666677677, -1.2430215623317489, 0.13718967937985702, -0.5440515579957301, -0.20162887717352387, -0.03890157967582415, -0.2887790528924241, 0.0122509427715571, -0.20162887717352387, 0.4973411271624948], "F": [-0.7462131759696482, -1.4451831803056667, 0.6517268327023894, 0.05996679801423903, 0.2708201633291321, 0.05996679801423903, 0.33296807007797663, 0.017214817593289036, 0.08629573673658814, 0.7775332908419162], "R": [0.8427209017808972, 1.2264204713383247, -0.41819187067510133, 0.05892938404456106, -0.08043906798638027, 0.07563507754741375, -0.035856935333639796, -0.05757618502687604, 0.2704373003226986, 0.3244870615463234], "W": [-1.0624115194080253, -1.0624115194080253, 0.645158656689911, -0.2173134793937685, -0.46035152808006286, -0.2173134793937685, -0.2173134793937685, -0.021018834249800267, -0.761381523744044, -0.46035152808006286], "H": [-0.05714701485693832, -1.287595936235212, 0.11034407243682544, 0.034623358498707034, -0.05714701485693832, -0.2084146901875874, -0.05714701485693832, -0.05714701485693832, -0.08347595357928743, -0.5094446858515685], "S": [-0.1561781148571811, -1.7794274052550814, -0.43700472443287536, -0.03906471576083778, -0.19964380863827136, -0.11666957357350756, -0.24794848821282642, -0.2231249044877943, -0.08045740091906274, -1.4783974095911003], "C": [-1.181362482414792, -1.181362482414792, -1.181362482414792, -1.181362482414792, -1.181362482414792, -1.181362482414792, -1.181362482414792, -1.181362482414792, -1.181362482414792, -1.181362482414792], "V": [-0.5609322950765118, -1.6401135411241363, 0.09228021869883193, -0.31789424639021724, 0.0033391353620508962, 0.19239537158209977, 0.1233144524388007, 0.25198106156634387, -0.08381104035684928, -0.5609322950765118], "N": [-1.1208042020896773, -1.4218341977536586, 0.16923040927284036, 0.0966797421242286, -0.04162295604205281, -0.06010636173606597, 0.0966797421242286, 0.2683618822748548, -0.00686084978284091, -0.9447129430339963], "P": [-1.651225160854893, -1.651225160854893, -1.651225160854893, -0.23625181288407507, 0.0019873529204506536, 0.011532670826680962, 0.13410467415587402, -0.2894973248373002, -0.5720439148072681, -1.651225160854893], "Q": [-0.47244682256998405, -1.551628068617609, -0.4376847163107722, 0.14734193571840987, 0.028155527999201218, 0.01657365544938599, -0.13665472064679104, 0.09182460786857846, 0.15594210748032736, -1.551628068617609], "T": [-0.4693119632774721, -1.6454032223331532, -0.4693119632774721, -0.3901307172298473, -0.2836753863155605, -0.08910072156586618, -0.23042987436233545, -0.011934766753566918, -0.10133517798287772, -1.0433432310051909], "I": [-0.6164238255951477, -1.5195138125870913, 0.38357617440485214, -0.17709113176488514, 0.2728778769111625, 0.26581602242367564, 0.15258404534862607, 0.28666616139679574, -0.6744157725728346, -0.3434225535314101], "E": [-1.707855489115218, -1.707855489115218, -1.707855489115218, 0.18423911357526218, -0.03575763117950072, -0.045097657433644175, -0.0644028126290308, -0.008885484779199385, 0.10505786752763735, -1.707855489115218], "D": [-1.5531008719053392, -1.5531008719053392, -0.5988583624660143, 0.20277398376715214, -0.03458693202745179, -0.04795089358543325, -0.009032827555063565, -0.19137303588774635, -0.47391962585771436, -1.0759796171856768], "A": [0.0834305353358177, -1.7294828213070377, -0.13841821428053866, -0.11669896458730239, -0.04824158393145064, -0.1496992246902277, -0.0960143657274514, 0.041369190335106346, 0.09006111423483076, -0.775240311867713], "Y": [-0.18814275465315838, -1.3642340137088393, 0.49908884641161627, 0.19206848705844765, 0.12712768012543307, -0.18814275465315838, 0.2692344418707469, 0.015977228002766436, 0.033705994963198004, 0.7291876714533954]}