{"L": [0.1262742559088163, 0.21325920640909682, -0.41961473233308505, -0.1348523493835571, -0.07028005709454888, -0.12501884667451377, 0.031177583664228188, 0.2072688427199094, 0.17275799159174554, -0.4132745543020661], "G": [-0.525719365780873, -0.8656674274752237, -0.6073894122321926, -0.11554490069182377, 0.1397276044114823, 0.1732506385551458, 0.12333718822331295, -0.06118723836923109, -0.12530473798098, -1.592666155411486], "K": [-0.20227814053731163, -1.0039104867704782, -0.6157303153875967, -0.055063009217859546, -0.08309173281810302, 0.07527075927714659, 0.11739396518272767, -0.38995127214280806, 0.14565072474615376, -0.453003017889897], "M": [0.07068990219528885, 0.13636867783926657, -0.1423849231135624, -0.27708349701101853, -0.2045328298624068, 0.0037431125646756455, -0.1881424136742375, 0.13636867783926657, 0.013962277746361683, -0.5781134926749997], "F": [0.3984402922329123, -0.5206378001431615, -0.1881993402275563, -0.050815784164998636, 0.07042680688333752, 0.07042680688333752, 0.21575870213348078, 0.029590552911932466, 0.21175595967980682, 0.05339346758455723], "R": [-0.21894543357096394, -1.326155403218832, -0.6633975715372581, -0.4230654162268887, -0.1738670588357759, -0.2257848581012694, -0.1330308048643707, -0.3916569519752646, 0.03177944378162147, -1.326155403218832], "W": [-0.32495278260266436, -0.43889613490950113, -0.8368361435815386, -0.5358061479175575, -0.23477615225357631, -0.20844721353122717, -0.23477615225357631, 0.25129994511901244, -0.20844721353122717, -0.43889613490950113], "H": [0.04348962436124828, -1.0620205604087256, -0.51795251605845, 0.008017306199029406, -0.02062787525050063, 0.06019531786410099, 0.09179430393580332, 0.2280140509537923, 0.11407069864695549, -1.664080551736688], "S": [-0.04532231045730848, 0.4589851952765771, -0.14731184899463987, -0.006692908101177473, 0.011405313991618638, 0.031608700079905655, -0.16027682615900754, -0.0005759832914956266, -0.025578252261551315, -1.0767307747089325], "C": [-0.6036045884769431, -0.3817558388605867, -0.9557871065883056, -0.6036045884769431, -0.3817558388605867, -0.41171906223803, -0.4439037456094312, -0.4786658518686431, -0.3817558388605867, -1.557847097916268], "V": [0.06976167404913584, 0.0872055643303445, -0.3445002986898949, -0.03432692358604398, -0.04811520807167727, -0.012276782842969776, -0.11350816963366882, -0.016598156625612398, -0.1532752965051565, -0.5694401252833932], "N": [0.021225122286734056, -1.0201675628714908, -0.35116078191291544, 0.11016620562351503, 0.21451841145003753, 0.15107119338977812, 0.08817191191734722, 0.22698705200963554, 0.0010217361984469773, -1.7983188132551347], "P": [-0.6474985346447628, -0.5805517450141496, -0.6297697676843312, 0.26895541390516214, 0.076093944599588, -0.02770977635636891, -0.0024039110915986843, -0.39424132077678237, -0.6127364283855509, -2.0277097763563687], "Q": [-0.07078018768781634, -0.45099142939942244, -0.3718101833517975, -0.10856874857721611, -0.06478982399862895, 0.14007317762707677, 0.10127109356612483, -0.009034591743010901, 0.03092870820200879, -1.2291426797830658], "T": [0.05729340821299554, 0.6502100201010881, -0.36867532405928555, -0.0006985387646911625, -0.026252643237079366, -0.0487599842349306, 0.027330184835552294, 0.027330184835552294, -0.017566464051986676, -1.4198278465066667], "I": [0.028280857973314397, 0.012486590790082481, -0.16360466826559875, 0.03850002315500041, -0.015184835807775916, 0.007091558903376346, 0.01781542429514939, 0.033420497625725444, -0.17172255848777815, -0.719907169032886], "E": [-0.0757399328547765, -0.18125011762475043, 0.3913310837077355, 0.17333847025249038, 0.00908158054554095, -0.0757399328547765, -0.1398574324665254, -0.05495632693148438, 0.03951153635039165, -1.2392420646024371], "D": [-0.0907363966695598, -0.33852088038031586, 0.9729612919071762, 0.3884778475559464, 0.11963253526336651, 0.06164058828567975, -0.02110046852816531, 0.09572037785795515, -0.20530961780602602, -1.1514342370231714], "A": [-0.012545751646278686, -0.29305408016565815, -0.1469260444874201, -0.18688934443243976, 0.037047363445581356, -0.0685409388678901, -0.0806615715437435, -0.09313021210334153, -0.17146898556494602, -1.20287744981657], "Y": [0.5425825994932342, -0.41849933447639615, -0.3605073874987094, 0.007469397795884953, -0.0003559397160716342, 0.03013338243182877, 0.1730952231734012, 0.051673060287938416, 0.38961513928469066, 1.4336319682690644]}