{"L": [0.1290956038457805, -0.7160024361684763, 0.16481115611231503, 0.01639132365449216, 0.1035414993733923, -0.01703243183245752, 0.032185590837724085, -0.11394244484051388, -0.13621883955166614, 0.032185590837724085], "G": [-0.9316062099323411, -0.5336662012603035, -0.45448495521267873, -0.08650816991808431, -0.02851622294039758, 0.16530380307571524, 0.16530380307571524, -0.27839369615699744, -0.15345495954869753, -1.2326362055963223], "K": [-0.34285054129133313, -1.1210017916749768, -0.2179118046830332, -0.27590375166072, -0.04182054562735197, -0.12100179167497678, -0.16675928223565195, -0.12100179167497678, -0.2179118046830332, -0.42203178733895796], "M": [0.7491239437438566, -0.7823549732983984, 0.12073501369354506, -0.08338496896237967, 0.12073501369354506, 0.17188753614092636, -0.30523371857873605, 0.2590377118598265, -0.004203722914754886, -0.004203722914754886], "F": [0.7636714357338837, -0.9845165912723165, 0.4468471728866707, 0.05687609388590851, 0.21960339138360824, 0.1915746677833647, 0.24593233010595736, 0.015483408727683492, -0.3824565999443541, 0.27075591383098946], "R": [-0.4098229526363812, -0.8869442073560435, -0.28488421602808117, -0.5859142116920624, -0.489004198684006, -0.4098229526363812, -0.10879295697240003, -0.07403085071318807, -0.5859142116920624, -0.489004198684006], "W": [-0.1246236756550124, -0.6017449303746748, -0.3007149347106937, -0.6017449303746748, -0.1246236756550124, -0.3007149347106937, 0.17640632000896875, -0.6017449303746748, -0.6017449303746748, -0.3007149347106937], "H": [0.5880440007689561, -0.3498080924821993, 0.34916191185381945, 0.01816869281239504, -0.3498080924821993, 0.21446333795636321, -0.22486935587389942, -0.12795934286584296, 0.01816869281239504, -0.8269293472018617], "S": [-0.27736813106350605, -0.7167008248937686, -0.14266955716604987, 0.023661864600475084, -0.06348831111842504, -0.3645183067824062, -0.27736813106350605, -0.08831189484345718, 0.04296701979586177, -0.8416395615020686], "C": [-0.41966589771746043, -0.7206958933814417, -0.7206958933814417, 0.12440214663281508, 0.12440214663281508, -0.24357463866177928, -0.41966589771746043, -0.11863590205347929, -0.11863590205347929, -0.7206958933814417], "V": [-0.06550359978394929, -0.4012957017071424, 0.024673030565138702, -0.22520444265146114, 0.20076428962081994, -0.0033556930351048464, 0.21849305658125148, 0.36462109225948947, 0.25191681206820116, 0.4438023383071144], "N": [-0.11606956870605155, -0.9611676087203084, 0.21492365033537286, 0.11801363732731643, -0.11606956870605155, 0.2429523739356164, 0.03883239127969164, 0.03883239127969164, -0.18301635833666471, -0.9611676087203084], "P": [-0.8895285761575612, 1.1337238834761498, -0.28746858482959897, 0.06471393328176346, 0.11047142384243859, 0.27183942607741346, 0.207381436850495, 0.11047142384243859, -0.014467312765861334, -0.7134373171018801], "Q": [-1.0909614795842584, -1.0909614795842584, -0.09096147958425854, -0.049568794426033506, -0.3128102292006149, 0.055166556093979524, -0.18787149259231498, -0.18787149259231498, -0.24586343957000162, -1.0909614795842584], "T": [-0.2816466463078594, -0.7076153785801406, -0.5826766419718405, -0.14334394814157791, -0.14334394814157791, -0.18473663329980292, -0.07079328099296617, -0.038608597621564926, -0.008645374244121729, -0.5826766419718405], "I": [0.11724403550194028, -0.45678723222577844, 0.171601697824533, 0.2633720711801783, 0.3390927851182966, 0.24218277211024022, 0.2835754572684653, 0.356126124417077, 0.38831080778847826, 0.32136401815786503], "E": [-0.6451289087539053, -0.9461589044178865, -0.3440989130899242, 0.2968791442684078, -0.20579621492364272, -0.46903764969822415, -0.24718890008186775, -0.20579621492364272, 0.1330223416297382, -0.9461589044178865], "D": [-0.4903742915440263, -1.0924342828719886, -0.39346427853597, -0.05104159771376374, -0.013253036824363976, -0.05104159771376374, 0.021509069434847986, -0.4903742915440263, -0.4903742915440263, -1.0924342828719886], "A": [-0.3657262452817438, -0.2688162322736874, 0.009937368679141492, -0.4237181922594306, -0.15487287996685062, -0.06469624961776263, -0.1896349862260626, 0.009937368679141492, 0.3222483747528117, 0.7523730667962506], "Y": [0.3268814967027847, -0.9035674246754891, 0.5735538300441733, 0.397462570988492, 0.09643257532451084, -0.00047743768354554703, -0.20459742033947032, 0.21037592763134758, -0.05846938466123231, 0.1378252604827359]}