{"L": [-0.038660356852472606, -0.2000283590874475, -0.32496709569574744, -0.3549303190731906, -0.27060943337315474, -0.22230475379859965, -0.009696660917155974, 0.06714336931556628, 0.0787252418653815, 0.694841297657805], "G": [-0.31872211984325594, -0.7166621285152935, -0.27732943468503085, -0.14263086078757464, 0.11264164431573134, 0.12843591149896336, 0.12843591149896336, -0.27732943468503085, -0.2047787675364191, -1.3187221198432557], "K": [-0.16569502076368536, -1.2070877059219103, -0.16569502076368536, -0.16569502076368536, 0.09394228974207079, -0.09314435361507357, -0.1279064598742855, -0.20708770592191036, -0.25284519648258547, -1.2070877059219103], "M": [0.03464909944661146, -0.39131963282566956, 0.08580162189399278, -0.1694708832093133, -0.39131963282566956, 0.03464909944661146, -0.1694708832093133, -0.39131963282566956, -0.1694708832093133, 0.47398179327687406], "F": [0.7619064071869861, -0.0706025055192501, 0.6195935745092636, 0.15984641585902382, 0.15984641585902382, 0.1054887535364311, 0.13351747713667467, 0.184669999584056, 0.15984641585902382, 0.6775855214869503], "R": [0.06836256355524784, 0.853044681097849, 0.49679189437518567, -0.31981760782763347, -0.19487887121933356, 0.06836256355524784, -0.12793208158872038, 0.1061511244446476, -0.12793208158872038, -1.2740601172669583], "W": [-0.08577085329364602, -0.6878308446216084, -0.08577085329364602, 0.011139159714410393, 0.09032040576203518, -0.08577085329364602, 0.011139159714410393, -0.3868008489576272, -0.6878308446216084, -0.6878308446216084], "H": [-0.06791722143453849, -0.3109552701208329, 0.3174336599294786, -0.21404525711277653, 0.2911047212071294, -0.00992527445685175, -0.00992527445685175, -0.21404525711277653, -0.43589400672913287, -0.9130152614487952], "S": [0.1514557702986226, -0.14957422536535858, -0.2587186947904266, 0.10030324785124124, -0.02463548875705866, 0.10030324785124124, -0.04311889445107174, 0.010126617502153325, 0.2672511274670527, -1.4048467304686647], "C": [-0.505751811964394, -0.8067818076283751, -0.8067818076283751, -0.20472181630041286, -0.20472181630041286, -0.8067818076283751, -0.8067818076283751, -0.3296605529087128, -0.10781180329235647, -0.8067818076283751], "V": [-0.18635162029009478, -0.08944160728203844, -0.42043482632346274, -0.487381615954076, -0.11940483065948156, 0.013220734615109305, 0.03549712932626157, 0.1658308978212677, 0.013220734615109305, 0.19686513156123642], "N": [-0.005860837809016913, -0.44519353163927955, 0.09887451271099611, 0.23150007798558703, 0.2951691578549643, 0.20801898213606412, -0.005860837809016913, 0.12883773608843924, -0.34828351863122314, -1.0472535229672417], "P": [-0.7995232313488135, 0.2915572379985188, -0.6745844947405136, 0.42232551826754255, 0.314420120958023, 0.3361393706512593, 0.2674235582817994, 0.0021091148843527885, -0.43154644605421927, -1.276644486068476], "Q": [-0.8760173981672108, -0.3319493538169352, -0.13565470867296703, -0.17704739383119214, -0.0009561347755108696, -0.27395740683924846, -0.22280488439186721, 0.18468044218640078, -0.0631040415243553, -1.177047393831192], "T": [-0.2708225475467365, -0.0403736261684626, -0.15687919523989974, -0.09473128849105528, -0.2294298623885114, -0.06670256489081171, 0.19157545035221957, 0.10938869416486947, 0.29737917652025847, -1.2708225475467363], "I": [0.0855157835775994, -0.4459631334646556, 0.031158121255006693, -0.1449331378006745, -0.3667818874170308, 0.0855157835775994, 0.23527810391093154, 0.11033936730263155, 0.0855157835775994, 0.21679469821691838], "E": [-0.731214823000839, -0.4881767743145444, -0.4881767743145444, 0.08169853364201668, -0.10282589295052741, -0.3790323048894764, -0.4881767743145444, -0.25409356828117646, -0.03224481866482015, -1.3332748143288011], "D": [-0.7013989423992598, -1.1785201971189223, 0.0519287242593516, 0.40126339949788775, -0.06457684481208553, -0.03239216144068427, -0.0993389510712975, -0.2242776876795974, -0.2242776876795974, -1.1785201971189223], "A": [-0.053872150856639815, -0.2409587942137842, -0.5767508961369773, -0.09962964141731491, -0.03268285178670168, -0.09962964141731491, -0.053872150856639815, -0.053872150856639815, -0.076148545567792, -0.8777808918009585], "Y": [0.5901302576943874, 0.28910026203040623, 0.5418255781198323, -0.08656335193047915, 0.1242900133844141, -0.14455529890816582, -0.08656335193047915, 0.05173934623580232, 0.28910026203040623, 0.42532000904839523]}