{"L": [-0.6603901909361442, -0.11632214658586859, -0.2210574971058816, -0.5634801779280878, -0.1485068299572699, -0.08635892320842542, 0.03857981339987455, -0.1485068299572699, -0.1832689362164818, 0.557093753277762], "G": [-0.7790839516919527, -0.38114394301991505, -0.2350159073416771, 0.09597731169974728, 0.3178260613161037, 0.19863965359689503, 0.17515855774737213, -0.1770239603639903, -0.7790839516919527, -1.0801139473559338], "K": [0.35373976129933093, -0.9684795334345884, -0.3664195421066259, -0.1903282830509447, -0.1903282830509447, 0.031520466565411666, -0.014237023995263488, -0.06538954644264476, 0.031520466565411666, -0.9684795334345884], "M": [0.21526532495624678, -0.32880271939402883, -0.15271146033834757, -0.15271146033834757, -0.32880271939402883, -0.62983271505801, -0.027772723730047667, -0.027772723730047667, -0.32880271939402883, 0.44934853098961475], "F": [0.7807895236878073, -0.35487307831226556, 0.2819490192749087, 0.07109565396001555, 0.07109565396001555, -0.35487307831226556, 0.07109565396001555, -0.2299343417039656, 0.16800566696807193, 0.8840090106028711], "R": [0.30697073604256986, -1.0354519447796362, -0.2573006943959927, -0.7344219491156551, -0.0812094353403115, -0.33648194044361757, 0.04372930126798846, 0.49602697226261866, 0.005940740378588657, -1.0354519447796362], "W": [-0.44922267213428635, -0.44922267213428635, -0.14819267647030518, -0.44922267213428635, -0.14819267647030518, -0.44922267213428635, -0.44922267213428635, -0.44922267213428635, -0.44922267213428635, -0.44922267213428635], "H": [0.024562915374545514, -0.6744070889614733, -0.3733770932974921, -0.6744070889614733, -0.3733770932974921, -0.1972858342418108, 0.1706909510527835, 0.1706909510527835, -0.07234709763351094, -0.6744070889614733], "S": [-0.38808730759769894, 0.1954892780362502, 0.1347914376826385, -0.08705731193371781, -0.21199604854201776, 0.03788142467458208, -0.32114051796708576, -0.08705731193371781, 0.15598073675257657, -1.1662385579813426], "C": [-0.5681736351410532, -0.5681736351410532, -0.2671436394770721, -0.5681736351410532, -0.5681736351410532, -0.5681736351410532, -0.5681736351410532, -0.5681736351410532, -0.5681736351410532, -0.5681736351410532], "V": [0.17719528880552715, 0.22834781125290843, -0.02692469385039762, -0.24877344346675395, -0.07268218441107274, 0.14916656520528357, 0.052256552197227205, 0.2035242275278763, 0.29529460088352166, -0.24877344346675395], "N": [-0.5076153548159386, -0.8086453504799198, 0.19135464952008008, 0.2705358955677049, 0.03645268953433696, -0.1096753461439011, 0.2705358955677049, -0.33152409576025743, -0.33152409576025743, -0.8086453504799198], "P": [-1.0380363135811541, 0.0033563715770709227, -0.33906630924513526, 0.26299368208282703, 0.493442603461101, 0.2172361915221519, 0.28418298115276514, 0.16608366907477062, -0.19293827356689724, -1.0380363135811541], "Q": [-0.23946921700785126, -0.6374092256798889, -0.03534923435192648, 0.0615607786561299, -0.46131796662420754, -0.23946921700785126, -0.23946921700785126, 0.1407420247037548, 0.0615607786561299, -0.9384392213438699], "T": [-0.18711633504515762, 0.22305813004389155, 0.14387688399626672, -0.07797186562008962, 0.009178310098810568, 0.14387688399626672, 0.04696687098821034, 0.19823454631885948, 0.24653922589341448, -1.0322143750594144], "I": [-0.06122692529909564, -0.9063249653133525, 0.13506771984487254, -0.42920371059368995, -0.06122692529909564, -0.06122692529909564, -0.003234978321408875, -0.003234978321408875, -0.2073549609773337, -0.9063249653133525], "E": [-1.0946666418414792, -1.0946666418414792, -0.6175453871218167, 0.32030670612933854, 0.019276710465357404, 0.05146139383675869, -0.793636646177498, -0.4926066505135169, 0.16060586326182674, -1.0946666418414792], "D": [-0.9399120246316002, -0.9399120246316002, -0.16176077424795665, 0.5224859732673558, -0.03682203763965671, -0.09481398461734349, -0.16176077424795665, -0.638882028967619, -0.3378520333036379, -0.9399120246316002], "A": [-0.33814272364965525, 0.7867960129586445, 0.2986793739375189, -0.11629397403329896, -0.07490128887507393, 0.11415494734497499, -0.002350621726462217, -0.16205146459397407, 0.08782600862262581, -1.1162939740332989], "Y": [0.7260760882845616, -0.14898517510713827, 0.5277084345177282, -0.14898517510713827, -0.27392391171543823, 0.09405287357915612, -0.05207516209908188, -0.14898517510713827, 0.09405287357915612, 0.8924075100510865]}