{"L": [-0.575606748496351, -1.616999433654576, 0.2522322860764, 0.06424180372101106, 0.2522322860764, 0.09900390998022304, 0.0062498567433243914, 0.016469021925010395, 0.045758398026997944, 0.7052198610793431], "G": [0.4403980646452966, -1.4346631987464031, -0.6565119483627597, 0.2374346591893141, -0.0032994345874160945, 0.1216393020208839, 0.272906977351533, -0.4346631987464033, 0.42865966137405254, -1.4346631987464031], "K": [0.2790312065029045, -1.3230287848250577, -0.5448775344414142, 0.24517293924193712, -0.4199387978331142, -0.3687862753857329, -0.3230287848250578, -0.8459075301053953, -0.3687862753857329, -1.3230287848250577], "M": [0.12956138585835725, -0.9843819664484793, 0.29437163450434944, -0.9843819664484793, -0.3823219751205171, -0.08129197945653592, -0.20623071606483584, 0.16174606922975848, -0.030139457009154637, 0.5207680118714264], "F": [-0.4083923340387539, -1.1865435844223975, 0.737735701639484, 0.017576398233527257, -0.010452325366716286, 0.017576398233527257, 0.2284297635484204, -0.010452325366716286, 0.0922100165304314, 0.9273997678844392], "R": [0.27275663551146817, 1.2227826605496295, -1.3900011961701055, -0.544903156155849, -1.3900011961701055, -0.4869112091781622, -0.6910311918340869, -0.9128799414504433, 0.007938812501931722, -1.3900011961701055], "W": [-0.8037719235247559, -0.8037719235247559, 0.6275918406342313, 0.04132611648950092, -0.2017119321967935, -0.2017119321967935, -0.3266506688050934, -0.5027419278607747, -0.5027419278607747, -0.5027419278607747], "H": [0.27207365531203836, -1.0289563403519426, 0.012436344806282234, -0.329986336015924, -0.25080508996829914, -0.12586635335999924, -0.42689634902398044, -0.329986336015924, -0.028956340351942795, -1.0289563403519426], "S": [0.1694082706567015, -1.5207878093718121, -0.37465977369357406, -0.015637831051906206, -0.26551530426850606, -0.15905997335421926, -0.29033888799353813, -0.26551530426850606, 0.010691107670442998, -1.5207878093718121], "C": [-0.9227228865315226, -0.9227228865315226, -0.44560163181186024, -0.6216928908675415, -0.6216928908675415, -0.9227228865315226, -0.6216928908675415, -0.9227228865315226, -0.9227228865315226, -0.9227228865315226], "V": [-0.12620144013756102, -1.381473945240867, 0.2417753451570334, -0.6033226948572233, 0.04988981891812016, 0.09564730947879538, -0.01974610922327423, 0.3260962308570693, -0.2053826861851858, -0.12620144013756102], "N": [-0.46422459753437056, -1.1631946018703894, -0.16319460187038937, -0.04925124956355262, 0.06725431950788456, 0.012896657185291819, 0.1590246928635299, 0.19853323414720345, 0.11555899908243956, -1.1631946018703894], "P": [-1.3925855649716237, -1.3925855649716237, -1.0915555693076424, 0.08453568974803882, 0.2201982917481118, 0.26062694880372, 0.12592837490626385, -0.18846558231569885, -1.0915555693076424, -1.3925855649716237], "Q": [0.19837322109993313, -0.9919584770703583, -0.33874596329501466, 0.23849044430791558, 0.029230821999579732, 0.12198487523647841, 0.008041522929641665, 0.4230148709004596, 0.19837322109993313, -0.9919584770703583], "T": [-0.4836736394579404, -1.386763626449884, -0.4836736394579404, -0.4836736394579404, -0.3453709412916589, -0.06454433171596469, -0.02503579043229113, -0.06454433171596469, 0.07563437144907215, -1.0857336307859027], "I": [-0.21948153154559688, -1.2608742167038218, 0.38257845978236543, -0.1469308643969852, 0.25763972317406547, 0.3189093799129881, 0.17048954745516534, 0.2954282840634653, -1.2608742167038218, -0.26087421670382194], "E": [-0.4949733837926239, -1.4492158932319485, -1.4492158932319485, 0.05593408508795721, 0.05593408508795721, -0.10679321240974252, 0.09485215111832687, 0.10708660753533845, 0.06929804664593865, -1.4492158932319485], "D": [-1.2944612760220697, -1.2944612760220697, -0.3402187665827449, 0.31832258069766567, 0.2240526638558176, -0.06401235464379584, 0.13690248813691747, 0.12051207194874818, -0.21528002997444498, -1.2944612760220697], "A": [0.24516011821103073, -1.4708432254237682, -0.14862393068984917, -0.055869877452950474, 0.006278029295893997, 0.034306752896137535, -0.1284205446015622, 0.04767071445411895, -0.008445227524812303, -0.993721970704106], "Y": [0.12485450355270376, -1.10559441782557, 0.2561334181920227, -0.15135190838624527, -0.06420173266734512, -0.5035344264976077, 0.12485450355270376, -0.2604963778113134, 0.0704968412301111, -0.8045644221615889]}