{"L": [-0.7323928523566456, -0.7323928523566456, 0.17069713463529787, -0.43136285669266444, -0.1303328610286833, 0.11270518765761112, -0.1303328610286833, -0.43136285669266444, -0.7323928523566456, -0.03342284802062691], "G": [-0.5500566174484729, -0.5500566174484729, -0.24902662178449175, -0.24902662178449175, -0.0729353627288105, 0.05200337387948941, 0.22809463293517068, -0.5500566174484729, -0.0729353627288105, -0.5500566174484729], "K": [0.03869905119253499, -0.4384222035271273, 0.03869905119253499, -0.13739220786314615, 0.03869905119253499, 0.33972904685651617, 0.2605478008088914, 0.6755211487797093, 0.5615777964728725, -0.4384222035271273], "M": [0.37734586956911337, -0.0997753851505491, 0.20125461051343208, -0.0997753851505491, -0.0997753851505491, -0.0997753851505491, 0.20125461051343208, -0.0997753851505491, 0.20125461051343208, -0.0997753851505491], "F": [-0.30193700312446714, -0.30193700312446714, 0.17518425159519527, -0.30193700312446714, -0.30193700312446714, -0.30193700312446714, 0.3970330012115516, -0.30193700312446714, -0.0009070074604859392, 0.7394556820337579], "R": [-0.5053946148721754, -0.5053946148721754, -0.5053946148721754, -0.5053946148721754, -0.20436461920819424, -0.20436461920819424, 0.09666537645578692, 0.4488478945671494, -0.20436461920819424, -0.5053946148721754], "W": [0.08083465777317451, 0.08083465777317451, 0.08083465777317451, 0.08083465777317451, 0.08083465777317451, 0.08083465777317451, 0.08083465777317451, 0.08083465777317451, 0.08083465777317451, 1.3361071628764805], "H": [-0.1443497590540124, -0.1443497590540124, -0.1443497590540124, 0.1566802366099688, 0.33277149566565, 0.1566802366099688, 0.1566802366099688, 0.5546202452820065, -0.1443497590540124, -0.1443497590540124], "S": [-0.034121236745919346, -0.6361812280738817, -0.33515123240990047, -0.034121236745919346, -0.33515123240990047, -0.33515123240990047, -0.15905997335421926, -0.6361812280738817, 0.2669087589180618, -0.6361812280738817], "C": [-0.03811630523359232, -0.03811630523359232, -0.03811630523359232, -0.03811630523359232, -0.03811630523359232, -0.03811630523359232, -0.03811630523359232, -0.03811630523359232, -0.03811630523359232, -0.03811630523359232], "V": [-0.19583736827895548, -0.4968673639429366, 0.28128388644070695, -0.01974610922327423, 0.2021026403930821, 0.2021026403930821, 0.2021026403930821, -0.19583736827895548, -0.01974610922327423, -0.4968673639429366], "N": [0.3234719707555034, -0.2785880205724589, 0.02244197509152224, 0.3234719707555034, 0.4203819837635598, 0.02244197509152224, -0.2785880205724589, -0.2785880205724589, 0.02244197509152224, -0.2785880205724589], "P": [-0.5079789836736931, -0.5079789836736931, -0.5079789836736931, -0.03085772895403074, 0.09408100765426923, -0.20694898800971195, -0.20694898800971195, -0.20694898800971195, -0.5079789836736931, -0.5079789836736931], "Q": [-0.4083818914364091, -0.4083818914364091, 0.06873936328325334, 0.06873936328325334, -0.10735189577242793, 0.19367809989155324, -0.4083818914364091, 0.06873936328325334, 0.2905881128996097, -0.4083818914364091], "T": [0.19681295918406527, -0.5021570451519535, -0.5021570451519535, 0.09990294617600887, -0.2011270494879723, -0.02503579043229113, -0.5021570451519535, -0.5021570451519535, 0.09990294617600887, -0.5021570451519535], "I": [-0.37626763540589153, -0.37626763540589153, 0.40188361497775205, -0.37626763540589153, -0.37626763540589153, 0.10085361931377086, 0.40188361497775205, -0.37626763540589153, -0.37626763540589153, -0.37626763540589153], "E": [0.5145719341136065, 1.16778444788895, 0.037450679393944024, 0.3896331975053065, -0.08748805721435589, -0.2635793162700371, -0.2635793162700371, 0.28048872808023845, 0.2135419384496253, -0.5646093119340183], "D": [0.192205296603823, -0.4098546947241393, 0.4352433452901174, 0.4932352922678042, 0.4352433452901174, 0.3682965556595042, -0.10882469906015815, 0.06726655999552301, -0.4098546947241393, -0.4098546947241393], "A": [0.5277067081809986, -0.586236644125838, 0.11273336021018077, 0.01582334720212433, 0.11273336021018077, -0.28520664846185684, -0.10911538940617561, 0.11273336021018077, 0.19191460625780554, -0.586236644125838], "Y": [-0.22098783652763976, -0.22098783652763976, -0.22098783652763976, -0.22098783652763976, 0.08004215913634144, -0.22098783652763976, -0.22098783652763976, -0.22098783652763976, -0.22098783652763976, 1.0800421591363414]}