{"L": [0.11248590238059517, 0.5166974204959677, 0.255784648039969, 0.06672841181992006, 0.1850365695292069, 0.12799806855884274, 0.2697503041767927, 0.13927907896853176, 0.025335726661694997, 0.37428927464285894], "G": [-0.13378669114972153, -1.746570547869457, -0.21509163082720198, 0.15105654342098432, -0.014176788046488639, -0.06532931049386986, -0.09335803409411339, -0.2414205695495511, 0.05277000158412464, -1.2694492931497945], "K": [0.16440441550547014, -1.3339061382841302, -0.31271683921419224, -0.23699612527607392, -0.1725381360491555, -0.12978615562820559, -0.2925134531259053, -0.2547248922365056, -0.07863363318082425, -1.3339061382841302], "M": [0.22222462430635417, 0.6481933565786353, 0.467138677991404, 0.16610868232742285, 0.1186840323992847, -0.1501612798932952, 0.1808319391481292, 0.31649454114820225, -0.017535714618704318, 0.20886066274837267], "F": [0.43604751769811645, -1.4984509335454512, 0.16430689813612284, 0.06975079052154369, 0.21755241008934784, 0.28687890146531575, 0.38236265873534003, 0.25742392212704013, 0.2939407559528026, -1.4984509335454512], "R": [-0.1578405009428839, -1.7019085452931595, -0.5879651929863228, -0.3216973035815535, -0.47145962391488566, -0.23951054739420344, -0.4231549443403306, -0.4231549443403306, -0.21054685145888688, -1.2247872905734971], "W": [0.030448763030428403, -1.1156792726478095, -0.33752802226416595, -0.0017359203409728328, 0.16307432830501933, -0.33752802226416595, -0.21258928565586604, 0.36144198207185285, -0.11567927264780957, -1.1156792726478095], "H": [-0.4957656494607396, -1.3408636894749963, -0.2994710043167714, -0.13674370681907172, -0.13674370681907172, -0.4957656494607396, -0.2994710043167714, -0.2994710043167714, -0.4957656494607396, -1.3408636894749963], "S": [0.03653656123611027, -0.5539415575420369, -0.06926716493192857, 0.0811186938888508, -0.10030139867189737, -0.08450713148866547, -0.00018624578862956172, -0.04736532348409882, 0.11178751365530275, -1.2306351671669034], "C": [-0.1932375504963514, -0.632570244326614, -0.004181314276302529, 0.020642269448729628, 0.020642269448729628, 0.10779244516762976, 0.04412336529825253, 0.10779244516762976, -0.004181314276302529, -1.2346302356545764], "V": [-0.02128343642820337, 0.3236520449348595, 0.18743229791687047, -0.14931325001364515, 0.07747071727822333, 0.1195320622789348, -0.04992861787773335, -0.07013200396602035, -0.0031852143354071574, 0.7645006023700714], "N": [0.06896609335683257, -0.5720119640014996, -0.11337411497585019, 0.2150941290350705, 0.06896609335683257, 0.016259742840829622, 0.1683507254927443, 0.2061392863821441, 0.08120054977384417, -1.475101950993443], "P": [-0.7502504046553524, -1.7044929140946772, -0.10243292276671494, -0.32428167238307126, -0.32428167238307126, -0.27312914993569004, -0.27312914993569004, 0.05893507946825992, -0.1362911900276824, -1.2273716593750148], "Q": [-0.49095246955055644, 0.15853217170554398, -0.6048958218573932, -0.26247314103518704, -0.34962331675408714, -0.3744469004791193, -0.45876778617915526, -0.6048958218573932, -0.5257145758097683, -1.604895821857393], "T": [-0.01742973819735047, 0.2603704167481559, -0.20730928173866495, 0.15258737314613757, 0.057203880099553704, 0.08665885943782932, -0.06520251999335118, -0.13046925150594274, 0.12087295996893094, 0.10066957388064403], "I": [0.26606752491037955, 0.5575522026681303, 0.4566022118583339, 0.2125482691838913, 0.3137091593456062, 0.3462965265491982, 0.4525242994378946, 0.2964501539041005, 0.1261884385091431, 0.623118086582358], "E": [-0.34614989438418453, -1.28400198763534, -0.3809120006433964, -0.11767056586881504, -0.1590632510270401, -0.1590632510270401, -0.3809120006433964, -0.19292151828800755, -0.20482074158771518, -1.7611232423550025], "D": [-0.26394594432291724, -1.6063686251451235, -0.14397062724616747, 0.1096347184896756, 0.1096347184896756, -0.015304018118624287, -0.08785468526723605, -0.06230058079484787, -0.35109612004181734, -1.6063686251451235], "A": [-0.14928211896723562, -0.03456254754062178, -0.0925544945183085, -0.12953806077147847, -0.12953806077147847, -0.05847470494603315, -0.25127165750456704, -0.01932258098388489, 0.09806301773396915, 0.1810372527987331], "Y": [0.38183878250495784, -1.4175017669486238, 0.21596668863096263, -0.03729052523701786, 0.013861997210363389, 0.22595090953756355, -0.03729052523701786, 0.1388007338186634, 0.24525606473295017, -1.4175017669486238]}