{"L": [-0.11842815542415773, -1.0753432547248094, -0.5177024031852598, -0.23719407466588038, -0.12649577717219068, -0.21667240752127873, -0.08019575751922155, 0.031112076189477325, -0.18139664717273557, 0.7452960016546619], "G": [-0.24518953792799913, -1.5462195335919802, -0.28495666479948684, 0.17805633600880866, 0.14618670124165012, 0.15921651299327014, 0.22646882109016112, -0.13967935315802515, -0.19888951827503, -1.1068868397617175], "K": [0.10636968925549785, -1.2584938606149534, 0.06715860995735969, 0.004747574159627871, -0.12283125861488053, -0.04987337673235238, 0.09368865749640892, -0.23046513701471, -0.26579309935645296, -1.1915470709843403], "M": [-0.016757055246431677, -1.3969682969580375, 0.16532456749843702, -0.08521443590228343, -0.25084026127979964, -0.2830249446512009, -0.09593830129405652, -0.06452983704243234, -0.1297965685550239, 0.5499749737397878], "F": [-0.16776615077296844, -1.9001599105959366, -0.10081936114235522, -0.2666914550163504, -0.06765099788970062, -0.24694739682059322, -0.08061597505406827, -0.3560918662456612, -0.2666914550163504, 0.4782379903522007], "R": [0.4807137020238855, -1.5015575310156828, 0.5892293969335847, -0.1640982697250267, -0.078311657078875, 0.25999445754849904, 0.19957853507684364, -0.15913485019347665, -0.57213860530139, -0.9896741700368084], "W": [-0.6722902096840384, -1.517388249698295, -0.26211574459498915, -0.3132682670423705, -0.04026699497863282, -0.23863464874546628, -0.26211574459498915, -0.3132682670423705, -0.9153282583703328, -0.5631457402589704], "H": [-0.043602662189463376, -1.7425726665254822, -0.02656932289068299, -0.2110937494832271, -0.2654514118058197, 0.0962764242117731, -0.09911999003929474, -0.10910421094589566, -0.3275993185546641, -0.6633914204778573], "S": [0.35330682947355985, -1.2801616261060265, 0.04434946540747748, 0.13850786742475507, 0.07946308482380186, 0.11777838256601089, 0.030413687464184904, 0.17213604488860362, 0.3170458624275236, -1.2344041355453514], "C": [-1.1592179579853996, -1.636339212705062, -1.1592179579853996, -0.38106670760175604, -0.7332492257131185, -0.6363392127050621, -0.6820967032657371, -0.5223958603982253, -0.4322192300491373, -1.636339212705062], "V": [-0.14570026476949366, -0.5636113543721514, -0.26901546871358, -0.20859954624192456, 0.09803432694005512, -0.03818542007793391, -0.04587224874422484, 0.18821095728914314, 0.18137153275883766, 0.10630685290604501], "N": [-0.21405309636235467, -1.8768109280439285, 0.04746835801795289, -0.04430201533769248, 0.072579078600984, -0.007579208312952587, -0.03171288802967189, 0.031674090834720975, -0.29702733142711857, -1.5757809323799474], "P": [-1.106201891145163, 1.1974260852387266, 0.09519523317528851, 0.40967195256651606, 0.379519535336417, 0.3137538573445948, 0.1904632991163681, 0.06405982424979437, 0.1368361575411314, -1.0648092059869378], "Q": [-0.06708554628926035, -2.006604798907879, -0.18052999620705243, 0.018701066356891276, -0.12011407373539708, -0.05236228946855402, -0.04281697156232364, 0.0019953728540387057, -0.04281697156232364, -0.7278511979550498], "T": [-0.08334661332464298, -1.3222287022397796, -0.26153086188616803, -0.04347510128695077, -9.407505860470911e-06, 0.09827713433099927, 0.08431147819417549, 0.2743683933866805, 0.20281610479706552, -0.7579572718012171], "I": [-0.055412450501287416, -0.7440416214990874, -0.050211256815479645, -0.18916070786659428, -0.060676690493644665, 0.029830830905281214, -0.07686345158691989, 0.04669875619257671, -0.03497129025874281, 0.15584322561764474], "E": [-1.121439534247263, -1.5607722280775256, -0.6313533023632331, -0.06941053424325305, -0.2763414942330062, -0.377502384394721, -0.2652051281150467, -0.10975377592206839, -0.013613106750108267, -1.8618022237415066], "D": [-0.9288963561479842, -2.008077602195609, -0.0685583495769906, -0.008077602195609199, -0.1447547420751532, -0.1272640099148178, -0.3746091466160227, -0.34531977051403506, -0.2838017325948201, -0.9666849170373841], "A": [0.33667853210672843, -0.8622402568633885, 0.21173979549842847, 0.1187365058231811, 0.12940766877184554, -0.13524152892712624, 0.019660431058616958, 0.09429404935552112, 0.32608545860930427, -0.2601802655354261], "Y": [-0.10320740036431038, -1.8192107439991094, 0.10506854206277215, -0.20642688727937403, -0.28773182695685445, -0.2510090199321146, -0.185742288419523, -0.23942714738229934, -0.26290824323182227, -0.4042373960282915]}