{"L": [-0.16908545002069997, -0.06871490490313702, -0.5670254586927375, -0.16908545002069997, -0.1604852782587824, -0.06871490490313702, -0.20529762267514462, -0.5256327735345125, -0.8680554543567186], "G": [-1.2085979647288834, 0.21737076754339762, -1.3846892237845647, -0.052250763868959466, 0.04667454037442253, -0.06246992905064553, -0.7826292324566023, -0.19435752561427327, -1.685719219448546], "K": [-0.8751148011911816, -1.5740848055272003, 0.6300351771287244, 0.3553341201870922, -0.2953312045743714, 0.21124502948356658, -0.21235696950960756, -0.017782304759913138, -1.5740848055272003], "M": [0.40801468933556523, 0.36662200417734025, 0.04331561380220687, -0.12149463484378539, -0.7583167324309595, -0.28119547771129727, -0.0893099514723841, -0.5364679828146032, -0.05934672809494092], "F": [0.31827525054795125, -0.48335709568521523, 0.3477302298862268, -0.2914715694463021, -0.20715068374626622, 0.02479839277441587, -0.8355396137965777, -0.5345096181325965, 0.8342420014119587], "R": [-0.5271138645654118, -1.6410572168722484, 0.5764267273416577, 0.1977918738650068, -0.6868147074329235, 0.1223707766906888, -0.3188379221383292, -0.061273620255438276, -1.6410572168722484], "W": [-0.05482794422689847, -0.7537979485629173, -0.013435259068673457, -0.45276795289893607, -0.3558579398908796, -0.577706689507236, -0.3558579398908796, -1.0548279442268984, -1.0548279442268984], "H": [0.5588367296831699, -1.2800123610540854, 0.5123793284441684, -0.13388432537584738, 0.322047630273877, 0.2514665559881697, 0.2762901397132018, -0.13388432537584738, -1.2800123610540854], "S": [-0.2533298901960673, -0.42942114925174846, -1.1697838387459925, -0.09060259269836747, -0.09974597213823727, 0.034336143909932386, -0.039450070250986284, 0.3552609682908528, -1.7718438300739547], "C": [-1.1737789072336653, -0.872748911569684, -1.1737789072336653, -1.1737789072336653, -1.1737789072336653, -0.6966576525140028, -0.3956276568500216, -0.27068892024172175, -1.1737789072336653], "V": [-0.29010728512080347, 0.010922710543177724, -0.21755661797219175, -0.11401602606512222, -0.3537763649901807, -0.08846192159273407, 0.4978038025519963, 0.15986172355524417, -1.3314999702790284], "N": [0.1420518781947553, -0.9371293678528694, 0.17681398445396718, -0.21013063991660721, -0.052522786554939103, -0.016310613900494444, -0.09203132783861276, -0.3350693765249071, -1.414250622572532], "P": [-1.643641585673766, 0.75081009515245, -1.643641585673766, 0.07236175796103295, -0.07543986160677119, -0.3648879847209372, -0.5296982333669293, -0.8654903352901224, -1.643641585673766], "Q": [0.3697693589472345, -0.2652908924836532, -0.5898019839971572, 0.05801549789148022, 0.17195885019831697, 0.16352568266145417, 0.1091680203388615, 0.2688688632063734, -1.544044493436482], "T": [0.03427821078369083, -1.3367896514880453, -1.035759655824064, -0.20645588299303927, 0.015392866623317066, 0.14751018785874045, 0.2429939451287648, 0.3707805246098909, -1.6378196471520263], "I": [-0.06477220606374536, -0.33583897835028337, 0.3688833548748267, -0.06477220606374536, -0.020568543571691914, 0.11131905299193583, 0.34540225902530386, -1.034808982686302, -1.5119302374059644], "E": [0.1385771768031639, -0.5863285616272547, -1.0013019095980724, 0.26351591341146385, 0.5224445572134918, -0.047059400158747704, 0.30404945984855114, 0.16895980579688477, -1.7002719139340914], "D": [0.4544827032757875, -0.06839604200454996, -1.06839604200455, 0.21791069683872488, 0.3682965556595042, 0.12658056121150502, -0.46633605067658757, -0.5041246115659873, -1.5455172967242121], "A": [-1.022929241789892, 0.4334367913391507, -0.3239592374538735, -0.08843079054632454, -0.4208692504619298, -0.15369752205891601, -0.1655967453586238, 0.2512286074737875, -1.721899246125911], "Y": [0.4562629181151428, -0.8795291838080501, 0.29656207524763084, -0.4535604515357692, -0.15253045587178798, -0.35665043852771267, -0.35665043852771267, -0.27746919248008783, 1.3601872847718115]}