{"L": [-0.07201866540379828, -0.03819422301779663, -0.24406994665773943, -0.42623535342561386, -0.3506369931949968, -0.21303571291777065, 0.0447255925892301, -0.46793398750942133, 0.7461702160531042], "G": [-0.49309747590855396, -0.5449291141814223, -0.5449291141814223, 0.14414201189037606, 0.0721598675116597, 0.23424041212452623, -0.48770244402184787, -0.4467974562555847, -2.3961874629004973], "K": [0.12198713145480304, -1.5855830446431332, -0.2889178543816021, -0.0942213508088606, -0.008091244805907925, -0.41532132924817583, -0.0942213508088606, -0.3114251953794534, -1.9835230533151706], "M": [0.1746677006032761, -0.03742121172392405, 0.20942980686248802, -0.5145424664435864, -0.5656949888909678, -0.2055435411083299, 0.022576717951361392, -0.3548416235760745, 0.41011962659054896], "F": [0.6773582691913312, -0.8927953434731856, 0.3897512464967823, -0.18902645625539818, 0.004220495806564677, 0.23574751740393945, -0.13523062387131954, -0.3556761590782378, 0.7304539469247148], "R": [-0.0032205972760394, -1.205397424645962, -0.4764641969325, -0.42210653460990727, 0.04117149293546562, -0.12621617859833725, 0.05671450498764952, -0.5126763695869447, -2.3515254603241997], "W": [-0.35032283970803213, -1.7652961876788498, -0.4228735068566439, -0.8110536782395251, 0.1537819046972238, -0.8110536782395251, -0.5348472663005761, -1.2881749329591876, -0.5611762050229252], "H": [0.17387225127840006, -1.9904806045060366, 0.030708694563901084, -0.07666675212232033, 0.33585525642271435, 0.14623996265036968, 0.36554525268708565, -0.13314810807476857, -1.2123293541223934], "S": [-0.0008694450236014124, 0.030905526542032616, -0.08091153274436226, -0.1057351164693944, 0.02419295887896568, 0.15816936344451546, 0.10539889149300502, 0.3756231911935226, -2.482312073525906], "C": [-1.8842471506856167, -1.185277146349598, -0.6054935497327879, -1.5832171550216356, -1.03914911067136, -0.6801271680296921, -0.9811571636936731, -0.805065904637992, -1.8842471506856167], "V": [0.088365554764026, 0.23678538722184883, 0.22637570022008446, -0.3095744539080116, 0.1635068230099107, 0.14414016608222516, 0.14836348443931133, 0.27504988731713137, -0.2860933580584886], "N": [-0.40871552238968445, -1.1704763565851586, 0.16308286390574242, -0.010775513717646845, 0.13295970884470085, 0.008820042345733891, 0.005614902470522503, -0.3323271765262297, -2.1247188660244833], "P": [-1.8769885744060553, 0.2670664526493173, -0.7743262325089076, 0.5874016035086851, 0.2803674410350137, 0.029705536854713385, 0.06253067821256306, -0.40471982248080496, -1.7520498377977554], "Q": [-0.6312634464905332, 0.30299446501722416, -0.31003006473826517, -0.15414219177087085, -0.20918975810177629, -0.22920687162366352, 0.08394375671617106, -0.006539470526627168, -2.254512736888434], "T": [-0.1664443026592056, 0.058252289829976954, -0.1255714194563949, -0.24448416964802125, 0.003894627507384215, 0.18953120446929586, 0.1609146317271247, 0.31916506228597563, -1.7462278992760154], "I": [0.18414169957603893, 0.19590281046182925, 0.4579370325566469, -0.3085846284741995, 0.06540324907230981, 0.18753464247337834, 0.08295288858870759, -0.28790002961434846, -0.2681559714185913], "E": [-1.0885208626521237, -1.8086801660580805, -0.42846892434647454, 0.2114738655802523, -0.3315589113384182, -0.3854342921212727, -0.3035301877381746, 0.19240421523413928, -1.9336189026663804], "D": [-1.255985540176164, -1.9549555445121825, 0.1539475831551305, 0.34824051290830604, -0.20676751750598235, -0.19908068883969138, -0.4566449907225823, -0.6649209331496647, -2.2559855401761637], "A": [0.15869711744863654, 0.6402499869673739, 0.28196227016737035, 0.035979840834294584, 0.06594306421173783, 0.05618322692258154, 0.07951587140101174, 0.3988622042892006, -0.7333974852418438], "Y": [0.5743554285244351, -0.3950208240439469, 0.30209717543047837, -0.3769226019511507, -0.10807728965857079, -0.2158603332605891, -0.18062795680718252, -0.12759942936104585, 0.536025690640518]}