{"L": [0.10355502479365543, 0.7673817956130901, -0.4026512032935284, -0.5567481686430418, 0.10002415589852219, 0.2707646965701022, -0.05109582533721487, -0.16203713010120263, 0.677469058215924], "G": [-0.2617076535435807, -0.9928623412510007, -0.9928623412510007, 0.01046560209792671, -0.4255644561822503, -0.5157410865313383, -0.9928623412510007, -0.07742191587262791, -1.629684438838175], "K": [0.1838056676566775, -1.9951712796364918, -1.0920812926445482, -0.2027795901382381, 0.004828720363507994, -0.36170282405690546, -0.01744767434764426, 0.28358232131633687, -1.6941412839725107], "M": [0.006233370421660375, 0.3848682238983113, -0.19412646336095762, -0.5773432152122888, -0.2093664299176944, -0.0767408646431035, -0.17940320654025121, -0.22516069710092637, 0.09166356574628674], "F": [0.5178908778226803, -1.5576560835698503, -0.09525808567089444, -0.460746070561794, 0.2519036310654173, 0.499248767766622, 0.11903752605501602, 0.04979893964481808, 0.010545640497144527], "R": [-0.24259975543967122, -2.06214369098154, -1.4600836996535775, -0.4939419669145449, -0.48236009436472976, -0.5997456930825839, -0.5180756466312643, 0.051799661325296814, -1.4600836996535775], "W": [-0.47591441833618997, -1.4759144183361899, 0.11515018869030912, -0.09570317662458404, -0.24546549695791617, -0.17488442267220883, 0.05556449870606502, -0.7769444140001711, -1.4759144183361899], "H": [-0.09903884383541457, -1.701098835163377, -0.37887954042945765, -0.02900097722765946, 0.06975317647876725, -0.09903884383541457, 0.39232284999885814, 0.2673841133905581, -1.701098835163377], "S": [0.037518617195027686, -1.0789869518764095, -0.6488622598329705, -0.07898695187640951, -0.3178690407915462, -0.5116890668076591, -0.2106590711436779, -0.01974403577097223, -2.192930304183246], "C": [-1.2938353856789755, -1.5948653813429567, -1.5948653813429567, -1.5948653813429567, -0.9928053900149943, -1.2938353856789755, -1.2938353856789755, -1.2938353856789755, -1.5948653813429567], "V": [0.1477806842681502, 0.4306833992944845, -0.2542758905987195, -0.38151858211658374, 0.4391439489745362, 0.34950408112351666, 0.3081113959652915, -0.16712571487981936, 0.7599645485158907], "N": [0.08374099569425038, -1.8353370966818232, -0.2790345959145362, 0.10418215593679493, -0.10294333685885503, -0.2790345959145362, 0.056757506008656845, 0.13314585187211156, -1.8353370966818232], "P": [-1.5876068050633951, -1.286576809399414, 0.5961374182208113, 0.2912977974100649, 0.049215292523779035, 0.04586165051619123, 0.21630530746466975, -0.7425087650491384, -2.0647280597830577], "Q": [-0.17273927804751982, -0.5849197258341676, -0.4880097128261113, -0.10779847111450522, -0.16579041809219197, -0.15895099356188652, 0.0519023717530066, 0.2252007306245177, -1.4880097128261112], "T": [-0.1724153960888363, -0.6117480899190988, -0.91277808558308, -0.19558326114086222, -0.22005703052406278, -0.013583142474660685, 0.05836517439444617, 0.2243951074422314, -1.1046636118219932], "I": [0.26288294089397757, 0.45614937284927626, -0.07568421508398768, -0.32023285479552055, 0.48028305256599574, 0.473523468918699, 0.0881725875546819, -0.4416550176809834, 0.27380916451659354], "E": [-1.2182684010514393, -1.422388383707364, -0.38896462822041433, 0.5230802014244555, -0.1528754394894478, -0.6162084097234769, 0.04595894670479319, 0.21108007187222236, -2.1213583880433826], "D": [-1.9666037708335038, -1.0635137838415603, 0.9739127140990632, 0.5261566181933335, -0.2262410813392601, -0.39840204676650887, -0.25903359473556753, -0.5194457394912847, -1.9666037708335038], "A": [0.08232356149066027, -0.48977320645985883, -0.6958276888929833, -0.13014849553003038, -0.07479985848904093, -0.3436451707816208, 0.015376771860047071, -0.06380447418757776, -0.4354155441372662], "Y": [0.49642093662667547, -1.476706916973023, -0.24625799559474917, -0.4555176179030849, -0.06173356900220516, 0.28672107658991414, 0.054772000069231996, 0.20453432040256406, -1.3006156579173418]}