{"L": [-0.14753489113630558, -0.8701688136701178, -0.2996258737882203, -0.04539235119457222, -0.2813370880759106, -0.15751911204290642, 0.06432963757344985, -0.30906743002106185, 0.7967233973964184], "G": [-0.09454651174148783, -0.881652604778058, -0.29338089793572886, 0.11288449952043987, 0.0076490977282523565, 0.20869363872761018, -0.17728756855533287, -0.05638880974877309, -1.1826826004420392], "K": [0.32252701674889384, -1.2751681691766181, 0.23268770251921259, 0.17815017087041932, 0.2664110747699625, 0.16258239364376964, 0.03446199824928039, 0.017087902179857683, -0.394354576895827], "M": [-0.14412966130178612, -1.1583701004163964, 0.05470472489245478, -0.3344613594720776, -0.7324013681441153, -0.29306867431385253, -0.20412759097707145, -0.23755134646402118, 0.37310881662585865], "F": [-0.2813504723426896, -0.99255493309572, -0.21440368271207633, -0.3191390332320893, -0.19420029662378943, -0.13868296877395805, -0.7584717270623519, -0.607204051731703, 0.3637441512104746], "R": [0.40136918420676326, 0.008107437812496477, 0.5054320786204458, -0.23493061087379807, 0.1969355182711102, 0.3480554995068472, -0.04547539026013527, -0.22819722821482955, -0.6261372368868672], "W": [-0.9777600574926726, -1.153851316548354, -0.278790053156654, -0.3409379599054984, -0.4548813122123352, -0.278790053156654, -0.7559113078763163, -1.4548813122123352, -1.153851316548354], "H": [0.03593761459527706, -0.9810957247035031, 0.09078628260262205, -0.026853215264178422, 0.15244318366671417, 0.027504447058414278, 0.044210140561266945, -0.16155178916163457, -0.7769757420475785], "S": [0.31806128136544315, -1.1718971980593915, -0.019608853676335008, 0.06614890506940393, -0.041563429564385364, 0.04558674615451478, 0.1783508202747713, 0.38198582858448293, -1.0927159520117664], "C": [-1.2728022795551206, -1.5738322752191019, -1.2728022795551206, -1.5738322752191019, -1.5738322752191019, -1.5738322752191019, -1.0967110204994395, -0.9717722838911397, -1.0967110204994395], "V": [-0.09306408130982788, -0.07354194160735286, -0.1813249852093711, -0.15752207053674638, 0.07462663571942194, 0.06778721118911646, 0.07800637637080261, 0.15774836424184507, 0.03560252781771519], "N": [-0.16109147678262503, -1.2122439992300063, 0.024545100179286627, -0.043451978915824564, 0.04302850587329971, -0.11533398622194989, 0.14948383678758653, -0.17085131407178122, -0.9692059505437117], "P": [-1.1985969136449461, 1.1158722395744172, -0.4754932295922079, 0.38605732634320505, 0.46145502466070304, 0.10859339072385354, 0.14382576717726012, -0.31130119383623434, -0.929751601352366], "Q": [-0.3420378700939564, -0.9027051762636936, 0.0893258940650308, 0.02902999217777974, -0.03561284254326913, -0.12455392588005021, 0.09729482373630612, 0.12408800032424272, -0.9027051762636936], "T": [-0.016683716067525226, -0.8337530324815385, -0.2670210034953191, -0.10337456389389554, -0.1293879962588135, 0.11134609751791659, 0.23163992908045303, 0.23163992908045303, -0.9239296628306264], "I": [-0.008893618399457652, -0.464825574049182, -0.07313451465414594, -0.21301360105538245, 0.0018302469923153633, 0.08801639460859871, 0.03740640125351151, -0.21301360105538245, 0.04225890404792358], "E": [-1.100325281919528, -1.0211440358719033, -0.2138345567470462, 0.03639528523687866, -0.36793152209655955, -0.6853519339487101, -0.2941453079356409, -0.017539911603077996, -0.8698763605412541], "D": [-1.1004726246953922, -1.3435106733816866, -0.1194958620088227, -0.031756812325932415, -0.282812833028075, -0.37736894064265414, -0.36578706809283895, -0.5476306560376114, -0.9913281552703241], "A": [0.3478694018668152, -0.36607775843885637, 0.3267537057937321, 0.06837908405894368, 0.011586294258869728, 0.011586294258869728, 0.05123365430092624, 0.3252054172308715, -0.5198926227833853], "Y": [-0.15464381518518705, -1.7567038065131493, -0.1656391994866503, -0.2515538281932435, -0.4556738108491682, -0.5014313014098435, -0.41428112569094316, -0.3949759704955566, -0.5014313014098435]}