{"L": [-0.3771444359493034, 0.492239694550706, 0.002361209373293872, -0.27798418743083625, -0.23935478507470537, 0.08564236634616991, 0.3486187449746519, 0.06116155649994467, -1.0733034629514937], "G": [0.0005882132099371836, -0.9199309239786375, -0.1919972237073023, 0.09042752743961857, 0.010368031382071978, 0.027604201453700704, -0.25199515338258766, -0.013113064467450938, -1.9052076671579312], "K": [0.5649960635361774, -1.3164519985169232, -0.017841476976355058, 0.18567152517279473, 0.2192639714685864, -0.2433449001814917, -0.03897012462773169, 0.15905777204615973, 1.123582018811573], "M": [-0.04838625442605233, 0.3159255767821366, 0.08078953512550231, -0.3139995928675771, -0.26459473668971595, 0.0657753911660556, 0.20308496179710492, -0.05698642618796985, -1.3879796452293942], "F": [-0.44401322752507427, -0.5544257109367777, 0.43924251448189733, -0.05502806150596317, 0.049060536129216764, 0.23870269541651862, 0.15915324715785756, 0.06718781676686356, -1.2591480441618879], "R": [0.5018111280729021, -1.4082479935870034, -0.19936422113501476, -0.16448065088902217, -0.01960358433853471, -0.23045694965342786, -0.021696573844378463, -0.050985949946366044, 0.374561750318239], "W": [-0.9732863962723025, -2.052467642319927, 0.13222378849767127, -0.14937765532798386, 0.047902902797635406, -0.20120929360085213, -0.3622715622914138, -0.4189991867403409, -1.751437646655946], "H": [-0.05754397110705928, -1.3234095497077893, 0.027699310299509425, -0.04720313776884048, 0.1817404286121165, -0.09867511185394495, -0.16706234884786542, -0.08452746079265276, 0.2601670359261597], "S": [0.10325529930568507, -0.04275631914041144, 0.03940233919282842, 0.09324400015099085, 0.018684842974183977, -0.01820442418364146, -0.010571635769010192, 0.04675777182479931, -1.8152410187276584], "C": [-0.7912073636150883, -0.849199310592775, -0.320160256607619, -0.5086607736451202, -0.46384842922875785, -0.40056659368455, -0.490177367951107, -0.43105591583245045, -1.870388609662713], "V": [0.007320065476472034, 0.5078170686874929, -0.4370450656815771, -0.17077717627680775, 0.08750083896622346, 0.23493431060508926, 0.07569404824788052, -0.11297376608606431, -1.006920373638138], "N": [-0.6876144510647719, -1.0316790789539547, 0.2939733916183582, 0.0973122016655419, 0.11702637961209376, -0.031679078953954984, -0.1447185922625471, 0.22559940884694968, -1.508800333673617], "P": [-1.1641600290471328, -1.4651900247111138, -0.4680950153545211, 0.1918658281459899, 0.2612654955471962, 0.0705259452743958, -0.22630793579597716, -0.05695005939926438, -1.641281283766795], "Q": [-0.2561268825217374, -0.2052244576809816, -0.46250294548188636, 0.04037917138219756, -0.10393362870912311, -0.02581034781783202, -0.2363328220828873, 0.2111322396587603, -1.4277408392226743], "T": [-0.12357598426618117, 0.41991898612994455, -0.2643914829733192, -0.04217327822459833, 0.007005174997065848, 0.09693441457791295, 0.0797080126034023, 0.026353340292205686, -1.7903613052307985], "I": [0.05980397411605232, 0.45657179724003905, -0.11511825467277731, -0.24005699128107724, 0.05272292895748118, 0.30133434516970675, 0.36664790509264866, -0.2615966691371869, -1.3634418998207554], "E": [-0.9736357424263311, -1.7948216250351767, -0.7684926863128275, 0.14156643534707802, -0.2051512230002828, -0.5740599710600345, -0.6410067606906477, -0.02305047128930885, -1.9989416076911015], "D": [-1.095998963475022, -1.5889144853779162, -0.10858809078304266, 0.18275463747780674, -0.28547841994805684, -0.6566662696447595, -0.7302436381743858, -0.5563852605509965, -2.5431569948172412], "A": [0.28820883378179984, -0.3339326706206278, 0.17808814707150136, -0.006889242591728686, -0.08405519740402793, 0.01446034231944685, -0.05489696866281455, -0.017108407773414717, -1.573410908540702], "Y": [-0.3858071880668066, -1.0118674557985354, 0.6754993342111137, -0.17819887756506048, 0.045383584860296346, -0.0709889079171921, -0.19592764452549205, 0.12571680633640886, 0.5427868665886785]}