{"L": [0.2915550112464264, -0.9388939101318474, 0.021338962996664847, -0.0224399615819224, 0.10740610952112165, 0.1447878371424538, 0.13114395647590762, -0.2979158527735154, -0.23992390579582867], "G": [-1.358617666551637, -0.7565576752236747, -0.40437515711231226, -0.07986406559880818, -0.06858305518911913, -0.06858305518911913, -0.9606776578795994, -0.2979198261980254, -0.8814964118319746], "K": [-0.5937707388549479, -1.2469832526302915, -0.16780200658266675, -0.343893265638348, -0.10085521695205357, -0.24698325263029153, -0.4018852126160347, -0.24698325263029153, -1.0708919935746104], "M": [0.6656948334740055, -0.9083364342537132, 0.04590607518561159, -0.30627644292575085, -0.0332751708620132, -0.0954230776108577, -0.0052464472617696845, -0.5103964255816756, -0.06323839423945649], "F": [0.7498399543433624, -0.8094680565636501, 0.5884719521083874, 0.09362193042829346, 0.31274782170917653, 0.4969569709870373, 0.23192462859457494, -0.2975846955847757, -0.03131680618000648], "R": [-0.7118956726473772, -1.6149856596393206, -0.20001231166850283, -0.20001231166850283, -0.2725629788171145, -0.46885762396108277, -0.43889440058363943, -0.20001231166850283, -0.9160156553033018], "W": [-0.12566640000202722, -1.0287563869939707, 0.1473348720617104, 0.22651611810933522, -0.329786382657952, -0.12566640000202722, 0.29346290773994843, -1.0287563869939707, -0.329786382657952], "H": [0.27753811322109734, -0.6518808124931953, 0.23742089001311495, 0.1932172275210614, -0.10781276814291973, -0.2539408038211577, 0.04708919184282345, -0.10781276814291973, -1.2539408038211577], "S": [-0.2986142414988079, -0.8426822858490834, -0.21429335579877193, -0.06453103546543988, -0.22725833296313958, -0.17757054877403206, -0.2686510181213646, 0.23649896019854127, -0.7457722728410271], "C": [-0.24461736300879405, -1.1477073500007375, -0.8466773543367564, -0.24461736300879405, -0.369556099617094, -0.3026093099864809, -1.1477073500007375, -0.44873734566471885, -1.1477073500007375], "V": [-0.08794446883219453, -0.3277048077572531, 0.1716928416735616, -0.08794446883219453, 0.19288214074349969, 0.20645494793277355, 0.3803133255561628, 0.24479994000899324, 0.5838732894602094], "N": [-0.007967823627998315, -1.3881790653396042, 0.19160453127720575, 0.2028855416868948, 0.009760943332433264, -0.2420510296613663, 0.0742189325593518, -0.04575638451739809, -1.087149069675623], "P": [-0.7144800414488949, 1.1251551028638596, -0.2558421924232457, 0.2212790622964167, 0.3067092576210431, 0.2457528316796173, 0.18177052101274313, 0.14585796512209875, -0.2558421924232457], "Q": [-0.5179729362035543, -0.8190029318675356, -0.1377616944919485, -0.10299958823273651, -0.02661124236928177, 0.03832956456373279, -0.2627004311002484, -0.08660917204456718, -0.915912944875592], "T": [-0.21380808124706133, -1.1346268351994364, -0.009688098591136467, -0.1346268351994364, -0.1065981115991929, -0.19677474194828093, -0.0932341500412114, 0.19443188406478826, -0.4356568308634176], "I": [0.17689915150853716, -0.4444659950148119, 0.1862391777626806, 0.005503013661235765, 0.2994711548377301, 0.40623592251744345, 0.42795517221067975, 0.05820936417723869, 0.22171149592489944], "E": [-0.3731703610371825, -1.6742003567011636, -0.49810909764548245, 0.11819133279709015, -0.49810909764548245, -0.5950191106535389, -0.18283866286689104, 0.13197961728272342, -1.6742003567011636], "D": [-0.5652032300519598, -1.5194457394912846, -0.47805305433305967, 0.1707503405372289, -0.1972264447573654, -0.34335448043560346, -0.2889968181130107, -0.5652032300519598, -1.5194457394912846], "A": [-0.6958276888929833, 0.1035128605605983, -0.014586451517396183, -0.04261517511763968, -0.11604409227617324, -0.17731374901509583, -0.03306985721140932, 0.28644354414658496, 0.8213682090569908], "Y": [0.42529597437770633, -1.330578881294785, 0.35066235608080204, 0.031148954722807758, -0.008359586560865799, -0.10012995991651118, -0.05182528034195615, -0.28918619613656005, -0.4274888943028414]}