{"L": [-0.17227170793760735, -2.4689368981991384, -0.06410318157920042, -0.09235994114262651, -0.09602489522903185, 0.05089109557658032, 0.14701315345726254, -0.05396355022832045, -0.032774251158382395], "G": [0.16518577223332453, -2.2866006632909657, -0.37278681090724897, 0.047853087859965254, 0.11993951714298953, -0.08520353897051422, -0.6238428316093916, -0.2822792895083231, -2.2866006632909657], "K": [0.1867615866479727, -1.8739362537056388, -0.035087162968383594, -0.06437653907037118, 0.11283548056060594, -0.031951449115525006, -0.09578500332199529, 0.3641098494231564, -2.17496624936962], "M": [-0.17356159931146775, -1.8363194309930415, -0.0038105182868055283, -0.38916139965082247, -0.3449577371587691, -0.0038105182868055283, -0.08813140398684134, -0.3178054911151543, -0.4049556668340545], "F": [0.10764698671127823, -2.03848104896696, 0.336267297043144, -0.013175183702189602, 0.323246787050633, 0.3798202423527856, -0.18114855253569132, -0.09896179634834133, -0.08423853952763494], "R": [0.0985054541254502, -1.0378186780587433, -0.4785106671517308, -0.4094297480084318, 0.12727719669547474, -0.20451216277404452, -0.027094812666970277, 0.05909133494931306, -2.241938660714668], "W": [-0.064644781042819, -1.6557093880693179, -0.27549814635771214, -0.5095813523910802, -0.27549814635771214, -0.4515894054133933, -0.5765281420216933, -0.8106113480550613, -1.6557093880693179], "H": [0.0485251208177876, -1.880893804896505, 0.11033227079598981, -0.218135973214931, 0.23304954741033168, -0.017570944776049202, 0.032920047487211564, 0.005596920275976821, -1.880893804896505], "S": [0.14971895958994538, -2.3727252739163744, -0.1272126061022246, -0.07387219750666778, -0.06952921649588555, -0.08046920255989838, -0.06309510649047567, 0.11157456543041136, -2.3727252739163744], "C": [-1.4736303554121037, -1.7746603510760848, -1.4736303554121037, -1.7746603510760848, -1.7746603510760848, -1.7746603510760848, -1.2975390963564224, -1.1726003597481225, -1.4736303554121037], "V": [0.009626638900865007, -2.233411409785429, 0.19309985157914578, -0.026585533753579672, -0.11283747857957951, 0.19472338424335944, 0.2214334502230808, 0.13207657510547033, 0.8621066325377214], "N": [-0.6001587184441337, -2.0151320664149517, 0.18352502053947092, -0.019496871817401833, 0.12474701998628478, -0.07561281379633317, 0.18626505790549971, 0.0817779465931047, -2.0151320664149517], "P": [-2.2445230295161855, -2.2445230295161855, -0.9223037347822666, 0.28439367076146876, 0.1428667968225435, 0.0034502368456207147, -0.006476926387390498, -1.165341783468561, -2.2445230295161855], "Q": [-0.05502082583950391, -1.2998278972646449, -0.21550701156460908, 0.09562331100369789, -0.0019111370248067363, 0.14954028888269105, 0.18952781387202905, 0.1834536661598358, -2.1449259372789014], "T": [0.08558136430324645, -2.238701090994446, -0.08641274661138977, -0.15234126031969808, -0.06843937559948883, 0.09775864285408323, 0.13604725501565762, 0.32477999439996436, -1.1973084058362211], "I": [0.05450565349979188, -2.112811681248384, 0.37855001258588844, 0.05745003414657312, -0.044625819502222566, 0.2673995604632218, 0.18385350901314682, -0.27396259051112887, 0.9865235964375735], "E": [-0.5687595979535425, 1.154148413880565, -0.22927135047038566, 0.303072695307959, -0.12796708936423704, -0.3143816235102662, -0.053180091414704395, 0.09154359548315472, -2.301153357776511], "D": [-1.8453687449026508, -0.3682474901829884, 0.14806748559496077, 0.23381250114497396, -0.12109287530186187, -0.5129302849870455, -0.3682474901829884, -0.8676451396138031, -2.146398740566632], "A": [0.35936438640550106, -2.3227806899683308, 0.14408693038577872, -0.0974714082424679, -0.1438037426751613, 0.005598913470406947, 0.005598913470406947, -0.11326567542569979, -0.8314189961340579], "Y": [0.21565438604214157, -1.9575318823701322, 0.3769218687807984, -0.2762906449945452, -0.0332525963082508, -0.2499617062721961, -0.22513812254716392, -0.05990479107969097, -1.35547189104217]}