{"L": [-0.845097132547934, -0.24303714121997164, 0.10914537689139081, -0.5440671368839528, -0.14612712821191523, 0.1549028674520659, -0.14612712821191523, -0.3679758778282715, 0.49732554827427217], "G": [-0.36173090197578006, -0.6627608976397612, -0.6627608976397612, 0.18233714237449555, 0.03620910669625753, -0.36173090197578006, -0.6627608976397612, -0.06070090631179889, -0.6627608976397612], "K": [0.05093350760954664, -0.5511264837184157, -0.2500964880544346, 0.05093350760954664, -0.5511264837184157, -0.5511264837184157, -0.5511264837184157, -0.5511264837184157, 0.05093350760954664], "M": [0.8667015807057873, 0.8667015807057873, 0.9336483703364005, -0.2124796653418374, 0.264641589377825, -0.2124796653418374, 0.48649033899418137, -0.2124796653418374, 0.08855033032214377], "F": [-0.11361128765177422, -0.4146412833157554, 0.5853587166842444, -0.4146412833157554, 0.18741870801220695, 0.5396012261235693, 0.3635099670678882, -0.11361128765177422, 0.9277813975064507], "R": [0.7041203996704555, -0.6180988950634637, 0.461082350984161, -0.3170688993994825, 0.22699914495079307, 0.16005235532017986, -0.016038903735501365, -0.6180988950634637, -0.6180988950634637], "W": [0.2691603732458674, -0.03186962241811378, 0.667100381917905, 0.4452516323015486, 0.9223728870212111, 0.2691603732458674, 0.8712203645738298, -0.03186962241811378, 0.2691603732458674], "H": [-0.2570540392453007, -0.2570540392453007, 0.04397595641868047, -0.2570540392453007, 0.04397595641868047, -0.2570540392453007, 0.521097211138343, -0.2570540392453007, -0.2570540392453007], "S": [0.2053570011741548, -0.14682551693720763, -0.7488855082651699, 0.029265742118473652, 0.09621253174908682, 0.029265742118473652, 0.09621253174908682, 0.09621253174908682, -0.7488855082651699], "C": [-0.15082058542488058, -0.15082058542488058, -0.15082058542488058, -0.15082058542488058, -0.15082058542488058, -0.15082058542488058, -0.15082058542488058, -0.15082058542488058, -0.15082058542488058], "V": [-0.6095716441342249, 0.3446708653050998, -0.6095716441342249, -0.6095716441342249, 0.2355263958800319, 0.08939836020179376, -0.30854164847024373, -0.00751165280626258, -0.30854164847024373], "N": [-0.3912923007637472, -0.3912923007637472, -0.3912923007637472, 0.30767770357227153, -0.3912923007637472, 0.30767770357227153, -0.09026230509976609, -0.3912923007637472, -0.3912923007637472], "P": [-0.6206832638649814, -0.6206832638649814, -0.6206832638649814, 0.2824067231269621, -0.31965326820100026, -0.018623272537019092, 0.07828674047103731, 0.7015360308689377, -0.6206832638649814], "Q": [-0.5210861716276974, 0.5203065135305276, -0.5210861716276974, -0.04396491690803498, -0.5210861716276974, -0.5210861716276974, -0.5210861716276974, -0.22005617596371624, -0.5210861716276974], "T": [-0.6148613253432418, 0.46431992070438294, -0.3138313296792606, -0.012801334015279444, 0.230236714671015, 0.08410867899277692, -0.3138313296792606, 0.08410867899277692, -0.6148613253432418], "I": [-0.48897191559717984, -0.18794191993319867, -0.48897191559717984, -0.18794191993319867, 0.1130880757307825, -0.01185066087751742, 0.1130880757307825, -0.48897191559717984, 0.5110280844028201], "E": [-0.3762835964613254, -0.3762835964613254, -0.6773135921253066, 0.22577639486663686, -0.6773135921253066, -0.6773135921253066, -0.3762835964613254, -0.20019233740564424, -0.6773135921253066], "D": [-0.5225589749154276, -0.5225589749154276, -0.5225589749154276, -0.22152897925144652, -0.5225589749154276, -0.22152897925144652, -0.5225589749154276, -0.5225589749154276, -0.5225589749154276], "A": [-0.22181966959746383, 0.07921032606651733, -0.3979109286531451, 0.34245176084109874, 2.9080018892496335e-05, -0.09688093298916393, -0.09688093298916393, 0.47715033473855484, -0.6989409243171263], "Y": [0.6663078832810719, 0.4444591336647155, 0.5693978702730154, -0.33369211671892807, -0.33369211671892807, 0.1434291380007344, 0.4444591336647155, -0.032662121054946876, 0.36527788761709074]}