{"L": [-0.3378421757511306, -0.10936284723576116, -0.2213366066796935, -0.27569426900228616, -0.07157428634636133, -0.09005769204037459, 0.22031232987775, -0.30565749237972933, 0.4403090746325129], "G": [-0.5704792888137757, -0.9684192974858135, -0.9684192974858135, 0.14552405482102332, 0.221912400684478, 0.16191447100919265, -0.22805660799156965, -0.19026804710216977, -1.2694492931497945], "K": [-0.011686843550211096, -1.157814879228449, -0.3796636288448054, 0.16440441550547014, -0.5557548879004867, -0.45884487489243025, -0.8567848835644679, -0.3796636288448054, 0.2039129567891437], "M": [0.7828919304760915, 0.4818619348121103, 0.8242846156343165, -0.12019805651585197, 0.08392192614007275, 0.02592997916238596, 0.08392192614007275, -0.21710806952390843, 0.5232546199703353], "F": [0.4557915758938736, -0.4192696874978264, 0.5807303125021736, 0.1247983568524492, 0.25742392212704013, 0.4838202994941171, 0.25742392212704013, 0.209119242552485, 0.6946736648090103], "R": [0.5234007364327031, 0.09743200416042211, 0.3434144334934978, 0.07624270509048406, 0.3066916264687579, 0.237610707325459, -0.1833946054152721, -0.3216973035815535, -0.1833946054152721], "W": [0.1395932324554965, -0.6385580179281471, 0.4753853343786896, 0.31568449151117767, 0.31568449151117767, 0.4028346672300778, 0.4753853343786896, -0.33752802226416595, 0.060411986407871675], "H": [-0.08559118437169042, -0.863742434755334, -0.3866211800356716, 0.09050007468399072, 0.3123488243003471, 0.03934755223660947, 0.4150111661974949, 0.03934755223660947, -0.863742434755334], "S": [0.006153932242389452, -0.5774226533915597, -0.753513912447241, -0.07682030282237441, -0.24163055146836662, 0.09158412756701573, 0.1495760745447025, 0.12154735094445902, -1.3555739037752033], "C": [-0.45647898527093284, -0.7575089809349139, -0.7575089809349139, -0.45647898527093284, -0.45647898527093284, -0.7575089809349139, -0.45647898527093284, -0.28038772621525154, -0.7575089809349139], "V": [-0.17486735448603333, 0.23089799169796085, -0.21626003964425838, -0.5172900353082396, 0.10595925508966086, -0.21626003964425838, -0.21626003964425838, 0.08476995601972279, 0.18167996902777922], "N": [-0.9979806962737805, -0.9979806962737805, -0.39592070494581827, 0.11596265603305611, -0.39592070494581827, 0.2572918088295253, -0.04373818683445583, -0.39592070494581827, -0.9979806962737805], "P": [-1.2273716593750148, 0.45386957800057237, -0.38227361936075804, 0.20399210478397242, -0.1134283070681781, -0.38227361936075804, 0.02790084572829113, 0.5050221004479536, -1.2273716593750148], "Q": [-1.1277745671377308, -0.013831214830894042, -1.1277745671377308, -0.1277745671377308, -0.6506533124180683, -0.22468458014578718, -0.173532057698406, -0.8267445714737496, -1.1277745671377308], "T": [-0.2215497208532752, 0.4219029556329121, -0.6194897295253128, -0.2215497208532752, 0.008899200524998641, 0.2836002574666307, -0.07542168517503725, 0.008899200524998641, -1.221549720853275], "I": [-0.25056227109295637, -0.09566031110721322, 0.08043094794846803, -0.49360031977925084, 0.26606752491037955, -0.0542676259489882, 0.10845967154871151, -0.31750906072356955, 0.3022796975648244], "E": [-0.5850319832993212, 0.2957816089814701, -1.28400198763534, 0.09620925407626599, -1.28400198763534, -0.9829719919713589, -0.5850319832993212, -0.3297594781960152, -1.28400198763534], "D": [-1.1292473704254609, -1.1292473704254609, -0.17500486098613627, 0.1495062305273679, -0.4302773660894422, -0.4302773660894422, -0.6521261157057985, -0.6521261157057985, -1.1292473704254609], "A": [-0.19168596752032294, -0.05035681472385373, 0.09231068884487788, 0.07458192188444629, 0.05609851619043307, -0.3056293198271597, -0.026875718874330736, 0.3756119175484275, -0.19168596752032294], "Y": [0.6616794790990009, 0.013861997210363389, 0.6724033444907741, -0.09528247221470464, 0.2357107468267198, 0.013861997210363389, 0.2637394704269633, 0.2637394704269633, 0.5067775191132577]}