{"L": [-0.4878442126451127, -0.014357242580544358, -0.12142125541913998, -0.2703602684312065, -0.19780960128259467, -0.1922771126826337, 0.18655760020016904, 0.013899516982881764, 0.08618705508260611], "G": [-0.3055079777369399, -0.5096279603928646, -0.7614399333866643, -0.10138799508101518, 0.016711316996979322, -0.15169311339241098, -0.2263267316893151, -0.15937994205870185, -0.460409937722683], "K": [0.7542947979115372, -0.9508355151292999, 0.6402290918971992, 0.11788029724015983, 0.04916448487070002, -0.09696355080753803, -0.3979935464715192, -0.14272104136821318, 0.7380925509125782], "M": [0.26698913283381054, 0.07419218027527656, 0.07419218027527656, -0.20201423166367238, -0.09555890074938563, -0.07707549505537246, 0.13377787025952073, -0.2531667541110537, 0.019834517952683917], "F": [-0.3806947537880675, 0.04812182135703989, 0.38194433041732845, 0.11140365690124764, 0.13989219471268513, 0.3936300887425232, 0.17306055796533976, 0.4124336525652288, -0.006235840965552874], "R": [0.6354045873009956, -0.5841523655357758, 0.6113102975876504, -0.09205395484646067, 0.06651295922568788, -0.0055734700573363445, -0.2194532900024174, -0.19080810855288743, -0.3715442726543321], "W": [-0.431578653828998, -0.23528400868502983, -0.431578653828998, 0.02435330182072635, -0.19749544779563005, 0.20044456087640752, 0.045542600890664406, -0.4985254434596112, -0.6746167025152924], "H": [0.16089672101113228, -0.8028911063344228, 0.17938012670514542, -0.1401332746528489, -0.010499416836169093, 0.1316073449091447, 0.1316073449091447, -0.024739855950779314, -1.2008311150064603], "S": [-0.27768923605551193, 0.11011114126564576, -0.23026458612737377, 0.047700105467913895, 0.12357871596545311, 0.09972910547192394, -0.2612988198673426, 0.0437339182503125, -0.7632436583120372], "C": [-0.2494996211717836, -0.9185064021303592, -1.0945976611860404, -0.07340836211610241, -0.4925376698580781, -0.16517873547174777, -0.16517873547174777, -0.44138514741069673, -1.3956276568500214], "V": [-0.42301495140037876, 0.49586930277479674, -0.4926508795417731, -0.13837537192456695, 0.12789251748020233, 0.037715887131114297, -0.034834780017497395, -0.02830391285853962, 0.4840777780452387], "N": [-0.5569181261412636, -0.6818568627495635, -0.06789764812189335, 0.23896189120281167, 0.16324117726469328, 0.1562923173093655, 0.03599848574682906, 0.22722348793156755, -1.158978117469226], "P": [-1.5644603396261414, -0.7193622996118845, -0.8240976501318974, 0.16389344239508705, -0.008157838858854089, -0.014231986571047312, 0.3163532526546499, 0.0483235170935941, -1.1665203309541035], "Q": [-0.6519498907460017, 0.22974195154471141, -0.26074326473293247, -0.0846520056772513, -0.16383325172487612, -0.18610964643602831, 0.07295584768441676, -0.03349948322987007, -1.4648632473888572], "T": [-0.2364191063704824, 0.4944400423790179, -0.5172457159461766, -0.14366505313358383, 0.03795869452205846, 0.1737553587185667, -0.34115445689049545, 0.0036544633520729126, -0.9054258873290579], "I": [-0.13171899569435846, 0.24849224601724743, -0.03480898268630217, 0.11747936169675435, 0.20574026559629752, 0.15271173815016095, 0.3734309826255474, -0.03480898268630217, 0.4335383477258551], "E": [-0.7460294044947664, -1.1439694131668041, -1.4449994088307851, 0.08647950821146982, -0.2886522079708612, -0.40360672367256023, -0.3780526192001721, -0.013635644671798, -1.2231506592144288], "D": [-0.9222680063263118, -1.4663360506765875, -0.6212380106623306, 0.14111897253808098, -0.3694260376685311, -0.5632460636846439, -0.3523926983697508, -0.4249433655183625, -1.7673660463405687], "A": [0.07328534355651292, -0.01946870968038574, -0.29053548196692375, -0.004228743123648926, 0.04747807995022743, -0.18032000217933014, -0.08042513562181151, 0.04302373852397737, -0.046120904451826], "Y": [-0.14713542398508186, 0.26034990259318613, 0.16968883886213126, -0.05998524826618168, 0.04475010225383139, 0.3245907988478745, 0.14577668145671988, 0.25400972456216714, 0.4707188345261124]}