{"L": [-0.7029217474249512, -1.548019787439208, -0.09317492743069793, -0.15356810661299186, 0.008282713328079139, -0.06657715893690314, 0.0647640692805273, -0.19777176910504532, 0.7471072978129829], "G": [-0.25847358288316696, -1.4114410430917104, -0.36568355253103535, 0.08456555578832568, 0.06406872747137254, -0.08465018528330782, -0.8885622978113729, -0.3528463278258631, -2.0646535568670537], "K": [-0.5728079012341026, -0.5464789625117535, -0.7488991602897839, 0.07433046482904787, -0.20872615982303241, -0.07795787955400856, -0.47589788822604623, -0.06092454025522829, -2.2540491386096897], "M": [0.23072571544512646, -0.6601298151298054, 0.13381570243707003, -0.20783214413517515, -0.09585838469124286, -0.1092223462492243, -0.04617060050213533, -0.22520624020459787, 0.25778394817916245], "F": [0.18128913820267709, -1.3394126878233859, 0.29236918512426496, -0.1398403329181818, 0.19418992284872472, 0.075560660147432, -0.0002926425512653243, -0.4015605945722304, 0.17469213314944645], "R": [-0.45769868983428186, 0.6037744458431743, -0.8296598561204651, -0.19068778145973167, -0.44596028656303777, -0.20707819764790109, -0.434530824782256, -0.24913954264861246, -2.3210215499547378], "W": [-0.21627833743150038, -1.7347922773093878, -0.19072423295911223, -0.4125729825754686, -0.3198189293385699, -0.5043433559311139, 0.021082578363103458, -1.7347922773093878, -0.8317022903174442], "H": [0.5853304223292493, 1.3770830321839498, 0.3496534732893239, -0.04616284175285816, 0.07344706135037486, 0.10072114621703686, 0.401751141881018, -0.04616284175285816, -1.6589466984725934], "S": [0.08094621583605355, -1.3378648108496072, 0.15778624606877587, -0.02529690179186891, 0.05739435917465874, 0.015059457197665245, -0.20877011447014973, 0.30254017255457466, -1.4518081631564441], "C": [-0.8995007308768299, -1.8537432403161547, -0.5527132446521735, -1.008645200301898, -0.8123505551579295, -0.8995007308768299, -0.45580323164411707, -0.17250200294056747, -0.5984707352128487], "V": [-0.41486720773505764, -1.358251789586174, 0.03189797465961151, -0.10566842299364937, 0.19938906195337522, 0.29173175405897095, 0.30450604209539983, 0.24621427150766656, 0.24380820174178816], "N": [0.3306666809760455, -1.0528222704967962, 0.08476199163814804, -0.02975696642810298, 0.045664130746215066, 0.01637475464422758, 0.12589313238503366, -0.23688245922375295, -2.094214955655021], "P": [-1.5454546683726118, -0.4045278263801817, -0.7921270017140004, 0.2975703630187796, -0.1167800427244059, 0.10127571787481134, -0.04944806949257578, -0.5677310630837642, -0.9433946770446494], "Q": [0.24285879383513784, 0.07702116914500959, -0.0198888438630468, 0.05014902274470825, 0.03606256146610324, 0.09821046821494772, 0.22930951352806608, 0.1320170306741511, -2.2240088265189715], "T": [0.28644207284995404, -1.472685940220259, -0.13594039228974344, -0.18106341307810925, 0.087049736385422, 0.043943855783076906, 0.06423306234035239, 0.23244437282057814, -0.7495822561675209], "I": [-0.2051228362222091, -1.0457665348102159, 0.13851920286073682, -0.05201548408721752, 0.11773559693744476, 0.3370221297892007, 0.19727151387607852, -0.0713206392826041, 0.21803855284284052], "E": [0.250191628008443, -0.8617223071386931, -0.14978732563830685, 0.17847232351658487, -0.08138317060687414, -0.2833262340085243, -0.012880325990561811, 0.09398001705967443, -2.3802362470165805], "D": [-0.026824542852279185, -1.7483603750870391, 0.4130076271479355, 0.3047180683963802, -0.04079019898910303, -0.27609162316178903, -0.23425555411420695, -0.5533837718709843, -2.2254816298067017], "A": [-0.059440898386194235, -0.9105018853741277, 0.14958641876447465, -0.05551060475776187, -0.0004630384268564094, -0.030795716936664257, -0.04013574319080763, 0.32077034332541177, 0.28477269005389283], "Y": [0.24668645709334738, -0.7813422665068961, 0.1565098267442594, -0.33764476727418335, 0.004777913548022902, -0.13352478461825862, 0.17822907643749564, -0.3123389020094131, -1.2584635212265585]}