{"L": [-0.4401206957214809, -1.5193019417691058, 0.13197607222903815, 0.017256500802424243, -0.12136193309706823, 0.03214805620376932, 0.48329603895080275, -0.20543472139995245, 0.5569743136351117], "G": [0.36026363589878446, -1.7349057155329706, -0.5735377132979957, 0.16546141312349952, 0.21933679390635413, -0.116857618820878, -0.6557244694853458, 0.258530514964641, -1.7349057155329706], "K": [0.2575422906691662, -1.4471800425559438, 0.10100456798916385, 0.09688800179433171, 0.22491781537977354, -0.12496074782202468, -0.28084862078941886, 0.19627263393024347, -0.8451200512279814], "M": [-0.18771447022699042, -1.1085332241793655, 0.19249677148461558, -0.20544323718742205, -0.15429071474004077, -0.04158643454875243, 0.24042032380179829, -0.28462448323504685, 0.43137886039975226], "F": [-0.17503224015321062, -1.7878160968729457, 0.6048808563867196, 0.0695163995583224, 0.15666657527722255, 0.16642641256637877, 0.04469281583329024, -0.5090624959201171, 0.722728913333666], "R": [0.42868203986910347, 1.1956826268447578, -0.4472056642703787, -0.26699783901986535, -0.11621244522895434, -0.2837035325227179, -0.07745985623693773, -0.05677525737708666, -0.5933336999486167], "W": [-0.3258631899276796, -1.4050444359753043, 0.2481680778000392, 0.057353561923651646, 0.04211359536691483, -0.6268931855916607, -0.6268931855916607, -0.7060744316392855, -0.7060744316392855], "H": [0.21486918721176548, -1.630228852802491, 0.20228005990374495, -0.16783085490353522, 0.1479223975811523, -0.25001761109088527, -0.45413759374681, 0.03252897887908275, -0.1388671589682186], "S": [0.21037813809324468, -1.2769622818081037, -0.2769622818081038, -0.05017831451623533, -0.09675445655759043, -0.011470611523111664, -0.10502698252358031, 0.23204811732504022, -1.2769622818081037], "C": [-1.0468741442624088, -1.5239953989820711, -0.9219354076541086, -0.9219354076541086, -1.5239953989820711, -0.7458441485984275, -0.7458441485984275, -0.9219354076541086, -1.22296540331809], "V": [-0.3806864663634532, -1.6817164620274343, -0.02850394825209077, -0.22687160201892423, 0.034286881607364754, 0.26767354461747833, 0.17561603440383397, 0.03844284137852245, 0.2047742631450474], "N": [-0.4422478195870186, -1.7644671143209378, 0.29999087490598053, -0.016279087314737487, 0.006384897321206176, -0.04019124472014889, -0.11125460054559422, -0.001039120758000664, -1.7644671143209378], "P": [-1.993858077422172, -1.993858077422172, -1.993858077422172, 0.3524948970284664, 0.02733122164776596, 0.17640363797278524, 0.03956567806477748, -0.9524653922639471, -0.8477300417439341], "Q": [0.11857623952028414, -0.3031963781583888, -0.638988480081582, 0.055129021460024734, 0.13916277030206153, 0.1739248765612735, -0.0021663824944076412, 0.13916277030206153, -1.4171397304652256], "T": [-0.16196133619960607, -1.9880361389004324, -0.12471327877997665, -0.27203279526563334, -0.03864613225551968, -0.03864613225551968, -0.11880441916945628, 0.19094080839273694, -0.9880361389004324], "I": [-0.1631767248183517, -1.1631767248183518, 0.2484429811448785, -0.0426027936125018, 0.09689466316672309, 0.41888663809335697, 0.26170491181271527, -0.38502547443470797, 0.0920957802849544], "E": [-0.6355150577116793, -2.050488405682497, -0.9713071596348724, 0.02869284036512756, -0.14739841869055373, -0.4377045489627618, -0.34291822958456086, 0.09563962999574076, -1.7494584100185158], "D": [-1.1967637841365995, -1.8957337884726182, -0.32753206440562327, 0.17981317291991242, -0.18816361237468196, -0.594703792808637, -0.7817904361657815, -0.2144925510970311, -1.8957337884726182], "A": [0.2267373385353896, -0.4488664474764164, -0.10363278932038184, -0.2659357638904298, -0.21478324144304856, -0.059278513169144766, -0.32392771086811656, 0.038473972424931974, -0.2727751884207353], "Y": [0.0007032458218177092, -1.4058369346121373, 0.5853891410803572, -0.07339847469653217, 0.092473619177463, -0.02562569290053147, -0.2017169519562127, -0.16279888592584307, 0.6111964046866427]}