{"L": [-0.9822703255732456, -0.20411907518960193, -0.9822703255732456, -0.9822703255732456, -0.20411907518960193, 0.27300217953006045, 0.09691092047437924, -0.3802103342452832, 0.017729674426754407], "G": [-0.49890409500109156, -0.7999340906650728, -0.7999340906650728, -0.021782840281429197, 0.15430841877425203, -0.3228128359454103, 0.10315589632687072, 0.10315589632687072, -0.7999340906650728], "K": [-0.6882996767437273, -0.6882996767437273, 0.08985157363991629, 0.26594283269559754, -0.08623968541576489, -0.6882996767437273, 0.010670327592291536, -0.08623968541576489, -0.6882996767437273], "M": [-0.0486228627031678, -0.34965285836714893, 0.25240713296081335, -0.34965285836714893, -0.0486228627031678, 0.6045896510721759, 0.4954451816471078, 0.12746839635251342, 0.6045896510721759], "F": [0.050245514986895376, -0.551814476341067, -0.07469322162140454, -0.551814476341067, 0.29328356367318986, 0.4895782088171579, -0.551814476341067, -0.551814476341067, 0.7269391246117619], "R": [-0.7552720880887753, -0.7552720880887753, -0.2781508333691128, 0.02287916229486834, 0.28612059706944964, -0.7552720880887753, 0.02287916229486834, 0.08982595192548155, -0.7552720880887753], "W": [-0.16904281544342536, -0.16904281544342536, -0.16904281544342536, 0.308078439276237, 0.13198718022055578, 0.433017175884537, 0.13198718022055578, -0.16904281544342536, 0.8723498697147997], "H": [-0.09319723660663107, -0.39422723227061224, -0.09319723660663107, -0.09319723660663107, 0.5088627547213312, -0.39422723227061224, 0.4508708077436446, 0.08289402244905017, -0.39422723227061224], "S": [-0.4089374465708191, -0.10790745090683794, -0.18708869695446276, -0.4089374465708191, -0.8860587012904815, -0.5850287056265003, 0.15533398386774339, 0.31806128136544315, -0.8860587012904815], "C": [-0.2879937784501922, -0.2879937784501922, -0.2879937784501922, -0.2879937784501922, -0.2879937784501922, -0.2879937784501922, -0.2879937784501922, -0.2879937784501922, -0.2879937784501922], "V": [-0.44571484149555535, 0.7584051411603694, 0.4573751454963882, -0.7467448371595364, 0.031406413224107026, 0.3324364088880882, -0.14468484583157415, -0.7467448371595364, -0.7467448371595364], "N": [-0.05134423906939641, -0.5284654937890588, -0.5284654937890588, 0.07359449753890353, 0.24968575659458475, -0.5284654937890588, 0.24968575659458475, -0.22743549812507763, -0.5284654937890588], "P": [-0.757856456890293, -0.757856456890293, -0.4568264612263118, 0.41823480216538816, -0.4568264612263118, -0.757856456890293, -0.15579646556233068, -0.15579646556233068, -0.757856456890293], "Q": [-0.6582593646530089, -0.6582593646530089, -0.6582593646530089, -0.3572293689890278, 0.040710639683009836, -0.6582593646530089, -0.6582593646530089, 0.11989188573063458, -0.6582593646530089], "T": [0.09306352164570339, 0.766479421509334, -0.7520345183685534, -0.14997452704059105, -0.05306451403253462, -0.05306451403253462, -0.45100452270457225, 0.2893581667896716, -0.7520345183685534], "I": [-0.6261451086224914, 0.5779748740334333, 0.8362528892764646, -0.3251151129585102, 0.07282489571352738, 0.6960741861114278, 0.1520061417611522, -0.6261451086224914, -0.3251151129585102], "E": [0.8576110727850992, -0.8144867851506182, -0.8144867851506182, 0.4642668158022107, -0.11551678081459942, -0.8144867851506182, -0.33736553043095574, 0.03061125486363857, -0.8144867851506182], "D": [0.5163590911149419, -0.6597321679407392, -0.6597321679407392, 0.41944907810688553, -0.18261091322107684, -0.358702172276758, -0.6597321679407392, -0.6597321679407392, -0.6597321679407392], "A": [-0.5350841216784566, -0.8361141173424379, 0.39433480403583593, -0.2340541260144755, -0.35899286262277547, -0.8361141173424379, 0.06697586964950568, 0.33997714171324334, -0.8361141173424379], "Y": [0.22810469459177918, -0.4708653097442397, 0.13119468158372272, -0.4708653097442397, 0.22810469459177918, 0.13119468158372272, -0.4708653097442397, 0.13119468158372272, 1.1725873667419477]}