{"L": [0.09654673220825498, 0.2476429190936736, -0.9974582901563942, -0.24413062349778275, -0.1735495492120755, 0.26181695740058575, 0.006145834112431082, -0.9974582901563942, 0.08472846603095578], "G": [-0.8529106161376213, -0.4793299533250283, -0.9912133143039027, -0.002208698605365873, 0.07417964725808876, 0.014181717582803476, -0.338000800528559, -0.6638543799175723, -1.8943033012958463], "K": [-0.6065776283188195, -1.7826688873745007, 0.5139963028870304, -0.4209410513569078, -0.07509871127656437, -0.291307193540228, -0.1014276499989135, -0.7034876413268758, -1.7826688873745007], "M": [-0.04608206032588481, 0.620435920228996, 0.5004606031522462, -0.3300787166910857, -0.08229423298032956, 0.12417965506907258, 0.17922722139997804, -0.6658708186142788, 0.46979178338579414], "F": [0.751756321700197, -0.30376100614963425, 0.33153991831700724, -0.1548219931375678, 0.13914614803892653, 0.13914614803892653, -0.4420637043159157, -0.41573476559356654, 0.9718644097402522], "R": [-0.8082486135613237, -1.8496412987195487, 0.3378794221169143, -0.6735500396638675, -0.2698577021027386, -0.2263920083216483, -0.2933387979522615, -1.2475813073915862, -1.8496412987195487], "W": [-0.2634120260741987, -0.6613520347462364, -0.1494686737673621, -0.08732076701851756, 0.2551019138036887, 0.3163715705426113, -0.41831398605994197, -1.2634120260741986, -0.9623820304102174], "H": [-0.1875664472374045, -1.4885964429013856, 0.12418741381834973, -0.1268686068837928, 0.164616070873958, -0.44720375774316073, 0.2103735614346331, -0.1268686068837928, 0.07960528116560929], "S": [-0.11710505180079919, 0.08775794982490659, -0.6582086171873357, -0.11710505180079919, -0.04592946067768732, -0.051008986206962315, 0.14342372904583067, 0.3397183741897989, -1.980427911921255], "C": [-0.479273002089022, -1.0813329934169844, -1.3823629890809654, -0.42812047964164074, -0.42812047964164074, -0.5372649490667087, -0.3031817430333408, -0.5372649490667087, -1.3823629890809654], "V": [0.22334394143660846, 0.06197593920163357, 0.06737097108833973, -0.08523919211781865, 0.13660955749853773, 0.039699544490481346, 0.17591929150847027, 0.11312846164901486, -0.3787160498913539], "N": [-0.5088913521129955, -0.7197447174278886, 0.030377809355511397, -0.04305110780302217, 0.22842364429924294, -0.1457134497001699, 0.030377809355511397, -0.30061540968591305, -1.6228347044198321], "P": [-1.3751044128014038, -1.8522256675210662, -0.4050676361788473, 0.41494606088194724, 0.2683482636847833, -0.08137365587892235, -0.180127809585349, 0.09225700462910204, -1.3751044128014038], "Q": [-0.8495385882918388, -0.1615639682572832, -0.5485085926278577, -0.19632607451649517, -0.11916011970419593, -0.49735607018047634, 0.12243268810791756, -0.07138733790819525, -1.7526285752837822], "T": [-0.21293527341974033, -0.02032892629850048, -0.7324603766924901, -0.21293527341974033, -0.13040038536452778, 0.3238579863956304, 0.27086756665643735, 0.022827990731649275, -1.8464037289993267], "I": [0.2965190200455154, 0.48900069528936607, 0.6219083615689412, -0.15231259518626986, 0.2662574150129799, 0.2288756873916479, 0.14280854086719103, -0.7205143192532648, -0.9423630688696212], "E": [-0.8674633106231666, -1.9088559957813913, -1.9088559957813913, 0.28980109117303093, -0.40370601746148566, -0.6078260001174104, 0.05018539653970188, 0.5044437682998602, -1.9088559957813913], "D": [-1.7541013785715125, -1.7541013785715125, -1.7541013785715125, 0.5223604256017313, -0.07286014119592549, -0.32273761441252535, -0.7127086934132877, -0.2917033806725566, -1.7541013785715125], "A": [0.16642668503484503, 0.5867125699767629, 0.042644525626487344, -0.02199830909456165, -0.08538528795895456, -0.07315083154194293, 0.07811684378870619, 0.451533714601657, -1.9304833279732114], "Y": [0.7314306698865181, -0.7201364803607562, 0.25430941516685557, -0.24301522564109376, -0.033755603332757976, 0.06823393520457346, -0.4512911680681763, -0.1672945117029754, 1.107786386753883]}