{"L": [0.14172326489074155, -0.7876956608235511, 0.07760576527899261, -0.00954441043990757, -0.3353979898289209, 0.06762154437239168, -0.02177886685691919, -0.9637869198792324, -0.7876956608235511], "G": [-0.9063894215793596, -1.383510676299022, -0.5384126362847652, 0.1216393020208839, -0.0032994345874160945, 0.03146267167179585, -1.383510676299022, -0.20741941724334081, -1.383510676299022], "K": [-0.3176337529383516, -1.2718762623776765, -0.1579329100708398, 0.05034303235624266, -0.06775627972175174, -0.1579329100708398, -0.06775627972175174, -0.4267782223634196, -1.2718762623776765], "M": [0.10816324115712682, -0.9332294440010981, -0.2342594396650794, -0.9332294440010981, -0.9332294440010981, -0.2342594396650794, -0.6321994483371169, -0.2342594396650794, -0.9332294440010981], "F": [-0.0939983768167912, -1.1353910619750163, 0.3270069359239398, 0.040700197080665, 0.09505785940325763, 0.26254894669702133, -0.13539106197501624, -0.6582698072553538, -1.1353910619750163], "R": [0.09251509043626276, -1.3388486737227243, 0.09251509043626276, -0.13472869106679977, -0.29745598856449945, -0.49375063370846767, -0.5606974233390809, -0.2596674276750997, -1.3388486737227243], "W": [-0.7526194010773746, -0.7526194010773746, 0.2016231083619503, -0.4515894054133933, -0.27549814635771214, -0.4515894054133933, 0.09247863893688221, -0.7526194010773746, -0.7526194010773746], "H": [0.10137742814306328, -0.9778038179045614, 0.34441547682935775, 0.2526451034737124, 0.10137742814306328, -0.0747138309126179, 0.10137742814306328, 0.06358886725366357, -0.9778038179045614], "S": [0.32970526252915083, -0.9925140322047683, -0.23918636554615696, -0.022477255582211624, 0.007485967795231601, -0.1272126061022246, -0.21436278182112473, 0.3432780697184247, -1.1686052912604494], "C": [-0.8715703640841413, -0.8715703640841413, -0.8715703640841413, -0.8715703640841413, -0.8715703640841413, -0.39444910936447897, -0.26951037275617906, -0.26951037275617906, -0.8715703640841413], "V": [0.22598107797380146, -0.7282614314655234, 0.2607431842330134, -0.2889287376352608, 0.21374662155678986, 0.28246243392624965, 0.4178666042127146, 0.17482855552642018, 0.6041770284500819], "N": [-0.33389082903936446, -1.112042079423008, 0.11840684195526582, -0.2089520924310645, 0.03408595625522999, -0.33389082903936446, 0.06404917963267318, -0.33389082903936446, -1.112042079423008], "P": [-1.0404030468602612, 1.193861077518528, -0.16534178346856104, 0.45790750692933946, 0.5036649974900145, 0.366137133573694, 0.4781108930176263, -0.11098412114596841, -0.8643117878045798], "Q": [0.11989188573063458, -1.241835950286958, -0.03771596763103351, -0.03771596763103351, -0.1626547042393334, -0.5428659459509394, -0.46368469990331457, -0.03771596763103351, -1.241835950286958], "T": [0.14151015071715978, -0.7335511126745402, -0.1595198449468214, -0.10516218262422877, 0.026116732015090217, 0.04460013770910334, 0.11154692733971654, 0.20845694034777293, -0.557459853618859], "I": [0.22164206990254667, -1.2097216942564406, -0.06359365857820262, -0.431570443872797, 0.2673995604632218, 0.34658080651084655, 0.25267630364251537, -0.431570443872797, -0.6076617029284782], "E": [-1.3980633707845673, -1.3980633707845673, -1.3980633707845673, 0.01690997718625047, -0.2219721117288862, -1.0970333751205863, -0.07584407605064826, 0.214720485935168, -1.3980633707845673], "D": [-1.2433087535746885, -1.2433087535746885, -1.2433087535746885, -0.06721749451900723, -0.766187498855026, -0.4651575031910448, -0.3402187665827449, -0.9422787579107073, -1.2433087535746885], "A": [0.18236928835157523, -0.6415394525927435, 0.24306712870518687, 0.04270729492256891, 0.08545927534351883, 0.18236928835157523, -0.057962866958794296, 0.5148077482671805, 0.9902424203549074], "Y": [0.14967808727773588, -1.0544418953781887, 0.45070808294171705, -0.054441895378188845, -0.5773206406585264, -0.5773206406585264, -0.35547189104217003, -1.0544418953781887, -1.0544418953781887]}