{"L": [-0.04509752196545414, -0.36060534099805824, -0.024247382992334057, -0.292608261902947, 0.03585998210797368, 0.07536852339164726, 0.12980551615229108, 0.13688656131086224, -0.0468810747058714], "G": [-0.33107302101993685, -0.3156526621524431, -0.27702325979631215, 0.033150115307538766, -0.11661220502579335, -0.1532411003879544, -0.6373672566762754, -0.3363372610122941, -1.7730298586763482], "K": [0.6396345509089782, -1.2934186594604085, -0.6471550056403925, 0.19392176044094003, -0.19899744685604678, -0.23003168059601553, -0.4061229396516967, 0.09447941091748853, -1.4395466951386464], "M": [0.2335538743888627, 0.08662084407439492, 0.18690185316815786, -0.43814204508049404, -0.11862864372249968, -0.0838665374632878, 0.10322010589385662, -0.014540046087319956, -0.10089987676206819], "F": [0.03139225641494469, -0.5706677349130177, 0.3033198703746187, -0.25384347206580465, 0.2047943769598447, 0.07351546232052578, 0.2556470757971795, 0.11191185323483173, 0.7538433566004863], "R": [0.3568037536367613, -1.2512466013803882, -0.7003391324998073, 0.04493089148918068, -0.4346370991775691, -0.2610064386695447, -0.614424503793214, 0.02495981055856063, -1.2054891108197132], "W": [-0.20428649020354533, -0.9202898338383445, 0.18692013580952382, -0.12789814434009067, 0.0434979935072107, -0.15686184027540725, 0.36751189609188145, -0.20428649020354533, 1.5013140930314863], "H": [0.10979825443777468, -1.3673230002818877, -0.14547425066553143, 0.018878605118905656, -0.06629300461790662, 0.14232747926469458, 0.3373993329432223, 0.06404076387709952, -1.2423842636735878], "S": [-0.1995551568650128, 0.5987274274322352, 0.0685579925985184, -0.07859714915223508, -0.18398737963836317, -0.09822962089262423, -0.16018446496573838, 0.03479213825031665, -1.4911776840071627], "C": [-0.7839682917418053, -0.5340908185252052, -0.12542694446139474, -1.4371808055171489, -0.291052769838911, -0.32323745321031216, -0.437180805517149, -0.482938296077824, -1.1361508098531676], "V": [0.0435873883921251, 0.2609200368435177, 0.20443868089106954, -0.0010622074812407817, 0.33579251910202307, 0.22628401404633328, 0.1105341780227383, 0.012553154652156406, -0.6058972528639753], "N": [-0.5807425078479592, -0.9372898313617718, 0.32881352139321596, -0.029292509875084048, -0.07019749764134713, 0.11473916864223814, 0.016952678077553126, 0.08950334522616478, -1.9786825165199968], "P": [-1.4299222292375873, -0.9070434839572497, -1.166680794463006, 0.387422742204343, -0.22130174535498623, -0.040756144873054956, -0.06505867936713604, -0.6517709788539437, -1.9070434839572494], "Q": [-0.3160846978856931, -0.6171146935496743, -0.38420051778315795, -0.036594380077821634, -0.18419710132206532, 0.23787658706669165, 0.10371121702001079, 0.1295697157448484, -1.3303251370003033], "T": [-0.20225154109949145, 0.5087115778957843, 0.06492018730352232, -0.04691550363442964, 0.11789474501156251, 0.05060148988040168, -0.026160282043810167, 0.2820482982472944, -1.6001915497715289], "I": [0.32331159012760863, -0.023283687870009694, 0.3769562086936082, -0.07204075757078685, 0.3369376327278224, 0.2203030589081017, 0.034227578945819584, -0.18987140618094753, -0.05105626608865919], "E": [-0.9029759718639632, -1.3616138208896125, -0.6519199511618208, 0.09513167445833173, -0.002252718151126724, -0.22727730994093262, 0.14522931544973824, 0.0616320530471952, -1.6626438165535937], "D": [-1.0685565055134523, -1.1099491906716772, 0.11015889736837782, 0.12557925623587166, 0.05440366511275985, -0.06855650551345224, -0.22913559839088588, -0.4471913589901031, -1.507889199343715], "A": [-0.1016397092557771, 0.4038649399551377, 0.16391796824598517, -0.04828503694458052, -0.07681612553074499, -0.09599944190308446, -0.031058634970069804, -0.18252741911741904, -1.172387787766539], "Y": [0.1994915987306722, -0.7749542967969395, 0.11634416546544596, -0.29783304207727707, 0.0031969535867040744, 0.013416118768390078, 0.1994915987306722, 0.108301445210032, 0.5730722615432651]}