{"L": [-0.24919744992479007, 0.14874255874724757, -0.24919744992479007, -0.37413618653309, -0.006159401238495654, 0.05183254573919112, 0.4604964198030017, 0.14874255874724757, -0.8512574412527524], "G": [-0.6689212063445796, -0.9699512020085608, -0.12485316199430405, 0.10923004403906393, 0.2061400570471203, 0.07144148314966413, 0.26049771936971294, 0.07144148314966413, -0.9699512020085608], "K": [0.4427132075767658, -0.8583167880872153, -0.1593467837511965, 0.34580319456870934, -0.0801655377035717, -0.8583167880872153, -0.8583167880872153, -0.8583167880872153, -0.8583167880872153], "M": [0.48033003028936294, -0.0425487149909746, -0.21863997404665586, -0.0425487149909746, 0.17930003462538177, -0.0425487149909746, 0.08239002161732531, 0.3834200172813065, -0.21863997404665586], "F": [-0.11977159635659268, -0.11977159635659268, 0.5086173336937188, 0.12326645232970172, 0.5334409174187509, 0.5334409174187509, 0.12326645232970172, 0.6003877070493641, 0.48228839497136966], "R": [0.18865415287457338, -0.9252891994322634, -0.2263191950962445, 0.028953310007061465, -0.2263191950962445, -0.32322920810430095, -0.2263191950962445, -0.2263191950962445, -0.9252891994322634], "W": [0.13806132793274903, -0.3390599267869134, 0.13806132793274903, 0.26300006454104896, 0.6609400732130865, -0.03802993112293221, 0.8370313322687677, -0.3390599267869134, -0.3390599267869134], "H": [0.0378156477138621, -0.5642443436141001, 0.0378156477138621, 0.0378156477138621, -0.08712308889443787, 0.0378156477138621, 0.0378156477138621, -0.5642443436141001, 0.2139069067695433], "S": [-0.01468312747574467, 0.19919669246933638, -0.277924562250326, -0.5789545579143072, -0.7550458169699884, -0.01468312747574467, -0.15298582564202606, -0.01468312747574467, -1.0560758126339695], "C": [-0.4580108897936802, -0.4580108897936802, -0.15698089412969904, -0.15698089412969904, -0.4580108897936802, -0.15698089412969904, -0.4580108897936802, -0.15698089412969904, -0.4580108897936802], "V": [0.2293660871752134, 0.4811780601690129, -0.21779194416700579, -0.13861069811938098, -0.43964069378336207, -0.07166390848876779, -0.13861069811938098, -0.3147019571750622, -0.43964069378336207], "N": [0.07966864525109667, -0.39745260946856564, 0.2557599043067779, 0.30151739486745305, -0.22136135041288452, -0.0964226138045845, -0.0964226138045845, 0.00048739920347189684, -0.6984826051325468], "P": [-0.9278735682337811, -0.9278735682337811, -0.6268435725698, -0.3258135769058187, -0.14972231785013745, 0.1513076778138437, -0.2289035638977623, -0.0827755282195243, -0.9278735682337811], "Q": [-0.828276475996497, -0.3511552212768347, -0.3511552212768347, -0.3511552212768347, 0.12596603344282778, -0.828276475996497, -0.828276475996497, -0.3511552212768347, -0.828276475996497], "T": [-0.31999163838407907, 0.7311608840633022, -0.1439003793283979, -0.018961642720097874, -0.1439003793283979, 0.3789783659519397, -0.4449303749923791, 0.07794837028795852, -0.9220516297120415], "I": [-0.31904096524631703, 0.2038377800340205, 0.2038377800340205, -0.1941022286380171, 0.3177811323408573, 0.04893582004827729, -0.018010969582335876, -0.018010969582335876, -0.7961622199659795], "E": [-0.030261387054781444, -0.683473900830125, -0.08141390950216269, 0.056888788664118714, 0.015496103505893697, -0.683473900830125, -0.683473900830125, -0.08141390950216269, -0.9845038964941062], "D": [-0.3526280245645649, -0.528719283620246, 0.4712807163797539, 0.28419407302260946, -0.3526280245645649, 0.07334070770771627, -0.3526280245645649, -0.05159802890058368, -0.8297492792842273], "A": [-0.22797997830228234, -0.5290099739662635, 0.2243176926923479, 0.16996003036975527, -0.7051012330219447, -0.16103318867166916, -0.3071612243499071, -0.16103318867166916, -1.0061312286859259], "Y": [0.6378711798651011, -0.6408824210877276, -0.16376116636806523, -0.3398524254237465, 0.26220756590421584, -0.16376116636806523, -0.038822429759765305, 0.20421561892652912, 1.4005102640704972]}