{"L": [-0.4057644387176713, -0.16840352292306743, -0.21670820249762246, -0.2710658648202151, -0.12493782914197715, -0.06694588216429037, 0.17609216652200402, -0.3679758778282715, 0.4336564684048949], "G": [-0.4197228489534668, -0.7876996342480611, -0.9637908933037425, 0.09690694704986925, 0.226540804866549, 0.19757710893123248, -0.18563964292009877, -0.26482088896772366, -1.2648208889677237], "K": [-0.007058439368140053, -1.153186475046378, -0.5511264837184157, 0.10208603005692796, -0.5511264837184157, -0.5511264837184157, -0.6760652203267156, -0.4542164707103593, 0.16903281968754114], "M": [0.7765249503566993, 0.5278830241524063, 0.8189287989097866, 0.030558383344457016, 0.08855033032214377, 0.030558383344457016, 0.264641589377825, -0.2124796653418374, 0.4642139442830291], "F": [0.5273667697065577, -0.4146412833157554, 0.5147776423985372, 0.06247997140390702, 0.3055180200902014, 0.5147776423985372, 0.18741870801220695, 0.1294267610345202, 0.7391735810287735], "R": [0.550693125250718, 0.1777811222806115, 0.39262497032830934, 0.08087110927255503, 0.2849910919284798, 0.25696236832823627, -0.26591637695210124, -0.5211888820554073, -0.10621553408458931], "W": [0.06504039058994264, -0.15680835902641369, 0.5121984219321618, 0.3660703862539238, 0.3660703862539238, 0.3660703862539238, 0.48001373856076057, -0.33289961808209495, -0.15680835902641369], "H": [-0.2570540392453007, -0.859114030573263, -0.16014402623724425, -0.0809627801896194, 0.31697722848241816, 0.04397595641868047, 0.4833086502489431, -0.014015990559006201, -0.859114030573263], "S": [-0.07219189864030347, -0.30955281443490734, -1.0499155039291512, -0.07219189864030347, -0.3509454995931324, 0.01078233642446047, 0.06402784837768558, 0.08041826456585488, -1.3509454995931323], "C": [-0.4518505810888617, -0.7528805767528429, -0.7528805767528429, -0.4518505810888617, -0.4518505810888617, -0.27575932203318054, -0.7528805767528429, -0.15082058542488058, -0.7528805767528429], "V": [-0.5126616311261686, 0.2033417125086306, -0.2573891260228625, -0.30854164847024373, 0.1500962005554055, -0.21163163546218738, -0.1702389503039623, 0.06712196549064159, 0.2935183428577186], "N": [-0.9933522920917095, -0.9933522920917095, -0.2943822877556908, 0.1205910602151271, -0.14825425207745282, 0.26192021301159635, 0.0066477079082903545, -0.3912923007637472, -0.9933522920917095], "P": [-1.2227432551929438, 0.4400145764886301, -0.31965326820100026, 0.2396547427060122, -0.18135057003471883, -0.37764521517868704, 0.05601034575988504, 0.5406847383699934, -1.2227432551929438], "Q": [-1.1231461629556598, 0.10730275842261412, -1.1231461629556598, -0.08175347779743476, -0.8221161672916786, -0.12314616295565982, -0.22005617596371624, -0.5210861716276974, -1.1231461629556598], "T": [-0.21692131667120423, 0.3512804073957908, -0.5179513123351854, -0.37182327665694737, 0.03835118843210182, 0.2744403771630684, -0.21692131667120423, 0.12550136415100194, -1.216921316671204], "I": [-0.48897191559717984, -0.04963922176691722, 0.1130880757307825, -0.3128806565414986, 0.25139077389706393, -0.13678939748581737, 0.13941701445313165, -0.3920619025891234, 0.3239414410456757], "E": [-0.5804035791172503, 0.25210533358898607, -1.279373583453269, 0.04284571128065021, -1.279373583453269, -0.9783435877892879, -0.6773135921253066, -0.3762835964613254, -1.279373583453269], "D": [-1.1246189662433899, -1.1246189662433899, -0.27952092622913316, 0.07950101641253467, -0.4256489619073712, -0.5225589749154276, -0.5225589749154276, -0.6474977115237275, -1.1246189662433899], "A": [-0.07055199426681477, -0.07055199426681477, 0.09693909302694888, 0.14615711569713052, 0.04142176517711754, -0.25960823048686366, 0.021218379088830525, 0.41500242798971043, -0.3979109286531451], "Y": [0.68749718235101, -0.23678210371087163, 0.6770317486728451, 0.01849040139243442, 0.2683678746090343, -0.1576008576632468, 0.36527788761709074, 0.24033915100879075, 0.42597572797070243]}