{"L": [-0.021639138381911553, 0.22467226040148777, -0.16830868844689562, -0.4312341577787271, -0.2752911398068904, -0.09517487991237782, 0.0071499492559869374, -0.44535880047033344, 0.748547358058256], "G": [-0.6830501041970366, -1.0235886411446915, -0.8143290188363556, 0.12253939453354643, 0.04864374494760546, 0.1606970965262612, -0.7437479445506484, -0.4884754394473423, -2.3458079358786104], "K": [-0.10706872359245768, -1.9331435262932837, -0.3533599296764739, -0.14781369128251703, -0.006286817343591748, -0.23853832735971536, -0.058082262901584004, -0.24740178769102045, -2.234173521957265], "M": [0.19437840785871097, 0.1001084910168629, 0.32718976756689633, -0.390376725260781, -0.4641629394216997, -0.15516401408644312, -0.03819420714941852, -0.37701276370279946, 0.4736891538294558], "F": [0.7988378959349502, -1.01850707550698, 0.3206129697651405, -0.31953707117096136, -0.0042666363923699185, 0.22037501340815654, -0.2525902815403482, -0.26517940884836866, 0.7373677801655111], "R": [-0.21124082186291532, -1.6990859419743507, -0.5229946829186697, -0.3421045409812197, -0.04587342819900728, -0.1488575889192568, 0.07176606966779324, -0.4560478932880565, -2.3011459333023128], "W": [-0.26775862931474415, -1.7149166606569632, -0.19640272077907586, -0.6735239754987382, -0.6357354146093385, -0.8118266736650196, -0.4844677392786894, -0.8118266736650196, -1.413886664992982], "H": [0.10911694518603132, -1.94010107748415, 0.11297736599926947, -0.12718772084129468, 0.3587519989255563, 0.11680377385232232, 0.3673949604290626, -0.0950030374698934, -1.94010107748415], "S": [-0.060864684232283334, 0.048074396453131045, -0.11806532613486621, -0.016959198533201606, 0.01054722256042899, 0.07861246370259252, 0.02138579354301811, 0.2704979899415057, -2.4319325465040196], "C": [-1.2318076323357676, -1.8338676236637301, -0.8338676236637301, -1.3567463689440677, -1.5328376279997489, -0.6877395879854922, -0.9887695836494732, -1.1348976193277112, -1.8338676236637301], "V": [0.13062719156373326, 0.16677380538615633, 0.21658383995802835, -0.3581202311295068, 0.1576304259462865, 0.22720931140264417, 0.2258952575048129, 0.20844057984467693, 0.06531616462737919], "N": [-0.1935257467218055, -1.7733093433386153, 0.20441426195023213, 0.036250371296652165, 0.27396552404556385, 0.05599442949240924, 0.012020491672151442, -0.06150211429742467, -2.0743393390025964], "P": [-2.3037303021038307, 0.19319934596938387, -0.6409724704222569, 0.46859140461908866, 0.19595678051457274, -0.018172993096057317, 0.05988167778831332, -0.3952452832251812, -2.3037303021038307], "Q": [-0.5413753781849728, 0.3247834904111077, -0.09354349956729797, -0.033871494471589665, -0.06111840961245193, -0.06111840961245193, 0.16693465240518923, 0.1480493082448155, -2.204133209866547], "T": [-0.13355550779765435, -0.0523956957679416, -0.1708035652172838, -0.17733443237624158, 0.020154971380670184, 0.1835342649202136, 0.1763079004941638, 0.35336965041605256, -2.297908363582091], "I": [0.22418039325970693, 0.1743340206146092, 0.46446894251733595, -0.3027872341050532, 0.11578277609419659, 0.22243272699018685, 0.19159302605611495, -0.2689289668440858, -0.3269209138217726], "E": [-0.8832393756444937, -1.7583006390361935, -0.40611812092483135, 0.33160447240320406, -0.17283990952769315, -0.3560392565815136, -0.1428766861502499, 0.2909173836339877, -2.360360630364156], "D": [-1.0916626608474402, -2.205606013154277, 0.16360984425586558, 0.4258377558588947, -0.0625912129001822, -0.31351141046379677, -0.4202761781435102, -0.5721375575746908, -2.205606013154277], "A": [-0.13156796024708195, 0.6266122092059415, 0.18503840360308446, -0.07235779513007715, -0.03563498810533725, -0.04552822870744644, -0.04954950264037061, 0.29653041648413797, -0.9506241983969885], "Y": [0.6422256877066572, -1.414679163629815, 0.3561728480123289, -0.6017658069869596, -0.11364916796583406, -0.15341629483732172, -0.21055918097389045, 0.0002941843410027369, 0.35800919105232626]}