{"L": [-0.329481720549863, -2.01072295792545, 0.206760986288456, 0.12281595044476724, 0.19067416639500118, 0.08269872723678474, 0.23725030843635628, 0.07563687274929791, 0.3257367759230792], "G": [0.2987180753475301, -1.5273567273532962, -0.4481754813056715, -0.002311920316451082, -0.07251186734478614, -0.12081654691934113, -0.5731142179139714, 0.20903977492334608, -1.8283867230172774], "K": [-0.12568770206943278, -1.4157223134319508, -0.486303387717658, 0.054099702546212235, -0.30177896112511393, -0.1039684523761965, -0.5706242734176938, -0.17268426474565632, -1.4157223134319508], "M": [0.05325827343963365, -1.3781054907193535, 0.0990157640003088, -0.05588619598543438, 0.11325620311491896, -0.05588619598543438, 0.002105750992252318, -0.26416213841251684, 0.12704448760055229], "F": [-0.0004835120764615597, -1.5802671086932716, 0.4916148986128536, 0.2648309313209852, 0.21907344076030996, 0.21907344076030996, 0.3491518170210211, 0.07294540508207195, 0.8866005116608375], "R": [-0.07615454434304358, 1.2184413413155275, -0.938626680426723, -0.38578471176894236, -0.4826947247769988, -0.18166472911301762, -0.7045434743933551, -0.10248348306539277, -0.8806347334490364], "W": [-0.7203741930759675, -1.1974954477956299, 0.5267804218051589, 0.21747790017518795, 0.20044456087640752, -0.02140418873994879, 0.10353454786835113, -0.3523974077813732, 0.8594094035408425], "H": [0.2675162154056967, -1.422679864622817, 0.05444139009684554, -0.21855988196689213, -0.14392626366998798, -0.3434986185751921, -0.468437355183492, -0.08025718380061067, -1.422679864622817], "S": [0.24082470382237553, -1.914511333642686, -0.1821175738197178, -0.17414864414844247, -0.22431525361417265, -0.12211964414443244, -0.1821175738197178, 0.07226040062355855, -1.914511333642686], "C": [-1.3164464108023968, -1.3164464108023968, -0.5382951604187531, -1.3164464108023968, -0.8393251560827344, -0.617476406466378, -0.8393251560827344, -1.3164464108023968, -1.3164464108023968], "V": [-0.034834780017497395, -1.775197469511741, 0.22043772508580867, -0.034834780017497395, 0.2622290284288824, 0.27402055315844037, 0.22480253048825877, -0.07622746517572242, -0.6290694338335032], "N": [0.011283597925731387, -1.5569181261412635, 0.07655032943832296, -0.09452012824230745, -0.1589781174692259, -0.07979687142160108, 0.09629438763408013, 0.19895672953122784, -1.0797968714216009], "P": [-1.4852790935785163, -1.7863090892424978, -0.8832191022505541, 0.3868771791697762, -0.038121062236297326, 0.11131800204794368, -0.10506785186691052, -1.0873390849064788, -1.7863090892424978], "Q": [0.10567969249304016, -0.5727686446983768, -0.13040949623792636, -0.01461413906949623, -0.023954165323639646, 0.06916285866727769, 0.09861783800555333, 0.09861783800555333, -1.6867119970052136], "T": [0.00484268429000894, -1.7804871507207578, -0.0480933908977896, -0.24900823367850297, -0.09029107069224442, -0.13703447423457066, -0.009635139078613901, 0.22811302104115946, -1.7804871507207578], "I": [0.07779601884827235, -1.654597740974696, 0.3276734920648723, 0.044372263361322675, 0.39462028169548546, 0.3984807025087236, 0.19050029903956076, -0.31217506015248986, 0.19050029903956076], "E": [-0.11866354790203389, -1.8429394175028229, -0.48121158148522997, -0.06478816711917924, -0.1439694131668041, -0.20947096192323636, 0.1570605824971771, 0.1482866581896719, -1.8429394175028229], "D": [-0.4329122951896378, -1.6881848002929438, -0.10840120367613383, 0.08266721134920023, -0.044732123806756514, -0.24102676895072472, -0.03497228651760029, -0.11998307622594895, -1.6881848002929438], "A": [0.19989123953227583, -1.8645667496946425, -0.08641549931099893, -0.2517828929749071, -0.18332551231905536, -0.18332551231905536, -0.35941677137473654, -0.1485634060598434, -1.5635367540306613], "Y": [0.04475010225383139, -1.4993179420964442, 0.3068620318874428, -0.08434459412562634, 0.032160974945810834, 0.06888378197055067, 0.19087813793206937, 0.12393134830145619, 0.9271933192681309]}