{"L": [-0.2521203158494608, -0.7089029955359615, -0.255105169398923, -0.1834770612417441, -0.2016293235862001, -0.17096050381974812, 0.069248254847682, -0.2261414734636065, 0.6237334559408131], "G": [-0.9788644316224191, -0.6213530800059897, -0.654353340108915, 0.0039091664030702356, -0.06387522133076781, -0.10703213836091754, -0.8027731725667377, -0.643072329699226, -2.234136936725725], "K": [0.21395721104414983, -2.1225025228043792, -0.06559767146790704, -0.10966529809920741, 0.20993593711122566, -0.039717152487929536, 0.11554358032441575, -0.1930835970900869, -1.645381268084717], "M": [0.18462724412613374, -0.6699123521209646, 0.14556322128649132, -0.352491940268814, -0.36888235645698336, -0.29249401059352864, -0.1710718477080659, -0.2156539803608063, 0.5321146410291164], "F": [0.537729144409845, -0.5388592910595001, 0.21263976455270325, -0.14716823166446405, 0.1569974778523757, 0.18716894601055462, -0.0366273157568066, -0.16647338685985072, 0.7032915367219008], "R": [-0.013383675093746423, -1.411323683765784, -0.28098991527077793, -0.698113240315155, 0.38916427581864466, 0.08468291511425215, 0.39935679144477954, -0.5460222576632403, -1.8884449384854463], "W": [-0.6032456615040777, -1.1261244067844152, -0.7581476214898208, -0.1882723135332597, -0.20530565283204005, -0.3991256788481528, -0.1882723135332597, -1.001185670176115, -0.700155674512134], "H": [0.052383513949526755, -1.8284300783312641, -0.24864648171445441, -0.08806738883702077, 0.2684799346767918, 0.10098884738302806, 0.48963325663149687, -0.1849774018450772, -1.050278827947621], "S": [0.08967157598016055, 0.3518363105845835, 0.26293722661748875, -0.023596357089602883, -0.18354098019472723, -0.050748603133217655, -0.30322820805235357, 0.16403829199565184, -2.3202615473511337], "C": [-1.0232266201748257, -1.7221966245108444, -0.4669241194075385, -1.1201366331828821, -0.9440453741272008, -0.6082532722040077, -0.9440453741272008, -0.6808039393526194, -1.7221966245108444], "V": [0.21525166387554745, -0.3816071337666071, 0.09089392331631005, -0.12786923973676917, 0.20106935935467946, 0.25041608093879836, 0.13291953714896446, 0.34279878359137544, 0.13711565174257265], "N": [-0.018185667699542628, -1.9626683398497111, 0.26521836476396227, 0.024103394416533617, 0.0707554156372385, -0.0650412485592698, 0.054364999449069105, -0.2067934841772198, -1.9626683398497111], "P": [-1.7149380482312828, 0.15036337787126078, -0.8118480612393394, 0.3934014265575552, -0.05852039458072795, 0.08440250122229868, -0.02770644716650832, -0.48448912685300904, -2.192059302950945], "Q": [-0.29312166126007966, -0.661098446554674, -0.06715634544889112, -0.11473860542481364, -0.10123613502116649, -0.07127291164372328, 0.10066238764080018, 0.09786948745663009, -2.0924622107136615], "T": [-0.007260417136036369, 0.06903514067410028, 0.24673192644519992, -0.02787487233395613, -0.09633225298980784, 0.08093436397380799, -0.13315892094578605, 0.31755331862797537, -1.487267360093187], "I": [0.12149563326162874, -0.7815943537303147, 0.1701009666951301, -0.15186293580449403, 0.08266684557095129, 0.2956779025099789, 0.12149563326162874, -0.07357622041689894, -0.41689527819695626], "E": [-1.1025615955330326, -0.8173258670522832, -0.8684783894996644, 0.2711383625644481, -0.334875778827554, -0.24868963121127058, -0.18799179085765888, 0.3276517189945222, -2.2486896312112705], "D": [-1.3157837636177478, -2.0939350140013913, -0.120807160401693, 0.37735669705754693, -0.30860517899062456, -0.21312142172060025, -0.48115115728165614, -0.5754210741235041, -2.0939350140013913], "A": [0.18300137664394733, 0.8224036812810089, 0.3037143043246286, -0.05547311535539241, -0.11802861902003381, 0.05806264003564743, -0.2532836241043099, 0.20389930067316495, -1.6682569720751277], "Y": [0.5617994645492175, 0.4412848186457466, 0.18129167486985626, -0.24231032412331793, 0.15562968454871975, -0.08552422026302331, 0.11196518349388834, 0.08615791988760282, 0.8232856262163364]}