{"L": [-0.38620069793447065, -0.5622919569901518, -0.08517070227048947, -0.38620069793447065, -0.16435194831811425, -0.018223912639876282, 0.03976803433781051, -0.2612619613261707, 0.6807460916961424], "G": [-0.6809857177459603, -0.6809857177459603, -0.6809857177459603, 0.27325679169336453, 0.3190142822540396, 0.22210426924598323, -0.37995572208197914, -0.6809857177459603, -0.6809857177459603], "K": [0.129618700511404, -0.5693513038246147, -0.5693513038246147, 0.33373868316732874, -0.5693513038246147, -0.5693513038246147, -0.5693513038246147, -0.5693513038246147, -0.5693513038246147], "M": [0.672385501543907, 0.9453867736076446, 0.8832388668588, -0.2307044854480365, 0.2464167692716259, -0.2307044854480365, 0.46826551888798235, -0.2307044854480365, 0.8106881997101885], "F": [0.3452851469616891, -0.4328661034219545, 0.4122319365923023, -0.13183610775797328, 0.04425515129770794, 0.5671338965780455, 0.16919388790600787, -0.4328661034219545, 0.6085265817362704], "R": [0.8260742827292933, 0.594125206208611, 0.4050689699885621, 0.317918794269662, 0.3636762848303371, 0.208774324844594, -0.15920246045000033, -0.3352937195056816, -0.6363237151696628], "W": [-0.050094442524312846, -0.050094442524312846, 0.6488755618117059, -0.050094442524312846, 0.4270268121953495, 0.7280568078593307, -0.050094442524312846, -0.050094442524312846, -0.050094442524312846], "H": [-0.2752788593514997, -0.2752788593514997, 0.20184239536816262, -0.2752788593514997, 0.423691144984519, 0.025751136312481444, 0.32678113197646264, -0.2752788593514997, -0.2752788593514997], "S": [-0.767110328371369, -0.4660803327073879, -0.767110328371369, -0.767110328371369, -0.2899890736517067, 0.0779877116428877, 0.31207091767625567, 0.31207091767625567, -0.767110328371369], "C": [-0.16904540553107966, -0.16904540553107966, -0.16904540553107966, -0.16904540553107966, -0.16904540553107966, -0.16904540553107966, -0.16904540553107966, -0.16904540553107966, -0.16904540553107966], "V": [-0.627796464240424, -0.3267664685764428, -0.627796464240424, -0.627796464240424, 0.27529352275151947, -0.025736472912461686, -0.627796464240424, 0.27529352275151947, 0.27529352275151947], "N": [-0.40951712086994635, -0.40951712086994635, -0.40951712086994635, 0.2894528834660724, -0.40951712086994635, -0.40951712086994635, -0.10848712520596517, -0.10848712520596517, -0.40951712086994635], "P": [-0.6389080839711805, -0.6389080839711805, -0.6389080839711805, -0.03684809264321817, 0.060061920364838234, -0.6389080839711805, 0.20618995604307622, 0.7035145968510256, -0.6389080839711805], "Q": [-0.5393109917338965, 0.6068170439443414, -0.5393109917338965, -0.23828099606991535, -0.5393109917338965, 0.06274899959406582, 0.2388402586497471, -0.5393109917338965, -0.5393109917338965], "T": [-0.6330861454494409, -0.6330861454494409, -0.6330861454494409, -0.6330861454494409, -0.1559648907297785, 0.06588385888657784, -0.031026154121478532, -0.6330861454494409, -0.6330861454494409], "I": [-0.507196735703379, -0.507196735703379, -0.507196735703379, -0.507196735703379, 0.27095451468026466, -0.0300754809837165, 0.09486325562458342, -0.507196735703379, 0.3379013043108779], "E": [-0.6955384122315057, 0.0826128381521379, -0.6955384122315057, 0.2075515747604378, -0.6955384122315057, -0.6955384122315057, -0.6955384122315057, -0.6955384122315057, -0.6955384122315057], "D": [-0.5407837950216268, -0.5407837950216268, -0.5407837950216268, -0.5407837950216268, -0.5407837950216268, -0.5407837950216268, -0.5407837950216268, -0.5407837950216268, -0.5407837950216268], "A": [-0.11510575309536303, 0.32422694073489955, -0.11510575309536303, 0.4589255146323558, -0.24004448970366296, -0.11510575309536303, -0.24004448970366296, 0.39677760788351135, -0.7171657444233254], "Y": [0.7620264154817096, -0.3519169368251271, 0.9033555682781789, -0.3519169368251271, 0.3470530675108916, -0.050886941161145935, 0.3470530675108916, -0.050886941161145935, -0.3519169368251271]}