{"L": [-0.02881960209964342, 0.20181575176996874, -1.16554016925605, -0.2597442888881817, -0.22353211623373695, -0.1361563915708406, -0.04496623805020032, -0.004172167021075347, 0.6723637753368922], "G": [-0.484893380558277, -0.2123519227057332, -0.9620146352779393, -0.014720985793942348, 0.2029044454653278, 0.15192871702889735, -0.5133819183697144, -0.3866068387214172, -2.284233930011858], "K": [0.13489652182269973, -1.5705395247625507, -0.942150594712239, 0.10155833317316675, 0.0778204862183808, -0.06879579513455625, -0.1994716624908144, 0.23902018987271698, -1.2695095290985694], "M": [-0.10967682811314579, -0.0486228627031678, -0.3425910038796621, -0.5786801926106288, -0.3425910038796621, -0.2428880906874356, -0.27765019694664755, -0.1905000212277474, 0.38615539032612023], "F": [0.5648585799988953, -0.014925016617914818, -0.295751626193609, -0.2299343417039656, -0.2652623040457086, -0.13302432869590924, -0.14401971299737246, 0.10060625146855397, 0.604367121282569], "R": [-0.1223006317797969, -1.4614206770519174, -1.5406019230995422, -0.3204938350594872, -0.17138606568939946, -0.1864934839521414, -0.0663856590232871, 0.003466121250733298, -1.5406019230995422], "W": [-0.8751914044065675, -0.4772513957345299, -1.1762214000705487, -0.44922267213428635, -0.7502526677982675, -0.7502526677982675, -0.29161481877261825, -0.5072146191119731, -0.6991001453508863], "H": [0.08995587693653703, -1.2764670802894356, -0.7993458255697732, 0.055971379626169646, 0.24204685958845176, 0.05089185409689464, 0.30616435920020063, 0.288790263130778, -1.179557067281379], "S": [0.0890339471219634, 0.19074284301178857, -0.5922072902536238, -0.09160493968443843, -0.0011426832271245863, -0.08255681070704138, 0.0890339471219634, 0.04126116532596267, -2.3703585406372674], "C": [-1.2951723630773155, -0.4500743230630587, -0.9941423674133343, -0.9941423674133343, -0.818051108357653, -0.5681736351410532, -0.7722936177969779, -0.517021112693672, -1.1702336264690156], "V": [0.24607657821334003, 0.22834781125290843, -0.9757721714030162, -0.18572169771966499, 0.11334759717878833, 0.267265877283278, 0.36555241912013786, 0.1325673033858219, 0.558536035658103], "N": [0.02065842235110504, -0.5814015689768574, -0.4329817365190345, 0.01254053212892557, 0.18035926521861687, 0.25907627340065426, 0.016618444549364977, 0.004268006162935677, -2.012765333135844], "P": [-1.54318629190106, -0.7650350415174164, -0.5889437824617352, 0.35772677583660895, 0.24780218318775574, 0.19559426658330906, -0.043499209282656305, -1.0960282605588407, -1.6400963049091164], "Q": [-0.5627756073829846, -0.06337795795217005, -0.8638056030469659, -0.06337795795217005, -0.07437334225363318, -0.07810121477287633, -0.10116651884156977, 0.06695581054283611, -2.1425592039997947], "T": [-0.05449076977056668, 0.18691151622146862, -1.0322143750594144, -0.14997452704059105, 0.06033083254619189, 0.16160565095669835, 0.29386534048774293, 0.21698398233169838, -1.6342743663873767], "I": [0.3504528947872706, 0.1399750543396167, -0.964316912291039, -0.24121322823830105, 0.06564631108640395, 0.13259310071701713, 0.14482755713402878, -0.18616566190739559, 0.2531670319228671], "E": [-0.8363886265984478, -1.3956966375054602, 0.1575794086316389, 0.3582692283596999, -0.17168182613259644, -0.134433768712967, -0.20187661148934768, 0.18976409200304023, -2.298786624497404], "D": [-1.2409420202955814, -1.4450620029515062, 1.1769446700552983, 0.45256508833893505, -0.10263932212930005, -0.23554698840887534, -0.5999639629372495, -0.5207827168896245, -1.8430020116235437], "A": [0.02593901776141484, 0.5869974040853624, -0.26350910535275107, -0.21320398704135535, 0.056163000367288114, -0.0326122267589977, 0.05798394425891388, -0.15606110090478661, -0.9586861206716308], "Y": [0.4664387777788056, -0.4110971047407498, -0.22277138926805695, -0.6127424682688192, -0.30195263531568173, -0.34238129237128995, -0.02066669784745772, 0.1686864918760603, -0.3988626483237382]}