{"L": [-0.13677997324901664, 0.22338816821553997, -0.20311508040963408, -0.2776150079306931, -0.1395432560511107, -0.032766641984088664, 0.018305581954807727, -0.00955185610509552, 0.574679459907218], "G": [-0.6897856264600368, -0.8889421895844115, -0.5762264355952357, -0.044973654711124585, -0.007090856112360117, -0.051813079241430096, -0.6515812737898076, -0.41182093486474913, -2.027244887750693], "K": [0.012529233045772227, -1.403727112850473, -0.41386674420135294, -0.09442459122050205, 0.08547390746287241, -0.2321131561495361, -0.3777913787560734, 0.05403836665137768, -0.654347605036854], "M": [0.2206500747003066, 0.1327302142750227, 0.16142046805938673, -0.3594797112388629, -0.14963986909552193, -0.1877975710882367, -0.1578343477107935, -0.11083778503456988, 0.4086873182381798], "F": [0.5924043586726072, 0.48154226356332497, 0.14515401263519442, -0.28081471963708665, 0.07820722300458129, 0.27587058810245424, 0.08716206565750761, 0.06906384356471149, 0.8586145536924489], "R": [0.08837803062653826, -0.18496915502131975, -0.4511039681321404, -0.38324575218190643, -0.02593430596919221, -0.18844352940662154, -0.21173087353225134, -0.11042661242610267, -1.16966952853154], "W": [-0.43021187979001296, 0.09149150758239002, -0.14715525513793265, -0.35496092737082047, -0.18550024721415237, -0.4186300072401977, -0.1291818841260318, -0.6973836081930267, -0.39635361252904555], "H": [0.14001395920794946, -0.483235331189951, -0.22359802068419488, -0.1096546683773581, 0.2491584286330175, 0.07086820547739806, 0.2788290993002378, 0.079598036736294, -1.9225680250202133], "S": [0.0030721991632100295, -0.5140323653836127, -0.19038468266721897, -0.06415147570592021, -0.042408582575167976, -0.049848498686111055, -0.031482358952552074, 0.07766211047251599, -1.715429489704064], "C": [-1.4183945625277559, -1.272266526849518, -1.8163345711997934, -1.0759718817055497, -0.7951452721298554, -0.7749418860415684, -1.0034212145569381, -0.8386109659109457, -2.1173645668637744], "V": [0.14072209772640526, -0.18341867231345338, -0.28164939941152617, -0.18518051846974004, 0.19547185530813616, 0.2460524537948983, 0.2633624218010792, 0.09966271610096585, 0.26711715252489027], "N": [0.009519638823377582, -1.18174502314696, 0.15671147045764464, 0.12930209327454503, 0.1015562055565894, 0.05209684112865305, 0.12360634629966356, -0.019379788598036667, -1.880715027482979], "P": [-0.8313523896313842, 0.3103998459865657, -0.060887967914031595, 0.4323044392273797, -0.030924744536588392, 0.14677204123451126, 0.06791118950750648, -0.36191796357801276, -0.7676833097620069], "Q": [-0.3838264321106347, 0.28026746295149896, -0.06932886174684613, -0.09143080597085525, -0.0343118130195539, -0.05626638890760428, 0.11659590001787845, 0.09329482260902769, -1.7094789026829478], "T": [-0.007374039054417157, -0.2350523323314974, -0.2803753111181548, -0.11751231779622873, 0.07469289523069583, 0.14532190224443625, 0.07851089328771417, 0.22068395109959668, -1.219677470764543], "I": [0.21006509398187911, -0.3483059273882056, 0.09102676644205693, -0.24067204898837605, 0.21100208351880684, 0.29267212997012637, 0.12197590280115134, -0.24869002100422424, 0.2579746460578684], "E": [-0.5719755662580754, -0.7865250771329323, -0.10729913099267073, 0.3288080187019101, -0.25469148919966833, -0.2407370523883828, -0.05952634919667, 0.22419878825884068, -1.7407675865722572], "D": [-0.6829229823704347, -1.0911629476822842, 0.7771287403355713, 0.41669292401354663, -0.19906834499180384, -0.1731326108974041, -0.2103493554014929, -0.559684030640029, -2.0119817016346593], "A": [-0.06017985961491102, -0.08455993008040116, -0.00367222021875926, -0.11771020036819792, 0.004760947318103542, -0.11894224227788952, 0.027362013521209483, 0.04293599437869222, -0.77339030306554], "Y": [0.5817188731817782, 0.8249197314227078, 0.1953082393886262, -0.2749302328930519, 0.06525188673307747, -0.124144839102141, 0.1754350901666074, 0.28068887751779703, 0.26442996609426717]}