{"L": [-0.2873165241344822, -1.0773669978178337, -0.19989966466025522, -0.13743195341838568, -0.12312448837850878, -0.07197196593112754, -0.1151555587072334, -0.13743195341838568, 0.8430172443605238], "G": [0.15612175953772034, -1.4970907542376233, -0.23384931946304183, 0.1261585361602771, 0.11920967620494936, -0.052525533473683654, -0.388751279448785, -0.23781550668064325, -1.576272000285248], "K": [0.3163993522572292, -2.1636075906999213, -0.053017880400672436, 0.05123625734777644, 0.0769416575826783, 0.2037483303260976, -0.08442634465229656, 0.19241826649320135, -1.3185095506856643], "M": [-0.032569082825089204, -0.870718262884018, 0.020137267690913726, -0.3198107940034371, -0.1347646922948294, -0.10068490272255406, -0.0690859166508517, -0.14371953494775586, 0.2889825799834937], "F": [-0.07287988085793626, -1.328152385961242, 0.24471921623923787, -0.07287988085793626, -0.010089050998480776, 0.09345154090858875, 0.02209563237292052, -0.15789067056628484, 0.3133217245428572], "R": [0.08117385901078494, -1.5316099977089503, -0.7392183082106967, -0.22625862826232682, -0.23494480744741947, -0.015736153997271553, -0.27633749260564455, -0.015736153997271553, -1.4524287516613257], "W": [-0.1258367895217319, -1.6443507293996193, 0.054619274936399405, -0.24641072072758174, -0.4139018080213455, -0.5304073770927826, -0.07614900533262443, -0.38907822429631334, -1.0422907380716568], "H": [0.2273748667812501, -1.1705651418907874, 0.17578783255985103, -0.15353180259200724, 0.13478622755583625, 0.12610004837074357, 0.3151562845907924, -0.006212286106350423, -1.0913838958431628], "S": [0.16107761825964417, -1.2821853691990508, -0.05387057733346279, -0.14652276719897783, -0.12332051211788027, -0.13091769386840174, -0.2644566022386192, 0.12718410125376853, -1.5162685752324188], "C": [-0.7219090072481611, -1.7633016924063862, -0.6841204463587615, -0.5080291873030802, -0.7219090072481611, -0.5591817097504616, -0.5591817097504616, -0.3161436610641671, -1.7633016924063862], "V": [-0.11824903015977382, -1.3189627641237869, 0.11240100003520023, -0.06369025902048099, 0.10632685232300705, 0.11038570879987465, 0.30169371569583375, 0.22819635720363046, -0.043075803822561216], "N": [-0.13454168801427668, -1.5266521530255905, 0.10681630255399598, 0.0415495710414044, 0.08964827741698214, 0.029650347741696764, -0.039985580399697684, -0.140450547624797, -2.0037734077452525], "P": [-1.2331643708464872, -1.6311043795185247, -0.5255941947485506, 0.17166934577345086, -0.02097676644252933, 0.022108134256818915, 0.029286718883942277, -0.5341943665104683, -1.2789218614071622], "Q": [-0.029763557653246297, -0.46146942067348556, -0.16043942500950442, 0.09688164276907084, 0.015651834046176864, 0.0759477359334278, 0.14746608863852434, 0.1652857978005035, -1.8325372829452218], "T": [0.055958796378802036, -1.1859497471665224, -0.025945308004296053, -0.15179547093221676, -0.02051655629289779, -0.015154827920789713, 0.12290558600941526, 0.20882021471600848, -0.9051231375908281], "I": [-0.11918178953911712, -1.4993930312507229, 0.3151874847595954, -0.022271776531060737, 0.1885815887838325, 0.21869326353236843, 0.31016668338454456, -0.05223499990850395, 0.27512393447782635], "E": [-0.08296882307496263, 1.134596855303465, 0.13016104938294554, 0.27605311956670525, 0.12850659221293315, -0.061907994493138774, 0.10465698171940395, 0.08127316316492396, -1.3867047121148686], "D": [-0.9889120462186952, -0.5439754748704341, 0.27825968218431846, 0.2765796240662967, 0.1202324232063727, -0.10161632640998365, -0.2777075854656648, -0.3089652791961069, -1.5329800905689708], "A": [0.26376581362902907, -0.896448683327814, 0.11018189557119906, -0.08611274957276918, -0.06590936348448218, -0.023620301368405976, -0.11552237888939827, 0.06697586964950568, -0.6986381745788965], "Y": [0.10304479896974783, -1.9461732237004337, -0.0016905515502650779, -0.25597714367192004, -0.16084338868966666, -0.10107518368617685, 0.06242694806148389, -0.04308323670849015, -0.8669919776528088]}