{"L": [-0.3332685111210809, 0.5110990081458199, -0.19822944760845515, -0.8824761951237675, 0.04694273059052511, 0.3667221622673452, -0.34887358445165695, -0.28955958323567493, 0.6996818988346473], "G": [-0.05916190285726283, -1.3813811975911818, -0.8499022805489269, 0.09574005712848034, -0.10722334832750224, -0.9042599428715196, -1.3813811975911818, -0.19953760964640954, -2.080351201927201], "K": [0.44958450331389005, -1.9687167880058554, 0.03988338375606224, -0.009675395684761756, 0.12118832343354255, -0.7645968053499306, -0.35593293128611986, 0.32574943815573754, -1.9687167880058554], "M": [-0.19870620547028967, 0.04202788830644036, -0.03900536260277781, -1.0280099783013146, -0.5161266173224403, -0.01728611290954153, -0.48394193395103896, -0.3078506748953577, -0.5886772844710519], "F": [0.4773985798227036, -1.8322315876031952, 0.3107832126509, -0.686103551924957, 0.188957711466743, -0.10795571800240598, 0.08158226478052163, 0.04858200467759631, -1.0540803372195513], "R": [0.07490051094834564, -2.0356891993509034, -0.8895611636726652, -0.4124399089530028, -0.22277584270804773, -0.9217458470440664, -0.5732912014519472, 0.16570792496954817, -2.0356891993509034], "W": [-0.6713086763219097, -1.4494599267055535, -0.21901100532727943, -0.7504899223695345, -0.5463699397136098, -1.4494599267055535, -0.10703724588334719, -1.1484299310415722, -1.4494599267055535], "H": [-0.07258435220477787, -1.67464434353274, -0.8964930931490965, -0.4705243608768155, 0.15143045916808612, -0.33222166271053405, 0.49854192487953364, 0.09620766810940383, -1.67464434353274], "S": [0.18570670555875282, -0.9623558298966849, -0.1752497368601148, -0.039371014187802, -0.20268798520705442, -0.3602958385687225, -0.3339668998463733, 0.009615446503071506, -1.4675058082165908], "C": [-1.5684108897123201, -1.5684108897123201, -0.7233128496980633, -1.5684108897123201, -1.0912896349926577, -0.4892296436646954, -1.267380894048339, -1.5684108897123201, -0.5684108897123202], "V": [-0.09774302270737188, 0.6585797901805989, 0.30527651149394064, -0.8510706893659832, 0.05919788225308362, 0.452844994535486, 0.09010934723409963, -0.5800039170794453, 0.6795558339150941], "N": [-0.10131242895325053, -1.8088826050511868, -0.30373262673128093, 0.042375743667888426, 0.042375743667888426, -0.060694578044986486, 0.3149690359158989, 0.1823434706413079, -1.8088826050511868], "P": [-2.038273568152421, -2.038273568152421, 0.007049410634236278, 0.23588428111125867, -0.5911155368102018, -0.4700718440854261, -0.12445971576870442, -0.8078246467741471, -2.038273568152421], "Q": [-0.1462847864168831, 0.48456939802167076, -0.5769486398975442, -0.046581873224656636, -0.04104938462469566, -0.19048844890893663, 0.35357959544133893, 0.33083646830277924, -1.9386764759151367], "T": [-0.0879689574805129, 0.10742745677055505, -0.3081757600298924, -0.2615996179885373, -0.003067851945471838, -0.015418290331901122, 0.020626813852738197, 0.20054448076147235, -1.430391638302719], "I": [0.06192072866931566, 0.3767390088189301, 0.747614321993341, -1.1284109695009756, 0.39229085652508716, 0.7258950723001046, -0.03733050015364328, -1.0034722328926757, 0.3135458681554355], "E": [-1.094903896412746, -0.918812637357065, -1.1918139094208027, 0.5863373409628408, 0.17925395285093354, -0.5763899565348588, 0.3475758726517022, 0.29779305684691937, -2.094903896412746], "D": [-1.9401492792028672, -1.9401492792028672, -0.5251759312320493, 0.6185592913302984, 0.02363854814268794, -0.36036568258605717, 0.16022126591469557, -0.8262059268960305, -1.9401492792028672], "A": [0.1952226324511883, -0.25919873217329753, 0.36919019787701396, -0.2080462097259162, -0.1297594943383211, -0.19745313622849206, 0.05665503980770808, 0.032687884050813895, 0.18449876705941523], "Y": [0.43340900981123104, -1.7512824210063676, -0.04371224490843132, -0.7098897358481425, 0.11794929872460848, -0.27416116628670517, -0.0030943940001672515, 0.1882368316122508, -1.4502524253423865]}