{"L": [-0.20115863780996354, -1.1235537799972937, -0.05100311284868204, -0.4090716094830274, -0.26185647816357516, -0.256461446276869, -0.0005936093710817446, -0.7670064564834812, 0.6650002307861171], "G": [-0.5354521989051267, -1.982610230247346, -0.49124853641307337, -0.05833094418546443, 0.11429978276071039, 0.10729488119205191, -0.31985239856577197, -0.32939771647200233, -1.982610230247346], "K": [0.0880655759950931, -1.8709758163260004, -0.5699458206620193, -0.058062459683144975, 0.25287582464108527, -0.13061312683175666, 0.015514908846481325, -0.4085778184270444, -1.8709758163260004], "M": [-0.10096523379043491, -0.06993100005046614, 0.23852301369272194, -0.5780864885100973, 0.03587272611757276, -0.15211775623781618, -0.11735564997860427, -0.4183856456425854, 0.6320238578350148], "F": [0.46416647103108233, 1.0730444121455127, 0.12284188050792816, -0.002096856100371722, 0.03636139571880397, 0.04366063446030335, -0.392067935101134, -0.1662888918563452, 0.8498406084441904], "R": [0.08324107139888956, -0.9837057182317236, -0.34688362064454936, -0.2477521476425349, 0.09547552781590116, 0.030534720882886633, 0.10344445748717644, -0.4907901963288293, -1.9379482276710485], "W": [-0.3103262698674735, -0.573567704642055, -0.2725377089780737, -0.17562769597001737, -0.17562769597001737, -0.5066209150114417, -0.573567704642055, -1.0506889593617175, -1.3517189550256985], "H": [0.025156619475076917, -1.5769033718528853, 0.18652462171005177, 0.08585445982868858, 0.23600998478997004, -0.07175339353297953, 0.22243717760069617, 0.16345931764135835, -1.5769033718528853], "S": [0.14874910334115146, -1.2905835904891112, -0.3444589712719658, -0.01951681820257324, 0.08962765122249479, -0.0601346691108373, 0.1353851417831699, 0.2911006414671331, -2.0687348408727546], "C": [-1.4706699180324652, -1.4706699180324652, -1.1696399223684841, -1.4706699180324652, -0.868609926704503, -0.4706699180324654, -0.7716999136964466, -0.868609926704503, -1.4706699180324652], "V": [0.2167070589364282, -0.6741484716385038, -0.17354612106931835, -0.2218508006438734, -0.020935957863160052, 0.36724421351972136, 0.061805098950685075, 0.13127686361180188, -0.7533297176861284], "N": [0.1753490918011498, -1.7111416333713318, 0.1277074573659232, 0.16967195890945927, 0.16967195890945927, -0.08789234297343163, 0.16967195890945927, 0.013134236229456921, -1.7111416333713318], "P": [-1.639502600808585, -0.8265892441657294, 0.5466057790046202, 0.26086452784788516, -0.12761923982971068, -0.1552027614617993, -0.3494679894460671, -0.03204757759391658, -1.940532596472566], "Q": [-0.539905508571301, -0.9958374642210253, 0.4285774399826341, -0.0280221475924267, 0.022387355885173602, -0.24987089720878303, 0.2489696072041157, 0.12754744431865292, -1.840935504235282], "T": [-0.11516672240895798, -0.6336806622868454, -0.45758940323116415, -0.005291732236533945, 0.014679348694086141, 0.21141737772741134, 0.18914098301625915, 0.11450736471935492, -1.9347106579508264], "I": [0.20401597650040756, -1.030669997821121, 0.40602259984293315, -0.1960373914850292, -0.1367233902690472, 0.23257143695346033, 0.0942687387871789, -0.25251874743747743, -1.1098512438687458], "E": [-1.0940729377409477, -1.6961329290689102, -1.9971629247328915, 0.27000880367012225, -0.2412880690604001, -0.4289612006658965, -0.024035071133192844, 0.3167042956362619, -1.9971629247328915], "D": [-1.8424083075230122, -1.8424083075230122, -1.5413783118590312, 0.38030816362457076, -0.10204561802876863, -0.6382883248670876, -0.4274349595521945, -0.21915901712511202, -1.8424083075230122], "A": [0.17154144124558035, -0.7883413355464371, -0.09451097086282947, -0.005953032219538898, -0.027564181232216305, 0.27787493333682, 0.010593520760498527, 0.2992730780380503, -2.018790256924711], "Y": [0.5845046538022826, 1.175118447208807, 0.28597780329210565, -0.07375785270970267, 0.05402872677142354, -0.12206253228425773, -0.25560144065447526, 0.036654630702000826, 0.7175264129452233]}