{"L": [-0.45078354080606686, 0.1455744716974252, 0.03134404579950124, -0.10494120072572345, -0.03147443820252801, 0.13979663283846527, -0.07531873411892265, -0.02434300568249212, -0.8212853011311649], "G": [-0.13602054789704426, -0.2957213907645561, -0.337919070559011, 0.0032933136640994573, -0.0910990431227105, -0.228774601133943, -0.5732702905790144, -0.030292069841799222, -2.3291451462515056], "K": [0.5084008999648877, -1.7403894776104976, 0.47090908967255024, 0.0635226349175672, 0.17165535203437207, -0.05315787654572324, -0.18812695464495066, 0.10677172296753228, 0.5376015340649107], "M": [0.05055501176071065, 0.23840738170218218, 0.1818339264000297, -0.2256514001782384, -0.20676605601786452, 0.07052609269133078, -0.027605565234506774, -0.17989390961756319, -1.1007126635699385], "F": [-0.44755707634791353, 0.04930823656750603, 0.36768078797757975, 0.0017598383889500544, 0.18848741229041627, 0.425479500477372, 0.30814055243703237, 0.09506572712818119, -0.7192976959099071], "R": [0.5704298786326472, -1.1383551079969703, -0.003449776427480847, -0.06176667252762505, 0.15799662538924014, -0.01731141527219456, -0.06176667252762505, -0.04144509498891391, 1.0980741782335774], "W": [-0.6568611858716332, -0.7951638840379147, 0.17680739236184162, -0.14195137026257118, 0.2102311478487913, -0.08547001431012287, 0.199373220260583, -0.4941338883739335, -0.8531558310156016], "H": [-0.1172583138731581, -1.2244682835210265, 0.07219690674050462, -0.19916241825625627, 0.04034953948850995, 0.02104438429312327, 0.39878100687687384, 0.2036665105077623, -0.622408292193064], "S": [0.1824254290485976, 0.23503776625502176, -0.24795242212873844, 0.03651667864737554, -0.09720642191415307, -0.21387263255646313, -0.12971244786914088, -0.022572803617248935, -2.114239761212933], "C": [-0.7380235879890004, -0.4192648253645876, -0.17375215755043782, -0.4192648253645876, -0.3258431402023525, -0.28572591699437005, -0.16399232026128155, -0.2731367896863495, -1.8172048340366251], "V": [-0.07183591009004482, 0.4466780297878426, -0.3364366401273511, -0.06111204469827172, 0.12716462842984827, 0.1804101403830734, 0.35650139943875464, -0.15868459709020533, -0.7708059144260635], "N": [-0.5261976323332367, -0.46661194234899267, 0.39564179067154576, 0.14372057494495957, 0.05959474628027233, -0.0754053163359235, 0.02150469667213294, 0.43786778817095656, -2.0576765493754916], "P": [-1.245674827318501, -1.245674827318501, -0.7429994681264505, 0.1312337788430193, 0.12455219348650405, -0.12569951024175122, -0.501737677465959, -0.08024163644487639, -2.287067512476726], "Q": [-0.1621645549746718, 0.12428344081631224, 0.14090918319929563, -0.0507498530830353, -0.2953758175489616, -0.15808664255423238, -0.035182075856385546, 0.2241492857237881, -1.8864404245754607], "T": [-0.12288308185973687, 0.45114818586798194, -0.383618482664545, -0.05852910280740318, -0.1706558636557375, -0.06905796955102865, 0.09533138310152542, -0.00021220670725894788, -1.804124319235324], "I": [0.006011838026050429, 0.1730234392298132, 0.14130902605260662, -0.058446151200868025, 0.31151145614518494, 0.4186751035187943, 0.30252573252506787, -0.33581222866705573, -1.2011136547695995], "E": [-1.0884253356337452, -1.3436978407370512, -1.021478546003132, 0.08281342062752392, -0.3524717650445564, -0.4628842484562599, -0.4686365773453512, -0.0603966120335017, -2.04266784507307], "D": [-0.9584943021488982, -2.1889432235271724, -0.507701986151585, 0.22769728381110863, -0.22046027497323714, -0.49874714349865856, -0.5168453655914548, -0.6448751791768966, -2.1889432235271724], "A": [0.26306375712144053, -0.14001589120300809, -0.17220057457440935, -0.0017131930367266853, -0.23822037456406336, -0.1863482256357015, 0.03087417416686538, -0.11490517061997693, -1.8882039182092085], "Y": [-0.24420150965818124, 0.30527500411595104, 0.37832153561746495, -0.0809982729545988, 0.1398027210705638, 0.20943864921195823, 0.18176722261409986, 0.2965888249308584, 0.025229499934097552]}