{"L": [-0.6014664599599435, -1.4667678860624873, -0.10756502507539821, -0.006371248764803276, 0.08953461470479983, -0.0758327789591083, -0.13500327342233773, -0.03863309203369862, 0.2222448295229593], "G": [-0.13214330677125818, -1.8584629188820334, -0.12406317636146642, 0.04867961212110698, -0.1161306365248852, -0.15732685278950706, -0.8170702337238084, -0.04722314612874409, -1.460522910209996], "K": [0.04905151238338718, -2.3488884962886503, -0.0500354198789437, 0.05594522033128772, 0.10747753684039262, 0.2753935995470179, 0.4392798748525173, 0.34130758373986325, -1.2697072502410254], "M": [0.1828829204423895, -1.055999168472747, 0.3341505957730385, -0.16514363789781525, -0.17773276520583575, -0.22491184290130503, -0.21784998841381817, -0.09642782552835541, 0.14204666647098443], "F": [-0.48812742628520106, -2.21240329588599, 0.14743218645389788, -0.1154932828779337, 0.13001938493621615, 0.061754553377689744, -0.05706725842092826, 0.028145952396609615, 0.8824170844688097], "R": [-0.10199368726454497, -1.9387396529140357, -0.5897861049328719, -0.21446378331324692, 0.12571833631288248, 0.02661886143075009, 0.19052045747690655, 0.10918389940314678, -1.7168909032976793], "W": [-0.6255116523324236, -1.8296316349883481, -0.14839039761276118, -0.3525103802686859, -0.24984803837153827, -0.3824736036461292, -0.05148038460470479, -0.4872089541661422, 1.1421079558994298], "H": [-0.222307139109299, -2.054816051815535, 0.009641937411383198, -0.17400245953474397, 0.042093961192521026, 0.08819874843855968, 0.47022875522130986, 0.15737155258842245, -1.3558460474795164], "S": [0.22859873890483173, -2.2456175251714234, -0.001340404369580569, -0.09332918078836701, -0.09486108531111442, -0.14181380421546658, -0.2748059142989057, 0.07969284653963762, -1.8476775164993857], "C": [-0.9485825979951151, -1.948582597995115, -1.3465226066671527, -0.9943400885557904, -0.8024545623168772, -0.7181336766168414, -0.6698289970422864, -0.3687990013783051, -1.948582597995115], "V": [-0.2967439464052107, -1.2312423976487783, -0.05902879365629899, -0.11507758534798362, 0.1138044269995766, 0.22613479887512686, 0.05356418605208822, 0.024030107454527643, -0.6749398968814911], "N": [0.02578953471371592, -2.189054313333982, 0.4641582004413617, 0.07101707465109287, -0.0587205448389758, 0.051494934948617704, 0.015065669321942764, 0.08278729320251701, -1.7119330586143193], "P": [-1.9413240217155536, -2.1174152807712345, -0.7463474184994986, 0.07010544006522816, -0.11741528077123498, -0.0921094155064647, -0.2170481521147647, -0.9560472785362599, -2.418445276435216], "Q": [0.2048982826136323, -0.12851648602764057, 0.10603345243313483, 0.019608309406672714, 0.0371776729951906, 0.1668732422836478, 0.40460748783725364, 0.19702565951374698, -1.4157581972059883], "T": [0.007332410576281355, -1.4126233379134765, -0.20310832337084553, -0.21672368550424273, 0.01388792345109868, 0.025127224906911414, -0.11815711175188354, 0.10720465586224218, -1.3334420918658516], "I": [-0.460659125466588, -2.2867339281674144, 0.34369394685760934, 0.04164567527132322, 0.24729217788872052, 0.27317269686869794, 0.05765834551769619, -0.21854806642125282, 0.18013369218669492], "E": [0.44609044594219727, 1.1357973956845102, -0.0719550835197234, 0.29577640694660284, -0.15492931858448733, -0.18951829568776754, -0.08414049759216223, -0.05347167782571028, -1.7761056003595224], "D": [-0.39090206177136955, -0.4452597240939623, 0.06884509687887012, 0.25831822248241004, -0.07977173920306267, -0.3380497544460939, -0.5209804380320806, -0.35183803893172716, -1.7182609961577], "A": [0.39761312579707736, -1.2662540155090871, 0.14278355238122503, 0.00022671118585391336, -0.09530239610581691, -0.057370243057098355, -0.14452041877599847, -0.06856814285857214, -1.0653391727283736], "Y": [-0.4071782596883736, -1.6543328745695, -0.1772116198498378, -0.2622224095581865, -0.07837568580574297, -0.06699614006224419, -0.07075628893555105, -0.05590716789663194, 0.8198833895067549]}