{"L": [-0.19397701510921092, -2.4394896829233605, 0.054664911095082064, -0.04679272966369501, -0.12142634796059913, 0.08942701735429401, 0.16039338915032714, -0.0485545758199816, 0.07105532728325138], "G": [0.13201263634934451, -2.257153448015188, -0.4310786453143615, 0.023879919232539515, 0.0588168974417298, -0.11102541233694993, -0.6039409342398442, -0.1432100957083511, -2.257153448015188], "K": [0.20666348401752008, -2.145519034093842, -0.0848211937402307, -0.08861418275736976, 0.10733399688605069, -0.011980125723624903, -0.1817312067482871, 0.3077993059531952, -2.145519034093842], "M": [-0.13477435778154664, -1.806872215717264, 0.05645064440319184, -0.344474217818308, -0.2505697149499768, 0.01267171982460461, -0.12563097834167686, -0.3597141843750448, -0.15365970194192038], "F": [0.09133671142638074, -2.009033833691182, 0.3392710293569785, -0.022262099424937332, 0.32137993965800865, 0.390639887789856, -0.09521998130746541, -0.10594384669923851, 0.19236329062926932], "R": [0.061666403824789356, -1.5135214411028715, -0.4964881018040912, -0.46430341843268996, 0.28856781677886106, -0.21685625084134047, -0.07261235903765391, 0.010225025708692891, -2.21249144543889], "W": [-0.149140918073878, -1.6262621727935402, -0.21128882482272246, -0.5848694876353154, -0.34750857184071143, -0.37098966769023434, -0.5848694876353154, -0.8481109224098968, -1.6262621727935402], "H": [0.08305186162284031, -1.8514465896207273, 0.02361467377097266, -0.28324486555373235, 0.2788871788742787, -0.0590549001224735, 0.046180501669714054, -0.04526661563684024, -1.8514465896207273], "S": [0.16322697376427533, -2.343278058640596, -0.1002400099543023, -0.1153913540269232, -0.0904250276607036, -0.0928580563317027, -0.10774961173304783, 0.10387997270162246, -2.343278058640596], "C": [-1.7452131358003071, -1.7452131358003071, -1.444183140136326, -1.7452131358003071, -1.7452131358003071, -1.2680918810806447, -1.2680918810806447, -1.1431531444723448, -1.7452131358003071], "V": [0.03658505377294808, -2.2039641945096515, 0.1762470472019543, -0.01363249633936016, -0.14326635415603994, 0.24164000876394587, 0.22900509636475397, 0.13647992033046666, 0.8286545663410682], "N": [-0.6432621703169678, -1.3836248598112115, 0.1816324836090021, -0.04120217898900538, 0.08986211025335679, -0.09359024844869356, 0.1635342615162059, 0.07877313808774446, -1.9856848511391738], "P": [-2.215075814240408, -2.215075814240408, -0.7837120500814209, 0.29278005745542274, 0.10920664105728448, -0.013678689919956733, -0.0109558315844834, -1.1358945681927832, -1.7379545595207455], "Q": [-0.0547808816495124, -1.0362974759554993, -0.19119943594124247, 0.09670888240083368, 0.06349822529004528, 0.1493391010064123, 0.19838849836602926, 0.18987264744349963, -2.115478722003124], "T": [0.11502857957902408, -1.607193884390706, -0.1264685054022184, -0.11583219055643341, -0.08867994451281866, 0.04116612659022545, 0.12115989763052225, 0.34704862504861866, -1.3641558357044115], "I": [0.07499802612264306, -2.0833644659726063, 0.3606803299454697, 0.10696723219768495, -0.13397445932769375, 0.23678182013844745, 0.17908662375782297, -0.3590885963718174, 0.9654656205557435], "E": [-0.6382376869211468, 1.126233866171304, -0.3079183151551781, 0.26862333229014035, -0.12248702984535342, -0.3740790512102919, -0.026193474686583583, 0.09936171977100293, -2.271706142500733], "D": [-1.8159215296268731, 0.2195082085576751, 0.12359772299174533, 0.2504043957351646, -0.17743227267223585, -0.5728834809405787, -0.3535235317279171, -0.9128315426349295, -2.116951525290854], "A": [0.37691237838157093, -1.5151822243089093, 0.11996628938869873, -0.07322538665249793, -0.15661290753614626, 0.026812811418501007, 0.024729860270208532, -0.09193635037210157, -1.147205439014315], "Y": [0.17228587802320816, -1.9280846670943546, 0.3920616190166993, -0.25598680915863725, -0.05302340370265468, -0.2291146627583359, -0.10854073155248603, 0.026157842344970136, -1.9280846670943546]}