{"L": [-0.11335116567238952, 0.32807141864822226, -0.4405624059638078, -0.21771066633605538, -0.02539599531725965, -0.06901409986738323, -0.017269169086563403, -0.2712176046218717, 0.10778795227970096], "G": [0.005471455443563875, -0.8016670752508618, -0.556753021565812, 0.049034842281393556, 0.08064468178077651, 0.14520183631966901, -0.28541890886953725, -0.1421638350370296, -1.5185486688955825], "K": [0.3525547824416522, -1.406914254974237, 0.4513695988624464, 0.15128888113248432, -0.08797267000155384, -0.1440886119804852, -0.1465917571342895, -0.11163658819934728, -1.2706945079562482], "M": [0.05437950323105622, 0.4658923190923677, 0.26363912553939206, -0.26423566723403774, -0.07984930914747407, -0.08220321454095143, -0.004598356728281644, -0.1511213851412541, 0.23161817241758445], "F": [0.16931903334286835, -0.662691930351924, 0.3111553510465877, -0.1893471731845179, 0.049607851238709165, 0.11639833549354726, -0.19124780852395207, -0.19315679833128319, 0.9150087151165935], "R": [0.32798621964969155, -1.3909124312545211, 0.24035483115922734, -0.10233274414017768, -0.19034740281563953, -0.0660039980098208, -0.27263332431496357, -0.19153888362305818, -2.1505802759441517], "W": [-0.28559740234597286, -1.865380998962783, -0.3151526459076889, -0.24213170856488261, -0.04583706342091434, -0.39555898298462006, -0.3810811596159972, -0.7514376466559461, -0.3882597442431206], "H": [-0.007780045473519836, -1.437352902014626, 0.23061861151234414, -0.11975380491745215, 0.0767519189582061, 0.08697108413989224, 0.15617929393387137, 0.08841153150319944, -0.5282725513334952], "S": [0.02879517605859501, -0.18358915460657477, -0.18619753771410294, -0.036471555453996496, 0.03565121190225346, 0.06547488049639319, 0.11176941112335895, 0.2523416340940018, -1.9291843710344954], "C": [-0.6419092811473436, -1.0300894525302249, -0.5294871019610397, -0.6419092811473436, -0.5294871019610397, -0.31223410403383245, -0.38227197064158747, -0.3610826715716494, -1.5072107072498875], "V": [0.03835960782341079, 0.2953011028332617, -0.10662328683036475, -0.17240418453418788, 0.0593440993055384, 0.12335447151617601, 0.16490783786828056, 0.20184768723469318, -0.6987900375562179], "N": [-0.5005278077076275, -1.1834109921501914, 0.25014065815697134, 0.1056100960407743, 0.10763478260718874, 0.052805536995674564, 0.061877292046513606, -0.07251533292536007, -1.826863668636379], "P": [-1.551104653417707, -1.2928266381746758, -0.4541946404096507, 0.2520963168491126, -0.004716241222285696, -0.26667391957318765, -0.3034382005493417, -0.3003797760651217, -1.7138319509154067], "Q": [-0.04390423582900607, 0.8263880326143638, 0.013689336729764249, 0.08552405501543715, 0.0033372988280870753, 0.03011419476591571, 0.23423417742184052, 0.13886050282282175, -1.752537556844404], "T": [-0.11897482252686849, -0.11795892853872025, -0.4419066596386794, -0.16620392358326957, 0.04158577753692354, 0.16757734976848987, 0.18154633361563066, 0.2409361572357091, -1.4941301924485861], "I": [0.21784618264902456, 0.2612820761431506, 0.38338042014207013, -0.1156574161099994, 0.15824208684663857, 0.21027108685064852, 0.14364257827635013, -0.36583471293664577, -0.5300916026435952], "E": [-0.7254951336592088, -0.6847501659691494, -0.9605966156148819, 0.22437457975233738, 0.0070304502600527785, -0.09752520458872409, 0.12716481211470934, 0.0939409160339113, -2.112884959997938], "D": [-1.51097231144584, -1.8789490967404343, -0.8647086576258242, 0.22599301145161174, -0.11179323065825406, -0.13858640724619067, -0.3648442757676021, -0.4140622984377837, -2.0550403557961157], "A": [0.1665177034742232, -0.07837003013070556, 0.12698848100852214, -0.00033518461299163877, -0.009356462609227862, -0.07608626773275264, 0.04675947936970356, 0.262035745797374, -1.1174789528909777], "Y": [0.2544004336062337, -1.0058354910286222, 0.2527522552261605, -0.2807127680911154, -0.07729838182419936, -0.18720012167985092, -0.1628821194809547, -0.13177375507904904, 1.1843029296654468]}