{"L": [-0.17609035158935843, -1.5740303602613959, 0.2802756815396846, 0.12926101785726532, 0.07432965071953555, 0.12493964407462274, 0.20048660546715355, -0.24159190034579062, 0.6538563443522775], "G": [0.3201131036879677, -1.6927241210172044, -0.7384816115778796, 0.06315073465528688, 0.023279222617594637, -0.14865607666692882, -1.2156028662975418, 0.047638568477039345, -1.6927241210172044], "K": [-0.14972594293687164, -1.5810897070958587, -1.2800597114318777, -0.0013061104790488007, -0.166116359125041, -0.25887041236193964, -0.5810897070958588, -0.23866702627365266, -1.5810897070958587], "M": [-0.03832290606335584, -1.2424428887192804, 0.21995510917967545, -0.06635162966359935, 0.0999797921029256, 0.0999797921029256, 0.05858710694470059, -0.28820037927995573, 0.45652711561673814], "F": [-0.14357451102921742, -1.4446045066931985, 0.6952745797080379, 0.21815332498837536, 0.2713988369416005, 0.2713988369416005, 0.37493942884867, -0.16585090574036968, 0.6309424546993321], "R": [0.03317911893468028, 1.2246767090317618, -1.6480621184409068, -0.41761319706263295, -0.8029640784266501, -0.32584282370698764, -0.6066694332826819, -0.1039940740906313, -0.7449721314489633], "W": [-0.10759033635623212, -1.0618328457955568, 0.5913796679797867, 0.11425841326012427, 0.08429518988268107, 0.05211050651127975, 0.35314050217526094, -0.5847115910758944, -0.28368159541191335], "H": [0.3040473444037553, -1.2870172626227439, -0.056568341244469925, -0.5088660122391001, -0.441919222608487, -0.24562457746451885, -0.38392727563080026, -0.1408892269445058, -0.332774753183419], "S": [0.26254395351561177, -1.7788487316426131, -0.3474849674836259, -0.222546230875326, -0.30172747692295077, -0.2874870378083405, -0.45662943690869395, 0.19427912195708535, -1.0798787273065942], "C": [-1.1807838088023237, -1.1807838088023237, -0.4818138044663049, -1.1807838088023237, -0.5787238174743614, -0.22654129936299888, -0.7036625540826613, -0.18078380880232375, -0.2776938218103802], "V": [-0.08323236674438092, -1.639534867511668, 0.21172348120740705, -0.1771368696127121, 0.2355263958800319, 0.2689501513669816, 0.3049478046385004, 0.13131714413047593, 0.08474100208912085], "N": [-0.16598301903788443, -1.4212555241411904, 0.09725841573669697, -0.07883284331898428, -0.19080660276291653, -0.04104428242958445, 0.07010616969308221, -0.04104428242958445, -0.9441342694215279], "P": [-1.6506464872424245, -1.6506464872424245, -1.6506464872424245, 0.43571334343232343, 0.09754153976377572, 0.21267637287803115, 0.05692368885551172, -1.0485864959144622, -1.6506464872424245], "Q": [0.1301918423704466, -1.2500193993411595, -0.37495813594945937, -0.0325354551272532, 0.0400152120213585, 0.06173446171459486, -0.006981350654865003, 0.1732264745956484, -1.0739281402854781], "T": [-0.03204069200094955, -1.644824548720685, -0.15346285488641237, -0.24688454004864746, -0.21346078456169776, -0.21346078456169776, -0.1263106088427976, 0.2244071710102911, -0.7417345617287414], "I": [0.15316271896109437, -1.5189351389746228, 0.3071396637262033, 0.03736736179266417, 0.4205841136439954, 0.3443877211458328, 0.3071396637262033, -0.263662633871317, 0.06084845764218712], "E": [-0.2448788176037937, -1.7072768155027498, -0.8041868285108063, 0.0002933605951864884, -0.01708073547423627, -0.13907509143575486, 0.156046044617706, 0.38262829593664804, -1.2301555607830874], "D": [-0.8535521939568519, -1.5525221982928707, -0.2514922026288896, 0.17175367130791816, -0.04737221997296491, -0.47334095224524597, -0.21009951747066466, -0.09012420039391476, -1.5525221982928707], "A": [0.15758657747791233, -1.7289041476945695, -0.19742523065231438, -0.3309641390225319, -0.2103902078166821, -0.2103902078166821, -0.42787415203058826, 0.0034896121283988796, -0.3671763116769767], "Y": [0.03428466857566639, -1.3636553400963711, 0.37670734939787254, -0.021232659274165015, 0.14149463822353467, 0.1678235769458839, 0.26981311548321524, -0.4605653531044277, 0.4996675200240846]}