{"L": [-0.304832567292983, 0.5886003861697595, 0.008096651670705873, -0.35598508974036436, -0.16507005436765868, 0.08498955115687508, 0.08825493858464244, -0.201535755623526, 0.7288145332654372], "G": [-0.4569500835357412, -0.4931622561901859, -0.877166486918931, -0.10284164438834031, -0.1473199161098425, -0.27510649559096867, -1.076738841824135, -0.5538600965437975, -2.1559200878717597], "K": [0.15437141300400814, -1.0442856739504143, 0.16254020208143521, -0.07580272539647936, 0.427006037108524, -0.24494512449683276, -0.5002176296001387, -0.2054365832131592, -1.3453156696143955], "M": [-0.08238956517593575, 0.2674889980258624, 0.4587140002106009, -0.5595108198955981, -0.3254276138622302, -0.24324085767488007, 0.12043594712699018, -0.3834195608399169, 0.19198823571660528], "F": [0.6627424663341432, -0.2845511831498537, 0.3593712548552595, -0.37632155650549903, 0.17855935712699397, 0.20614287875908252, 0.25056201854749544, 0.02161845216653849, 0.5105008177719912], "R": [0.04407795216959923, -0.25999973657638725, -0.2661600452812056, -0.3869822156946735, 0.30036162066776756, -0.20277306641681275, -0.34040607365331826, -0.22476736012298065, -2.111258085295462], "W": [-0.48363612749188745, -1.5250288126501124, -0.14481757093850656, -0.5707863032107876, 0.0982204777477879, -0.92296882132215, -0.03366711881583991, -1.5250288126501124, -1.5250288126501124], "H": [0.049127319976282224, -0.6362698771704627, 0.035116605533467536, -0.14815323814933704, 0.4344782013402993, -0.042643053379363104, 0.3104846108763122, -0.05124322514128062, -1.4491832338133182], "S": [0.09240905265376208, -0.44270414904358707, -0.09902989824307375, -0.04614504608793505, -0.22085539942723073, -0.12810134619033203, -0.255272964230924, 0.2711729015707702, -2.2420446984971685], "C": [-1.6439797756568792, -1.6439797756568792, -1.6439797756568792, -1.6439797756568792, -1.342949779992898, -1.342949779992898, -1.6439797756568792, -1.6439797756568792, -1.6439797756568792], "V": [0.037148252035012666, 0.07624611292694565, -0.27022192165998743, -0.3623681448719798, 0.13531526876257163, 0.3505875056808139, 0.2513776047811771, 0.03398973279018304, 0.5266787647364951], "N": [-0.02711899456447757, -0.7083602319400648, 0.29163976805993513, 0.17245336034072647, 0.1283857337094261, 0.02936236138797062, 0.00764311169473429, -0.015219771264769866, -1.884451490995746], "P": [-1.812812458432999, -0.43260121672139307, -0.1693597819468117, 0.42018365195915475, -0.46062994032163657, 0.04149358336808154, -0.03466120804935545, -1.0724497689387553, -2.11384245409698], "Q": [-0.5371241071400338, 0.29962185850945716, -0.07472610924107768, 0.002787977439084127, -0.06976268970952765, -0.045762413305761106, 0.22380074126909918, 0.19794224254426154, -2.0142453618596963], "T": [-0.04356252634832212, -0.329869265191597, -0.2691714248379853, -0.16353784342507205, -0.16353784342507205, 0.2016096518506581, 0.07095643171792884, 0.32973004724514726, -2.1080205155752405], "I": [0.10065426448727147, 0.01786889417082139, 0.27794028215589617, -0.30088986845359145, 0.12845860447007032, 0.47423492729986433, 0.3101249655272974, -0.2417684163349348, 0.35432862801935083], "E": [-0.5270201058711179, -0.6519588424794179, -0.7391090181983181, 0.4228132846631518, -0.33796386965106906, -0.38514294734653837, -0.1290800971990804, 0.27823353754777436, -2.1704727823573053], "D": [-0.584354400988439, -2.015718165147426, 0.1545435502475309, 0.46428877780972416, -0.42465355812092725, -0.584354400988439, -0.5385969104277639, -0.7369645641945975, -2.015718165147426], "A": [0.06075291643076807, 0.0065569724052975745, 0.1023661116124678, -0.19210011454912512, -0.2008740388566302, -0.0649953161843175, -0.021838399154167718, 0.17151186534301918, -1.0781567622422883], "Y": [0.6310305897830654, 0.5195016674997117, 0.30668760141929063, -0.44664006523932076, 0.1508722983379209, -0.2953723899086717, 0.24869565444160388, 0.27695241400503, -1.048700056567283]}