{"L": [-0.5225436365802058, -1.6364869888870426, -0.31426769415312333, -0.27475915286944974, -0.5573057428394177, -0.5225436365802058, -0.02370313216730712, -0.4603957298313614, -1.15936573416738], "G": [-0.1117280731566636, -1.4541507539788698, -0.374969507931245, -0.17539715302604092, -0.09242291796127695, -0.03917740600805189, -1.1531207583148886, -0.45415075397886984, -1.4541507539788698], "K": [0.37348700357727477, -1.3425163400575242, -0.13839635740159956, -0.06376273910469539, 0.17599759982036312, -0.06376273910469539, 0.03769490165408175, 0.13460491466213806, -1.3425163400575242], "M": [0.17222173737473517, -1.0038695216809461, 0.2265793996973279, -0.4018095303529836, -1.0038695216809461, -0.5267482669612835, 0.11007383062589077, -0.4018095303529836, -1.0038695216809461], "F": [-0.1268498936072392, -1.206031139654864, -1.206031139654864, -0.20603113965486397, -0.02993988059918283, -0.36093309964060716, 0.049241365448442015, -0.9050011439908827, -1.206031139654864], "R": [0.35393924216036493, -1.4094887514025722, -1.4094887514025722, -0.20536876874664753, 0.15871297266442266, -0.029277509690966284, 0.23396392508361502, -0.4552462419632475, -1.4094887514025722], "W": [-0.5222294830932412, -0.8232594787572223, -0.8232594787572223, -0.8232594787572223, -0.34613822403755984, -0.5222294830932412, -0.22119948742926, -0.8232594787572223, -0.8232594787572223], "H": [0.20682860951889673, -1.048443895584409, 0.09768414009382877, -0.14535390859246566, 0.09768414009382877, -0.14535390859246566, 0.1276473634712719, -0.44638390425644686, -1.048443895584409], "S": [0.07250849211545687, -1.5402753646042786, -0.06315410988461621, -0.1978526837820724, -0.008796447562023491, 0.1409658727713086, -0.4988826794460536, 0.20791266240192174, -0.9382153732763162], "C": [-0.942210441763989, -0.942210441763989, -0.942210441763989, -0.942210441763989, -0.46508918704432667, -0.942210441763989, -0.641180446100008, -0.46508918704432667, -0.942210441763989], "V": [-0.1222078995205046, -1.4009615004733336, -0.020750258761727525, -0.1222078995205046, -0.0030214918012959964, 0.20109849085462878, 0.37718974991031, 0.40521847351055346, 0.3233143691274554], "N": [-0.5806221657748935, -1.1826821571028558, 0.09607144384997304, -0.2795921701109123, -0.00659089804717468, -0.03655412142461783, -0.2795921701109123, -0.5806221657748935, -1.1826821571028558], "P": [-1.41207312020409, -1.41207312020409, -1.41207312020409, 0.45124973991636574, 0.49641189867455954, 0.25068471147748395, 0.43918522851498515, 0.0792885736301826, 0.4855539710863513], "Q": [-0.10835604531088125, -0.8353547732471435, 0.5004373286760495, 0.08546398070523153, -0.05720352286350002, -0.10835604531088125, -0.4093860409748624, -0.03372242701397709, -1.3124760279668057], "T": [0.20653267503738504, -1.4062511816823504, -0.29230782937551364, -0.2301599226266692, -0.044523345664757547, 0.3496236739901409, -0.15097867657904437, 0.1619505423846445, -0.9291299269626878], "I": [-0.04991285055801449, -1.2803617719362883, 0.3216982193916739, -0.16641841962945167, -0.16641841962945167, 0.09984946977531761, 0.2878399521307065, -0.10427051288060722, -0.678301780608326], "E": [-0.8666434571364529, 1.1586624081283172, 0.3442099081784402, 0.41211014381637606, -0.053730100493597305, -0.292612189408734, -0.3895222024167904, 0.11108014815239489, -1.167673452800434], "D": [-1.3139488312545362, -1.3139488312545362, 0.2881111600734261, 0.29883502546519913, 0.02847384956766989, -0.5357975808708926, -0.6149788269185175, -0.8368275765348737, -1.3139488312545362], "A": [0.4072963106342065, -1.4903307806562347, 0.19986529937227873, 0.02818315922165253, -0.0589670164972476, 0.2730972129067023, -0.12860294463864205, 0.4541518914939337, 0.9599183276631261], "Y": [0.15367162789479227, -1.1250819730580366, -0.34693072267439296, -0.22199198606609305, -0.22199198606609305, -0.2799839330437797, 0.10536694832023728, -1.1250819730580366, -0.8240519773940554]}