{"L": [-0.15188510649686482, 0.1796087402448412, 0.1631913818759564, -0.4395966808411386, 0.13385124968416612, -0.10763297093350667, 0.5004917432109377, 0.21134288466313625, -0.5874770839886423], "G": [-0.010490965855482058, -0.5791883656261645, -0.2290495900247884, 0.1354011043282777, -0.0900025995051216, -0.015473366374421966, -0.42184654258332227, -0.21296277013133358, -2.4304467143452397], "K": [0.0994889908958511, -1.1726842647456563, -0.09350301869803151, 0.005470154873798272, 0.013626159491710943, -0.09870421238383928, -0.4737142604096375, 0.21266661661836073, -1.3645697909845695], "M": [0.07291296143610365, 0.3358048634096017, 0.165962553630922, -0.3174076503657419, 0.05726101589330756, -0.05074655633302332, -0.05588619598543438, -0.16062154650544738, -0.24777172222434754], "F": [0.3858746240457609, 0.5818490323690966, 0.25542346279915384, -0.15294332233602445, 0.17560774697921966, 0.26637921988384583, 0.3882158398606633, 0.15811701481888424, 0.23097266406001773], "R": [-0.08693163535923576, -1.1553357903906685, -0.5224618516484865, -0.14274666308264788, -0.11394310523244344, -0.14027204395479254, -0.6076334613852987, 0.12072032063592972, -1.3857847117689421], "W": [-0.12745758118787492, 0.026519363577234032, 0.05777705730767608, -0.38458209115277436, -0.14634292534824878, -0.15610276263740494, 0.0066245348602947006, -0.5442829340202863, -0.6534274034453543], "H": [0.2057090654274946, -0.6823171751285729, 0.14552185944417798, 0.24243187245223444, 0.1599515748668194, 0.3137166376538254, 0.30567391739841143, 0.2540137450020496, -0.7237098602867981], "S": [0.13856710984073342, -0.2760220766880489, 0.05513750683803892, 0.029971338507482327, -0.151083340079749, -0.019641676897433742, -0.455873484617037, -0.052678335984741406, -1.5165713249706485], "C": [-0.59628710739644, -0.576083721308153, -0.32744179510386007, -0.7424151430746779, -0.617476406466378, -0.3387228055135491, -0.7723783664521212, -0.5567785661127663, -1.4413851474106967], "V": [0.06678733507837263, 0.3928578339473979, -0.16774244629707266, -0.22192142337464174, 0.24391882093533152, 0.09695880323655157, -0.17313747818377884, -0.15454098969212032, -0.9622841128688855], "N": [0.031353580701065566, -0.09079225572306429, 0.19895672953122784, 0.18932674557893472, 0.04241900685122557, 0.05586573057847192, -0.22955919175493314, -0.006689773086169435, -1.460008113133207], "P": [-0.925971082671504, -0.6480063910762163, -0.16305979884459723, 0.16672536800785898, -0.26451743960337437, 0.06188002774890093, -0.258035312075454, -0.5890285311168784, -1.6102178301868164], "Q": [-0.16166718996836846, -0.2318671369967035, -0.2132250269406453, 0.022981872722578265, 0.02719835712374171, 0.08597635767692777, -0.10125126749671302, 0.018724049580036803, -1.4436739483189192], "T": [-0.07505110413550757, 0.22167891103574955, -0.1224757540636457, -0.08151714638473931, -0.03424227900055984, 0.06305706122487703, -0.2821765969311576, -0.11772931903918403, -1.6043958916650767], "I": [0.08179876130194634, 0.1873870636154178, 0.11625427066744803, -0.30726772565774574, 0.3321739932915487, 0.0757807276129468, -0.074814144357886, -0.31217506015248986, -0.643873875582923], "E": [-0.48595801650969167, -0.36945244743825445, -0.38054141960386684, 0.11490721620532714, -0.1970261424689787, -0.5419094218388416, -0.18492802084571053, 0.06015056948912067, -1.7460294044947664], "D": [-0.6774609349011708, -0.9100335499093002, -0.047206742934611856, 0.3909964457546809, -0.19682310645867124, -0.33600228218158146, -0.2568210361339567, -0.22205892987474465, -1.4451467516066494], "A": [0.07495250292397593, -0.13418828110699968, 0.14296766820261506, 0.007589523053650162, -0.23363063063045109, 0.12332286030310273, -0.03849194699381614, -0.11060088382948227, -1.4666267410226048], "Y": [0.5187581215493507, 0.49190813359605057, 0.3202259934454243, -0.07607206815963649, 0.02572686494040093, 0.11346591462329118, 0.4262519674469319, 0.35951990933214106, 1.4428141773406258]}