{"L": [-0.9327264598352065, -2.2337564554991873, -0.17305861514557605, -0.1545752094515628, -0.2843664488542748, -0.021568851095229866, 0.044997145453641266, -0.3199426031154709, -0.501362695676219], "G": [-0.36122414056250124, -2.051420220591015, -0.28056820894887075, -0.002202197920833292, 0.0756845777737927, -0.04709884680837234, -0.8209712992127409, -0.21891130788477858, -1.2732689702073712], "K": [-0.1137110039688429, -1.9397858066696694, 0.1536358784925657, 0.10553717211698803, 0.2363054523860119, -0.07055408693869318, 0.019255585651424198, 0.0855200585951009, -1.9397858066696694], "M": [-0.044836487525803805, -1.6011389882930909, 0.184190846717676, -0.34586648318978497, -0.2789196935591718, -0.044836487525803805, 0.02211030210480941, -0.15398095695087186, -0.9990789969651286], "F": [-0.6893572539601722, -1.8033006062670092, -0.340902608368053, -0.0872972626322099, 0.24202237251964828, 0.2830592244077392, 0.10518441261164069, -0.6272093472113277, -0.8033006062670089], "R": [-0.17424930530848104, -2.0067582180147174, -0.2074176685611357, -0.13169695462301734, 0.07960161266003087, -0.18721428247284871, -0.07225976677114967, -0.24333022445178007, -1.5296369632950548], "W": [-1.1194989497053862, -1.4205289453693672, -0.6423776949857237, -0.3413476993217426, -0.005555597398549458, 0.05659230935029497, 0.026629085972851754, -0.5754309053551107, -1.4205289453693672], "H": [-0.323494067462635, -1.645713362196554, 0.21760949792390152, -0.2307400142257364, 0.17383057334531432, 0.007499151578789333, 0.36712386250861784, -0.3904408570932482, -1.645713362196554], "S": [0.2426664104951823, -2.1375448312164234, -0.06935896947026206, -0.05836358516879885, -0.06199786982389297, 0.038546427839257574, -0.3971821417221798, 0.18879102971232775, -0.7758169951988307], "C": [-0.6943818683618773, -1.5394799083761341, -0.6943818683618773, -1.0623586536564718, -0.7613286579924906, -0.7613286579924906, -0.4980872232179092, -0.4602986623285094, -0.33535992572020945], "V": [-0.600290958413441, -1.6972009714214973, -0.20583927758722473, -0.07395168102359694, -0.1349081069650227, 0.1778602919702026, 0.20859490894637103, 0.26658685592405784, 0.22965573752819485], "N": [-0.04755786389203239, -1.7799516237150008, 0.29559533767752977, -0.13649894722881348, 0.139126468661073, 0.15454682752856674, -0.15670233331710043, -0.15670233331710043, -1.7799516237150008], "P": [-1.4072825954882726, -2.009342586816235, -1.5322213320965725, 0.29385347060425365, 0.19748328921561453, -0.10625259982429151, 0.18378201153822643, -0.12852899453544378, 0.4998599355148677], "Q": [0.20752580107681315, -1.9097454945789507, 0.343107536400942, 0.07702623968729373, -0.046422634458495184, 0.11144380449098698, -0.01211840328850965, 0.1584403671672105, -1.9097454945789507], "T": [-0.2875173046596963, -2.0035206482944954, -0.1710117355882592, -0.2875173046596963, -0.03973282094894023, 0.1608322074899416, -0.1114260456040151, 0.2139632959194107, -0.4124560412679963], "I": [-0.8776312385484335, -1.8776312385484333, 0.24622040241865223, -0.11420324498549624, -0.04512232584219717, 0.20872859212631475, 0.262247847852803, -0.04512232584219717, -0.1786612342124147], "E": [0.445910445902314, 1.1551804068781448, 0.15413517296349477, 0.316044127498308, -0.07033772047901038, -0.31778488807035987, -0.061651541293917714, 0.15674355607102292, -2.0659729150765602], "D": [-0.9112182978666814, -0.44882029996772516, -0.12588846285591426, 0.17156707244976865, -0.07236920712942602, -0.735127038811, -0.44882029996772516, -0.49624494989586326, -1.9112182978666812], "A": [0.6682746084041113, -1.1333577378290551, 0.24281352608081083, 0.04593866110183751, -0.04620756211015497, 0.0023048641710179275, 0.042733521226626124, 0.31207347421265813, 0.9149977334515286], "Y": [-0.7681089302308567, -1.7223514396701813, 0.010042320152786815, -0.2452301849505192, -0.10956758295044619, -0.15414971560318672, 0.23189106976914312, -0.6809587545119565, -0.9442001892865379]}