{"L": [-0.3308674963761095, -0.15477623732042833, -0.23696299350777839, -0.1572793824742326, -0.19666839864860544, -0.08997411615640433, 0.20017073622254597, -0.08997411615640433, 0.6845789820636926], "G": [-0.6219246436683562, -0.8327780089832492, -0.44213723905271113, 0.03498401566695127, 0.012320031031007494, -0.08588445233004774, -0.42059756119660147, -0.40680927671096817, -2.212989250694855], "K": [0.04165996348058529, -0.34547998110101835, -0.14711232733418486, -0.13756700942795452, -0.036896847546591297, -0.2148641116010279, -0.43859700509193567, -0.11908360373394142, -0.8709059153952358], "M": [0.08855033032214377, -0.0637380140609127, 0.15637007397914238, -0.5322590970186575, -0.23122910135467636, -0.13945872799903103, 0.0007199751660057817, -0.2713463245626588, 0.30547784334923017], "F": [0.5483479636970895, -0.39666791230385445, 0.48383668353423037, -0.2405937667700605, 0.33179555389068155, 0.18434947628453036, 0.24731796803310824, 0.0036133121830855966, 0.5666092806714056], "R": [0.17211686672156054, 0.7656659157126844, -0.057737537819308904, -0.5450779577206573, 0.3939656163379168, -0.061117278470689464, -0.18155551385231303, -0.27070015682811643, -1.323229208104301], "W": [-0.627855466033883, -0.8831279711371889, -0.3033443745203789, -0.4060067164175266, -0.16712462750238988, -0.5820979754732077, -0.03802993112293221, -0.8831279711371889, -0.4681546231663711], "H": [0.11699689376148684, -0.3448843944014386, 0.1749888407391736, -0.13518453436467726, 0.18394368339210013, 0.1612005562535403, 0.25717559692652375, -0.12604115492480758, -0.9041924053084511], "S": [0.10055986016077399, -0.3546311891700955, -0.12302260226458285, -0.06106775819146865, -0.14682551693720763, -0.0763973901726808, -0.08692625691630636, 0.19781578675295083, -2.2991138613202637], "C": [-0.8559508984657178, -1.4000189428159933, -1.7010489384799745, -1.098988947152012, -1.2239276837603121, -0.5249576794242935, -0.6596562533217496, -1.0020789341439558, -1.7010489384799745], "V": [-0.03269519882451144, 0.09547250791398702, -0.22530154594575133, -0.30246750075805057, 0.11666180698392506, 0.2634458767474888, 0.19430844195808186, 0.16448245810837359, -0.29056827745834285], "N": [0.2488110443514501, -0.7953926181406032, 0.19519991333756537, 0.07131657088633087, 0.17575064183692288, -0.06070706153805001, 0.01752073850225222, -0.06070706153805001, -1.9415206538188412], "P": [-1.693790362200413, -0.2678216299281319, 0.0891597710649992, 0.4725410595661118, -0.06370164727220723, 0.11912299444244244, -0.3135791204888071, -0.438517857097107, -1.4719416125840565], "Q": [-0.39007328730720425, -0.22005617596371624, -0.25840116803993596, -0.0890432916432231, -0.22005617596371624, 0.0290560204347714, 0.0748135109954465, 0.045956770972972724, -1.7702845290188103], "T": [-0.08230430808188585, -0.0283691112419292, -0.35217632175548025, -0.21569967175342314, -0.09320767109221056, 0.14666418265741835, 0.08533032391055805, 0.2630451156304528, -1.2619996914063922], "I": [-0.013894403387503723, -0.28332541297978253, -0.08015887633118035, -0.3490041886237602, 0.12811706609590218, 0.36047345282876414, 0.13689099040340733, -0.06147666336342613, -0.18794191993319867], "E": [-0.3762835964613254, -0.3642190850599448, -0.5199717690824643, 0.3000879556909379, -0.44221211016963363, -0.313728092796684, -0.08766285877916423, 0.2481292431440289, -2.2275419451804006], "D": [0.07334070770771627, -1.7717573323065405, 0.40288386035390783, 0.4470406658051969, -0.2946360775868781, -0.4930037313537116, -0.34039356814755317, -0.4495380375726213, -2.0727873279705213], "A": [-0.23213593807344005, -0.20777659221399533, -0.05326962496298667, -0.1061544771181253, -0.18471128814530188, -0.058837579201928926, -0.09688093298916393, 0.1641304867090314, -0.2997792707273076], "Y": [0.6501056362821128, 0.7555660194945638, 0.5932007849456402, -0.3276179690067348, 0.30920412858043944, 0.03515762260205176, 0.2892657986382519, 0.16915797370939756, 0.8378901454385244]}