{"L": [-0.6427561185717455, -1.8919544759628584, -0.38007111498398416, -0.222172860754322, -0.12110246432071435, -0.08239476132759078, 0.10912990532936137, 0.10695842839592722, 0.7325854379165363], "G": [-0.3030780606207306, -2.311678232382648, -0.3294069993430797, 0.0630701136274557, 0.09486194805130697, -0.04686040937311174, -0.8803144682236609, -0.3574357229433233, -2.311678232382648], "K": [-0.6202602218444924, -1.3549457784470458, -1.72292256374164, -0.02978210306634522, -0.22691596486160398, -0.14313896712482999, -0.802103809789265, 0.14826104458685796, -2.2000438184613023], "M": [0.0628822859771573, -1.8613970000847242, 0.01366426330697569, -0.23814770968682386, -0.1371211304839353, -0.12900324026175583, -0.12103431059048045, -0.07606716507395733, 0.05241685229899236], "F": [0.09177741940641947, -1.7625286223946608, 0.015622627988982481, -0.14448052568256842, -0.10451722573754876, 0.000899371168276052, -0.14448052568256842, -0.03013486257169264, 0.6744287082747884], "R": [-0.3977845100753744, 0.002496714411565646, -1.7898949750866882, -0.16664568468878777, -0.5035882362434133, -0.38052550463386875, -0.5949183718706331, 0.059319631122400754, -2.2670162298063508], "W": [-0.189425263326728, -1.6807869571610006, -0.7265444477216757, -0.7265444477216757, -0.6016057111133758, -0.9818169528249818, 0.0004542802145865274, -0.8356889171467438, 0.2434923289008809], "H": [0.5937157086302162, 1.5433527191105392, 0.2370434262659074, 0.03851129816198107, 0.013106718387886306, 0.1547264663654241, 0.3270247364039662, 0.19783234696776925, -1.9059713739881874], "S": [0.04624195291001927, -2.397802843008057, 0.29592410591558993, 0.03835980403269909, 0.036766061026141744, -0.05735872816793865, -0.11676947576032938, 0.1954832240124003, -2.397802843008057], "C": [-1.7997379201677675, -1.7997379201677675, 0.026336882533058922, -0.9546398801535106, -0.5209843192149385, -0.36837415600878015, -0.5956179375118427, -0.3373399222688115, -1.7997379201677675], "V": [-0.22910520119190225, -2.2584889788771116, -0.05166310284526224, -0.14121768322134762, 0.27042772140054283, 0.250713543453991, 0.14291156190443216, 0.022544388370615634, -0.5103009518709114], "N": [0.3830362384301736, -1.7391796398426527, -0.04898355981413937, 0.3234023443855101, -0.08116824318554063, 0.06359408544932266, 0.1978364676221612, 0.10900947714874562, -2.040209635506634], "P": [-2.2696005986078682, -1.968570602943887, -2.2696005986078682, 0.13351992256794945, -0.029051350325268663, -0.2089027582542567, -0.004782775598331959, -1.2696005986078684, -2.2696005986078682], "Q": [0.29834382404157295, -0.17877743067808952, 0.03139361794986711, 0.03682236966126529, -0.008635504135609462, 0.1522157883633349, 0.2548781302604826, 0.12666168389094667, -2.170003506370584], "T": [0.29131578849219036, -2.2637786600861287, -0.24674532078734843, -0.14983530777929197, 0.030687566075464166, 0.0033930683168850156, -0.001327570355699303, 0.25735942361790753, -2.2637786600861287], "I": [-0.03751870522250388, -2.137889250340067, 0.3123598579792942, -0.12085591104128643, 0.014399094042989684, 0.2495005759986626, 0.03529701807220726, -0.17410142299451153, 0.6743554464603024], "E": [0.21032751570333652, -2.025200931204212, 0.008222824282737348, 0.19228301300969386, 0.1734561557502102, 0.18297159546290925, 0.2052479901740615, -0.038429196937967515, -2.326230926868193], "D": [-0.07805462449607956, -2.1714763096583147, 0.60812018159951, 0.33095081032611806, 0.25827597034409333, 0.07649695670349206, 0.10955705758941296, -0.6151738088910274, -2.1714763096583147], "A": [-0.06005652912978719, -2.347858259060013, 0.10698660094849693, -0.00543557823780699, -0.03610439800425893, -0.08540716932958378, -0.08540716932958378, -0.15752656088972172, -2.347858259060013], "Y": [0.24269983026404784, -1.9826094514618149, -0.10754818807011493, -0.3698255947420795, -0.14376036072455964, -0.18326890200823323, 0.14449534690299268, 0.10375037921293323, -0.8364814157835768]}