{"L": [-0.031553139967908754, -0.7438159625278318, -0.34941161367069984, -0.07397158346603139, -0.24755969736790834, -0.14990154553245844, 0.06318853450450343, -0.2867118213300565, 0.774253140189477], "G": [-0.15540009280882355, -1.3338014343425786, -0.21454554506464216, 0.09173278615568463, 0.06828791622951781, 0.26081207481751917, -0.10952742004832113, -0.14628071350611577, -1.5556501839589352], "K": [0.13880486330470265, -1.841955778709627, 0.13804759287411902, 0.060228484321292304, 0.13117207489007143, -0.03690825512464817, -0.08862811205101578, -0.2001512806035131, -1.2221670204212332], "M": [0.030293650339061735, -0.9592409159827732, 0.11647979795534501, -0.19510038004194438, -0.3949694855442107, -0.11414287596851645, -0.07734022806076779, -0.1915550992772946, 0.4728881249943262], "F": [-0.08222128790906653, -1.2531729073123365, -0.15728596776185916, -0.1697546083214572, -0.1593393733929179, -0.019728839704703335, -0.4624325296206725, -0.4008364583741605, 0.335922106851258], "R": [0.4035312673900877, -1.1072958438215086, 0.5438801153102502, -0.17787691810721598, 0.20110005348000598, 0.32660025685287364, -0.01221829970050736, -0.283958919262501, -1.5409514047600807], "W": [-0.3932799916950326, -2.1008501677929687, -0.18177207541689502, -0.22578890440126892, -0.237527307672513, -0.15636749564280034, -0.49879017646500645, -0.5445476670256817, -0.6694864036339816], "H": [-0.04728098366732688, -1.422944597628212, 0.13486325813639202, -0.014280723564401547, 0.09226670669958958, -0.049572780446911754, 0.012421908984448992, -0.2361294731807579, -0.8788765532779367], "S": [0.3095627242115736, -1.2050821969202894, 0.05077838475480053, 0.11155287207426755, 0.015281058272759964, 0.07478498023727513, 0.19158484215866872, 0.36053528789373, -1.2993521137621376], "C": [-0.8395898890881296, -1.2198011307997356, -0.7284394369654631, -0.5570432991181616, -0.6883222137574806, -0.8580732947821429, -0.6177411394717733, -0.4002571952578671, -0.6287365237732365], "V": [-0.011099236619126254, 0.006293172135332303, -0.17340221118917415, -0.1535073824722349, 0.09669407023115623, -0.03116921939446034, 0.05142209619047544, 0.18714387040699038, 0.1621810451027266], "N": [-0.1527768082253895, -1.3141448104603644, -0.022522283318214455, 0.0197340968185482, -0.02411019909784646, -0.08006160442699642, 0.0197340968185482, -0.2929555113904263, -1.6151748061243454], "P": [-1.291723800567799, 1.1308003813378473, -0.46694733809225336, 0.3785220525063249, 0.4367923041919676, 0.14855541266778918, 0.13446202467671226, -0.028798331235967527, -0.750144556621218], "Q": [-0.18694619582673466, -1.2283388809849596, 0.009816355071135265, -0.009141741326933355, -0.1767669529213008, -0.1276687191035965, 0.04642117935081288, 0.0021100403933141856, -1.3596177956242785], "T": [-0.07746050560749208, -0.8325835219990216, -0.2688685227472791, -0.11917580646600767, -0.038419601369005164, 0.1297391178500949, 0.18066921034029487, 0.18421449110494453, -0.8449927799808417], "I": [0.014919141228445136, -0.4308476626072274, -0.08519601165482264, -0.19622462495444212, -0.11234825769843745, 0.0031489226770209395, -0.008949198946247202, -0.21949596736743018, 0.12419261540179673], "E": [-0.8598034123276799, -1.9011960974859048, -0.4324269171310084, -0.023660214966349593, -0.407837643895557, -0.5879316454049122, -0.23709161516905888, -0.02696285051643522, -1.4910216323968555], "D": [-1.3127859193374538, -1.7464414802760257, -0.29487433002875174, -0.052463421497506255, -0.36882304914269953, -0.48773579933432587, -0.39014239596983136, -0.45800061192006525, -2.11441826557062], "A": [0.2908840169839252, -0.06549093324645622, 0.3433410439670837, 0.09836586939221337, 0.09480605862599314, 0.051622465849887174, 0.15532254893829495, 0.3958360542899743, -0.06377095285218243], "Y": [-0.03906068220163889, -0.8841587222158956, -0.06421616848917835, -0.23535532734560705, -0.2755678637289755, -0.4114465864012883, -0.4295448084940845, -0.40703746749623326, -0.8463701613264959]}