{"L": [0.75, 0.24137931034482762, 0.7777777777777779, 0.3333333333333333, 0.7999999999999999, 1.0, 0.38461538461538464, 0.21428571428571425, 0.8999999999999999, 0.38461538461538464, 1.0, 1.0], "G": [0.4166666666666667, 0.24137931034482762, 0.888888888888889, 0.16666666666666666, 1.0, 0.8181818181818181, 0.7692307692307693, 0.6428571428571428, 1.0, 0.7692307692307693, 0.13333333333333333, 0.19999999999999998], "K": [0.4166666666666667, 0.0, 0.5555555555555556, 0.2777777777777778, 0.5, 0.4545454545454546, 0.3076923076923077, 0.5, 0.7999999999999999, 1.0, 0.5333333333333333, 0.65], "M": [0.0, 0.0, 0.11111111111111112, 0.22222222222222224, 0.19999999999999998, 0.09090909090909091, 0.15384615384615385, 0.0, 0.3, 0.0, 0.13333333333333333, 0.3], "F": [1.0, 0.10344827586206896, 1.0, 0.22222222222222224, 0.19999999999999998, 0.4545454545454546, 0.23076923076923075, 0.2857142857142857, 0.7000000000000001, 0.15384615384615385, 0.2, 0.25], "R": [0.5, 1.0, 0.3333333333333333, 0.11111111111111112, 0.7000000000000001, 0.2727272727272727, 0.23076923076923075, 0.2857142857142857, 0.0, 0.7692307692307693, 0.46666666666666673, 0.09999999999999999], "W": [0.0, 0.0, 0.11111111111111112, 0.0, 0.0, 0.0, 0.15384615384615385, 0.07142857142857142, 0.0, 0.0, 0.0, 0.0], "H": [0.4166666666666667, 0.03448275862068966, 0.22222222222222224, 0.11111111111111112, 0.3, 0.09090909090909091, 0.3076923076923077, 0.0, 0.6, 0.23076923076923075, 0.06666666666666667, 0.09999999999999999], "S": [0.33333333333333337, 0.06896551724137932, 0.4444444444444445, 0.38888888888888895, 0.7000000000000001, 0.7272727272727273, 1.0, 0.7142857142857143, 0.7000000000000001, 0.8461538461538461, 0.26666666666666666, 0.19999999999999998], "C": [0.0, 0.0, 0.11111111111111112, 0.0, 0.0, 0.0, 0.0, 0.0, 0.0, 0.07692307692307693, 0.0, 0.0], "V": [0.5833333333333334, 0.3448275862068966, 0.5555555555555556, 0.22222222222222224, 0.8999999999999999, 0.8181818181818181, 0.23076923076923075, 0.5, 0.5, 0.5384615384615385, 0.5333333333333333, 0.44999999999999996], "N": [0.33333333333333337, 0.06896551724137932, 0.22222222222222224, 0.38888888888888895, 0.5, 0.36363636363636365, 0.38461538461538464, 0.5, 0.7999999999999999, 0.23076923076923075, 0.26666666666666666, 0.049999999999999996], "P": [0.25, 0.1724137931034483, 1.0, 0.6111111111111112, 1.0, 0.5454545454545454, 0.4615384615384615, 0.6428571428571428, 0.5, 0.15384615384615385, 0.2, 0.3], "Q": [0.0, 0.10344827586206896, 0.22222222222222224, 0.22222222222222224, 0.39999999999999997, 0.6363636363636365, 0.5384615384615385, 0.35714285714285715, 0.39999999999999997, 0.3076923076923077, 0.26666666666666666, 0.049999999999999996], "T": [0.5833333333333334, 0.10344827586206896, 0.5555555555555556, 0.2777777777777778, 0.39999999999999997, 0.2727272727272727, 0.4615384615384615, 0.35714285714285715, 0.3, 0.38461538461538464, 0.46666666666666673, 0.15], "I": [0.4166666666666667, 0.1724137931034483, 0.7777777777777779, 0.16666666666666666, 0.09999999999999999, 0.36363636363636365, 0.07692307692307693, 0.2857142857142857, 0.09999999999999999, 0.38461538461538464, 0.4, 0.19999999999999998], "E": [0.25, 0.24137931034482762, 0.888888888888889, 0.5, 0.7999999999999999, 0.5454545454545454, 0.6923076923076923, 0.5, 0.5, 0.6923076923076923, 0.6, 0.3], "D": [0.75, 0.20689655172413793, 0.4444444444444445, 1.0, 0.7000000000000001, 0.7272727272727273, 0.3076923076923077, 0.21428571428571425, 0.7000000000000001, 0.4615384615384615, 0.4, 0.35000000000000003], "A": [0.5833333333333334, 0.1724137931034483, 1.0, 0.22222222222222224, 0.6, 0.6363636363636365, 0.6923076923076923, 1.0, 0.39999999999999997, 0.15384615384615385, 0.2, 0.09999999999999999], "Y": [0.75, 0.1724137931034483, 0.888888888888889, 0.11111111111111112, 0.19999999999999998, 0.2727272727272727, 0.3076923076923077, 0.07142857142857142, 0.7999999999999999, 0.15384615384615385, 0.5333333333333333, 0.25]}