{"L": [0.11111111111111112, 0.44827586206896547, 0.4545454545454546, 0.1904761904761905, 1.0, 0.7894736842105262, 1.0, 0.3076923076923077, 1.0, 0.5263157894736842, 1.0, 0.9], "G": [0.22222222222222224, 0.27586206896551724, 0.36363636363636365, 1.0, 0.7368421052631579, 0.8947368421052632, 0.782608695652174, 0.6923076923076923, 1.0, 0.631578947368421, 0.7647058823529411, 0.1], "K": [0.16666666666666669, 0.06896551724137931, 0.09090909090909091, 0.14285714285714288, 0.3157894736842105, 0.2631578947368421, 0.2608695652173913, 0.15384615384615385, 0.33333333333333337, 0.42105263157894735, 0.6470588235294117, 1.0], "M": [0.16666666666666669, 0.0, 0.2272727272727273, 0.04761904761904762, 0.15789473684210525, 0.0, 0.17391304347826086, 0.038461538461538464, 0.05555555555555556, 0.21052631578947367, 0.058823529411764705, 0.03333333333333333], "F": [0.19444444444444445, 0.10344827586206896, 0.8181818181818182, 0.04761904761904762, 0.10526315789473684, 0.10526315789473684, 0.2173913043478261, 0.2692307692307693, 0.16666666666666669, 0.3157894736842105, 0.29411764705882354, 0.13333333333333333], "R": [0.11111111111111112, 0.034482758620689655, 0.09090909090909091, 0.23809523809523814, 0.3157894736842105, 0.21052631578947367, 0.08695652173913043, 0.0, 0.16666666666666669, 0.10526315789473684, 0.5882352941176471, 0.6666666666666667], "W": [0.0, 0.0, 0.0, 0.0, 0.0, 0.05263157894736842, 0.0, 0.0, 0.0, 0.0, 0.058823529411764705, 0.03333333333333333], "H": [0.05555555555555556, 0.20689655172413793, 0.18181818181818182, 0.14285714285714288, 0.3684210526315789, 0.05263157894736842, 0.13043478260869565, 0.07692307692307693, 0.22222222222222224, 0.21052631578947367, 0.35294117647058826, 0.0], "S": [0.3611111111111111, 0.5172413793103448, 0.36363636363636365, 0.6190476190476191, 0.7894736842105262, 0.47368421052631576, 0.5217391304347826, 0.5, 0.6666666666666667, 0.631578947368421, 0.47058823529411764, 0.16666666666666669], "C": [0.0, 0.0, 0.0, 0.0, 0.0, 0.0, 0.0, 0.0, 0.0, 0.0, 0.058823529411764705, 0.0], "V": [0.3055555555555555, 0.8620689655172414, 0.7272727272727273, 0.380952380952381, 0.631578947368421, 0.631578947368421, 0.34782608695652173, 0.34615384615384615, 0.2777777777777778, 1.0, 0.5294117647058824, 0.9333333333333335], "N": [0.2777777777777778, 0.1724137931034483, 0.09090909090909091, 0.5238095238095238, 0.3684210526315789, 0.2631578947368421, 0.34782608695652173, 0.23076923076923078, 0.2777777777777778, 0.3684210526315789, 0.47058823529411764, 0.0], "P": [0.05555555555555556, 0.1724137931034483, 0.4545454545454546, 0.6190476190476191, 0.5789473684210525, 0.47368421052631576, 0.2173913043478261, 0.2692307692307693, 0.8333333333333333, 0.42105263157894735, 0.29411764705882354, 0.0], "Q": [0.02777777777777778, 0.13793103448275862, 0.045454545454545456, 0.23809523809523814, 0.21052631578947367, 0.10526315789473684, 0.34782608695652173, 0.23076923076923078, 0.5, 0.2631578947368421, 0.17647058823529413, 0.06666666666666667], "T": [0.3055555555555555, 1.0, 0.13636363636363638, 0.380952380952381, 0.2631578947368421, 0.42105263157894735, 0.2608695652173913, 0.5, 0.611111111111111, 0.5263157894736842, 0.5294117647058824, 0.16666666666666669], "I": [0.05555555555555556, 0.24137931034482757, 1.0, 0.14285714285714288, 0.3157894736842105, 0.631578947368421, 0.34782608695652173, 0.19230769230769235, 0.5, 0.5789473684210525, 0.35294117647058826, 0.13333333333333333], "E": [1.0, 0.20689655172413793, 0.18181818181818182, 0.9523809523809526, 0.7368421052631579, 0.7368421052631579, 0.47826086956521735, 0.46153846153846156, 0.4444444444444445, 0.631578947368421, 1.0, 0.03333333333333333], "D": [0.25, 0.034482758620689655, 0.18181818181818182, 0.6190476190476191, 0.3157894736842105, 0.5263157894736842, 0.47826086956521735, 0.5, 0.5555555555555556, 0.3157894736842105, 0.4117647058823529, 0.1], "A": [0.33333333333333337, 0.6206896551724137, 0.9545454545454545, 0.8571428571428572, 0.5263157894736842, 1.0, 0.34782608695652173, 1.0, 0.6666666666666667, 0.5789473684210525, 0.6470588235294117, 0.4], "Y": [0.19444444444444445, 0.10344827586206896, 0.5, 0.04761904761904762, 0.21052631578947367, 0.3157894736842105, 0.2173913043478261, 0.038461538461538464, 0.11111111111111112, 0.21052631578947367, 0.17647058823529413, 0.16666666666666669]}