{"L": [0.19999999999999998, 0.25, 0.3888888888888889, 0.7272727272727273, 0.9230769230769231, 0.7142857142857143, 1.0, 0.75, 0.7333333333333333, 0.8999999999999999, 0.6153846153846154, 1.0], "G": [1.0, 0.6666666666666666, 0.3888888888888889, 0.8181818181818182, 0.38461538461538464, 0.9285714285714285, 1.0, 0.9166666666666666, 0.5333333333333333, 1.0, 0.46153846153846156, 0.2], "K": [0.3, 0.0, 0.1111111111111111, 0.27272727272727276, 0.23076923076923078, 0.2857142857142857, 0.8888888888888888, 0.3333333333333333, 0.26666666666666666, 0.6, 0.23076923076923078, 0.33333333333333337], "M": [0.19999999999999998, 0.25, 0.16666666666666666, 0.18181818181818182, 0.07692307692307693, 0.14285714285714285, 0.2222222222222222, 0.16666666666666666, 0.13333333333333333, 0.19999999999999998, 0.15384615384615385, 0.6666666666666667], "F": [0.7999999999999999, 1.0, 0.1111111111111111, 0.36363636363636365, 0.6153846153846154, 0.14285714285714285, 0.0, 0.25, 0.2, 0.19999999999999998, 0.07692307692307693, 0.6666666666666667], "R": [0.19999999999999998, 0.16666666666666666, 0.1111111111111111, 0.09090909090909091, 0.0, 0.21428571428571427, 0.2222222222222222, 0.16666666666666666, 0.2, 0.5, 0.23076923076923078, 0.5333333333333333], "W": [0.0, 0.3333333333333333, 0.05555555555555555, 0.0, 0.0, 0.07142857142857142, 0.0, 0.0, 0.06666666666666667, 0.0, 0.07692307692307693, 0.0], "H": [0.19999999999999998, 0.4166666666666667, 0.0, 0.09090909090909091, 0.23076923076923078, 0.0, 0.1111111111111111, 0.0, 0.06666666666666667, 0.0, 0.15384615384615385, 0.13333333333333333], "S": [0.8999999999999999, 0.25, 0.5, 0.7272727272727273, 0.46153846153846156, 0.6428571428571428, 1.0, 0.5833333333333334, 0.4666666666666667, 1.0, 0.6153846153846154, 0.6], "C": [0.19999999999999998, 0.08333333333333333, 0.0, 0.0, 0.0, 0.0, 0.0, 0.08333333333333333, 0.0, 0.09999999999999999, 0.0, 0.0], "V": [0.8999999999999999, 0.5833333333333334, 0.4444444444444444, 0.4545454545454546, 0.6153846153846154, 0.42857142857142855, 0.7777777777777778, 0.5, 0.33333333333333337, 0.7000000000000001, 0.6153846153846154, 0.13333333333333333], "N": [0.0, 0.5, 0.1111111111111111, 0.27272727272727276, 0.15384615384615385, 0.21428571428571427, 0.4444444444444444, 0.5, 0.4666666666666667, 0.39999999999999997, 0.23076923076923078, 0.13333333333333333], "P": [0.39999999999999997, 0.75, 0.1111111111111111, 0.7272727272727273, 1.0, 0.42857142857142855, 0.8888888888888888, 0.6666666666666666, 0.33333333333333337, 0.5, 0.5384615384615385, 0.4666666666666667], "Q": [0.39999999999999997, 0.16666666666666666, 0.2222222222222222, 0.09090909090909091, 0.3076923076923077, 0.5, 0.6666666666666666, 0.3333333333333333, 0.2, 0.3, 0.38461538461538464, 0.4], "T": [0.8999999999999999, 0.5, 0.3333333333333333, 0.5454545454545455, 0.5384615384615385, 0.35714285714285715, 1.0, 0.3333333333333333, 0.33333333333333337, 0.7000000000000001, 0.3076923076923077, 0.13333333333333333], "I": [0.7000000000000001, 0.25, 0.2777777777777778, 1.0, 0.15384615384615385, 0.2857142857142857, 0.3333333333333333, 0.3333333333333333, 0.13333333333333333, 0.39999999999999997, 0.6153846153846154, 0.26666666666666666], "E": [0.6, 0.3333333333333333, 0.3333333333333333, 0.7272727272727273, 0.5384615384615385, 0.21428571428571427, 0.3333333333333333, 0.3333333333333333, 0.4, 0.7999999999999999, 0.23076923076923078, 0.06666666666666667], "D": [0.39999999999999997, 0.4166666666666667, 1.0, 0.7272727272727273, 0.23076923076923078, 1.0, 0.5555555555555556, 0.4166666666666667, 0.26666666666666666, 0.5, 0.3076923076923077, 0.13333333333333333], "A": [0.7999999999999999, 0.3333333333333333, 0.5, 0.8181818181818182, 0.8461538461538461, 0.21428571428571427, 0.8888888888888888, 1.0, 1.0, 0.6, 1.0, 0.4], "Y": [0.5, 0.75, 0.16666666666666666, 0.09090909090909091, 0.07692307692307693, 0.07142857142857142, 0.3333333333333333, 0.3333333333333333, 0.26666666666666666, 0.19999999999999998, 0.5384615384615385, 0.13333333333333333]}