{"L": [0.9285714285714285, 0.1076923076923077, 1.0, 0.3333333333333333, 0.4, 0.3684210526315789, 0.55, 0.56, 0.6, 1.0, 0.75, 0.16], "G": [0.2857142857142857, 0.0923076923076923, 0.22727272727272727, 0.75, 1.0, 0.8947368421052632, 1.0, 0.56, 1.0, 0.6666666666666666, 0.6250000000000001, 0.0], "K": [0.42857142857142855, 0.04615384615384615, 0.13636363636363635, 0.041666666666666664, 0.08, 0.15789473684210525, 0.35, 0.16, 0.7333333333333334, 0.13333333333333333, 0.43750000000000006, 0.5800000000000001], "M": [0.8571428571428571, 0.015384615384615384, 0.13636363636363635, 0.041666666666666664, 0.0, 0.2631578947368421, 0.25, 0.12, 0.06666666666666667, 0.19999999999999998, 0.125, 0.1], "F": [1.0, 0.030769230769230767, 0.7727272727272726, 0.08333333333333333, 0.08, 0.10526315789473684, 0.25, 0.04, 0.06666666666666667, 0.06666666666666667, 0.1875, 0.52], "R": [0.2857142857142857, 0.04615384615384615, 0.1818181818181818, 0.125, 0.16, 0.2631578947368421, 0.15, 0.08, 0.26666666666666666, 0.06666666666666667, 0.125, 0.28], "W": [0.07142857142857142, 0.0, 0.04545454545454545, 0.0, 0.0, 0.05263157894736842, 0.049999999999999996, 0.0, 0.06666666666666667, 0.0, 0.0, 0.0], "H": [0.5714285714285714, 0.015384615384615384, 0.0, 0.08333333333333333, 0.0, 0.21052631578947367, 0.049999999999999996, 0.04, 0.3333333333333333, 0.3333333333333333, 0.375, 0.02], "S": [0.7857142857142858, 0.0923076923076923, 0.45454545454545453, 0.7083333333333334, 0.48, 0.5263157894736842, 0.7, 0.4, 0.8666666666666666, 0.7333333333333334, 0.6250000000000001, 0.04], "C": [0.0, 0.0, 0.0, 0.0, 0.04, 0.0, 0.0, 0.0, 0.0, 0.0, 0.0, 0.0], "V": [0.35714285714285715, 0.13846153846153847, 0.5, 0.45833333333333337, 0.32, 0.3157894736842105, 0.7, 0.36, 0.26666666666666666, 1.0, 1.0, 0.0], "N": [0.21428571428571427, 0.030769230769230767, 0.13636363636363635, 0.0, 0.12, 0.05263157894736842, 0.049999999999999996, 0.36, 0.6, 0.6666666666666666, 0.43750000000000006, 0.02], "P": [0.14285714285714285, 1.0, 0.1818181818181818, 1.0, 0.76, 0.7894736842105263, 0.5, 0.2, 0.7999999999999999, 0.6666666666666666, 0.5, 0.02], "Q": [0.2857142857142857, 0.1076923076923077, 0.1818181818181818, 0.20833333333333334, 0.16, 0.2631578947368421, 0.19999999999999998, 0.12, 0.39999999999999997, 0.7999999999999999, 0.6250000000000001, 0.02], "T": [0.7857142857142858, 0.061538461538461535, 0.3181818181818182, 0.2916666666666667, 0.44000000000000006, 0.5263157894736842, 0.39999999999999997, 0.44000000000000006, 0.9333333333333333, 0.4666666666666667, 0.75, 0.0], "I": [0.6428571428571428, 0.1076923076923077, 0.5454545454545454, 0.041666666666666664, 0.48, 0.5263157894736842, 0.25, 0.16, 0.19999999999999998, 0.7333333333333334, 0.375, 0.0], "E": [0.8571428571428571, 0.0, 0.3636363636363636, 0.5833333333333334, 0.6000000000000001, 0.631578947368421, 0.44999999999999996, 0.68, 0.6, 0.7333333333333334, 0.6250000000000001, 0.02], "D": [0.42857142857142855, 0.061538461538461535, 0.1818181818181818, 0.6666666666666666, 0.28, 0.631578947368421, 0.5, 0.4, 0.6, 0.5333333333333333, 0.375, 0.04], "A": [0.6428571428571428, 0.23076923076923078, 0.7272727272727272, 0.45833333333333337, 0.32, 1.0, 0.7, 1.0, 1.0, 0.6, 0.8750000000000001, 0.06], "Y": [0.7142857142857143, 0.030769230769230767, 0.45454545454545453, 0.125, 0.04, 0.0, 0.09999999999999999, 0.08, 0.19999999999999998, 0.19999999999999998, 0.1875, 1.0]}