{"L": [0.3125, 0.0, 0.45454545454545453, 0.3888888888888889, 0.6666666666666667, 0.6, 0.28571428571428575, 0.4375, 1.0, 0.5833333333333334, 1.0, 1.0], "G": [1.0, 0.0, 0.045454545454545456, 0.6111111111111112, 0.33333333333333337, 0.4, 1.0, 0.7499999999999999, 0.8181818181818181, 0.5833333333333334, 0.9230769230769231, 0.0], "K": [0.7499999999999999, 0.0, 0.045454545454545456, 0.05555555555555556, 0.2, 0.7000000000000001, 0.0, 0.0, 0.7272727272727273, 0.08333333333333334, 0.07692307692307694, 0.0], "M": [0.18749999999999997, 0.0, 0.40909090909090906, 0.16666666666666666, 0.06666666666666668, 0.0, 0.0, 0.0, 0.09090909090909091, 0.08333333333333334, 0.15384615384615388, 0.13953488372093023], "F": [0.125, 0.0, 1.0, 0.16666666666666666, 0.13333333333333336, 0.3, 0.21428571428571427, 0.0625, 0.2727272727272727, 0.5, 0.38461538461538464, 0.5813953488372093], "R": [1.0, 1.0, 0.045454545454545456, 0.05555555555555556, 0.06666666666666668, 0.0, 0.21428571428571427, 0.125, 0.09090909090909091, 0.08333333333333334, 0.38461538461538464, 0.04651162790697675], "W": [0.0, 0.0, 0.36363636363636365, 0.11111111111111112, 0.0, 0.1, 0.14285714285714288, 0.0625, 0.0, 0.5833333333333334, 0.0, 0.023255813953488375], "H": [0.0625, 0.0, 0.045454545454545456, 0.0, 0.0, 0.1, 0.14285714285714288, 0.0625, 0.09090909090909091, 0.0, 0.0, 0.0], "S": [0.7499999999999999, 0.0, 0.09090909090909091, 1.0, 0.4666666666666667, 1.0, 0.8571428571428571, 0.5, 0.7272727272727273, 0.75, 0.8461538461538463, 0.023255813953488375], "C": [0.0, 0.0, 0.045454545454545456, 0.0, 0.06666666666666668, 0.0, 0.0, 0.0, 0.0, 0.0, 0.07692307692307694, 0.0], "V": [0.0, 0.0, 0.3181818181818182, 0.0, 0.4666666666666667, 0.7000000000000001, 0.42857142857142855, 0.3125, 0.7272727272727273, 0.5833333333333334, 0.23076923076923078, 0.023255813953488375], "N": [0.0, 0.0, 0.045454545454545456, 0.22222222222222224, 0.13333333333333336, 0.5, 0.28571428571428575, 0.25, 0.2727272727272727, 0.08333333333333334, 0.38461538461538464, 0.0], "P": [0.0, 0.0, 0.0, 0.4444444444444445, 1.0, 1.0, 0.6428571428571428, 0.37499999999999994, 0.45454545454545453, 0.25, 0.0, 0.04651162790697675], "Q": [0.5, 0.0, 0.09090909090909091, 0.22222222222222224, 0.4666666666666667, 0.5, 0.5714285714285715, 0.25, 0.5454545454545454, 0.5833333333333334, 0.6153846153846155, 0.04651162790697675], "T": [0.0, 0.0, 0.0, 0.3333333333333333, 0.4666666666666667, 0.3, 0.14285714285714288, 0.37499999999999994, 0.2727272727272727, 0.5833333333333334, 0.8461538461538463, 0.023255813953488375], "I": [0.18749999999999997, 0.0, 0.40909090909090906, 0.05555555555555556, 0.13333333333333336, 0.5, 0.28571428571428575, 0.3125, 0.7272727272727273, 1.0, 0.07692307692307694, 0.06976744186046512], "E": [0.0625, 0.0, 0.0, 0.2777777777777778, 0.2, 1.0, 0.7142857142857143, 0.18749999999999997, 0.2727272727272727, 0.5, 0.30769230769230776, 0.023255813953488375], "D": [0.0, 0.0, 0.13636363636363635, 0.6111111111111112, 0.7333333333333334, 0.8, 0.28571428571428575, 1.0, 0.36363636363636365, 0.4166666666666667, 0.15384615384615388, 0.0], "A": [0.625, 0.0, 0.045454545454545456, 0.3888888888888889, 0.4666666666666667, 0.7000000000000001, 0.21428571428571427, 0.5624999999999999, 0.9090909090909091, 0.4166666666666667, 0.5384615384615385, 0.04651162790697675], "Y": [0.25, 0.0, 0.6363636363636364, 0.05555555555555556, 0.13333333333333336, 0.1, 0.21428571428571427, 0.18749999999999997, 0.09090909090909091, 0.08333333333333334, 0.15384615384615388, 0.06976744186046512]}