{"L": [0.8372093023255814, 0.4759615384615385, 0.02711864406779661, 0.9558823529411765, 0.8266666666666667, 0.6875, 0.7435897435897436, 1.0, 0.6363636363636364, 0.4954128440366972, 1.0, 0.02037617554858934], "G": [0.20930232558139536, 0.02403846153846154, 0.02711864406779661, 0.6470588235294118, 0.6666666666666667, 0.7625000000000001, 1.0, 0.7638888888888888, 1.0, 0.5779816513761468, 0.20610687022900762, 0.004702194357366771], "K": [0.20930232558139536, 0.014423076923076924, 0.01016949152542373, 0.5882352941176471, 0.13333333333333333, 0.5, 0.6153846153846154, 0.5277777777777778, 0.4659090909090909, 0.11926605504587155, 0.3511450381679389, 0.012539184952978056], "M": [0.22093023255813954, 0.04807692307692308, 0.061016949152542375, 0.1323529411764706, 0.08, 0.1, 0.11538461538461539, 0.19444444444444445, 0.23863636363636362, 0.19266055045871558, 0.09923664122137403, 0.004702194357366771], "F": [0.6162790697674418, 0.0, 0.02033898305084746, 0.3970588235294118, 0.44, 0.2, 0.20512820512820515, 0.15277777777777776, 0.47727272727272724, 0.19266055045871558, 0.3053435114503817, 0.010971786833855801], "R": [0.12790697674418605, 0.0, 0.013559322033898305, 0.29411764705882354, 0.26666666666666666, 0.2875, 0.3461538461538462, 0.3472222222222222, 0.1590909090909091, 0.14678899082568808, 0.3053435114503817, 0.001567398119122257], "W": [0.08139534883720931, 0.0, 0.0, 0.07352941176470588, 0.08, 0.1625, 0.07692307692307693, 0.08333333333333333, 0.04545454545454545, 0.11009174311926605, 0.04580152671755725, 0.001567398119122257], "H": [0.1511627906976744, 0.0, 0.01016949152542373, 0.17647058823529413, 0.16, 0.23750000000000002, 0.17948717948717952, 0.27777777777777773, 0.1590909090909091, 0.1651376146788991, 0.15267175572519084, 0.0], "S": [0.4883720930232558, 0.9615384615384617, 0.07796610169491525, 0.7941176470588236, 1.0, 0.85, 0.8076923076923077, 0.8055555555555555, 0.7840909090909091, 1.0, 0.47328244274809156, 0.0], "C": [0.011627906976744186, 0.004807692307692308, 0.003389830508474576, 0.029411764705882353, 0.04, 0.0125, 0.025641025641025644, 0.041666666666666664, 0.056818181818181816, 0.06422018348623854, 0.007633587786259542, 0.0], "V": [0.686046511627907, 0.32211538461538464, 0.030508474576271188, 0.6323529411764707, 0.7333333333333334, 0.45, 0.4743589743589744, 0.5833333333333333, 0.4204545454545454, 0.30275229357798167, 0.23664122137404578, 0.007836990595611285], "N": [0.4069767441860465, 0.0, 0.023728813559322038, 0.44117647058823534, 0.24000000000000002, 0.425, 0.3076923076923077, 0.23611111111111108, 0.2840909090909091, 0.5321100917431192, 0.183206106870229, 0.003134796238244514], "P": [0.20930232558139536, 0.004807692307692308, 0.030508474576271188, 0.6470588235294118, 0.7733333333333333, 0.25, 0.5256410256410257, 0.40277777777777773, 0.23863636363636362, 0.055045871559633024, 0.022900763358778626, 0.0], "Q": [0.3372093023255814, 0.019230769230769232, 0.047457627118644076, 0.338235294117647, 0.41333333333333333, 0.375, 0.3974358974358974, 0.4305555555555555, 0.2954545454545454, 0.30275229357798167, 0.2519083969465649, 0.001567398119122257], "T": [0.627906976744186, 1.0, 0.04067796610169492, 0.4852941176470589, 0.5733333333333334, 0.5375, 0.5256410256410257, 0.5833333333333333, 0.6931818181818182, 0.4036697247706422, 0.2595419847328244, 0.001567398119122257], "I": [0.4186046511627907, 0.16346153846153846, 0.013559322033898305, 0.5294117647058824, 0.5733333333333334, 0.3375, 0.2692307692307692, 0.4861111111111111, 0.5227272727272727, 0.12844036697247707, 0.1297709923664122, 0.001567398119122257], "E": [0.45348837209302323, 0.09615384615384616, 0.7389830508474576, 1.0, 0.5866666666666667, 0.6875, 0.6666666666666666, 1.0, 0.3409090909090909, 0.3486238532110092, 0.3969465648854961, 0.0], "D": [0.29069767441860467, 0.06730769230769232, 1.0, 0.8529411764705882, 0.5599999999999999, 1.0, 0.7307692307692307, 0.625, 0.26136363636363635, 0.5229357798165137, 0.16030534351145037, 0.0], "A": [0.6162790697674418, 0.10096153846153846, 0.11864406779661017, 0.676470588235294, 0.7466666666666667, 0.38749999999999996, 0.5897435897435898, 0.7222222222222221, 0.5113636363636364, 0.4862385321100917, 0.37404580152671757, 0.006269592476489028], "Y": [1.0, 0.004807692307692308, 0.03728813559322034, 0.4264705882352941, 0.27999999999999997, 0.35000000000000003, 0.21794871794871795, 0.29166666666666663, 0.22727272727272727, 0.1651376146788991, 0.2900763358778626, 1.0]}