{"L": [0.7083333333333334, 1.0, 0.22727272727272727, 1.0, 0.225, 0.6818181818181818, 0.9411764705882353, 0.5, 0.8, 1.0, 0.13333333333333333, 1.0], "G": [0.16666666666666666, 0.01694915254237288, 0.022727272727272728, 0.3157894736842105, 0.075, 0.18181818181818182, 0.23529411764705882, 0.3125, 0.6, 0.42857142857142855, 0.23333333333333334, 0.014925373134328358], "K": [0.041666666666666664, 0.06779661016949153, 0.7954545454545455, 0.8421052631578947, 0.625, 0.5, 0.47058823529411764, 1.0, 0.4666666666666667, 0.9285714285714286, 0.06666666666666667, 0.0], "M": [0.5833333333333334, 0.1694915254237288, 0.18181818181818182, 0.15789473684210525, 0.0, 0.09090909090909091, 0.23529411764705882, 0.1875, 0.13333333333333333, 0.14285714285714285, 0.1, 0.05970149253731343], "F": [1.0, 0.15254237288135594, 0.18181818181818182, 0.2631578947368421, 0.125, 1.0, 0.4117647058823529, 0.4375, 1.0, 0.5714285714285714, 0.23333333333333334, 0.3283582089552239], "R": [0.20833333333333334, 0.05084745762711865, 1.0, 0.7894736842105262, 1.0, 0.45454545454545453, 0.7058823529411765, 0.9375, 0.7333333333333333, 0.7142857142857143, 0.13333333333333333, 0.0], "W": [0.125, 0.01694915254237288, 0.09090909090909091, 0.10526315789473684, 0.075, 0.13636363636363635, 0.058823529411764705, 0.0, 0.2, 0.0, 0.1, 0.014925373134328358], "H": [0.08333333333333333, 0.05084745762711865, 0.09090909090909091, 0.3684210526315789, 0.275, 0.2727272727272727, 0.0, 0.6875, 0.26666666666666666, 0.0, 0.13333333333333333, 0.0], "S": [0.7916666666666667, 0.0847457627118644, 0.13636363636363635, 0.5789473684210525, 0.2, 0.7727272727272727, 1.0, 0.9375, 0.9333333333333333, 0.7857142857142857, 1.0, 0.029850746268656716], "C": [0.16666666666666666, 0.0, 0.0, 0.21052631578947367, 0.025, 0.045454545454545456, 0.23529411764705882, 0.0625, 0.13333333333333333, 0.42857142857142855, 0.1, 0.0], "V": [0.20833333333333334, 0.11864406779661017, 0.022727272727272728, 0.3157894736842105, 0.025, 0.4090909090909091, 0.35294117647058826, 0.625, 0.4, 0.42857142857142855, 0.36666666666666664, 0.35820895522388063], "N": [0.5416666666666666, 0.06779661016949153, 0.11363636363636363, 0.42105263157894735, 0.15, 0.3181818181818182, 0.11764705882352941, 0.3125, 0.3333333333333333, 0.7142857142857143, 0.03333333333333333, 0.0], "P": [0.0, 0.38983050847457634, 0.06818181818181818, 0.10526315789473684, 0.075, 0.22727272727272727, 0.47058823529411764, 0.5625, 0.26666666666666666, 0.5, 0.7333333333333333, 0.0], "Q": [0.041666666666666664, 0.03389830508474576, 0.09090909090909091, 0.3684210526315789, 0.15, 0.13636363636363635, 0.5882352941176471, 0.125, 0.26666666666666666, 0.6428571428571429, 0.23333333333333334, 0.0], "T": [0.375, 0.01694915254237288, 0.045454545454545456, 0.21052631578947367, 0.15, 0.18181818181818182, 0.6470588235294118, 0.4375, 0.26666666666666666, 0.7857142857142857, 0.2, 0.014925373134328358], "I": [0.125, 0.1016949152542373, 0.022727272727272728, 0.3157894736842105, 0.2, 0.5, 0.29411764705882354, 0.4375, 0.6666666666666666, 0.5, 0.13333333333333333, 0.19402985074626866], "E": [0.3333333333333333, 0.01694915254237288, 0.0, 0.3157894736842105, 0.025, 0.18181818181818182, 0.7647058823529411, 0.3125, 0.4, 0.21428571428571427, 0.2, 0.014925373134328358], "D": [0.16666666666666666, 0.0, 0.022727272727272728, 0.15789473684210525, 0.025, 0.045454545454545456, 0.23529411764705882, 0.1875, 0.3333333333333333, 0.07142857142857142, 0.13333333333333333, 0.014925373134328358], "A": [0.125, 0.1016949152542373, 0.13636363636363635, 0.5789473684210525, 0.05, 0.3181818181818182, 0.5882352941176471, 0.625, 1.0, 1.0, 0.5, 0.11940298507462686], "Y": [0.25, 0.0, 0.045454545454545456, 0.21052631578947367, 0.15, 0.13636363636363635, 0.17647058823529413, 0.375, 0.4666666666666667, 0.5, 0.06666666666666667, 0.0]}