{"L": [0.0909090909090909, 0.0, 1.0, 0.2162162162162162, 1.0, 0.6666666666666666, 0.3333333333333333, 0.5, 0.5, 0.6428571428571429, 1.0, 0.09523809523809523], "G": [0.13636363636363635, 0.0, 0.3157894736842105, 0.2162162162162162, 0.4074074074074074, 0.6666666666666666, 1.0, 0.7, 0.8500000000000001, 0.4642857142857143, 0.19999999999999998, 0.015873015873015872], "K": [0.1818181818181818, 0.0, 0.21052631578947367, 0.18918918918918917, 0.07407407407407407, 0.047619047619047616, 0.5925925925925926, 0.9, 0.45, 1.0, 0.39999999999999997, 0.0], "M": [0.022727272727272724, 0.0, 0.15789473684210525, 0.027027027027027025, 0.07407407407407407, 0.047619047619047616, 0.0, 0.15, 0.0, 0.07142857142857142, 0.057142857142857134, 0.0], "F": [0.0, 0.006211180124223602, 0.8947368421052632, 0.08108108108108107, 0.07407407407407407, 0.19047619047619047, 0.037037037037037035, 0.3, 0.45, 0.10714285714285714, 0.11428571428571427, 0.8095238095238094], "R": [0.11363636363636362, 0.0, 0.10526315789473684, 0.1081081081081081, 0.07407407407407407, 0.19047619047619047, 0.25925925925925924, 0.4, 0.25, 0.7142857142857143, 0.6285714285714286, 0.0], "W": [0.0, 0.0, 0.0, 0.0, 0.0, 0.0, 0.0, 0.05, 0.05, 0.03571428571428571, 0.028571428571428567, 1.0], "H": [0.0, 0.0, 0.3684210526315789, 0.1081081081081081, 0.07407407407407407, 0.19047619047619047, 0.18518518518518517, 0.15, 0.25, 0.14285714285714285, 0.14285714285714285, 0.0], "S": [0.5227272727272727, 0.0, 0.5263157894736842, 0.4324324324324324, 0.6296296296296295, 0.7619047619047619, 0.37037037037037035, 0.55, 0.9, 0.2857142857142857, 0.37142857142857144, 0.015873015873015872], "C": [0.0, 0.0, 0.05263157894736842, 0.0, 0.0, 0.0, 0.0, 0.1, 0.0, 0.0, 0.057142857142857134, 0.0], "V": [0.04545454545454545, 0.006211180124223602, 0.7894736842105263, 0.16216216216216214, 0.5185185185185185, 0.47619047619047616, 0.44444444444444436, 0.6, 0.55, 0.42857142857142855, 0.19999999999999998, 0.0], "N": [0.0909090909090909, 0.0, 0.3157894736842105, 0.16216216216216214, 0.18518518518518517, 0.2857142857142857, 0.22222222222222218, 0.55, 0.25, 0.17857142857142858, 0.14285714285714285, 0.015873015873015872], "P": [0.04545454545454545, 0.006211180124223602, 0.15789473684210525, 0.3243243243243243, 0.7777777777777777, 0.38095238095238093, 0.5925925925925926, 0.45, 0.35, 0.17857142857142858, 0.0, 0.0], "Q": [0.40909090909090906, 0.0, 0.631578947368421, 0.18918918918918917, 0.2962962962962963, 0.47619047619047616, 0.2962962962962963, 0.35, 0.3, 0.7142857142857143, 0.3428571428571428, 0.031746031746031744], "T": [0.3636363636363636, 0.006211180124223602, 0.2631578947368421, 0.18918918918918917, 0.37037037037037035, 0.5714285714285714, 0.2962962962962963, 0.25, 0.55, 0.17857142857142858, 0.3428571428571428, 0.0], "I": [0.022727272727272724, 0.0, 1.0, 0.13513513513513514, 0.2962962962962963, 0.38095238095238093, 0.25925925925925924, 0.5, 0.9500000000000001, 0.17857142857142858, 0.0857142857142857, 0.0], "E": [0.6590909090909091, 1.0, 0.5263157894736842, 0.6216216216216217, 0.3333333333333333, 1.0, 0.48148148148148145, 0.45, 0.2, 0.14285714285714285, 0.14285714285714285, 0.0], "D": [0.06818181818181818, 0.018633540372670804, 0.47368421052631576, 1.0, 0.3333333333333333, 0.9047619047619048, 0.22222222222222218, 0.3, 0.45, 0.07142857142857142, 0.0857142857142857, 0.0], "A": [1.0, 0.0, 0.7894736842105263, 0.3243243243243243, 0.48148148148148145, 0.6666666666666666, 0.5555555555555556, 1.0, 1.0, 0.2857142857142857, 0.39999999999999997, 0.015873015873015872], "Y": [0.04545454545454545, 0.0, 0.2631578947368421, 0.05405405405405405, 0.22222222222222218, 0.09523809523809523, 0.07407407407407407, 0.15, 0.1, 0.17857142857142858, 0.057142857142857134, 0.6666666666666666]}