{"L": [0.05183254573919112, -0.24919744992479007, 0.08324100999081524, -0.17001620387716526, -0.08782944768981517, -0.05886575175449859, -0.045077467268865246, 0.04083716143772794, -0.08782944768981517, -0.13525409761795326, -0.0317135057108838, -0.07310619086910881, 0.05183254573919112, -0.40409940991053317], "G": [0.07926682066162077, -0.006163374663005672, -0.006163374663005672, 0.16358770636165662, 0.2755614658055889, 0.12347048315367416, 0.150622729197289, 0.1372587676393075, 0.22317339634590067, 0.1761768336696771, 0.10923004403906393, 0.0634725534783888, -0.11261870557729244, -0.25394785837376166], "K": [0.23510489707501964, -0.302014287319928, -0.000984291655946861, -0.0801655377035717, -0.25625679675925295, -0.302014287319928, -0.3531668097673093, -0.05213681410332814, -0.1101287610810149, -0.2148641116010279, -0.3531668097673093, -0.1101287610810149, -0.2148641116010279, 0.39695571701609067], "M": [0.08239002161732531, -0.13945872799903103, 0.03663253105665023, -0.3155499870547122, -0.0725119383684178, -0.21863997404665586, -0.21863997404665586, -0.13945872799903103, -0.9176099783826744, -0.0725119383684178, -0.9176099783826744, -0.4404887236630122, -0.21863997404665586, -0.6165799827186933], "F": [-0.005828244049755924, -0.11977159635659268, 0.3273864349856265, -0.11977159635659268, -0.07837891119836762, -0.21668160936464903, -0.2746735563423358, 0.13550090874671342, -0.2746735563423358, 0.11067732502168119, 0.08434838629933211, 0.2604396453550133, 0.08434838629933211, 0.20244769837732657], "R": [-0.001009913370381751, -0.42013922111235735, -0.24404796205667614, -0.47813116809004413, -0.47813116809004413, -0.368986698664976, -0.5450779577206573, -0.022199212440319787, -0.368986698664976, -0.2818365229460759, -0.42013922111235735, -0.06795670300099489, -0.14713794904861976, 0.20824970893795414], "W": [-0.2598786807392886, -0.7369999354589509, 0.041151314924692546, -0.03802993112293221, -0.2598786807392886, -0.7369999354589509, 0.2172425739803738, -0.03802993112293221, -0.4359699397949697, -0.7369999354589509, -0.2598786807392886, -0.03802993112293221, -0.7369999354589509, 1.352905175980447], "H": [0.15175900002069884, -0.2632143479501191, -0.2632143479501191, -0.00794184284681302, -0.2632143479501191, -0.059094365294194304, -0.11708631227188104, -0.36012436095817546, -0.2632143479501191, -0.00794184284681302, -0.00794184284681302, -0.059094365294194304, 0.11699689376148684, -0.4850630975664755], "S": [0.03734587252826532, 0.36552811423586135, -0.03904247333518931, 0.11418590276098771, 0.10228667946127996, 0.3241354290776363, 0.13704878572049192, 0.11418590276098771, 0.07746309573624785, 0.023105433413655146, -0.09228798528841445, 0.06449811857188018, -0.03904247333518931, -0.277924562250326], "C": [-0.8559508984657178, -0.8559508984657178, -0.5549209028017366, -0.8559508984657178, -0.2538909071377554, -0.15698089412969904, -0.07779964808207426, -0.8559508984657178, -0.8559508984657178, -0.8559508984657178, -0.37882964374605543, -0.37882964374605543, -0.5549209028017366, -0.5549209028017366], "V": [0.06550928453654374, 0.13245607416715702, 0.19044802114484377, 0.08323805149697538, 0.14769604072389386, 0.06550928453654374, -0.13861069811938098, -0.03594835622223331, 0.13245607416715702, 0.10027139079575571, 0.1624192975446002, 0.21677695986719286, 0.02772072364714399, -0.6157319528390434], "N": [-0.05502992864635948, -0.1421801043652596, -0.1421801043652596, -0.2513245737903277, 0.04970542187365351, 0.2653052222130083, 0.22579668092933472, 0.20460738185939667, 0.01752073850225222, 0.20460738185939667, 0.2653052222130083, 0.04970542187365351, 0.04970542187365351, -0.7953926181406032], "P": [-0.28442089174759366, 0.035914259111774094, -0.4227235899138751, 0.10555018725316856, 0.1513076778138437, -0.12169359424989391, 0.05439766480578725, 0.016609103916387532, 0.21825446744445687, -0.09536465552754482, -0.02478358124183752, -0.12169359424989391, -0.09536465552754482, -0.5476623265221751], "Q": [-0.1122731323616979, -0.2262164846685347, -0.18482379951030967, -0.08008844899029662, -0.2262164846685347, -0.18482379951030967, -0.08008844899029662, -0.18482379951030967, -0.0220965020126099, -0.18482379951030967, 0.0290560204347714, 0.052537116284294236, 0.13551135134905817, -0.3231264976765911], "T": [-0.11587165572815433, 0.37020444164443456, -0.04123803743125019, -0.06471913328077304, -0.06471913328077304, -0.0895427170058052, 0.15712961633558328, 0.022431042438127106, 0.022431042438127106, -0.06471913328077304, -0.06471913328077304, -0.1439003793283979, 0.1271663929581401, -0.3657491289447542], "I": [0.061170276465288935, -0.3490041886237602, 0.18610901307358887, 0.2038377800340205, 0.08465137231481187, -0.04797419295977904, 0.03634669274025684, -0.11492098259039228, 0.061170276465288935, -0.15270954347979207, 0.08465137231481187, 0.010017754017907658, -0.04797419295977904, -0.7169809739183546], "E": [-0.2685005528593072, -0.17832392251021909, -0.15199498378787002, 0.015496103505893697, -0.10369030421331499, 0.03252944280467401, 0.015496103505893697, 0.048919858992843394, -0.2063526461104627, 0.13607003471174353, -0.002232663454537934, 0.015496103505893697, 0.09467734955351848, -0.38244390516614385], "D": [-0.11374593564942814, -0.0815612522780269, 0.02758321714704114, 0.277460690363641, 0.0027596334220089994, 0.15252195375534103, 0.07334070770771627, 0.051064312996564026, 0.09453000677765433, 0.13403854806132792, 0.0027596334220089994, -0.0815612522780269, -0.3245993009643213, 0.0027596334220089994], "A": [0.19798875396999877, 0.24914127641738004, 0.1274076796842915, 0.05832676054099249, 0.07305001736169883, 0.010902110612854342, 0.07305001736169883, -0.10304124169398239, 0.17571235925884657, 0.21917805303993684, 0.139996806992312, -0.04234340134037073, 0.19798875396999877, -0.22797997830228234], "Y": [-0.2606711793761217, -0.3398524254237465, 0.002570255398459721, -0.19372438974550837, 0.07512092254707142, -0.13573244276782168, -0.19372438974550837, -0.3398524254237465, -0.0845799203204404, -0.2606711793761217, 0.19162649161850862, 0.10730560591847278, 0.10730560591847278, -0.13573244276782168]}