{"L": [0.3827009495816236, -0.06445708176059561, -0.16136709476865208, -0.16136709476865208, -0.16136709476865208, -0.4623970904326332, 0.23657291390338556, -0.7634270860966145, 0.19081542334271043, -0.16136709476865208, -0.7634270860966145, 0.0816709539176424, -0.16136709476865208, -0.4623970904326332], "G": [-0.10396959646877928, 0.1970603991952019, 0.020969140139520635, 0.020969140139520635, 0.1970603991952019, 0.6741816539148644, -0.10396959646877928, -0.5810908511884417, -0.5810908511884417, 0.49809039485918305, 0.020969140139520635, -0.5810908511884417, -0.5810908511884417, -0.28006085552446053], "K": [-0.16842644160311498, -0.16842644160311498, 0.007664817452566306, -0.16842644160311498, 0.13260355406086616, -0.4694564372670962, -0.4694564372670962, -0.4694564372670962, -0.4694564372670962, -0.4694564372670962, 0.22951356706892265, 0.22951356706892265, 0.22951356706892265, 0.7858160678362098], "M": [-0.13080961889051784, -0.13080961889051784, -0.13080961889051784, -0.13080961889051784, -0.13080961889051784, -0.13080961889051784, -0.13080961889051784, -0.13080961889051784, -0.13080961889051784, -0.13080961889051784, -0.13080961889051784, -0.13080961889051784, -0.13080961889051784, -0.13080961889051784], "F": [0.14415001785522655, -0.3329712368644358, -0.03194124120045466, -0.03194124120045466, 0.14415001785522655, -0.3329712368644358, -0.03194124120045466, -0.3329712368644358, 0.2690887544635265, -0.3329712368644358, 0.365998767471583, -0.3329712368644358, 0.14415001785522655, -0.3329712368644358], "R": [-0.5364288486121442, -0.5364288486121442, -0.5364288486121442, -0.05930759389248176, -0.235398852948163, -0.5364288486121442, -0.5364288486121442, -0.235398852948163, -0.5364288486121442, -0.5364288486121442, -0.5364288486121442, -0.5364288486121442, -0.5364288486121442, 0.6940200727661296], "W": [0.049800424033205754, 0.049800424033205754, 0.049800424033205754, 0.049800424033205754, 0.049800424033205754, 0.049800424033205754, 0.049800424033205754, 0.049800424033205754, 0.049800424033205754, 0.049800424033205754, 0.049800424033205754, 0.049800424033205754, 0.049800424033205754, 0.049800424033205754], "H": [-0.17538399279398112, -0.17538399279398112, -0.17538399279398112, -0.17538399279398112, -0.17538399279398112, -0.17538399279398112, -0.17538399279398112, -0.17538399279398112, -0.17538399279398112, -0.17538399279398112, 0.12564600287000005, -0.17538399279398112, -0.17538399279398112, -0.17538399279398112], "S": [0.11093578856979316, 0.03175454252216838, -0.06515547048588809, 0.03175454252216838, -0.36618546614986924, -0.36618546614986924, -0.19009420709418798, 0.6115381391389784, -0.6672154618138504, 0.23587452517809307, -0.6672154618138504, -0.06515547048588809, 0.03175454252216838, -0.6672154618138504], "C": [-0.06915053897356106, -0.06915053897356106, -0.06915053897356106, -0.06915053897356106, -0.06915053897356106, -0.06915053897356106, -0.06915053897356106, -0.06915053897356106, -0.06915053897356106, -0.06915053897356106, -0.06915053897356106, -0.06915053897356106, -0.06915053897356106, -0.06915053897356106], "V": [0.17106840665311343, 0.4720984023170946, 0.3171964423313514, 0.6762183849730193, 0.5512796483647193, -0.22687160201892423, 0.2502496527007382, -0.5279015976829053, 0.07415839364505696, -0.050780342963243, -0.5279015976829053, 0.17106840665311343, -0.5279015976829053, -0.5279015976829053], "N": [0.1674990004072347, -0.3096222543124277, -0.3096222543124277, -0.008592258648446526, -0.3096222543124277, 0.38934775002359107, 0.1674990004072347, 0.1674990004072347, -0.3096222543124277, -0.3096222543124277, 0.38934775002359107, 0.1674990004072347, -0.008592258648446526, -0.3096222543124277], "P": [-0.5390132174136619, 0.3640767695782816, -0.5390132174136619, -0.5390132174136619, -0.5390132174136619, -0.5390132174136619, -0.06189196269399952, 0.06304677391430043, 0.5401680286339627, -0.06189196269399952, -0.23798322174968073, -0.5390132174136619, -0.23798322174968073, -0.5390132174136619], "Q": [-0.43941612517637785, -0.13838612951239668, -0.43941612517637785, -0.43941612517637785, 0.40568191483787897, 0.037705129543284546, 0.1626438661515845, -0.43941612517637785, -0.43941612517637785, -0.13838612951239668, -0.43941612517637785, 0.6745272271304589, -0.43941612517637785, -0.43941612517637785], "T": [-0.5331912788919223, -0.5331912788919223, 0.16577872544409653, -0.5331912788919223, -0.23216128322794113, -0.23216128322794113, -0.5331912788919223, -0.5331912788919223, 0.06886871243604005, -0.23216128322794113, -0.5331912788919223, 0.06886871243604005, -0.23216128322794113, -0.5331912788919223], "I": [0.2916681351901585, 0.19475812218210206, 0.2916681351901585, -0.4073018691458603, -0.10627187348187911, -0.4073018691458603, -0.4073018691458603, 0.06981938557380213, -0.10627187348187911, 0.19475812218210206, -0.10627187348187911, -0.4073018691458603, -0.10627187348187911, -0.4073018691458603], "E": [0.006416445653975244, -0.5956435456739871, 0.10332645866203173, 0.3074464413179564, -0.29461355001000594, 0.006416445653975244, 0.3585989637653378, 0.24945449434026973, 0.006416445653975244, 0.3585989637653378, 0.659628959429319, 0.4457491394842379, 0.7660842903436057, -0.5956435456739871], "D": [0.03623232625555426, -0.1398589328001269, -0.4408889284641081, 0.16117106286385424, 0.16117106286385424, 0.6382923175835167, 0.16117106286385424, 0.5133535809752167, 0.3372623219195354, 0.03623232625555426, -0.1398589328001269, 0.03623232625555426, 0.16117106286385424, -0.4408889284641081], "A": [0.2858191091261368, 0.336971631573518, 0.5288571578124313, -0.14014962314614435, -0.14014962314614435, -0.31624088220182556, 0.16088037251783685, 0.2858191091261368, 0.2858191091261368, -0.14014962314614435, 0.22782716214845003, -0.6172708778658067, -0.14014962314614435, -0.14014962314614435], "Y": [-0.2520220702676085, -0.2520220702676085, 0.04900792539637271, -0.2520220702676085, -0.2520220702676085, -0.2520220702676085, -0.2520220702676085, -0.2520220702676085, -0.2520220702676085, -0.2520220702676085, -0.2520220702676085, -0.2520220702676085, -0.2520220702676085, 0.8271591757800163]}