{"L": [-0.2552715976369832, -0.012233548950688813, -0.8573315889649455, -0.3802103342452832, -0.3802103342452832, -0.2552715976369832, -0.1583615846289268, 0.3467883936909791, -0.2552715976369832, -0.8573315889649455, -0.2552715976369832, 0.045758398026997944, -0.5563015933009644, -0.2552715976369832], "G": [0.22809463293517068, 0.3663973311014522, 0.4041858919908519, 0.3663973311014522, 0.27924715538255196, 0.22809463293517068, 0.17010268595748396, 0.27924715538255196, 0.22809463293517068, 0.17010268595748396, 0.5010959049989083, 0.3250046459432271, 0.27924715538255196, 0.10315589632687072], "K": [-0.08623968541576489, 0.03869905119253499, 0.1356090642005915, -0.26233094447144617, -0.5633609401354274, -0.08623968541576489, -0.08623968541576489, -0.5633609401354274, 0.03869905119253499, -0.5633609401354274, -0.26233094447144617, -0.08623968541576489, -0.08623968541576489, 0.39088156930389745], "M": [-0.22471412175884903, -0.22471412175884903, 0.25240713296081335, -0.22471412175884903, -0.22471412175884903, 0.07631587390513217, -0.22471412175884903, -0.22471412175884903, -0.22471412175884903, -0.22471412175884903, -0.22471412175884903, 0.07631587390513217, 0.4742558825771698, -0.22471412175884903], "F": [-0.42687573973276705, 0.050245514986895376, -0.1258457440687859, -0.42687573973276705, -0.1258457440687859, -0.1258457440687859, -0.42687573973276705, -0.42687573973276705, -0.42687573973276705, 0.050245514986895376, 0.17518425159519527, -0.1258457440687859, 0.27209426460325176, 0.27209426460325176], "R": [-0.02827336015251302, -0.3293033558164942, -0.3293033558164942, -0.6303333514804753, -0.3293033558164942, -0.3293033558164942, -0.6303333514804753, -0.6303333514804753, -0.6303333514804753, -0.6303333514804753, -0.6303333514804753, -0.1532120967608129, -0.6303333514804753, -0.1532120967608129], "W": [-0.044104078835125404, -0.044104078835125404, 0.2569259168288558, -0.044104078835125404, -0.044104078835125404, -0.044104078835125404, -0.044104078835125404, -0.044104078835125404, -0.044104078835125404, -0.044104078835125404, -0.044104078835125404, -0.044104078835125404, -0.044104078835125404, -0.044104078835125404], "H": [0.03174150000166887, -0.2692884956623123, -0.2692884956623123, -0.2692884956623123, -0.2692884956623123, -0.2692884956623123, -0.2692884956623123, -0.2692884956623123, 0.2078327590573501, 0.2078327590573501, -0.2692884956623123, -0.2692884956623123, -0.2692884956623123, 0.2078327590573501], "S": [-0.062149960346162804, -0.062149960346162804, -0.2839987099625192, -0.4600899690182004, 0.017031285701461996, 0.2802727204760434, -0.062149960346162804, -0.4600899690182004, 0.1419700223097619, 0.017031285701461996, -0.15905997335421926, -0.2839987099625192, -0.2839987099625192, 0.017031285701461996], "C": [-0.1630550418418922, -0.1630550418418922, -0.1630550418418922, -0.1630550418418922, -0.1630550418418922, -0.1630550418418922, -0.1630550418418922, -0.1630550418418922, 0.13797495382208894, -0.1630550418418922, -0.1630550418418922, -0.1630550418418922, -0.1630550418418922, -0.1630550418418922], "V": [0.15634514983240702, -0.32077610488725544, 0.3324364088880882, 0.22329193946302023, 0.3324364088880882, -0.6218061005512365, -0.14468484583157415, 0.07716390378478225, -0.14468484583157415, -0.01974610922327423, -0.01974610922327423, 0.07716390378478225, -0.01974610922327423, -0.6218061005512365], "N": [0.3746244932028847, 0.19853323414720345, 0.19853323414720345, 0.2954432471552599, -0.10249676151677772, 0.3746244932028847, 0.3746244932028847, 0.2954432471552599, 0.3746244932028847, 0.5964732428192411, 0.3746244932028847, 0.49956322981118456, 0.2954432471552599, -0.10249676151677772], "P": [0.06605228405402569, 0.32132478915733176, -0.03085772895403074, -0.15579646556233068, 0.14523353010165052, -0.3318877246180119, 0.2701722667099504, 0.06605228405402569, 0.14523353010165052, 0.4462635257656317, -0.03085772895403074, -0.03085772895403074, 0.14523353010165052, 0.32132478915733176], "Q": [-0.23229063238072784, -0.23229063238072784, 0.1656493762913097, -0.533320628044709, -0.23229063238072784, 0.06873936328325334, -0.533320628044709, 0.1656493762913097, 0.1656493762913097, 0.06873936328325334, -0.23229063238072784, -0.533320628044709, -0.056199373325046625, -0.533320628044709], "T": [0.07187422257576534, -0.02503579043229113, -0.14997452704059105, 0.15105546862339012, 0.2180022582540033, -0.6270957817602535, 0.07187422257576534, -0.6270957817602535, 0.07187422257576534, -0.02503579043229113, 0.15105546862339012, 0.15105546862339012, -0.02503579043229113, -0.14997452704059105], "I": [-0.5012063720141915, -0.5012063720141915, -0.024085117294529054, 0.4530361374251334, 0.4530361374251334, 0.1977636323218273, 0.2769448783694521, 0.10085361931377086, -0.5012063720141915, -0.2001763763502103, 0.10085361931377086, -0.5012063720141915, -0.2001763763502103, -0.5012063720141915], "E": [0.08860320184132531, 0.15554999147193851, -0.3885180528783371, 0.35184463661590676, -0.21242679382265586, -0.3885180528783371, -0.21242679382265586, -0.21242679382265586, -0.08748805721435589, -0.21242679382265586, 0.009421955793700544, -0.21242679382265586, -0.3885180528783371, -0.08748805721435589], "D": [0.1641765730035795, -0.5347934313324393, 0.06726655999552301, -0.23376343566845814, -0.5347934313324393, -0.05767217661277687, -0.05767217661277687, 0.2433578190512043, -0.23376343566845814, -0.05767217661277687, 0.06726655999552301, -0.5347934313324393, 0.06726655999552301, 0.06726655999552301], "A": [0.19191460625780554, 0.13392265928011884, 0.13392265928011884, 0.13392265928011884, 0.24306712870518687, 0.288824619265862, 0.4027679715726988, -0.10911538940617561, 0.24306712870518687, -0.012205376398119146, -0.2340541260144755, 0.13392265928011884, 0.13392265928011884, 0.288824619265862], "Y": [-0.3459265731359396, -0.044896577471958486, -0.3459265731359396, -0.3459265731359396, -0.3459265731359396, 0.2561334181920227, -0.3459265731359396, 0.13119468158372272, -0.3459265731359396, 0.13119468158372272, 0.2561334181920227, 0.2561334181920227, 0.49917146687831715, -0.3459265731359396]}