{"L": [-0.10036963765124007, 0.3767516170684223, -0.6232483829315776, -0.2552715976369832, -0.10036963765124007, -0.7993396419872588, -0.14612712821191523, -0.2552715976369832, -0.10036963765124007, -0.7993396419872588, -0.1972796506592965, -0.6232483829315776, -0.10036963765124007, -0.2552715976369832], "G": [0.31241551863520656, -0.9180334027430673, -0.1398821523594237, 0.4969399452277506, 0.16114784330455748, 0.16114784330455748, 0.3372391023602387, 0.2860865799128574, 0.19590994956376942, 0.3607201982097616, 0.3372391023602387, 0.08196659725693266, -0.1398821523594237, -0.4409121480234049], "K": [0.23499369633650322, -0.5053689931577405, 0.5158203059121975, 0.03869905119253499, -0.20433899749375944, 0.03869905119253499, -0.10742898448570296, 0.09669099817022174, 0.23499369633650322, 0.09669099817022174, 0.147843520617603, -0.10742898448570296, -0.8063989888217218, -0.8063989888217218], "M": [-0.1667221747811623, -0.1667221747811623, 0.009369084274518949, -0.46775217044514344, -0.46775217044514344, -0.1667221747811623, -0.46775217044514344, -0.46775217044514344, -0.46775217044514344, -0.1667221747811623, -0.46775217044514344, -0.46775217044514344, -0.46775217044514344, -0.46775217044514344], "F": [0.02905621591695728, -0.6699137884190614, 0.728026220252976, -0.6699137884190614, 0.02905621591695728, -0.36888379275508026, -0.36888379275508026, -0.19279253369939908, -0.36888379275508026, 0.28432872102026335, -0.6699137884190614, -0.6699137884190614, -0.36888379275508026, 0.7614499757399258], "R": [0.3027198588889114, -0.3962501454471074, 0.08087110927255503, -0.5723414045027886, -0.8733714001667697, -0.8733714001667697, -0.09522014978312619, 0.02971858682517372, -0.3962501454471074, -0.17440139583075098, -0.27131140883880744, -0.02827336015251302, -0.09522014978312619, -0.8733714001667697], "W": [-0.2871421275214198, -0.2871421275214198, -0.2871421275214198, -0.2871421275214198, 0.18997912719824256, -0.2871421275214198, -0.2871421275214198, -0.2871421275214198, -0.2871421275214198, 0.013887868142561348, -0.2871421275214198, -0.2871421275214198, 0.013887868142561348, -0.2871421275214198], "H": [-0.5123265443486067, -0.5123265443486067, -0.5123265443486067, -0.5123265443486067, 0.186643459987412, -0.5123265443486067, -0.21129654868462558, -0.21129654868462558, -0.21129654868462558, -0.03520528962894433, -0.03520528962894433, -0.03520528962894433, -0.5123265443486067, -0.5123265443486067], "S": [-0.04991550392915124, -0.7031280177044948, -0.5270367586488136, 0.03723467178974895, 0.1419700223097619, 0.2745955875843528, 0.03723467178974895, -0.3051880090324573, -0.2260067629848325, -0.10106802637653255, 0.0750232326791487, 0.10978533893836061, -0.10106802637653255, -0.5270367586488136], "C": [-0.10506309486420548, -0.40609309052818665, -0.40609309052818665, -0.40609309052818665, -0.40609309052818665, -0.40609309052818665, -0.40609309052818665, -0.40609309052818665, -0.40609309052818665, -0.40609309052818665, 0.07102816419147576, -0.40609309052818665, -0.40609309052818665, -0.40609309052818665], "V": [-0.26278415790956866, 0.4139094517152978, -0.3877228945178686, -0.08669289885388742, 0.24909920306930564, -0.16587414490151223, -0.01974610922327423, -0.01974610922327423, -0.3877228945178686, -0.08669289885388742, -0.16587414490151223, 0.43618584642645014, 0.43618584642645014, -0.5638141535735498], "N": [-0.3455348102030721, -0.6465648058670532, 0.13158644451659027, 0.19853323414720345, -0.3455348102030721, 0.19853323414720345, -0.044504814539090956, 0.19853323414720345, -0.044504814539090956, 0.13158644451659027, 0.13158644451659027, -0.044504814539090956, -0.044504814539090956, -0.1694435511473909], "P": [-0.8759557689682874, -0.8759557689682874, -0.09780451858464392, 0.1240442310317124, 0.32816421368763715, 0.1240442310317124, -0.09780451858464392, 0.027134218023656, 0.20322547707933727, 0.2701722667099504, 0.20322547707933727, -0.17698576463226878, -0.09780451858464392, -0.8759557689682874], "Q": [-0.2992374220113411, 0.7918430473359914, -0.2992374220113411, 0.1267313102609401, -0.07738867239498469, 0.17788383270832137, 0.3697693589472345, 0.1267313102609401, 0.1267313102609401, 0.0017925736526400672, 0.1267313102609401, 0.33758467557583316, 0.17788383270832137, -0.7763586767310034], "T": [-0.1711638261105291, -0.0919825800629043, -0.870133830446548, -0.26807383911858557, -0.1711638261105291, -0.02503579043229113, 0.27599420523169005, 0.08410867899277692, 0.08410867899277692, 0.08410867899277692, 0.08410867899277692, 0.20904741560107684, 0.360315090931726, -0.870133830446548], "I": [0.25575557929951404, 0.25575557929951404, 0.486204500677788, -0.1421844293725235, -0.2671231659808235, -0.1421844293725235, -0.1421844293725235, 0.20999808873883896, 0.20999808873883896, -0.2671231659808235, -0.1421844293725235, 0.10085361931377086, 0.10085361931377086, -0.7442444207004859], "E": [-0.4554648425089503, -0.33052610590065035, -0.6315561015646315, 0.06741390277138729, 0.021656412210712097, 0.10880658792961231, -0.08748805721435589, 0.06741390277138729, 0.24350516182706847, -0.08748805721435589, -0.08748805721435589, -0.23361609289259386, 0.06741390277138729, -0.9325860972286127], "D": [-0.17577148869077136, -0.7778314800187337, -0.7778314800187337, 0.2635612051394913, 0.17641102942059111, 0.33611187228810296, 0.06726655999552301, 0.06726655999552301, 0.06726655999552301, -0.07886147568271497, -0.17577148869077136, 0.06726655999552301, -0.7778314800187337, -0.7778314800187337], "A": [0.24990655323549235, -0.2552434250844136, -0.05112344242848885, 0.08717925573779257, -0.17606217903678875, -0.05112344242848885, -0.2552434250844136, 0.04578657057956757, -0.05112344242848885, -0.05112344242848885, 0.04578657057956757, 0.04578657057956757, 0.12496781662719242, -0.9542134294204324], "Y": [0.2561334181920227, -0.5889646218222341, 0.31412536516970946, -0.5889646218222341, 0.013095369505728264, 0.11000538251378467, 0.013095369505728264, -0.28793462615825294, -0.28793462615825294, -0.11184336710257167, -0.28793462615825294, -0.5889646218222341, -0.11184336710257167, 1.2802670979087418]}