{"L": [0.4150374992788437, -4.228818690495881, 1.9310526462825088, 1.4293927922559138, 1.2469147404705168, 1.4150374992788437, 1.6659990728120626, 0.19744606420621688, 3.1720607457863035], "G": [1.4576818366873376, -5.228818690495881, -2.0588936890535687, 0.6040713236688606, 0.4716210276452111, -0.0995356735509144, -3.6438561897747253, 0.5525410230287786, -5.228818690495881], "K": [-0.47393118833241266, -5.228818690495881, -4.228818690495881, 0.019108822947704423, -0.5283789723547889, -0.8365012677171209, -1.9068905956085187, -0.7693870718585837, -5.228818690495881], "M": [-1.2288186904958809, -5.228818690495881, -0.3708376953683088, -1.3219280948873624, -0.7693870718585837, -0.7693870718585837, -0.9068905956085187, -2.0588936890535687, 0.4150374992788437], "F": [-0.9068905956085187, -5.228818690495881, 1.879705766282288, 0.2947432655611319, 0.4716210276452111, 0.4716210276452111, 0.8155754288625725, -0.9808911770522956, 1.6659990728120626], "R": [0.35614381022527536, 4.314213129759357, -5.228818690495881, -1.1413558492455413, -2.4214637684382767, -0.8365012677171209, -1.7693870718585836, -0.0995356735509144, -2.228818690495881], "W": [-2.0588936890535687, -5.228818690495881, 0.2630344058337938, -1.3219280948873624, -1.4214637684382767, -1.528378972354789, -0.5283789723547889, -3.6438561897747253, -2.643856189774725], "H": [0.0565835283663672, -5.228818690495881, -1.1413558492455413, -2.643856189774725, -2.4214637684382767, -1.7693870718585836, -2.228818690495881, -1.4214637684382767, -2.0588936890535687], "S": [1.5525410230287786, -5.228818690495881, -0.47393118833241266, -0.058893689053568565, -0.3219280948873625, -0.2746223801090057, -0.8365012677171209, 1.3257701611817563, -2.9068905956085187], "C": [-5.228818690495881, -5.228818690495881, -2.9068905956085187, -5.228818690495881, -3.228818690495881, -2.0588936890535687, -3.6438561897747253, -1.9068905956085187, -2.228818690495881], "V": [-0.058893689053568565, -5.228818690495881, 0.920928429008801, -0.3708376953683088, 1.0, 1.1110313123887436, 1.2306129281414164, 0.6538243588659604, 0.49910176406731827], "N": [-1.0588936890535685, -5.228818690495881, -0.18442457113742763, -0.7693870718585837, -1.1413558492455413, -0.6438561897747247, -0.2746223801090057, -0.6438561897747247, -3.6438561897747253], "P": [-5.228818690495881, -5.228818690495881, -5.228818690495881, 1.7019186470670054, 0.5785362315617233, 0.9610058683841363, 0.44360665147561484, -3.228818690495881, -5.228818690495881], "Q": [0.35614381022527536, -4.228818690495881, -1.3219280948873624, -0.18442457113742763, 0.0565835283663672, 0.12873331412220274, -0.0995356735509144, 0.49910176406731827, -3.6438561897747253], "T": [0.12873331412220274, -5.228818690495881, -0.2746223801090057, -0.5849625007211563, -0.47393118833241266, -0.47393118833241266, -0.18442457113742763, 0.9806346751330689, -2.228818690495881], "I": [0.32577016118175633, -5.228818690495881, 0.8372704999618915, -0.058893689053568565, 1.2141248053528473, 0.9610058683841363, 0.8372704999618915, -1.0588936890535685, 0.019108822947704423], "E": [-0.3708376953683088, -5.228818690495881, -2.228818690495881, 0.44360665147561484, 0.3858911536193271, -0.01936532486693122, 0.9610058683841363, 1.713695814843359, -3.6438561897747253], "D": [-2.9068905956085187, -5.228818690495881, -0.9068905956085187, 0.49910176406731827, -0.228818690495881, -1.6438561897747248, -0.7693870718585837, -0.3708376953683088, -5.228818690495881], "A": [1.0379678501990204, -5.228818690495881, -0.14135584924554137, -0.5849625007211563, -0.18442457113742763, -0.18442457113742763, -0.9068905956085187, 0.5260688116675875, -0.7052567344388682], "Y": [-0.5849625007211563, -5.228818690495881, 0.5525410230287786, -0.7693870718585837, -0.228818690495881, -0.14135584924554137, 0.19744606420621688, -2.228818690495881, 0.9610058683841363]}