{"L": [0.9795358974402842, 3.25964381663302, 0.9795358974402842, -0.8278190246173197, 0.7571434761038365, 0.9795358974402842, -0.8278190246173197, 0.7571434761038365, 1.3421059768249926], "G": [0.4941090702700426, -1.8278190246173196, 0.17218097538268035, 1.6316125940199773, 1.4941090702700424, 0.9795358974402842, -0.24285652389616358, 0.9795358974402842, -1.8278190246173196], "K": [0.17218097538268035, -1.8278190246173196, -0.24285652389616358, -0.8278190246173197, -0.8278190246173197, -1.8278190246173196, -0.8278190246173197, -0.8278190246173197, -1.8278190246173196], "M": [0.4941090702700426, 2.4201084888262656, -0.24285652389616358, -0.8278190246173197, -1.8278190246173196, -0.8278190246173197, -0.8278190246173197, -1.8278190246173196, -1.8278190246173196], "F": [1.4941090702700424, -1.8278190246173196, 0.17218097538268035, -1.8278190246173196, -1.8278190246173196, -0.24285652389616358, 1.4941090702700424, 0.9795358974402842, -1.8278190246173196], "R": [-1.8278190246173196, -1.8278190246173196, -1.8278190246173196, -1.8278190246173196, -1.8278190246173196, -0.24285652389616358, -1.8278190246173196, 0.7571434761038365, -1.8278190246173196], "W": [0.17218097538268035, -1.8278190246173196, -1.8278190246173196, 0.4941090702700426, 0.17218097538268035, -1.8278190246173196, 0.4941090702700426, 0.4941090702700426, -1.8278190246173196], "H": [-0.24285652389616358, -1.8278190246173196, -0.24285652389616358, -1.8278190246173196, -1.8278190246173196, -0.24285652389616358, 0.7571434761038365, -0.8278190246173197, -1.8278190246173196], "S": [-1.8278190246173196, -1.8278190246173196, -1.8278190246173196, -1.8278190246173196, -0.8278190246173197, 1.8726206935237726, -1.8278190246173196, 0.17218097538268035, 0.17218097538268035], "C": [-1.8278190246173196, -1.8278190246173196, -1.8278190246173196, -0.8278190246173197, -1.8278190246173196, -1.8278190246173196, 0.4941090702700426, -1.8278190246173196, 0.17218097538268035], "V": [-0.8278190246173197, 0.17218097538268035, -1.8278190246173196, -1.8278190246173196, 0.17218097538268035, -0.8278190246173197, -0.8278190246173197, -1.8278190246173196, 3.301463992327647], "N": [-1.8278190246173196, -1.8278190246173196, -1.8278190246173196, -1.8278190246173196, 0.4941090702700426, -0.8278190246173197, -0.8278190246173197, -0.24285652389616358, -1.8278190246173196], "P": [-1.8278190246173196, -1.8278190246173196, 0.4941090702700426, 1.1721809753826804, -0.8278190246173197, -0.8278190246173197, 0.4941090702700426, 0.4941090702700426, -1.8278190246173196], "Q": [-0.8278190246173197, 0.17218097538268035, 0.17218097538268035, -1.8278190246173196, -1.8278190246173196, -0.24285652389616358, 0.17218097538268035, -0.8278190246173197, -1.8278190246173196], "T": [-0.8278190246173197, 0.17218097538268035, -1.8278190246173196, -1.8278190246173196, 0.7571434761038365, -1.8278190246173196, -0.8278190246173197, -0.24285652389616358, 0.7571434761038365], "I": [-0.8278190246173197, 0.17218097538268035, 0.4941090702700426, -0.24285652389616358, 0.7571434761038365, 1.1721809753826804, 0.9795358974402842, -1.8278190246173196, -0.24285652389616358], "E": [-1.8278190246173196, -1.8278190246173196, -1.8278190246173196, 1.7571434761038367, -0.24285652389616358, -1.8278190246173196, -1.8278190246173196, 1.1721809753826804, -1.8278190246173196], "D": [-1.8278190246173196, -1.8278190246173196, 0.7571434761038365, 1.8726206935237726, 0.7571434761038365, -0.24285652389616358, -0.24285652389616358, 0.4941090702700426, -1.8278190246173196], "A": [1.1721809753826804, -1.8278190246173196, 1.7571434761038367, -0.8278190246173197, 0.4941090702700426, 0.4941090702700426, 1.4941090702700424, -1.8278190246173196, 1.3421059768249926], "Y": [1.7571434761038367, -1.8278190246173196, 1.1721809753826804, -0.8278190246173197, 0.7571434761038365, 0.4941090702700426, -1.8278190246173196, 0.17218097538268035, -1.8278190246173196]}