{"L": [0.6057210608879537, 3.2468266396466436, 1.2134036381091935, -0.7865963618908067, 0.3833286395515054, 1.3426866550541598, 0.5353317329965556, 0.30086647935953265, 2.3631507576138753], "G": [1.2134036381091935, -3.786596361890807, 0.7369655941662061, 0.6057210608879537, 1.0207585601667974, 0.6057210608879537, -0.7865963618908067, 1.0207585601667974, -3.786596361890807], "K": [0.7983661388303495, -3.786596361890807, -0.3271647432535097, -0.4646682670034444, -1.4646682670034445, -0.9792414398332026, -0.9792414398332026, -0.7865963618908067, -2.201633861169651], "M": [-0.4646682670034444, 1.9413240926723925, -0.4646682670034444, -1.7865963618908067, -1.7865963618908067, -0.9792414398332026, -0.7865963618908067, -0.9792414398332026, -1.4646682670034445], "F": [1.0713846332367651, -1.7865963618908067, 0.46133115155277865, -1.4646682670034445, -0.4646682670034444, -0.0861566437497146, 0.9682911402726618, 0.6728352567464904, -1.4646682670034445], "R": [-1.4646682670034445, -3.786596361890807, -1.7865963618908067, -0.6166713604484946, -0.6166713604484946, -1.2016338611696507, -1.7865963618908067, 0.020758560166797495, -2.7865963618908065], "W": [-0.3271647432535097, -3.786596361890807, -0.0861566437497146, -0.7865963618908067, 0.7983661388303495, -1.4646682670034445, 0.21340363810919336, -0.9792414398332026, -3.786596361890807], "H": [-0.9792414398332026, -3.786596361890807, -1.7865963618908067, -2.201633861169651, -0.9792414398332026, -0.4646682670034444, 0.9682911402726618, -0.3271647432535097, -3.786596361890807], "S": [0.7369655941662061, -2.201633861169651, -0.6166713604484946, -0.6166713604484946, 0.12029423371771174, 0.9682911402726618, -0.9792414398332026, 0.9682911402726618, -1.2016338611696507], "C": [-2.7865963618908065, -3.786596361890807, -3.786596361890807, -0.3271647432535097, -1.2016338611696507, -0.9792414398332026, -2.201633861169651, -2.201633861169651, -1.7865963618908067], "V": [0.21340363810919336, 0.7983661388303495, -0.9792414398332026, -0.9792414398332026, 0.30086647935953265, 0.020758560166797495, -0.0861566437497146, -0.3271647432535097, 2.8281134822244014], "N": [-0.4646682670034444, -3.786596361890807, -0.4646682670034444, -0.2016338611696506, 0.12029423371771174, -1.2016338611696507, -0.6166713604484946, -0.4646682670034444, -3.786596361890807], "P": [-3.786596361890807, -3.786596361890807, -0.0861566437497146, 0.7983661388303495, 0.020758560166797495, -1.4646682670034445, 0.9682911402726618, 0.46133115155277865, -3.786596361890807], "Q": [-1.2016338611696507, 0.6728352567464904, -0.2016338611696506, 0.020758560166797495, -0.4646682670034444, -0.3271647432535097, -0.4646682670034444, -3.786596361890807, -2.201633861169651], "T": [-0.3271647432535097, 0.21340363810919336, -0.7865963618908067, -1.7865963618908067, -0.2016338611696506, 0.46133115155277865, -0.2016338611696506, 0.46133115155277865, -0.4646682670034444], "I": [-0.6166713604484946, 0.020758560166797495, 0.21340363810919336, -0.9792414398332026, -0.4646682670034444, 1.2134036381091935, 0.46133115155277865, -2.201633861169651, 1.0713846332367651], "E": [-1.4646682670034445, -2.7865963618908065, -1.4646682670034445, 2.0713846332367654, -0.2016338611696506, -0.3271647432535097, -0.6166713604484946, 0.7369655941662061, -1.7865963618908067], "D": [-2.201633861169651, -3.786596361890807, 1.0713846332367651, 1.6728352567464906, 0.30086647935953265, -0.6166713604484946, -0.6166713604484946, -0.7865963618908067, -3.786596361890807], "A": [0.5353317329965556, -2.201633861169651, 0.6057210608879537, -0.3271647432535097, 0.5353317329965556, 0.6057210608879537, 0.7983661388303495, 0.6728352567464904, 1.2134036381091935], "Y": [1.2134036381091935, -3.786596361890807, 1.1202942337177118, -0.9792414398332026, 0.7369655941662061, -0.4646682670034444, 0.30086647935953265, 0.21340363810919336, -2.7865963618908065]}