{"L": [0.42772275890995876, -7.201633861169651, 0.7870508256025153, 0.6931839021382928, 0.6810091881921906, 1.1690535456375672, 1.4883641102497946, 0.820733951858804, 0.891123279750202], "G": [0.9430243816622318, -7.201633861169651, -0.844081856551567, 0.5532536409938181, 0.7927195756892073, 0.11124909411470467, -1.6780719051126378, -0.5434223784178559, -7.201633861169651], "K": [0.6438561897747247, -6.201633861169651, -0.09310940439148148, -0.1904066057463965, 0.3982789810174771, -0.08269278844614317, -0.2947432655611321, 1.232994366467074, -7.201633861169651], "M": [-1.6780719051126378, -7.201633861169651, -1.1141710199193113, -2.3942789391120463, -2.2474375507827755, -1.1141710199193113, -1.3942789391120463, -2.1572397418111975, -2.446746359006182], "F": [-0.07235084422468406, -7.201633861169651, 0.6871093877286085, -0.47371340660645156, 0.6438561897747247, 0.8317891403677999, -1.031708859727338, -0.7586903653209224, -0.7097807648399759], "R": [0.5731531984315229, -3.2016338611696504, -1.3436528660420786, -1.1141710199193113, 0.668730858413754, -0.4334495363927244, 0.1559181434484331, 0.44222232860507393, -7.201633861169651], "W": [-1.9162316423074022, -7.201633861169651, -2.616671360448495, -3.3942789391120467, -2.616671360448495, -3.2016338611696504, -3.616671360448495, -4.394278939112047, -7.201633861169651], "H": [-0.7922429250319489, -7.201633861169651, -0.5869240170544423, -1.6780719051126378, -0.17926604814119604, -1.0118093022896335, -0.844081856551567, -0.934847320474749, -7.201633861169651], "S": [1.1777445059016116, -7.201633861169651, 0.2577977574676467, 0.4349907593739983, 0.4494178300092782, 0.4130759829455577, 0.4707914808018452, 1.051031571280598, -7.201633861169651], "C": [-6.201633861169651, -7.201633861169651, -6.201633861169651, -7.201633861169651, -7.201633861169651, -7.201633861169651, -5.616671360448494, -5.20163386116965, -6.201633861169651], "V": [0.24957725066267822, -7.201633861169651, 0.8590620705179032, 0.12928301694496647, -0.1572397418111973, 0.864455329288122, 0.9531842478824536, 0.6563471339579215, 3.081454491854351], "N": [-2.5011941430285587, -7.201633861169651, 0.10214688700745247, -0.5722772410900412, -0.09310940439148148, -0.7586903653209224, 0.11124909411470467, -0.23584957650756344, -7.201633861169651], "P": [-7.201633861169651, -7.201633861169651, -2.8093164383908906, 1.1992455751125335, 0.7291034763932355, 0.26597168891334694, 0.23299436646707386, -3.616671360448495, -7.201633861169651], "Q": [-0.25911935583041085, -4.394278939112047, -0.7922429250319489, 0.24130963467907762, -0.08269278844614317, 0.4204179582867256, 0.5532536409938181, 0.5330757590561876, -7.201633861169651], "T": [0.5194653275375347, -7.201633861169651, -0.05188674166496862, -0.2708965236067645, 0.007819504459299133, 0.5599173712748288, 0.6871093877286085, 1.3140659771143919, -3.7422022425323536], "I": [-0.001961516333286177, -7.201633861169651, 1.0744905441045869, 0.007819504459299133, -0.331269141586246, 0.7052567344388679, 0.42772275890995876, -1.0931094043914815, 3.0941350732508575], "E": [-1.446746359006182, 4.276630170412069, -0.31899081180780936, 1.4494178300092782, 0.017534659292511006, -0.601721018982523, 0.26597168891334694, 0.7467333704150273, -7.201633861169651], "D": [-6.201633861169651, -1.294743265561132, 0.4204179582867256, 0.7052567344388679, -0.47371340660645156, -1.7753691064675527, -1.294743265561132, -2.953706347726065, -7.201633861169651], "A": [1.7082592226003916, -7.201633861169651, 0.9931229932525975, 0.1906835616091097, 0.0367708781554282, 0.5330757590561876, 0.5330757590561876, 0.1382161417149743, -2.2474375507827755], "Y": [0.017534659292511006, -7.201633861169651, 0.5532536409938181, -1.6166713604484946, -0.8093164383908903, -1.5292085191981548, -1.446746359006182, -0.8978531129925476, -5.20163386116965]}