{"L": [-2.5181754095099538, 3.5509866149974423, 2.1822643086311384, -5.325530331567558, -0.1556053301252457, 1.912874407757521, 0.10073442313453976, -0.6816741417928333, 3.009860023126367], "G": [-1.3255303315675582, -5.325530331567558, -1.1556053301252458, 0.25943216915359807, 0.16632276476211683, -2.7405678308464023, -5.325530331567558, -0.37133402118068287, -5.325530331567558], "K": [3.557112717794283, -5.325530331567558, -1.625090613426466, 0.5571127177942832, 1.3609701956156601, -1.625090613426466, -0.5706428294040896, 0.9598718872946903, -5.325530331567558], "M": [-3.740567830846402, 0.0667870912112021, 0.8642942273124593, -5.325530331567558, -2.0036022366801958, -1.7405678308464019, -2.3255303315675584, -3.3255303315675584, -2.5181754095099538], "F": [-5.325530331567558, -5.325530331567558, 0.7829941252106111, -5.325530331567558, -0.5706428294040896, -1.625090613426466, -0.1556053301252457, -1.625090613426466, -5.325530331567558], "R": [2.1007344231345395, -3.3255303315675584, -1.866098712930261, -0.4675493364399858, 0.13390128706973908, -2.155605330125246, -1.7405678308464019, 0.6968374814608966, -5.325530331567558], "W": [-5.325530331567558, -5.325530331567558, -0.41863973595903936, -4.325530331567559, -5.325530331567558, -5.325530331567558, -1.625090613426466, -5.325530331567558, -5.325530331567558], "H": [-0.740567830846402, -2.3255303315675584, -0.801968375510545, -0.3255303315675581, 0.22905852011007924, -1.625090613426466, 1.1174131642811704, -0.2811362122091047, -5.325530331567558], "S": [-0.866098712930261, -3.0036022366801953, -0.4675493364399858, 0.6517495919323586, -0.003602236680195538, -0.19624731462259143, -0.41863973595903936, 1.1339012870697391, -5.325530331567558], "C": [-5.325530331567558, -5.325530331567558, -3.740567830846402, -4.325530331567559, -5.325530331567558, -2.7405678308464023, -3.740567830846402, -5.325530331567558, -3.3255303315675584], "V": [-1.0036022366801955, 1.605207005995328, -0.866098712930261, -2.0036022366801958, 0.6517495919323586, 2.09232218331834, 0.9598718872946903, -1.625090613426466, 3.213628479540473], "N": [-5.325530331567558, -5.325530331567558, -0.3255303315675581, -0.07760281812397257, -0.07760281812397257, 0.10073442313453976, -0.2811362122091047, -0.19624731462259143, -5.325530331567558], "P": [-5.325530331567558, -5.325530331567558, -3.0036022366801953, 0.4558293819571017, -2.3255303315675584, 0.4023901229956413, 1.1980316244894549, -5.325530331567558, -5.325530331567558], "Q": [-2.0036022366801958, -1.0776028181239725, 0.481824590490046, 0.4558293819571017, 0.6517495919323586, 0.032021673050525806, 0.13390128706973908, 1.0143196713170666, -5.325530331567558], "T": [-2.0036022366801958, 0.10073442313453976, -0.740567830846402, -0.2380674903172185, 0.374909386573534, 0.032021673050525806, 0.34689501040393744, 1.4688855347825482, -5.325530331567558], "I": [-0.9332129087887979, 1.0143196713170666, 0.22905852011007924, -3.3255303315675584, 0.13390128706973908, 1.605207005995328, 0.6744696684324419, -4.325530331567559, 0.4558293819571017], "E": [-5.325530331567558, -5.325530331567558, -3.740567830846402, 2.353949767937888, 0.6517495919323586, -0.5706428294040896, 0.903288358928323, 1.481824590490046, -5.325530331567558], "D": [-4.325530331567559, -5.325530331567558, 0.22905852011007924, 1.5933329057070367, -0.07760281812397257, -1.866098712930261, -1.2380674903172184, -3.3255303315675584, -5.325530331567558], "A": [-0.866098712930261, -2.5181754095099538, 0.7619325096827815, -0.07760281812397257, 0.25943216915359807, -0.37133402118068287, 0.374909386573534, 0.7405588588902144, -0.003602236680195538], "Y": [-5.325530331567558, -5.325530331567558, 0.22905852011007924, -3.0036022366801953, -0.37133402118068287, -3.3255303315675584, -0.11607696593860828, -0.07760281812397257, -5.325530331567558]}