{"L": [0.4383072786016908, 0.7717310123268828, -0.8836208162856716, 0.4383072786016908, 0.4668764307984618, 0.7717310123268828, 0.318013044883979, -0.7461172925357367, -1.8836208162856716], "G": [-3.620586410451878, 1.1163791837143286, -4.205548911173034, 0.2207158435290641, 0.5493385909904346, 0.18676851160572655, -2.2055489111730338, -0.2513526007861587, -5.205548911173034], "K": [-2.8836208162856716, -5.205548911173034, 2.116379183714329, 1.203842024964668, -0.9576213977294482, 0.7251884263898527, -0.6819869551160209, -0.035623909730721375, -5.205548911173034], "M": [0.25388270746426334, 0.11637918371432851, -0.9576213977294482, -1.5051091930319418, -3.620586410451878, -2.035623909730721, -1.3981939891154298, -2.8836208162856716, -1.2986583155645153], "F": [0.627341102991708, -2.035623909730721, 0.7251884263898527, -1.3981939891154298, -1.1180860699226944, -0.3475679160454617, -3.2055489111730338, -2.2055489111730338, 2.3413455487146027], "R": [-1.5051091930319418, -5.205548911173034, 2.160773303072782, 0.9029755456051352, -2.035623909730721, 0.6524320839545383, -0.8132314883942734, 0.04237860227055186, -5.205548911173034], "W": [-1.8836208162856716, -4.205548911173034, -1.7461172925357369, -3.2055489111730338, -2.8836208162856716, -3.620586410451878, -2.8836208162856716, -5.205548911173034, -5.205548911173034], "H": [0.9029755456051352, -5.205548911173034, 0.7486473992138414, -1.3981939891154298, 0.11637918371432851, -0.11808606992269427, -0.035623909730721375, -1.3981939891154298, -5.205548911173034], "S": [-0.1611547918145803, -0.7461172925357367, -3.2055489111730338, 0.3794135895481225, 0.3490399405046035, 0.7944510888269662, 0.5493385909904346, 1.8605402792847385, -5.205548911173034], "C": [-5.205548911173034, -4.205548911173034, -5.205548911173034, -5.205548911173034, -5.205548911173034, -3.620586410451878, -2.6205864104518777, -2.2055489111730338, -5.205548911173034], "V": [-0.7461172925357367, 0.25388270746426334, -0.5051091930319417, -0.1611547918145803, -0.9576213977294482, -0.07626589422806734, 1.871266685877797, 0.7486473992138414, -4.205548911173034], "N": [-0.035623909730721375, -3.620586410451878, 0.0798533076892146, -1.205548911173034, -0.6819869551160209, -0.5616927213983092, -0.8132314883942734, -1.6205864104518777, -5.205548911173034], "P": [-5.205548911173034, 2.7486473992138416, -5.205548911173034, 0.4948908069680583, 0.003904454455915935, -0.9576213977294482, -1.5051091930319418, -2.6205864104518777, -5.205548911173034], "Q": [1.1520030934450498, -0.9576213977294482, -2.035623909730721, 0.11637918371432851, 0.4948908069680583, 0.4668764307984618, 0.28630418515664097, 0.8168189018554207, -5.205548911173034], "T": [0.3490399405046035, -4.205548911173034, -3.2055489111730338, -0.4506614090095654, 0.28630418515664097, 0.7251884263898527, 1.042378602270552, 1.4668764307984619, -5.205548911173034], "I": [-0.3981939891154298, -1.2986583155645153, 1.042378602270552, -0.3981939891154298, -0.2513526007861587, 0.18676851160572655, 0.9643760902692787, -3.620586410451878, -5.205548911173034], "E": [0.9029755456051352, -1.5051091930319418, -2.8836208162856716, 1.318013044883979, 2.1781553813010186, 0.28630418515664097, 1.4526625715787609, 1.003904454455916, -5.205548911173034], "D": [1.4383072786016908, -0.2986583155645152, -3.620586410451878, 0.6524320839545383, 1.1520030934450498, 0.3490399405046035, -1.6205864104518777, -1.7461172925357369, -5.205548911173034], "A": [-2.8836208162856716, 1.9543224256053557, -0.5616927213983092, 0.2207158435290641, -0.8836208162856716, 0.003904454455915935, -0.035623909730721375, 1.3490399405046034, -5.205548911173034], "Y": [0.8168189018554207, -3.620586410451878, 0.28630418515664097, -2.2055489111730338, -1.205548911173034, -1.8836208162856716, -1.8836208162856716, -1.6205864104518777, 3.8195906511054747]}