{"L": [0.7800343160580921, 3.525461488972495, 1.393011192948845, 0.014499569695114853, -0.30742852519224734, 1.277533975528909, 0.014499569695114853, 0.27753397552890896, 2.473931188332412], "G": [0.5994620704162712, -3.3074285251922477, 0.5994620704162712, 1.277533975528909, 1.3364276645824773, 0.49992639686535667, -0.9855004303048852, 0.5994620704162712, -3.3074285251922477], "K": [0.5994620704162712, -3.3074285251922477, -0.9855004303048852, -0.7224660244710911, -1.7224660244710912, -0.9855004303048852, -1.3074285251922473, -0.13750352374993496, -3.3074285251922477], "M": [-0.7224660244710911, 1.9779736936700012, 0.49992639686535667, -1.7224660244710912, -1.3074285251922473, -0.9855004303048852, -0.9855004303048852, -0.9855004303048852, -0.13750352374993496], "F": [1.3364276645824773, -1.7224660244710912, 0.49992639686535667, -2.3074285251922473, -0.9855004303048852, 0.27753397552890896, 1.084888897586513, 0.6925714748077527, -1.3074285251922473], "R": [-1.3074285251922473, -3.3074285251922477, -2.3074285251922473, -0.5000736031346434, -1.7224660244710912, -3.3074285251922477, -2.3074285251922473, -0.5000736031346434, -3.3074285251922477], "W": [-0.13750352374993496, -3.3074285251922477, -0.7224660244710911, -1.7224660244710912, 0.6925714748077527, -0.9855004303048852, 0.49992639686535667, -2.3074285251922473, -3.3074285251922477], "H": [-2.3074285251922473, -3.3074285251922477, -1.3074285251922473, -3.3074285251922477, -0.30742852519224734, -0.5000736031346434, 0.15200309344504975, -0.30742852519224734, -3.3074285251922477], "S": [0.27753397552890896, -3.3074285251922477, -0.13750352374993496, -0.13750352374993496, 0.39301119294884496, 0.5994620704162712, -1.3074285251922473, 0.8624964762500651, -2.3074285251922473], "C": [-2.3074285251922473, -3.3074285251922477, -3.3074285251922477, -3.3074285251922477, -1.3074285251922473, -0.7224660244710911, -1.3074285251922473, -2.3074285251922473, -3.3074285251922477], "V": [-0.5000736031346434, -0.13750352374993496, -1.3074285251922473, -2.3074285251922473, 0.6925714748077527, 0.49992639686535667, -0.30742852519224734, 0.014499569695114853, 2.821854491752719], "N": [-0.5000736031346434, -3.3074285251922477, -0.13750352374993496, -0.13750352374993496, 0.39301119294884496, -0.5000736031346434, -0.5000736031346434, -0.7224660244710911, -3.3074285251922477], "P": [-3.3074285251922477, -3.3074285251922477, -0.30742852519224734, 0.8624964762500651, -0.30742852519224734, -0.13750352374993496, 0.7800343160580921, 0.7800343160580921, -3.3074285251922477], "Q": [-2.3074285251922473, 0.014499569695114853, -0.5000736031346434, 0.15200309344504975, -0.5000736031346434, -0.30742852519224734, -0.30742852519224734, -2.3074285251922473, -3.3074285251922477], "T": [-0.30742852519224734, 0.15200309344504975, -0.5000736031346434, -1.7224660244710912, 0.15200309344504975, 0.49992639686535667, 0.27753397552890896, 0.8624964762500651, 0.27753397552890896], "I": [-0.5000736031346434, -0.5000736031346434, -0.9855004303048852, -1.3074285251922473, -0.5000736031346434, 1.393011192948845, 0.8624964762500651, -2.3074285251922473, 1.2161334308647656], "E": [-0.13750352374993496, -3.3074285251922477, -2.3074285251922473, 1.7800343160580923, -0.30742852519224734, -1.3074285251922473, -0.30742852519224734, 0.5994620704162712, -3.3074285251922477], "D": [-0.30742852519224734, -3.3074285251922477, 0.49992639686535667, 2.014499569695115, 0.15200309344504975, -0.9855004303048852, -0.7224660244710911, -0.5000736031346434, -3.3074285251922477], "A": [0.5994620704162712, -1.7224660244710912, 1.2161334308647656, -0.30742852519224734, 0.49992639686535667, 0.49992639686535667, 0.940498988251338, -0.13750352374993496, 1.014499569695115], "Y": [1.4999263968653567, -3.3074285251922477, 1.277533975528909, -1.7224660244710912, 0.49992639686535667, -1.7224660244710912, 0.5994620704162712, 0.8624964762500651, -3.3074285251922477]}