{"L": [0.6682615950339961, -0.012974611922526337, 1.3386934379445017, 0.8642893123710444, 1.1583576027974154, 1.3280146694184751, 1.6397601734088623, 1.1862174072584066, 2.6174238434307617], "G": [1.176725958281109, -0.876623466311825, -0.46158596703298077, 0.6212192590633715, 0.3916167576815493, 0.07990850511206583, -0.87333339637764, 0.4360523153373411, -2.7810458063295935], "K": [0.7956727002966539, -1.187886152641818, 0.45449798265815927, 0.6750189612093047, 0.4320688014188435, 0.231232523448843, -0.10258861745424722, 0.8151758118062463, 1.105145796611089], "M": [-2.03670068179779, -2.607016406554545, -1.1716302618838985, -1.6798669719622261, -1.3799474980086237, -1.6457859767191203, -1.9167009056871602, -2.20846703006427, -0.4153963340129135], "F": [-0.8865389351769076, -1.1357106876289558, 0.6095090077499069, -0.48901919715609343, -0.2043272997033461, -0.33173840496600393, 0.03333809450862734, -1.0330250236543919, 1.4714174688946686], "R": [1.5507132979174625, 3.572289550073308, 0.14787109560892372, 0.6047981626143885, 0.45972514432170863, 0.47400294457031655, -0.1960833056084374, 0.3528099404051969, 1.0050143373647822], "W": [-2.9931990431612037, -3.0815549175820505, -1.338527570628643, -2.0514976837258705, -2.0664480251918422, -2.3940226832203466, -2.0514976837258705, -3.870050812388339, -4.329482431025636], "H": [-0.5907145942254443, -2.5961280904118085, -0.5481227175009764, -1.4130057865879195, -1.077763338419676, -1.4615859670329807, -0.8440556038553941, -0.9440513938321154, -1.1278485698559855], "S": [1.0967823236764622, -0.7841317862033363, 0.3514044896940558, 0.6083327377777835, 0.3186953646991826, 0.39571338620102753, 0.3042393816153757, 1.1703634560575693, -2.6856262412509113], "C": [-5.259093103134238, -4.481485524470687, -4.03670068179779, -4.1919789072757005, -3.6514105259129988, -3.74451993030448, -4.844055603855394, -4.651410525912998, -6.329482431025637], "V": [-0.13374113777918625, -0.8965230237495297, 0.3287290517261589, -0.13374113777918625, 0.6351472356949591, 0.7738053773863862, 0.9815846712299597, 0.0816047957729645, 0.11511838268586654], "N": [-1.123933519852602, -2.20846703006427, 0.0816047957729645, -0.3893156805428187, -0.516984205692072, -0.46405845271250207, -0.4153963340129135, 0.1846398291450716, -2.674130602413082], "P": [-2.0589534886449177, -0.6457859767191202, -1.338527570628643, 0.6106843194571813, 0.17513796137791673, 0.2539764791051326, 0.13158768300741533, -1.0853564877419066, -3.143615885714302], "Q": [-0.14758478791724758, -0.32273559858505074, -0.3004713443665674, 0.14300534043710764, 0.04207643158632692, 0.1283088292304058, 0.03858744550644711, 0.4906965313895519, -2.5324694531894907], "T": [-0.091077691700557, -1.2938585212949145, 0.04555700032128874, -0.26124156971281487, -0.025701682848532813, 0.1332243196445224, 0.4280742579138171, 0.9241287209215323, -3.03670068179779], "I": [0.06968866279418702, -1.2982637004149158, 0.2808042260553869, -0.36139167898038, 0.5097213570713082, 0.8253356780264681, 0.6839798287809268, -0.4965924168608942, 0.6200525019913764], "E": [-0.913318266292508, -1.03670068179779, -0.7657141525736031, 0.6258768742173585, 0.24643493009251333, 0.07480763341920027, 0.2158682137966636, -0.040385728605645904, -2.0003588347340697], "D": [-2.329482431025636, -1.8185205117482568, 0.06968866279418702, 0.08837008386026196, -0.43709140511223243, -0.9544429996787113, -1.2982637004149158, -1.3846239852180968, -3.950970807771906], "A": [0.9969470560966672, -0.8280432858667631, 0.6397601734088622, 0.40522718920020234, 0.2689423295020829, 0.28522741308957233, 0.2808042260553869, 0.4280742579138171, -1.9931990431612037], "Y": [-0.9475069524683346, -1.9371650082468757, -0.12588971681792857, -1.139657872145619, -1.0184153287700404, -1.2001994140806698, -0.7475286801768178, -1.4225918354171174, 0.6884394769716266]}