{"L": [0.48280612701110603, 3.8417284293806704, 2.287481948872829, -1.0835406955427032, 1.0986626356780462, 2.5823418005620202, 0.2604137056746582, 0.5379476812035671, 3.6856614035557205], "G": [0.4639470997597901, -3.1990179129626393, -1.1990179129626393, 0.14675692387909073, -0.4264284090657116, -1.696517572433456, -3.462052318796433, -0.0026207001591358366, -4.199017912962639], "K": [0.30348242756654414, -5.783980413683795, -1.324548795046498, -0.7839804136837956, 0.3245440430943737, -2.4620523187964327, -1.53605290024021, 0.6589630821649329, -5.783980413683795], "M": [-3.1990179129626393, -1.2604184576267823, -0.5745270480548456, -4.199017912962639, -2.7839804136837953, -2.324548795046498, -2.1990179129626393, -3.462052318796433, -1.696517572433456], "F": [0.4254729519451544, -3.462052318796433, 0.07400058144377678, -1.7839804136837956, 0.48280612701110603, -1.0835406955427032, 0.8598757760909294, -0.1990179129626393, -2.324548795046498], "R": [0.1702158967030798, -4.783980413683795, -1.4620523187964332, -1.4620523187964332, -0.05605995912059606, -2.614055412241483, -0.9766254916261913, 0.8598757760909294, -3.7839804136837953], "W": [-3.462052318796433, -5.783980413683795, -1.1401242239090705, -3.1990179129626393, 0.3245440430943737, -3.7839804136837953, -0.6140554122414833, -3.462052318796433, -5.783980413683795], "H": [-1.4620523187964332, -5.783980413683795, -1.1990179129626393, -1.3916629909050353, -0.14012422390907064, -1.6140554122414834, 0.7551783974242361, -0.08354069554270305, -5.783980413683795], "S": [1.6254105224539064, -2.7839804136837953, 0.6422843410183027, 0.7706084379938422, -0.3916629909050352, -2.614055412241483, -0.2293915620061579, 0.7551783974242361, -5.783980413683795], "C": [-5.783980413683795, -5.783980413683795, -5.783980413683795, -5.783980413683795, -5.783980413683795, -5.783980413683795, -5.783980413683795, -5.783980413683795, -5.783980413683795], "V": [0.2383873993446592, 0.6422843410183027, -0.2921273173541207, -1.3916629909050353, 0.8598757760909294, 1.6338721012021027, 0.9302651039823274, -0.6965175724334558, 2.238387399344659], "N": [-1.1990179129626393, -5.783980413683795, 0.5558695892008294, 0.14675692387909073, -0.7839804136837956, -1.4620523187964332, -0.3916629909050352, 0.07400058144377678, -5.783980413683795], "P": [-4.783980413683795, -4.783980413683795, -2.4620523187964327, 1.3245440430943738, -1.2604184576267823, 0.09866263567804605, 1.4254729519451546, -2.7839804136837953, -4.783980413683795], "Q": [-0.4264284090657116, -0.7839804136837956, 0.9574865727173514, -0.32454879504649814, 0.07400058144377678, -1.324548795046498, 0.2604137056746582, 1.0986626356780462, -5.783980413683795], "T": [0.4639470997597901, -0.9259994185562233, -0.6546973967388289, -0.5360529002402099, -0.3577156589816974, -1.029092911520327, -0.0026207001591358366, 0.8598757760909294, -2.976625491626191], "I": [0.3657667058208869, 0.723814226514901, 0.723814226514901, -1.3916629909050353, 0.7078726826458793, 2.542449073438508, 0.2604137056746582, -1.9766254916261914, 0.4639470997597901], "E": [-2.614055412241483, -5.783980413683795, -2.083540695542703, 2.067768627732262, 0.4639470997597901, -2.083540695542703, 0.6083370090949648, 0.9439400408794041, -5.783980413683795], "D": [-5.783980413683795, -4.783980413683795, -3.1990179129626393, 1.90950654381553, -0.6546973967388289, -3.462052318796433, -1.324548795046498, -2.614055412241483, -5.783980413683795], "A": [1.599723878790257, -1.53605290024021, 0.9574865727173514, -0.14012422390907064, 0.023374508373808806, -1.324548795046498, 0.19329950981612115, 0.5198003344933076, -2.324548795046498], "Y": [0.6917530172826025, -3.462052318796433, -0.3916629909050352, -2.1990179129626393, 0.1702158967030798, -2.976625491626191, -0.2921273173541207, -0.14012422390907064, -5.783980413683795]}