{"L": [-0.1860837041949967, -4.0539801681876515, 0.7940167383672984, 0.8720192503685718, 1.9232997553122648, 1.1079075141892425, 0.8432602573871477, 0.13188637712368226, 1.4314466589825903], "G": [-2.053980168187652, -4.790945762353858, -1.3315141437165605, 0.39227606170191254, -0.24662524613004744, -0.5685533410174097, -1.4690176674664952, -0.24662524613004744, -6.375908263075014], "K": [-1.4217119526881388, -6.375908263075014, 0.050356491627083846, 0.2965170788964816, -0.35354045004655943, 0.9369746922093414, 0.23880158104019436, 0.3789792390884545, -4.375908263075014], "M": [-0.7611984189598057, -4.790945762353858, -0.8523463070180011, -1.916476644437717, -0.7034829211035184, -1.852346307018001, -2.205983261632702, -2.205983261632702, 0.11594483325466079], "F": [-0.8523463070180011, -3.2059832616327015, 1.1632505480330175, -0.8213194113973767, 0.6793741724261757, 0.33833725459110864, -0.7611984189598057, -1.6210207609115457, 2.700907333975817], "R": [-1.2884454218246744, -2.790945762353858, -0.1470895725791331, -0.0008688317280891649, -0.39862833957509747, 0.31059226410820456, 0.0670352327737144, 0.22400457911211363, -4.375908263075014], "W": [-2.288445421824674, -6.375908263075014, -0.8840551667453391, -2.916476644437717, -1.9835908402962537, -2.790945762353858, -1.7909457623538578, -4.0539801681876515, -0.7611984189598057], "H": [0.08352335556228326, -5.375908263075014, -0.018356258456930116, -1.852346307018001, -0.42171195268813877, -0.5945485495503541, 0.050356491627083846, -0.9835908402962535, -0.8213194113973767], "S": [0.8237640817613505, -4.790945762353858, -0.07212751489791086, 0.08352335556228326, 0.13188637712368226, -0.35354045004655943, 0.20905423764614223, 1.5489042405307671, -3.56855334101741], "C": [-3.2059832616327015, -6.375908263075014, -2.288445421824674, -2.56855334101741, -3.3759082630750137, -2.916476644437717, -2.205983261632702, -2.4690176674664954, -4.0539801681876515], "V": [-0.10912172238011252, -2.916476644437717, 0.46958178786936133, 0.25344835700459567, 0.5548290744878726, 0.9728198911560636, 1.0753028487573149, 0.7009073339758171, -1.3315141437165605], "N": [0.9002161421992239, -5.375908263075014, 0.5548290744878726, -0.7034829211035184, -0.1860837041949967, -0.6754685449339215, -0.1860837041949967, -0.9164766444377168, -6.375908263075014], "P": [-4.0539801681876515, -1.852346307018001, -3.790945762353858, 0.46958178786936133, -0.9164766444377168, 0.7326161937031552, -0.5430182489102724, -1.2059832616327015, -5.375908263075014], "Q": [-0.30981907261724145, -3.0539801681876515, -0.22616114357033176, 0.09982516789138365, -0.10912172238011252, -0.24662524613004744, -0.1860837041949967, 0.2679479266997109, -4.790945762353858], "T": [0.4944564565083905, -3.56855334101741, 0.050356491627083846, -0.24662524613004744, -0.12798074963142825, 0.28230321967678085, 0.31059226410820456, 0.9991311682719108, -2.916476644437717], "I": [-0.49326521371317267, -4.790945762353858, 0.31059226410820456, 0.16325054803301747, 1.0587199645617107, 0.5898760215870732, 0.3655587233261333, -1.0539801681876515, -1.4690176674664952], "E": [1.3175786944243113, 4.183468827451669, -0.12798074963142825, 1.566606242264226, -1.2059832616327015, -0.09050604421276566, 1.2965170788964817, 0.6013716604249026, -5.375908263075014], "D": [2.119946763812157, -1.2884454218246744, -0.2884454218246744, 0.6353189923482402, -0.7320520733002891, -0.9496435083729161, -0.6210207609115455, -1.3315141437165605, -4.375908263075014], "A": [-1.1279807496314285, -3.2059832616327015, 0.5309823325335047, 0.22400457911211363, -0.2673838062968449, -0.0008688317280891649, 0.20905423764614223, 1.4882778815792665, -1.9835908402962537], "Y": [-0.4451709255121275, -2.56855334101741, 0.28230321967678085, -1.9835908402962537, -0.42171195268813877, -1.0539801681876515, -0.3759082630750138, -1.375908263075014, 2.8139162958050035]}