{"L": [0.6443686014444301, 0.13913329319400794, 0.3943903484360825, 0.5772544055858928, 0.5772544055858928, 0.6112017375092307, 1.0178269969718745, 0.8573623247786282, 0.3943903484360825], "G": [0.18493698280713267, 0.5424889874252165, 0.09182757841565103, 0.9128574373703322, -0.11462329905177512, 0.6767900791368073, 1.0429179779347046, 0.3943903484360825, -1.8150630171928674], "K": [0.9398244849706012, -1.6451380157505548, -0.3556313985555699, -0.060175515029398795, -0.060175515029398795, -0.11462329905177512, -1.35563139855557, -0.11462329905177512, -2.8150630171928674], "M": [-0.2915010611358544, 0.3943903484360825, -1.0077080951352633, -0.8150630171928674, -0.727600175942528, -1.0077080951352633, -0.4931349223055051, -0.4931349223055051, -1.35563139855557], "F": [-0.727600175942528, -0.17120682741814253, 0.3548619842494451, -0.060175515029398795, 0.27239982405747204, 0.47033920166938115, 0.43286449625071816, 0.18493698280713267, -0.17120682741814253], "R": [-0.3556313985555699, -2.2301005164717114, -0.9081724215843491, -0.727600175942528, -0.17120682741814253, -0.11462329905177512, -0.3556313985555699, -0.5671355037492819, -4.815063017192867], "W": [-1.6451380157505548, -0.645138015750555, -2.0077080951352633, -2.4931349223055053, -0.9081724215843491, -1.35563139855557, -1.35563139855557, -1.493134922305505, -1.6451380157505548], "H": [-0.4931349223055051, -1.35563139855557, -1.2301005164717111, -1.114623299051775, -1.6451380157505548, -1.6451380157505548, 0.13913329319400794, -0.9081724215843491, -3.2301005164717114], "S": [0.769899483528289, 1.3142199997520994, 1.091827578415651, 0.73952583448477, 0.43286449625071816, 0.9662966963317924, 0.27239982405747204, 0.6443686014444301, -1.6451380157505548], "C": [-0.727600175942528, -1.114623299051775, -3.2301005164717114, -2.0077080951352633, -1.35563139855557, -2.2301005164717114, -2.0077080951352633, -1.114623299051775, -4.815063017192867], "V": [0.6443686014444301, 0.8287931725818575, -0.060175515029398795, 0.506865077694495, 0.6443686014444301, -0.17120682741814253, 0.13913329319400794, 0.5772544055858928, 0.18493698280713267], "N": [-0.727600175942528, -1.493134922305505, 0.5772544055858928, 0.18493698280713267, 0.3548619842494451, 0.506865077694495, 0.042917977934704664, -0.060175515029398795, -2.8150630171928674], "P": [-1.6451380157505548, -1.2301005164717111, -0.8150630171928674, 0.3943903484360825, -0.8150630171928674, -0.007708095135263291, 0.09182757841565103, -0.3556313985555699, -4.815063017192867], "Q": [-0.645138015750555, 0.27239982405747204, 0.31421999975209924, -0.42274559441410725, -0.17120682741814253, 0.27239982405747204, -0.42274559441410725, -0.3556313985555699, -2.8150630171928674], "T": [0.09182757841565103, 1.4328644962507182, -1.2301005164717111, 0.27239982405747204, 0.506865077694495, -0.007708095135263291, -0.007708095135263291, 0.3548619842494451, -2.0077080951352633], "I": [0.43286449625071816, -0.727600175942528, 0.18493698280713267, 0.09182757841565103, 0.5424889874252165, 0.22933110216558608, -0.3556313985555699, -0.8150630171928674, -0.8150630171928674], "E": [-0.3556313985555699, -1.6451380157505548, 0.18493698280713267, 0.042917977934704664, 0.042917977934704664, -0.5671355037492819, -0.8150630171928674, 0.3943903484360825, -2.4931349223055053], "D": [-1.6451380157505548, -1.8150630171928674, 0.769899483528289, 0.31421999975209924, -0.3556313985555699, 0.13913329319400794, -0.4931349223055051, -0.060175515029398795, -2.8150630171928674], "A": [1.091827578415651, 0.47033920166938115, 1.207304795835587, 0.13913329319400794, 0.6443686014444301, 0.09182757841565103, 0.6767900791368073, 0.506865077694495, -0.2915010611358544], "Y": [0.09182757841565103, 0.73952583448477, -0.645138015750555, -0.4931349223055051, -0.3556313985555699, -0.42274559441410725, 0.18493698280713267, -0.060175515029398795, 3.6767900791368073]}