{"L": [0.02547068751611791, 0.3473987824034804, 0.5615235877563279, 0.8328256095737223, -0.38956681176272573, 0.4039823107698479, 1.4849023061534155, 0.4039823107698479, 1.8328256095737225], "G": [-0.29645740737124404, -3.296457407371244, -0.4891024853136402, 0.657738903015631, 1.0958600154075162, 1.2581314443063933, 0.09586001540751618, 0.9129959582577054, -4.2964574073712445], "K": [1.6104331882372742, -3.296457407371244, -0.8370257887339468, 0.2271045486857688, 0.09586001540751618, -1.126532405928932, -0.7114949066500882, -0.38956681176272573, -1.296457407371244], "M": [-0.5960176892301522, -0.7114949066500882, -0.7114949066500882, -1.126532405928932, -1.296457407371244, -0.8370257887339468, -0.4891024853136402, -0.4891024853136402, 0.16297421126605316], "F": [-0.29645740737124404, -2.296457407371244, 0.8328256095737223, -0.2089945661209048, -0.29645740737124404, -0.7114949066500882, 0.28850509334991187, -0.38956681176272573, 2.3759679346002516], "R": [1.1629742112660533, -2.296457407371244, 0.9889448114910043, -0.4891024853136402, 0.657738903015631, -0.12653240592893178, -0.12653240592893178, -0.38956681176272573, -1.974529312483882], "W": [-0.38956681176272573, -3.296457407371244, -0.12653240592893178, -1.296457407371244, -1.126532405928932, -0.7114949066500882, -0.2089945661209048, -1.4891024853136403, 1.403982310769848], "H": [-0.8370257887339468, -2.7114949066500884, -1.4891024853136403, -0.5960176892301522, -0.4891024853136402, 0.09586001540751618, 0.16297421126605316, -1.126532405928932, -4.2964574073712445], "S": [0.02547068751611791, 2.227104548685769, 0.09586001540751618, 0.09586001540751618, 0.657738903015631, 0.6104331882372743, 0.6104331882372743, 1.025470687516118, -4.2964574073712445], "C": [-1.974529312483882, -4.2964574073712445, -2.296457407371244, -1.4891024853136403, -2.296457407371244, -1.7114949066500882, -1.4891024853136403, -1.296457407371244, -4.2964574073712445], "V": [-0.2089945661209048, 1.2581314443063933, 0.09586001540751618, -0.7114949066500882, 0.28850509334991187, 0.2271045486857688, -0.9745293124838821, 0.02547068751611791, -1.296457407371244], "N": [-1.7114949066500882, -3.296457407371244, -0.29645740737124404, -0.8370257887339468, 0.3473987824034804, -0.2089945661209048, -0.38956681176272573, -0.9745293124838821, -4.2964574073712445], "P": [-4.2964574073712445, 0.09586001540751618, -1.7114949066500882, 0.9129959582577054, 0.2271045486857688, -0.29645740737124404, 0.28850509334991187, 0.4584300947922246, -4.2964574073712445], "Q": [-0.9745293124838821, -0.12653240592893178, -1.4891024853136403, -0.12653240592893178, -0.8370257887339468, -0.8370257887339468, -0.04852989392765865, -0.29645740737124404, -4.2964574073712445], "T": [-0.38956681176272573, 2.0254706875161177, 0.02547068751611791, -0.5960176892301522, 0.16297421126605316, 0.4039823107698479, 0.3473987824034804, 0.7479367119872092, -4.2964574073712445], "I": [1.2885050933499118, -0.38956681176272573, 0.8734675940710682, -0.12653240592893178, 0.657738903015631, 0.4584300947922246, -0.2089945661209048, -0.8370257887339468, -0.7114949066500882], "E": [-0.04852989392765865, -1.7114949066500882, -0.38956681176272573, 1.0610945972468393, -0.4891024853136402, -1.126532405928932, -0.8370257887339468, -0.2089945661209048, -4.2964574073712445], "D": [-2.296457407371244, -4.2964574073712445, -0.4891024853136402, 0.5108975146863599, -0.7114949066500882, 0.4584300947922246, -1.126532405928932, -0.4891024853136402, -4.2964574073712445], "A": [0.2271045486857688, 1.1298073473308536, 0.7035425926287561, 0.4039823107698479, 0.5108975146863599, 0.2271045486857688, 0.8328256095737223, 0.9514701060723415, -4.2964574073712445], "Y": [0.657738903015631, -0.4891024853136402, 0.8734675940710682, -0.8370257887339468, -0.7114949066500882, 0.16297421126605316, -1.296457407371244, 0.09586001540751618, 2.51089751468636]}