{"L": [-1.3350585158161374, -4.142413437873742, 0.6904765762910002, 0.48985477762577156, 1.0275115635685712, 0.7788324507118474, 1.2151385667443422, 0.34301338929650027, 3.4818337079624553], "G": [-0.46434153276110374, -4.294416531318792, -0.8204853429863792, 0.6752098196376899, 0.6071208297955205, 0.11308729527464492, -2.5574509371525855, -0.7778410055778854, -6.464341532761105], "K": [-1.8793790320399475, -1.7919161907896082, -2.464341532761104, 0.27036808746473445, -0.6699256664109979, -0.23552284226522283, -1.5574509371525853, -0.17893931389885545, -7.464341532761105], "M": [-0.33505851581613727, -3.2944165313187916, -0.6569866107034998, -1.7919161907896082, -1.4199474134026502, -1.464341532761104, -1.254888167132154, -1.8496316886458957, -0.2451730122989423], "F": [0.17228308778254525, -4.879379032039948, 0.5412830164327744, -0.894485924430156, 0.2151385667443421, -0.17893931389885545, -0.43091853122365353, -1.7639018146200116, 0.1503683113541044], "R": [-1.2745169738810864, 2.251620457494041, -2.5101452223742284, -0.3875259357102728, -1.235522842265223, -0.44197371973264926, -1.1975549920662023, -0.5816984833992626, -7.464341532761105], "W": [-2.4199474134026504, -7.464341532761105, -2.3350585158161374, -3.0720241099823435, -2.7639018146200116, -3.3768786915107643, -1.6314515185963618, -7.464341532761105, -4.464341532761104], "H": [0.990985687543457, 3.621130926420179, 0.20808380921039193, -1.10678952814302, -0.7094540305976353, -0.6188514818167284, 0.3811485181832715, -1.10678952814302, -6.464341532761105], "S": [0.9492863962630689, -3.7639018146200116, 1.2045434515051432, 0.5963543989264504, 0.8710488219328213, 0.7304153216611441, -0.013130420928774924, 1.6854055867435782, -4.142413437873742], "C": [-4.294416531318792, -7.464341532761105, -3.1424134378737416, -4.6569866107035, -4.0049099141238065, -4.294416531318792, -2.8204853429863794, -1.8793790320399475, -3.2944165313187916], "V": [-1.1605607845840007, -4.294416531318792, 0.32356102663032776, -0.1334246546464867, 0.879954375154713, 1.1867101584178248, 1.2291454247382216, 1.0355043543221016, 1.0275115635685712], "N": [0.5909409027400858, -4.0049099141238065, -0.22593679343602482, -0.6063605376335319, -0.3558170759829348, -0.45311427733784965, -0.08930210141417902, -1.2944165313187914, -7.464341532761105], "P": [-4.879379032039948, -1.089302101414179, -2.3768786915107643, 1.2430175993197792, -0.1334246546464867, 0.5909409027400858, 0.09024731891653363, -1.6314515185963618, -2.8793790320399477], "Q": [0.7304153216611441, 0.17951465701362082, -0.1424134378737415, 0.09024731891653363, 0.043453107437592606, 0.24990398490501892, 0.6854055867435783, 0.36220695452981105, -7.464341532761105], "T": [1.1867101584178248, -4.6569866107035, -0.21641401931751825, -0.366309449800577, 0.524343154011062, 0.3811485181832715, 0.4485478034688578, 1.0073336816309406, -2.254888167132154], "I": [-0.8644286905739759, -3.6569866107035, 0.2771254536400432, -0.3558170759829348, 0.20808380921039193, 0.9365379035210807, 0.47229640624146696, -0.4199474134026502, 0.5412830164327744], "E": [1.2737507268593864, -2.4199474134026504, -0.0549505966234019, 1.0355043543221016, 0.17228308778254525, -0.49855724809901664, 0.39984461189317655, 0.7548269877010576, -7.464341532761105], "D": [-0.16056078458400072, -5.879379032039948, 1.300530057974987, 0.9407999303752401, -0.20695369006845196, -0.9886081017947063, -0.8496316886458958, -1.9097526810834666, -7.464341532761105], "A": [0.31701818076355603, -2.5101452223742284, 1.0113918982052938, 0.3300743335890021, 0.5129383907388129, 0.412175413803896, 0.3811485181832715, 1.58005258659735, 1.460470970844677], "Y": [0.1206209679600524, -3.2944165313187916, -0.17893931389885545, -1.8204853429863792, -0.682981819236444, -1.1424134378737414, -0.10678952814302003, -1.7364210781979046, -4.879379032039948]}