{"L": [-0.3635716032297812, -3.1709265252873853, 0.6234893410627207, -0.5562166811721769, -0.021179405782703147, 1.018898033592632, 3.091168320082794, 1.336868114911311, 3.0458193329079206], "G": [-1.126532405928932, -6.170926525287386, -1.3635716032297813, 0.9889448114910043, 0.22139089749137514, -0.6790734289577107, -3.1709265252873853, -1.9229990118437998, -6.170926525287386], "K": [1.8290734747126147, -6.170926525287386, -1.2640359296788668, 0.27201697056134316, 1.1866254793306985, -0.9229990118437997, -0.6790734289577107, 0.7598108122755011, -6.170926525287386], "M": [-1.7786091025086248, -2.848998430400023, -0.470486807146293, -2.848998430400023, -2.470486807146293, -0.8855243064251369, -0.8489984304000231, -0.9614731596584354, -0.28828347592554404], "F": [0.8843559102138043, -6.170926525287386, 0.4289863168997423, -1.001001523845073, 0.3368681149113109, 0.998998476154927, -1.2640359296788668, 0.15100156959997688, -1.1709265252873853], "R": [1.6364283967702191, -6.170926525287386, -1.470486807146293, -1.041643508342419, 0.5705404611137617, -1.083463684037046, 0.4872849574644094, 0.1866254793306985, -6.170926525287386], "W": [-3.1709265252873853, -6.170926525287386, -3.3635716032297815, -2.7114949066500884, -1.8489984304000233, -2.848998430400023, -3.3635716032297815, -6.170926525287386, -6.170926525287386], "H": [-0.6473645692303726, -6.170926525287386, -1.2640359296788668, -1.3635716032297813, 0.8624964762500651, -0.8489984304000231, 0.30480690567901264, -1.2167302149005104, -6.170926525287386], "S": [0.6619634888773567, 2.9989984761549273, 0.7832697850994899, 0.948014547436122, 0.15100156959997688, -0.001001523845073001, -0.4430060707241862, -0.10483733482961298, -6.170926525287386], "C": [-6.170926525287386, -6.170926525287386, -2.848998430400023, -5.170926525287386, -4.58596402456623, -4.58596402456623, -4.170926525287386, -3.1709265252873853, -6.170926525287386], "V": [0.39892908304356245, 0.7479367119872092, -0.021179405782703147, -0.04164350834241876, 0.948014547436122, 1.3682322858206464, 0.39892908304356245, 0.6234893410627207, 3.1555029618349177], "N": [-2.0834636840370457, 0.6994381942960193, 1.563783094938453, -0.6163376736097478, -0.6473645692303726, -1.083463684037046, -1.3635716032297813, -1.3635716032297813, -6.170926525287386], "P": [-6.170926525287386, -6.170926525287386, -3.585964024566229, 1.67456352565699, -0.5270703355126607, 0.8951626651703871, -1.3635716032297813, -2.585964024566229, -6.170926525287386], "Q": [-1.7114949066500882, -4.58596402456623, -0.33803651112264343, -0.6473645692303726, -0.33803651112264343, -0.5562166811721769, -0.001001523845073001, 0.6492524371278025, -6.170926525287386], "T": [-0.001001523845073001, 2.008982564727549, 0.5705404611137617, -0.3635716032297812, 0.07700098815620031, 0.03852684034156459, -0.38956681176272573, 0.7359640703211332, -6.170926525287386], "I": [0.30480690567901264, 0.8177581614847805, 1.4584300947922246, -1.083463684037046, 0.529513192853707, 1.4584300947922246, 0.39892908304356245, -0.38956681176272573, 0.6234893410627207], "E": [-4.170926525287386, -6.170926525287386, -1.4160390231239168, 0.998998476154927, -0.5562166811721769, -0.8855243064251369, -2.363571603229781, 1.577266324302075, -6.170926525287386], "D": [-6.170926525287386, -6.170926525287386, 0.09586001540751618, 1.3128892519768711, -1.5270703355126607, -1.5859640245662294, -3.848998430400023, -2.848998430400023, -6.170926525287386], "A": [0.9375979314907839, 1.3604549352289268, 0.11447569357486316, 0.07700098815620031, 0.1866254793306985, 0.529513192853707, -1.041643508342419, -0.14855871225893072, -6.170926525287386], "Y": [0.6234893410627207, -5.170926525287386, 0.3526354307696275, -1.9229990118437998, -0.5562166811721769, -1.3635716032297813, -1.6473645692303727, 0.20411290605953933, -5.170926525287386]}