{"L": [-1.1067311749551185, 2.307501024252083, 1.1786710439071297, -0.3442304886817747, 1.225465255386071, 0.48679333926946183, 2.486793339269462, 0.744125385739072, 1.4213042576812025], "G": [1.1573762655439017, -3.7441610955704103, -0.6852674065168417, 0.49530483912497913, 0.1193369045247279, -0.7242615381327052, -5.9140860970127225, -0.8055616402345536, -6.9140860970127225], "K": [1.9593580155026542, -5.329123596291567, 0.8273808893884245, 1.1520030934450498, 0.16272950003810832, 0.14119633848846713, -1.8696919776542693, 1.6481563272083504, -6.9140860970127225], "M": [-3.454654478375425, -0.8479969065549503, -1.1067311749551185, -3.5921580021253603, -1.9140860970127225, -2.270229907237998, -1.4878213423106248, -2.5217686742339627, -2.9140860970127225], "F": [-1.2416607550412269, -6.9140860970127225, 0.5453455216245748, -1.0561051018851504, -0.21364637887163035, -0.6286838781504742, -0.2416607550412268, -1.8696919776542693, -2.9140860970127225], "R": [2.0313577393651894, -5.9140860970127225, -1.007195501404204, -0.314173254825595, -1.0561051018851504, -0.7643389775080405, -1.8696919776542693, 1.1466098346748315, -6.9140860970127225], "W": [-4.106731174955119, -6.9140860970127225, -1.1861656424495233, -3.7441610955704103, -2.9140860970127225, -4.9140860970127225, -2.3291235962915664, -5.9140860970127225, -3.7441610955704103], "H": [0.2953672686162273, -6.9140860970127225, 0.28558624782364184, -1.2702299072379981, -0.7848030800677562, -0.9598897866258473, -0.314173254825595, -0.3749272859046912, -6.9140860970127225], "S": [0.9314039539316525, -0.936806173512806, 0.9501000476415578, 0.9188039171520191, 0.016651240550163596, 0.2558389044295898, -1.2136463788716305, 0.8932688250448815, -6.9140860970127225], "C": [-6.9140860970127225, -6.9140860970127225, -3.3291235962915664, -5.9140860970127225, -3.9140860970127225, -4.106731174955119, -3.1067311749551183, -5.9140860970127225, -3.7441610955704103], "V": [-0.6286838781504742, 0.2558389044295898, 0.028428408326517298, -0.9140860970127225, 1.46529227005854, 0.937662944403335, 0.33384141643086307, -0.21364637887163035, 2.9266918265823323], "N": [-2.7441610955704103, -5.9140860970127225, 0.17337674423761693, 0.040110213374152735, -1.159198594849254, -0.6472995563178212, -1.422233000683048, -0.42223300068304787, -6.9140860970127225], "P": [-6.9140860970127225, -6.9140860970127225, -1.4878213423106248, 0.9060928654024653, -1.1067311749551185, 0.840801405150746, -0.48782134231062474, -6.9140860970127225, -6.9140860970127225], "Q": [-0.19984057934659977, 3.436853084533708, -0.314173254825595, 0.434642057218355, 0.3620383082615149, 0.8607009625884511, 1.685826745174405, 1.0516981876493645, -6.9140860970127225], "T": [-0.7242615381327052, -1.8696919776542693, 0.3527004436821789, -0.42223300068304787, 0.6633427310230263, 0.016651240550163596, -0.2993762528975143, 0.60161374127132, -3.9140860970127225], "I": [-0.9833487594498365, -0.05610510188515023, 0.028428408326517298, -0.5217686742339623, 0.9188039171520191, 1.0342811345719554, 0.2558389044295898, -2.1067311749551183, 3.1747021417041847], "E": [-3.2136463788716307, -2.5217686742339627, -3.3291235962915664, 1.1733767442376168, 0.1944383597654465, 0.7079657224436539, 0.640502754664915, 0.854098227764204, -6.9140860970127225], "D": [-6.9140860970127225, -4.9140860970127225, -1.2702299072379981, 0.9188039171520191, -1.007195501404204, -0.8055616402345536, -0.7643389775080405, -2.0561051018851506, -6.9140860970127225], "A": [1.130308022345731, -1.59215800212536, 0.8138343575504768, 0.398796858271633, 0.4522361172330932, 0.8138343575504768, -0.4383526660463247, 0.3050824234494392, -2.3291235962915664], "Y": [-0.891718283984268, -5.329123596291567, 0.434642057218355, -3.007195501404204, -0.7046327313837727, -1.1067311749551185, -0.6852674065168417, -0.8055616402345536, -6.9140860970127225]}