{"L": [-0.0126348840650759, 2.9552851449410023, 1.0268934801215615, -0.1825598855073885, 0.45164613423361705, 1.2823261632220169, 1.2931735454590094, 0.33050969673198205, 3.4210664594788036], "G": [-1.12366619645382, -1.2439604301715317, -2.519594872784959, 0.052656576186643204, -0.09509704425704898, -0.5195948727849591, -3.182559885507388, -1.4455942913411823, -6.767522386228545], "K": [0.5362583619485585, -3.445594291341182, 0.5633944918860724, -0.22836357512051317, 1.4419309794004052, -0.790242462728628, -1.638239369283578, -0.6589979294503758, -4.445594291341182], "M": [-1.3752049634497843, -0.2129335345509072, 0.4223021726514726, -2.960167464170941, -2.1825598855073887, -1.9095413911009727, -0.7014331957707722, -2.3752049634497845, -0.4637416380514416], "F": [1.7716364248794871, -1.3752049634497843, 0.7638590742877676, -1.6800595449782052, 0.16321495133434177, 0.25484542679990985, 0.4024026152137679, -0.35813145009084285, 1.2659006153089059], "R": [0.39234895054984487, -0.6177752667238624, -0.638239369283578, -1.0396019316653455, 1.2437048691947097, -0.42767238334391977, -0.8848793368667034, -0.5007358455336435, -6.767522386228545], "W": [-3.308090767591248, -6.767522386228545, -2.1825598855073887, -3.597597384786232, -1.3752049634497843, -4.767522386228545, -1.8133260758416696, -6.767522386228545, -6.767522386228545], "H": [-0.790242462728628, -3.0670826680874526, -0.8367850486656583, -1.4455942913411823, 0.48986545646410734, -1.0950970442570491, 0.07796766471583044, -1.12366619645382, -5.767522386228545], "S": [0.9873651159349242, -0.790242462728628, 0.35141868649496283, 0.5270983626630824, -0.05327686856242203, 0.25484542679990985, -0.167609544041417, 1.5812057680025329, -6.767522386228545], "C": [-6.767522386228545, -6.767522386228545, -6.767522386228545, -6.767522386228545, -5.767522386228545, -5.767522386228545, -6.767522386228545, -6.767522386228545, -6.767522386228545], "V": [0.3410020705496243, 0.4708823530965344, -0.6800595449782052, -0.9861626727038852, 0.6671058414081801, 1.3822247332761375, 1.0526565761866433, 0.33050969673198205, 1.9671872339972938], "N": [-0.5975973847862321, -2.860631790620026, 0.46129630426733625, 0.06536762793619703, -0.08102185904532616, -0.409970381610461, -0.4821201673662964, -0.5580690205995948, -6.767522386228545], "P": [-5.767522386228545, -1.1825598855073884, -0.3080907675912474, 1.6503301286573535, -1.2756692898988697, 0.39234895054984487, 0.139368209379974, -3.308090767591248, -6.767522386228545], "Q": [-1.860631790620026, 0.9189781409546738, -0.3245788903798164, -0.06708266808745253, -0.3080907675912474, -0.22836357512051317, 0.6671058414081801, 0.5812057680025328, -6.767522386228545], "T": [0.09045860889902752, -0.8606317906200261, -0.6589979294503758, -0.3080907675912474, -0.3080907675912474, 0.9049029557429511, 0.4708823530965344, 1.330509696731982, -6.767522386228545], "I": [0.15134085104604986, -0.1236661964538199, 0.7402722539701516, -1.1825598855073884, 0.2437048691947096, 1.392348950549845, 0.8471874578866637, -0.9861626727038852, 0.9940288462159346], "E": [-1.3080907675912474, -1.7231282668700911, -2.012634884065076, 1.8471874578866638, -0.6800595449782052, -0.8367850486656583, 0.013837327296114879, 1.3669039339923814, -6.767522386228545], "D": [-2.012634884065076, -6.767522386228545, 0.44193097940040516, 1.4708823530965345, -1.4821201673662965, -2.012634884065076, -1.860631790620026, -2.519594872784959, -6.767522386228545], "A": [0.7162933910357119, 0.5362583619485585, 0.8545294332278317, -0.1236661964538199, -0.15281254211333625, 0.2985668042292278, 0.44193097940040516, 1.084226655187513, -3.0670826680874526], "Y": [1.3973845404471432, 1.0268934801215615, 0.31994045502179486, -2.1825598855073887, -0.19766677789759687, -1.6800595449782052, 0.1272953770793988, 0.2211623005436213, -4.182559885507389]}