{"L": [-0.2829339632714988, -0.8678964639926551, 0.7170660367285012, -0.2829339632714988, 0.4540316308947074, 0.9394584580649492, 1.132103536007345, 0.13210353600734506, 3.2613865529523114], "G": [-1.867896463992655, -1.867896463992655, -1.867896463992655, 1.3020285374496574, 1.4540316308947077, 1.132103536007345, -0.8678964639926551, -1.867896463992655, -1.867896463992655], "K": [0.4540316308947074, -1.867896463992655, -1.867896463992655, 1.132103536007345, -1.867896463992655, -1.867896463992655, -1.867896463992655, -1.867896463992655, -1.867896463992655], "M": [1.132103536007345, 2.0389941316158633, 1.832543254148437, -1.867896463992655, -0.2829339632714988, -1.867896463992655, 0.4540316308947074, -1.867896463992655, 1.5915351546446423], "F": [0.7170660367285012, -1.867896463992655, 0.9394584580649492, -0.8678964639926551, -0.2829339632714988, 1.4540316308947077, 0.13210353600734506, -1.867896463992655, 1.5915351546446423], "R": [2.990084531134917, 2.2195663772576846, 1.5915351546446423, 1.3020285374496574, 1.4540316308947077, 0.9394584580649492, -0.2829339632714988, -0.8678964639926551, -1.867896463992655], "W": [-1.867896463992655, -1.867896463992655, 0.4540316308947074, -1.867896463992655, -0.2829339632714988, 0.7170660367285012, -1.867896463992655, -1.867896463992655, -1.867896463992655], "H": [-1.867896463992655, -1.867896463992655, -0.2829339632714988, -1.867896463992655, 0.4540316308947074, -0.8678964639926551, 0.13210353600734506, -1.867896463992655, -1.867896463992655], "S": [-1.867896463992655, -0.8678964639926551, -1.867896463992655, -1.867896463992655, -0.2829339632714988, 0.9394584580649492, 1.717066036728501, 1.717066036728501, -1.867896463992655], "C": [-1.867896463992655, -1.867896463992655, -1.867896463992655, -1.867896463992655, -1.867896463992655, -1.867896463992655, -1.867896463992655, -1.867896463992655, -1.867896463992655], "V": [-1.867896463992655, -0.8678964639926551, -1.867896463992655, -1.867896463992655, 1.132103536007345, 0.13210353600734506, -1.867896463992655, 1.132103536007345, 1.132103536007345], "N": [-1.867896463992655, -1.867896463992655, -1.867896463992655, 0.4540316308947074, -1.867896463992655, -1.867896463992655, -0.8678964639926551, -0.8678964639926551, -1.867896463992655], "P": [-1.867896463992655, -1.867896463992655, -1.867896463992655, 0.13210353600734506, 0.4540316308947074, -1.867896463992655, 0.9394584580649492, 2.5915351546446423, -1.867896463992655], "Q": [-1.867896463992655, 1.9394584580649494, -1.867896463992655, -0.8678964639926551, -1.867896463992655, 0.13210353600734506, 0.7170660367285012, -1.867896463992655, -1.867896463992655], "T": [-1.867896463992655, -1.867896463992655, -1.867896463992655, -1.867896463992655, -0.2829339632714988, 0.4540316308947074, 0.13210353600734506, -1.867896463992655, -1.867896463992655], "I": [-1.867896463992655, -1.867896463992655, -1.867896463992655, -1.867896463992655, 0.7170660367285012, -0.2829339632714988, 0.13210353600734506, -1.867896463992655, 0.9394584580649492], "E": [-1.867896463992655, 0.7170660367285012, -1.867896463992655, 1.132103536007345, -1.867896463992655, -1.867896463992655, -1.867896463992655, -1.867896463992655, -1.867896463992655], "D": [-1.867896463992655, -1.867896463992655, -1.867896463992655, -1.867896463992655, -1.867896463992655, -1.867896463992655, -1.867896463992655, -1.867896463992655, -1.867896463992655], "A": [0.13210353600734506, 1.5915351546446423, 0.13210353600734506, 2.0389941316158633, -0.2829339632714988, 0.13210353600734506, -0.2829339632714988, 1.832543254148437, -1.867896463992655], "Y": [1.832543254148437, -1.867896463992655, 2.302028537449657, -1.867896463992655, 0.4540316308947074, -0.8678964639926551, 0.4540316308947074, -0.8678964639926551, -1.867896463992655]}