{"L": [0.21261271783358085, 2.412550288342333, 1.5760490206252122, -0.48587872851798963, 0.8561569398179476, 2.060609624388531, 0.6812312573172687, 0.3465671745024448, 2.7726666436408762], "G": [-0.0803640033576523, -3.511413820625127, -1.341488819182815, 0.720150246609571, 0.28114409950439634, -0.7641798910050941, -1.764179891005094, 0.2736882945853491, -7.318768742682731], "K": [1.3430093550892557, -6.318768742682731, -1.7338062419615752, 0.17308435364694333, 0.545417401971549, -1.5374090291580718, -0.3529844580206443, 0.9433261026874481, -2.9264513199039706], "M": [-0.9264513199039709, 0.003159352204630898, 0.06493554979132078, -2.231305901432392, -2.033366523820483, -0.550584417905805, -0.9612167380646476, -1.6183290245416393, -1.563881240519263], "F": [0.8661066002255525, -1.996840647795369, 0.14066287595456575, -1.231305901432392, -0.04264433740849383, 1.124174753165997, 0.2736882945853491, -0.014987994505628275, -1.4858787285179897], "R": [0.7091372538871531, -3.6183290245416395, -0.9437293113358067, -0.6183290245416393, -0.1690216231780494, -1.1690216231780495, -0.6183290245416393, 0.4950124485343056, -3.511413820625127], "W": [-2.0708412292391456, -4.996840647795369, -1.411878147074213, -2.733806241961575, -1.9612167380646477, -2.3645724322958563, -0.7796099315746999, -2.231305901432392, -5.318768742682732], "H": [-0.9437293113358067, -7.318768742682731, -1.6183290245416393, -1.3187687426827315, -0.2964009296542769, -2.231305901432392, 0.3250874470919934, -0.7641798910050941, -6.318768742682731], "S": [0.9804392757045477, -1.411878147074213, -0.2964009296542769, 0.39547677498339145, 0.003159352204630898, -0.12894418380271408, -0.2102442859045622, 0.871055816197286, -2.733806241961575], "C": [-2.511413820625127, -4.1488437412404195, -2.411878147074213, -1.590848288119532, -2.189485725737765, -1.4607877475551592, -1.5374090291580718, -1.674912552908007, -2.996840647795369], "V": [-0.03336652382048293, 2.0210812602018935, 1.0431750310525103, -1.2743746233242779, 0.6699159440894346, 1.2472852954883602, 0.7739883982371211, -0.8758252468340032, 2.8623835141828353], "N": [0.021081260201893506, -3.6183290245416395, -0.5638812405192628, -0.24195314563190037, -0.17921739028393768, -0.6463434007112359, -0.4607877475551591, -0.5114138206251271, -7.318768742682731], "P": [-4.318768742682732, -2.7952067866257186, 0.038783261935352385, 0.3105878773968784, -1.033366523820483, -1.411878147074213, 0.37471821481659395, -0.7952067866257184, -7.318768742682731], "Q": [-0.590848288119532, 1.465866102874789, -1.0149879945056282, -0.6749125529080067, -0.6463434007112359, -0.9093778065450295, -0.005885787398376045, 0.39547677498339145, -6.318768742682731], "T": [0.038783261935352385, 0.8461381839929565, -0.23130590143239194, -0.2526795522249588, -0.07084122923914575, 0.20479321337428164, 0.429424106906729, 0.7256253766757222, -0.9264513199039709], "I": [-0.07084122923914575, 1.2959411014324769, 1.4982148805726498, -0.9093778065450295, 0.5638743066791101, 1.2811440995043963, 0.4821311572375736, -1.4858787285179897, 1.266193758038425], "E": [-1.5114138206251273, -3.3187687426827313, -1.231305901432392, 1.9850120054943718, 0.6354275677041438, -1.148843741240419, 0.5820980652980171, 1.082110693599453, -4.996840647795369], "D": [-2.411878147074213, -7.318768742682731, 0.0821106935994531, 1.6670731943206094, 0.3677317845004871, -0.7338062419615752, -0.6045232250166085, -1.231305901432392, -7.318768742682731], "A": [0.8561569398179476, 0.13244236914959762, 0.7146542588547189, 0.09062219345497051, 0.46913381670870025, -0.08995005218685044, 0.4821311572375736, 0.5515959769006732, 0.4950124485343056], "Y": [0.5204350454142126, -1.8925039879806336, -0.1690216231780494, -1.6183290245416393, -0.22073665972220466, -1.296400929654277, -0.18948572573776473, -0.37625423734349134, -1.8593371240454344]}