{"L": [0.509896685620285, -1.8906412439634437, 0.00466137736986278, 0.8492068587358836, 0.0654154084489592, 0.4767298216850859, 1.213695415851292, -0.026702793539472244, 3.646654823127398], "G": [0.08021241037703974, -2.5344974337381685, -0.5803011233512932, 0.7692833144389345, 0.41969887664870686, 1.0875543857182077, -0.19464743085354375, 0.20696955266297842, -3.534497433738169], "K": [1.0948591863414412, -4.212569338850806, 0.7964194443764487, 0.6152496857665136, 0.9084460621105598, 0.5635346492223584, 0.13792790823332693, 0.08021241037703974, -1.2865699202945828], "M": [-1.5803011233512934, -4.949534933017013, -0.9197875896229604, -2.212569338850806, -3.534497433738169, -2.075065815100871, -1.7796099315746998, -1.8906412439634437, 0.13792790823332693], "F": [-1.3645724322958563, -3.7271425116805643, -1.142180010959408, -1.490103314379715, -1.0750658151008712, -0.8906412439634438, -2.9495349330170124, -2.4470345924878294, 0.7783855215461869], "R": [1.5792447323110197, 0.27285748831943574, 1.924934184899129, -0.5344974337381685, 0.9001307938985562, 1.402140505264402, 0.09485918634144119, -0.5121296207097139, -1.8340577155970763], "W": [-4.949534933017013, -5.534497433738169, -2.6276068381296502, -2.834057715597076, -3.212569338850806, -2.6276068381296502, -4.212569338850806, -6.534497433738169, -5.534497433738169], "H": [-0.8340577155970762, -4.212569338850806, -0.6518543843763273, -1.042644337408494, -0.4470345924878292, -0.8620720917666731, -0.8065769791749694, -1.490103314379715, -3.534497433738169], "S": [1.736965594166206, -3.212569338850806, 0.6152496857665136, 0.9001307938985562, 0.5423181633126622, 0.8318247805076474, 1.2728574883194357, 1.9493183435260881, -2.9495349330170124], "C": [-5.534497433738169, -6.534497433738169, -5.534497433738169, -6.534497433738169, -6.534497433738169, -6.534497433738169, -4.949534933017013, -4.534497433738168, -4.949534933017013], "V": [-0.09155393788944018, -0.026702793539472244, -0.3847503142334864, -0.3056787432422876, 0.46550256626183145, 0.4427824897617479, 0.4767298216850859, 0.7416269715360692, 0.335867285845236], "N": [-1.042644337408494, -4.534497433738168, -0.42597297695999925, -0.6518543843763273, -0.3645724322958563, -0.8906412439634438, -0.010935477681155449, -1.0750658151008712, -3.7271425116805643], "P": [-3.7271425116805643, 3.961357593149003, -1.3250440681092188, 1.5369649288184557, 1.787430661149194, 0.6152496857665136, 0.732289106956733, -0.7796099315746999, -2.834057715597076], "Q": [-1.212569338850806, -3.075065815100871, 0.2203900684253001, 0.02009141793946879, -0.19464743085354375, -0.490103314379715, 0.2468622797864912, 0.335867285845236, -3.075065815100871], "T": [0.17974808392795408, -2.5344974337381685, -0.6518543843763273, -0.10823267903607056, -0.19464743085354375, 0.6050539186606251, 1.0046613773698627, 1.0046613773698627, -2.834057715597076], "I": [-0.212569338850806, -1.7271425116805643, -0.42597297695999925, -0.8906412439634438, -0.17694542912008476, 0.10935875603655629, -0.05876400277177066, -0.8906412439634438, -0.04264433740849383], "E": [-3.212569338850806, -2.9495349330170124, -0.26771089304326706, 0.5635346492223584, -0.7796099315746999, -1.8340577155970763, -0.5344974337381685, 0.3843658035364261, -2.4470345924878294], "D": [-3.7271425116805643, -4.534497433738168, -0.4684082432803962, -0.17694542912008476, -1.0109354776811554, -1.3250440681092188, -1.2865699202945828, -1.8906412439634437, -3.364572432295857], "A": [1.670073710511035, -0.701607419573427, 1.5999288864827579, 0.7416269715360692, 0.5529654075121708, 0.5529654075121708, 0.684671086723993, 1.5947855832067979, -1.212569338850806], "Y": [-1.212569338850806, -6.534497433738169, -1.24909521487592, -1.5344974337381685, -2.212569338850806, -2.3645724322958563, -2.075065815100871, -2.0109354776811554, -2.3645724322958563]}