{"L": [-0.10709704477227307, 2.6978311398907913, 0.34149301421759726, -1.9315254801888189, 1.155937361061521, 2.218221639315863, -0.1589359762918911, 0.038100870767662456, 3.3242899426850796], "G": [0.1977575367561478, -4.1945598860226125, -2.4290251396596356, 0.712330709585906, 0.038100870767662456, -2.609597385301456, -4.1945598860226125, -0.2685604674663894, -6.516487980909975], "K": [1.5169350206274756, -6.516487980909975, 0.15593736106152087, -0.008693340711278462, 0.42602652442926486, -2.516487980909975, -1.1589359762918912, 1.1055638385464013, -6.516487980909975], "M": [-1.7616004787465065, -0.9618991292323376, -1.2310857620477265, -4.516487980909975, -2.8160482627688825, -1.1589359762918912, -2.709133058852371, -2.124170558131215, -3.057056362272678], "F": [1.155937361061521, -6.516487980909975, 0.6024530918135326, -2.709133058852371, 0.1977575367561478, -0.7885675263467756, -0.1589359762918911, -0.2685604674663894, -3.9315254801888186], "R": [0.4947392745132793, -6.516487980909975, -2.709133058852371, -1.1241705581312145, -0.49412016788152024, -2.8160482627688825, -1.6585069857824026, 0.7963949743743808, -6.516487980909975], "W": [-3.9315254801888186, -6.516487980909975, -2.4290251396596356, -4.1945598860226125, -3.516487980909975, -6.516487980909975, -2.057056362272678, -5.516487980909975, -6.516487980909975], "H": [-1.1945598860226123, -6.516487980909975, -3.9315254801888186, -2.516487980909975, -0.4503987904522024, -2.057056362272678, 0.7026805395521867, -0.6338449315481336, -6.516487980909975], "S": [1.2972932103070622, -2.516487980909975, 0.09822186320523327, 0.5496012095477977, 0.007073975147037971, -0.5164879809099749, -0.42902513965963557, 0.712330709585906, -4.1945598860226125], "C": [-6.516487980909975, -6.516487980909975, -3.709133058852371, -6.516487980909975, -4.931525480188819, -2.931525480188819, -5.516487980909975, -6.516487980909975, -3.1945598860226125], "V": [-0.10709704477227307, 2.4053529561645153, 1.2317048686794854, -2.609597385301456, 0.41424935665291135, 1.721916758415104, 0.5169350206274754, -1.7091330588523708, 2.4750338651657207], "N": [-0.8440626389384791, -6.516487980909975, -1.516487980909975, -0.3667408614052928, -0.3667408614052928, -0.7091330588523708, 0.538794454591215, 0.09822186320523327, -6.516487980909975], "P": [-6.516487980909975, -6.516487980909975, 0.27792788544013103, 1.0381008707676624, -1.7091330588523708, -1.3070346152810253, -0.1589359762918911, -2.4290251396596356, -6.516487980909975], "Q": [-0.5622916705230995, 1.5333605685405867, -1.992926024852962, -0.2310857620477264, -0.21270723273287204, -0.7091330588523708, 1.0982218632052334, 1.0226708301980567, -6.516487980909975], "T": [-0.05705636227267761, 0.5920364758681943, -0.7885675263467756, -0.6338449315481336, 0.22497900549117208, 0.18395173723111743, 0.3036909815052128, 0.9013645339759229, -4.516487980909975], "I": [0.022670830198056637, 1.0684745198111814, 2.300495642345406, -3.9315254801888186, 1.120136639633674, 2.228345856589571, -0.3070346152810251, -3.516487980909975, 0.8585514504369499], "E": [-3.1945598860226125, -2.609597385301456, -3.516487980909975, 2.390402614698544, 1.0381008707676624, -1.4720938615515216, 1.5972541851392135, 1.431879250674703, -6.516487980909975], "D": [-6.516487980909975, -6.516487980909975, -1.8160482627688828, 1.9833579061732307, 0.007073975147037971, -1.2685604674663895, 0.46079194258994155, -2.8160482627688825, -6.516487980909975], "A": [1.1629921185954715, -0.34656297946766246, 1.740899861782677, -0.17663797802535022, 0.08342486127715289, -0.14144854956305006, 0.7026805395521867, 0.6230633714888187, 1.1273682088647496], "Y": [0.7408998617826771, -6.516487980909975, -0.8440626389384791, -3.057056362272678, -0.3070346152810251, -1.609597385301456, -0.7091330588523708, -0.07354448506124654, -5.516487980909975]}