{"L": [0.1269990873151555, 0.972752299730644, 0.9386713044875381, 1.1520030934450498, 0.4509435278010224, 1.0912490623659539, 1.4306521238079466, 0.04394334758759686, 3.849006458137212], "G": [-0.6066074947611363, -2.389016059688509, -2.5093102934062212, 0.7419148101379395, 0.2055324898618451, 0.09641076748173234, -1.1999822352984924, -0.4329594072761063, -7.032872249463233], "K": [-0.5899287536145057, -3.4479097487420782, -0.5899287536145057, 0.14703684055170058, 0.6395530925082618, -0.6753202448451504, -1.6066074947611364, -1.332432531322142, -7.032872249463233], "M": [-1.0328722494632339, -1.8234188838342842, -0.34637172228001567, -2.1259816538547156, -2.0786759390763585, -2.22551732740563, -0.9454094082128945, -2.640554826684474, -0.22551732740562996], "F": [0.498509211053078, -4.447909748742078, 1.5062865616447974, -0.6753202448451504, -0.010504436434779439, 0.08606882326027346, -0.16250752987982947, -1.332432531322142, 0.5217166022144036], "R": [0.8188767919528236, 2.7220152527002344, 0.8063315386337101, -0.8430476905832168, 2.405919603115027, 0.8679945585175148, -1.2779847472997654, -1.0328722494632339, -7.032872249463233], "W": [-2.640554826684474, -7.032872249463233, -1.9884781301047805, -2.9454094082128948, -2.5734406308259365, -3.7109441545758717, -2.2779847472997656, -5.447909748742077, -6.032872249463233], "H": [-0.7849447360196485, -2.2779847472997656, -0.8234188838342842, -1.8234188838342842, -0.4035156293836245, -0.6930222465786091, -0.1502292001013927, -2.1259816538547156, -6.032872249463233], "S": [1.1765811161657158, -2.0786759390763585, 0.0005507520742161873, 0.9037656895393366, -0.13805448615529042, 0.7484874640614257, 0.7680276504570708, 2.0730362591079237, -5.447909748742077], "C": [-7.032872249463233, -7.032872249463233, -4.447909748742078, -5.032872249463234, -6.032872249463233, -5.447909748742077, -5.032872249463234, -4.710944154575872, -5.032872249463234], "V": [-0.17489125433566188, 0.16680009537313054, 0.07565220731493523, -0.6578328181163093, 0.15695230941678323, 0.7153206001262262, 1.101554070757692, 0.498509211053078, 0.8251087456643381], "N": [0.3765186866744678, -1.8629472480209217, -0.6066074947611363, -0.6753202448451504, -0.509310293406221, -0.22551732740562996, 0.14703684055170058, -0.5899287536145057, -7.032872249463233], "P": [-7.032872249463233, 2.337815157343984, -2.7109441545758712, 0.8978650880996524, -0.10213491190034764, 0.0005507520742161873, -0.19998223529849238, -1.3049517949000349, -7.032872249463233], "Q": [-0.7109441545758716, -0.010504436434779439, -0.3049517949000348, 0.2890558454241285, -0.23845638311312795, -0.03287224946323381, 0.32467975515484965, 0.261748499428393, -7.032872249463233], "T": [-0.04418756269106814, -0.7474700306009859, -1.0786759390763587, -0.7290915012861309, -0.509310293406221, 0.7680276504570708, 0.7809089417538031, 1.2007474272964682, -5.447909748742077], "I": [-0.509310293406221, -1.4181624053480257, 0.04394334758759686, -0.9243477926850648, 0.19594644103264694, 0.7153206001262262, 0.384980265422664, -2.0786759390763585, -0.21269328704804616], "E": [0.7220152527002346, -0.5899287536145057, -3.032872249463234, 1.3202745760348487, -1.4181624053480257, -0.6405548266844737, -0.36044690749173824, 0.7286789829812454, -6.032872249463233], "D": [1.3246797551548497, -2.7109441545758712, -0.9884781301047805, 0.4669736376199714, -1.9035892325182677, -1.3604469074917382, -1.9884781301047805, -2.1259816538547156, -7.032872249463233], "A": [0.03321694099453854, 0.08606882326027346, 1.4224549708413268, 0.7153206001262262, -0.09035774412399401, 0.4828275888208085, 0.6950482050999652, 1.8978650880996524, -1.3049517949000349], "Y": [0.3421671818836907, -3.4479097487420782, 1.333449964782582, -1.8629472480209217, -0.9454094082128945, -1.22551732740563, -0.2779847472997654, -1.1259816538547156, -2.9454094082128948]}