{"L": [0.04555215181440743, -2.5789387130933865, 0.33594467326866273, 0.5434579182663403, 0.5909862883489261, 0.7609112897912385, 0.6174584997101172, 0.5434579182663403, 3.800439653977876], "G": [0.9129143832362885, -4.578938713093387, -0.38254150028988276, 0.8133787096853738, 0.790295096572333, 0.21980307865950965, -0.897114673119641, -0.395716889037616, -4.84197311892718], "K": [1.0745035255105364, -7.163901213814543, -0.15267395839128833, 0.19365079080354117, 0.27904228203418585, 0.700284930839738, -0.25701061820602394, 0.6626472734763724, -4.356546291756938], "M": [-1.2097049034276672, -3.99397621237223, -1.034618196869576, -2.1639012138145426, -1.5491913696993345, -1.4359807592513434, -1.3310111996498009, -1.5789387130933867, -0.141533400786088], "F": [-0.6720481174848677, -4.84197311892718, 0.3829932460730943, -0.6720481174848677, -0.46346149567345046, -0.11950709445608902, -0.3565462917569384, -0.9544478481855926, 0.610885845786631], "R": [0.5155788856909037, -4.84197311892718, -2.2097049034276672, -0.5056897310627476, -0.5345445937349329, 0.19365079080354117, -0.6720481174848677, 0.19365079080354117, -4.578938713093387], "W": [-2.119507094456089, -7.163901213814543, -1.520045024039818, -2.520045024039818, -3.076438372564203, -3.4634614956734504, -1.9544478481855927, -2.99397621237223, -5.163901213814542], "H": [-0.19811692915245538, -4.84197311892718, -0.36948534746443673, -1.4634614956734504, -0.5056897310627476, -0.5345445937349329, 0.09348662887810931, -0.9740766549345254, -4.578938713093387], "S": [1.2154771532567197, -3.5789387130933865, 0.5014347033706339, 0.19365079080354117, 0.2707270138221821, 0.24548972232315924, -0.19811692915245538, 1.1028853268803591, -4.356546291756938], "C": [-3.7044695951772453, -7.163901213814543, -3.5789387130933865, -2.99397621237223, -3.7044695951772453, -3.1639012138145426, -3.1639012138145426, -2.3565462917569384, -7.163901213814543], "V": [-0.17521652704237667, -4.163901213814543, 0.5909862883489261, 0.0060237876277699064, 0.5708084064112958, 0.5842916357749177, 1.2198030786595098, 0.9756501385842512, 0.07450352551053625], "N": [-0.9544478481855926, -5.578938713093387, -0.15267395839128833, -0.36948534746443673, -0.20970490342766712, -0.4090137116510739, -0.6403392577575295, -0.9740766549345254, -7.163901213814543], "P": [-3.84197311892718, -5.163901213814542, -1.491475871843047, 0.8247834729576233, 0.1848269404165352, 0.32795188251513224, 0.35179862446950005, -1.520045024039818, -3.99397621237223], "Q": [-0.17521652704237667, -1.6093123621369052, -0.609312362136905, 0.24548972232315924, -0.02434986141574874, 0.17594878907008227, 0.4135276142212062, 0.47272340672910645, -6.163901213814543], "T": [0.42106128690661354, -3.7044695951772453, 0.1489817414698129, -0.2690834505065991, 0.16701566430007442, 0.1848269404165352, 0.6434537082430616, 0.92885592710531, -2.7715837910357823], "I": [-0.5789387130933865, -5.163901213814542, 0.8640047827553421, -0.25701061820602394, 0.44342909993506824, 0.5434579182663403, 0.8473260416087116, -0.3565462917569384, 0.730916549493401], "E": [0.16701566430007442, 4.211681298675964, 0.8750177754777602, 1.3596607422424705, 0.8695217877229079, 0.23697822246764197, 0.790295096572333, 0.7126157327504573, -4.163901213814543], "D": [-3.356546291756939, -1.878498994952294, 0.8529070738720115, 0.8473260416087116, 0.32795188251513224, -0.4090137116510739, -0.9939762123722302, -1.09781202335677, -5.163901213814542], "A": [1.390687637863095, -2.463461495673451, 0.880492905543911, 0.22841620896421785, 0.2955304048227547, 0.4360116283725851, 0.13071953507708436, 0.7369655941662061, -1.806349209196459], "Y": [-0.3565462917569384, -7.163901213814543, -0.7044695951772453, -1.5491913696993345, -1.2331638762516561, -1.034618196869576, -0.4914758718430469, -0.84197311892718, -3.5789387130933865]}