{"L": [1.5799962478278067, -4.277984747299765, 1.0795672573183184, 0.9314686183291844, -0.10805974585745291, 0.36587144247495923, 0.36587144247495923, -0.19052190604942615, -4.277984747299765], "G": [-4.277984747299765, -4.277984747299765, -2.2779847472997656, 0.30697775342139094, -0.37109415169124677, -0.10805974585745291, -4.277984747299765, -1.6930222465786091, -4.277984747299765], "K": [-2.2779847472997656, -4.277984747299765, 1.6992951762001511, -0.19052190604942615, 0.24557720875724728, -0.030057233856179894, 0.7220152527002346, 0.47690275486370315, -4.277984747299765], "M": [-0.19052190604942615, -4.277984747299765, 0.04394334758759686, -1.2779847472997654, -3.2779847472997656, -2.693022246578609, -0.8185531286624682, -0.8185531286624682, -4.277984747299765], "F": [-0.10805974585745291, -4.277984747299765, -0.5775450291586733, -1.4706298252421615, -0.5775450291586733, -0.030057233856179894, -4.277984747299765, -2.693022246578609, -4.277984747299765], "R": [-4.277984747299765, -4.277984747299765, -1.2779847472997654, -1.4706298252421615, -0.4706298252421615, -4.277984747299765, 0.7220152527002346, -0.4706298252421615, -4.277984747299765], "W": [-4.277984747299765, -4.277984747299765, -4.277984747299765, -4.277984747299765, -4.277984747299765, -4.277984747299765, -3.2779847472997656, -4.277984747299765, -4.277984747299765], "H": [-1.6930222465786091, -4.277984747299765, -0.19052190604942615, -0.6930222465786091, 0.1814468713375319, -0.5775450291586733, 0.6289058483087533, -0.5775450291586733, -4.277984747299765], "S": [0.11433267547899485, -4.277984747299765, 0.7664093720586882, 0.8094780939505739, 0.24557720875724728, 0.5293701747578385, 0.30697775342139094, 1.5033749662248943, -4.277984747299765], "C": [-4.277984747299765, -4.277984747299765, -4.277984747299765, -4.277984747299765, -4.277984747299765, -4.277984747299765, -4.277984747299765, -4.277984747299765, -4.277984747299765], "V": [1.007417471562483, -4.277984747299765, -0.9560566524124031, 0.1814468713375319, 1.5033749662248943, 1.652752590263121, 1.2138683490299094, 0.5799962478278066, 3.336725096815443], "N": [0.04394334758759686, -4.277984747299765, 0.04394334758759686, -0.10805974585745291, -0.5775450291586733, -1.1080597458574528, 0.42245497084132677, -0.4706298252421615, -4.277984747299765], "P": [-4.277984747299765, 3.0795672573183186, 1.1482800074023325, 0.9314686183291844, 0.5293701747578385, 0.9314686183291844, 0.36587144247495923, -4.277984747299765, -4.277984747299765], "Q": [-0.5775450291586733, -4.277984747299765, 0.1814468713375319, -0.19052190604942615, 0.1814468713375319, -0.5775450291586733, 0.47690275486370315, 0.8919402541425471, -4.277984747299765], "T": [0.47690275486370315, -4.277984747299765, -1.2779847472997654, 0.04394334758759686, 0.7664093720586882, 0.5799962478278066, 0.1814468713375319, 2.2455772087572474, -4.277984747299765], "I": [0.5799962478278066, -4.277984747299765, -0.5775450291586733, -0.030057233856179894, 0.8919402541425471, 1.1143326754789948, -0.10805974585745291, -2.2779847472997656, 3.306977753421391], "E": [-0.2779847472997654, -4.277984747299765, -1.4706298252421615, 1.3658714424749594, 0.04394334758759686, -0.37109415169124677, 0.36587144247495923, 0.7220152527002346, -4.277984747299765], "D": [2.007417471562483, -4.277984747299765, -1.9560566524124032, 0.5799962478278066, -0.6930222465786091, -0.8185531286624682, -0.6930222465786091, -4.277984747299765, -4.277984747299765], "A": [-0.19052190604942615, 3.5293701747578385, 1.0439433475875968, 0.42245497084132677, 0.42245497084132677, 0.7664093720586882, 0.11433267547899485, 0.5799962478278066, -4.277984747299765], "Y": [0.36587144247495923, -4.277984747299765, 0.04394334758759686, -2.2779847472997656, -0.5775450291586733, -0.5775450291586733, -0.8185531286624682, -1.6930222465786091, -4.277984747299765]}