{"L": [-0.8345763907926286, -0.8345763907926286, 0.16542360920737145, 0.7503861099285276, -0.4195388915137849, 1.0398927271235126, 1.0398927271235126, 0.16542360920737145, 0.38781603054381925], "G": [1.1654236092073715, -1.419538891513785, -2.4195388915137848, 0.16542360920737145, 1.0398927271235126, 0.16542360920737145, -2.4195388915137848, -0.8345763907926286, -2.4195388915137848], "K": [-0.4195388915137849, -2.4195388915137848, 0.38781603054381925, -0.4195388915137849, 0.7503861099285276, -0.8345763907926286, 0.9023892033735776, 1.2809008266273074, -2.4195388915137848], "M": [-2.4195388915137848, 1.6679239497365548, -1.419538891513785, -0.8345763907926286, -2.4195388915137848, -2.4195388915137848, -1.419538891513785, -2.4195388915137848, -2.4195388915137848], "F": [-1.419538891513785, -0.8345763907926286, 0.9023892033735776, -1.419538891513785, 2.2243172982609405, -0.4195388915137849, -2.4195388915137848, -2.4195388915137848, -1.419538891513785], "R": [1.1654236092073715, -2.4195388915137848, 1.1654236092073715, -2.4195388915137848, -0.09761079662642244, -0.09761079662642244, -0.09761079662642244, 0.16542360920737145, -2.4195388915137848], "W": [-2.4195388915137848, -2.4195388915137848, -1.419538891513785, -2.4195388915137848, -2.4195388915137848, -2.4195388915137848, -2.4195388915137848, -2.4195388915137848, -2.4195388915137848], "H": [1.2809008266273074, -2.4195388915137848, -0.4195388915137849, -2.4195388915137848, -0.4195388915137849, -0.8345763907926286, 1.2809008266273074, -0.4195388915137849, -2.4195388915137848], "S": [0.38781603054381925, 1.1654236092073715, -1.419538891513785, -0.09761079662642244, -0.8345763907926286, 0.38781603054381925, -2.4195388915137848, 0.9023892033735776, -2.4195388915137848], "C": [-2.4195388915137848, -2.4195388915137848, -2.4195388915137848, -2.4195388915137848, -2.4195388915137848, -2.4195388915137848, -2.4195388915137848, -2.4195388915137848, -2.4195388915137848], "V": [0.5804611084862151, -1.419538891513785, -2.4195388915137848, -0.09761079662642244, 0.16542360920737145, 0.16542360920737145, 1.4873517040947337, 1.0398927271235126, 3.3878160305438194], "N": [-0.8345763907926286, -2.4195388915137848, -0.09761079662642244, -2.4195388915137848, 0.16542360920737145, -0.4195388915137849, 1.0398927271235126, -0.09761079662642244, -2.4195388915137848], "P": [-2.4195388915137848, -2.4195388915137848, -2.4195388915137848, 2.2243172982609405, -0.8345763907926286, 0.9023892033735776, 0.5804611084862151, -2.4195388915137848, -2.4195388915137848], "Q": [0.5804611084862151, 3.361820822010875, -0.8345763907926286, -0.4195388915137849, 0.16542360920737145, 0.38781603054381925, 0.16542360920737145, -2.4195388915137848, -2.4195388915137848], "T": [0.16542360920737145, -1.419538891513785, -0.8345763907926286, -0.4195388915137849, 0.38781603054381925, 0.9023892033735776, -0.4195388915137849, 2.387816030543819, -2.4195388915137848], "I": [-0.4195388915137849, -1.419538891513785, -2.4195388915137848, 0.38781603054381925, 0.5804611084862151, 1.0398927271235126, 0.38781603054381925, 0.38781603054381925, 2.9023892033735774], "E": [0.38781603054381925, -0.09761079662642244, -0.8345763907926286, 1.0398927271235126, -1.419538891513785, 0.38781603054381925, 0.38781603054381925, 0.9023892033735776, -2.4195388915137848], "D": [-2.4195388915137848, -2.4195388915137848, -0.8345763907926286, 0.38781603054381925, -2.4195388915137848, -1.419538891513785, -2.4195388915137848, -2.4195388915137848, -2.4195388915137848], "A": [0.7503861099285276, -1.419538891513785, 0.16542360920737145, -0.09761079662642244, -0.8345763907926286, 0.5804611084862151, -0.4195388915137849, -1.419538891513785, -2.4195388915137848], "Y": [0.38781603054381925, -2.4195388915137848, 2.7899144741151654, 0.38781603054381925, -0.8345763907926286, -1.419538891513785, -1.419538891513785, -2.4195388915137848, -2.4195388915137848]}