{"L": [1.6300503902496943, -1.3923174227787602, 0.514573172829758, 0.19264507794239583, 1.335603031784439, 0.7369655941662061, 1.2515387669959641, 1.308122295362332, 1.9296106721086022], "G": [-1.5849625007211563, -1.222392421336448, -0.07038932789139801, -0.39231742277876014, 0.30812229536233193, 0.06711419585853705, -1.8073549220576042, -1.3923174227787602, -2.8073549220576046], "K": [-1.070389327891398, -4.392317422778761, -1.3923174227787602, -0.3048545815284209, -0.932885804141463, -0.07038932789139801, -1.3923174227787602, -0.14438990933517498, -4.392317422778761], "M": [1.2801079191927351, -4.392317422778761, 0.19264507794239583, -1.222392421336448, -0.48542682717024194, -0.932885804141463, -0.5849625007211563, -0.932885804141463, 1.067114195858537], "F": [1.1926450779423958, -4.392317422778761, 0.6520766965796931, -0.5849625007211563, -0.07038932789139801, 0.514573172829758, 0.6076825772212399, -0.3048545815284209, 1.5145731728297582], "R": [-1.3923174227787602, -3.3923174227787602, -1.222392421336448, -0.6918777046376681, -0.932885804141463, -0.5849625007211563, -0.6918777046376681, -0.3048545815284209, -4.392317422778761], "W": [-1.222392421336448, -4.392317422778761, -1.8073549220576042, -0.932885804141463, -2.3923174227787602, -0.48542682717024194, -0.48542682717024194, -1.5849625007211563, 1.584962500721156], "H": [-0.5849625007211563, -4.392317422778761, -0.8073549220576043, -1.3923174227787602, -2.070389327891398, -2.3923174227787602, -0.3048545815284209, -0.932885804141463, -4.392317422778761], "S": [-0.8073549220576043, -1.5849625007211563, 0.6076825772212399, 0.929610672108602, -0.22239242133644802, 1.0, 0.13124453327825245, 0.514573172829758, -3.3923174227787602], "C": [-0.5849625007211563, -4.392317422778761, -2.8073549220576046, -0.5849625007211563, -1.8073549220576042, -2.3923174227787602, -2.3923174227787602, -1.5849625007211563, -4.392317422778761], "V": [-0.07038932789139801, -0.39231742277876014, 0.8930847960834882, 0.2515387669959641, 0.514573172829758, 0.7369655941662061, 0.5618788876081148, 0.36257007938470814, 0.8930847960834882], "N": [-0.3048545815284209, -4.392317422778761, 0.0, 0.2515387669959641, -0.14438990933517498, -0.22239242133644802, 0.0, -0.07038932789139801, -4.392317422778761], "P": [-2.070389327891398, 3.831684251419345, -2.070389327891398, 0.4150374992788437, -0.07038932789139801, -0.5849625007211563, 0.0, 0.5618788876081148, -4.392317422778761], "Q": [-0.39231742277876014, -2.3923174227787602, -1.5849625007211563, -0.39231742277876014, 0.0, 0.06711419585853705, -0.5849625007211563, -0.932885804141463, -3.3923174227787602], "T": [0.6520766965796931, -1.070389327891398, 0.7776075786635519, 0.6076825772212399, 0.6076825772212399, 0.2515387669959641, 0.514573172829758, 0.7776075786635519, -2.8073549220576046], "I": [0.7369655941662061, -3.3923174227787602, 0.8171359428501895, 0.514573172829758, 1.1312445332782526, 0.2515387669959641, -0.5849625007211563, 0.5618788876081148, 1.8556100906648252], "E": [0.30812229536233193, -3.3923174227787602, 0.2515387669959641, 0.7369655941662061, -0.07038932789139801, 0.0, 0.13124453327825245, -0.39231742277876014, -2.8073549220576046], "D": [-1.5849625007211563, -2.3923174227787602, -0.3048545815284209, 0.19264507794239583, 0.06711419585853705, 0.13124453327825245, -0.39231742277876014, -0.5849625007211563, -4.392317422778761], "A": [-1.222392421336448, 1.2801079191927351, 0.9652345818393234, 0.30812229536233193, 0.36257007938470814, 0.5618788876081148, 0.6951454184715792, 1.0995356735509143, -0.5849625007211563], "Y": [-0.5849625007211563, -3.3923174227787602, -0.48542682717024194, -0.6918777046376681, -0.5849625007211563, -1.222392421336448, 0.6951454184715792, -1.070389327891398, 0.46566357234881184]}