{"L": [-0.3479233034203069, 0.44057259138598126, 0.2801079191927352, 0.09953567355091437, 0.584962500721156, 0.7776075786635519, 1.584962500721156, -0.22239242133644802, 2.4405725913859815], "G": [-1.0, -2.222392421336448, -2.8073549220576046, 0.7162070339994088, 1.146841388329271, 1.0506260730699681, -0.22239242133644802, -0.48542682717024194, -3.8073549220576046], "K": [0.0, -3.8073549220576046, -1.8073549220576042, 0.36257007938470814, -1.8073549220576042, -1.8073549220576042, -2.222392421336448, -1.485426827170242, 0.584962500721156], "M": [1.478047296804644, 0.6520766965796931, 1.6189098326444942, -1.0, -0.8073549220576043, -1.0, -0.22239242133644802, -1.8073549220576042, 0.44057259138598126], "F": [1.3219280948873624, -1.8073549220576042, 1.2801079191927351, -0.22239242133644802, 0.584962500721156, 1.2801079191927351, 0.19264507794239583, 0.0, 2.0255350921071376], "R": [2.0752881273042374, 0.8365012677171205, 1.5501970825604796, 0.514573172829758, 1.1926450779423958, 1.0995356735509143, -0.6374299206152919, -1.485426827170242, -0.10691520391651191], "W": [-1.485426827170242, -2.222392421336448, 0.0, -0.48542682717024194, -0.48542682717024194, -0.48542682717024194, -0.10691520391651191, -2.8073549220576046, -2.222392421336448], "H": [-1.8073549220576042, -3.8073549220576046, -1.485426827170242, -1.222392421336448, 0.09953567355091437, -0.8073549220576043, 0.6520766965796931, -1.0, -3.8073549220576046], "S": [0.44057259138598126, -0.3479233034203069, -2.8073549220576046, 0.44057259138598126, -0.48542682717024194, 0.7162070339994088, 0.8930847960834882, 0.9475325801058645, -3.8073549220576046], "C": [-2.8073549220576046, -3.8073549220576046, -3.8073549220576046, -2.8073549220576046, -2.8073549220576046, -2.222392421336448, -3.8073549220576046, -1.8073549220576042, -3.8073549220576046], "V": [-1.485426827170242, 0.8930847960834882, -0.6374299206152919, -0.8073549220576043, 0.7162070339994088, -0.48542682717024194, -0.3479233034203069, 0.44057259138598126, 1.1926450779423958], "N": [-3.8073549220576046, -3.8073549220576046, -1.485426827170242, -0.10691520391651191, -1.0, 0.36257007938470814, -0.48542682717024194, -1.8073549220576042, -3.8073549220576046], "P": [-3.8073549220576046, 1.7162070339994089, -0.8073549220576043, 1.0506260730699681, -0.3479233034203069, -1.0, 0.44057259138598126, 2.050626073069968, -3.8073549220576046], "Q": [-3.8073549220576046, 0.2801079191927352, -3.8073549220576046, -0.3479233034203069, -2.8073549220576046, -0.48542682717024194, -0.8073549220576043, -1.8073549220576042, -3.8073549220576046], "T": [-0.48542682717024194, 1.4020984435713457, -1.485426827170242, -1.0, 0.36257007938470814, 1.146841388329271, -0.48542682717024194, 0.6520766965796931, -3.8073549220576046], "I": [-1.8073549220576042, -0.3479233034203069, 0.19264507794239583, -1.222392421336448, 0.6520766965796931, -0.6374299206152919, 0.2801079191927352, -1.485426827170242, 0.8930847960834882], "E": [-1.485426827170242, 1.2801079191927351, -3.8073549220576046, 0.584962500721156, -3.8073549220576046, -2.8073549220576046, -1.8073549220576042, -0.8073549220576043, -3.8073549220576046], "D": [-3.8073549220576046, -3.8073549220576046, -1.0, 0.19264507794239583, -1.485426827170242, -1.8073549220576042, -1.8073549220576042, -2.222392421336448, -3.8073549220576046], "A": [0.2801079191927352, 0.2801079191927352, 0.8365012677171205, 1.0, 0.6520766965796931, -0.3479233034203069, 0.584962500721156, 1.893084796083488, -0.8073549220576043], "Y": [1.584962500721156, -1.485426827170242, 1.5501970825604796, -0.6374299206152919, 0.19264507794239583, -1.222392421336448, 0.514573172829758, 0.09953567355091437, 0.7162070339994088]}