{"L": [1.7241063828523466, -3.194756854422248, 0.5194886632438745, -0.41339714089758817, 0.2890589228420085, -0.37457789200706026, 0.8220514332643061, 0.33662460609406414, 3.9019583000662883], "G": [-4.194756854422248, -4.024831852979935, -1.6401680027446106, 0.7241063828523466, 0.3598319972553895, 0.18894743805180417, -2.494317136281156, -2.024831852979936, -7.194756854422248], "K": [-4.194756854422248, -7.194756854422248, -4.387401932364644, -0.21747693092233156, -0.6401680027446105, -1.3121138050604069, -1.3618668402575065, -0.3243921348388434, -6.194756854422248], "M": [0.6254221079929397, -4.872828759534886, -1.609794353701092, -2.7353252357849507, -2.194756854422248, -2.494317136281156, -2.1503627350637946, -2.494317136281156, 1.1090238937548549], "F": [1.5701147363138426, -4.872828759534886, 0.13616002369236901, -1.9468293409786628, -0.400340988072142, -0.6097943537010917, -0.4668363998590487, -3.2878662588137293, 0.5331636001409513], "R": [-2.494317136281156, -3.0248318529799354, -4.024831852979935, -0.7518133585735197, -0.6249012460913003, -1.1286676639644755, -1.3367758592946761, -0.7684920997201501, -4.872828759534886], "W": [-3.4943171362811554, -7.194756854422248, -3.4943171362811554, -3.6097943537010924, -3.872828759534886, -4.872828759534886, -2.609794353701092, -7.194756854422248, -4.872828759534886], "H": [0.9851522355926866, -2.1072940131719085, -0.9279703137273467, -0.8197174230753232, -0.8372048498041642, -0.9659381639263671, 0.4634546283295467, -1.6711948983652354, -7.194756854422248], "S": [0.6878861949395931, -2.7353252357849507, 1.4634546283295469, 1.1271712404651146, 0.9189853116269404, 1.2061225818599361, 0.2890589228420085, 1.378890333071074, -7.194756854422248], "C": [-7.194756854422248, -7.194756854422248, -2.3874019323646443, -7.194756854422248, -4.387401932364644, -4.387401932364644, -5.194756854422248, -4.6097943537010915, -5.194756854422248], "V": [-0.3243921348388434, -0.6401680027446105, 1.1759305523849697, -0.9853034887932982, 1.3169957993451316, 0.7536103771624297, 1.0720296862726533, 1.5964060341327704, -1.2174769309223314], "N": [-0.31211380506040687, -7.194756854422248, 0.3598319972553895, -0.49431713628115576, -0.3243921348388434, -0.5509006646475234, -0.33677585929467596, -1.8024394316434875, -7.194756854422248], "P": [-7.194756854422248, 3.8010102964555537, -3.735325235784951, 1.6878861949395931, 0.26467476421504926, 0.20612258185993626, 1.3288051016347648, -1.609794353701092, -5.6097943537010915], "Q": [-0.43986935225877943, -2.6711948983652354, -0.7029037580925734, -0.004932295542230718, -0.38740193236464393, -0.1072940131719084, 0.13616002369236901, -0.045009734917566, -7.194756854422248], "T": [0.8550916950283135, -3.6097943537010924, 0.5667943780222315, -0.2878662588137294, 0.39020564629890825, 0.3288051016347648, 0.4705790627629284, 1.2769183599697964, -4.6097943537010915], "I": [0.004915490414116595, -2.609794353701092, 1.062630988270404, -1.1947568544222478, 0.17156535982356777, 0.2890589228420085, 0.2481866414264803, 0.07202968627265331, -1.1723890413937934], "E": [-0.49431713628115576, -7.194756854422248, 0.34440195668578355, 1.3090688835735027, 0.6878861949395931, 0.7882367202720623, 0.6632241407053241, 1.1583899710758345, -6.194756854422248], "D": [-1.3618668402575065, -7.194756854422248, 0.3826719736135009, 0.954990265082434, 0.6381331597424937, 1.301098172464923, -0.6555980433142164, -1.8728287595348854, -7.194756854422248], "A": [-0.9279703137273467, 2.057908578028001, 1.038862822337454, 0.6125980676353562, 0.2146340817154538, 1.0860139157083546, 0.6507331965221275, 1.5734274703546784, -2.609794353701092], "Y": [0.5263423342849372, -3.6097943537010924, -0.48051133675612545, -1.90935463556, -0.6401680027446105, -1.9853034887932983, -0.5948440122351205, -1.735325235784951, -2.336775859294676]}