{"L": [-1.0356239097307214, -0.4506614090095654, -0.4506614090095654, -0.4506614090095654, -0.035623909730721375, -0.035623909730721375, -0.035623909730721375, -1.0356239097307214, 3.7457358037939383], "G": [-2.035623909730721, -2.035623909730721, -2.035623909730721, 1.286304185156641, 1.6648158084103706, 1.5493385909904347, -0.035623909730721375, -0.4506614090095654, -2.035623909730721], "K": [-2.035623909730721, -0.4506614090095654, -0.4506614090095654, -0.4506614090095654, -2.035623909730721, -1.0356239097307214, 0.28630418515664097, -1.0356239097307214, -2.035623909730721], "M": [-0.4506614090095654, -0.035623909730721375, 0.28630418515664097, -2.035623909730721, -2.035623909730721, -0.035623909730721375, -1.0356239097307214, -2.035623909730721, 0.7717310123268828], "F": [1.771731012326883, -2.035623909730721, -0.035623909730721375, -0.4506614090095654, -1.0356239097307214, -1.0356239097307214, -0.4506614090095654, -1.0356239097307214, 1.4238077089065762], "R": [0.28630418515664097, 0.28630418515664097, -0.4506614090095654, -0.4506614090095654, 0.28630418515664097, 0.28630418515664097, -0.4506614090095654, -0.035623909730721375, -2.035623909730721], "W": [-0.035623909730721375, -2.035623909730721, -2.035623909730721, -0.035623909730721375, -2.035623909730721, -2.035623909730721, -2.035623909730721, -2.035623909730721, -2.035623909730721], "H": [0.7717310123268828, 2.918572400656154, -2.035623909730721, -2.035623909730721, 0.5493385909904346, -1.0356239097307214, 0.28630418515664097, -2.035623909730721, -2.035623909730721], "S": [0.9643760902692787, -2.035623909730721, -0.4506614090095654, -0.4506614090095654, -1.0356239097307214, 1.286304185156641, 1.134301091711591, 0.5493385909904346, -2.035623909730721], "C": [-2.035623909730721, -2.035623909730721, -2.035623909730721, -1.0356239097307214, -2.035623909730721, -2.035623909730721, -2.035623909730721, -2.035623909730721, -2.035623909730721], "V": [-2.035623909730721, -2.035623909730721, 1.134301091711591, -0.4506614090095654, -0.4506614090095654, -0.035623909730721375, 1.286304185156641, 1.6648158084103706, -2.035623909730721], "N": [-0.035623909730721375, -2.035623909730721, -1.0356239097307214, -1.0356239097307214, 0.28630418515664097, -0.4506614090095654, 0.9643760902692787, -2.035623909730721, -2.035623909730721], "P": [-2.035623909730721, 1.871266685877797, -2.035623909730721, 1.6648158084103706, 0.5493385909904346, -0.035623909730721375, 0.28630418515664097, 0.28630418515664097, -2.035623909730721], "Q": [-2.035623909730721, 0.7717310123268828, -1.0356239097307214, -0.4506614090095654, -2.035623909730721, -0.035623909730721375, -2.035623909730721, -0.035623909730721375, -2.035623909730721], "T": [0.5493385909904346, -2.035623909730721, -0.4506614090095654, 0.28630418515664097, 1.134301091711591, 0.7717310123268828, -0.4506614090095654, 0.28630418515664097, -2.035623909730721], "I": [-0.035623909730721375, -2.035623909730721, 0.7717310123268828, -2.035623909730721, 0.28630418515664097, -0.035623909730721375, -0.035623909730721375, 0.9643760902692787, 0.28630418515664097], "E": [-0.035623909730721375, 0.5493385909904346, 0.28630418515664097, 1.4238077089065762, 0.28630418515664097, -2.035623909730721, -0.4506614090095654, 0.28630418515664097, -2.035623909730721], "D": [-2.035623909730721, -2.035623909730721, 0.9643760902692787, 0.5493385909904346, 0.28630418515664097, -0.035623909730721375, -2.035623909730721, -2.035623909730721, -2.035623909730721], "A": [-0.035623909730721375, -0.035623909730721375, 1.5493385909904347, -0.4506614090095654, 0.9643760902692787, 0.5493385909904346, 1.4238077089065762, 1.871266685877797, -1.0356239097307214], "Y": [1.6648158084103706, -2.035623909730721, 1.134301091711591, -1.0356239097307214, -2.035623909730721, -0.4506614090095654, -2.035623909730721, 0.28630418515664097, -2.035623909730721]}