{"L": [0.9042603395638467, 1.6704144012576003, -2.871843648509318, 0.1371451347179368, 0.25743936843564863, 0.5476952430044668, 0.8506223759617734, 0.9861373466182544, 3.233541100738284], "G": [-1.2164918198967638, -0.31112869403483884, -2.80145432061792, 0.34538706771135125, 1.0683231019734991, 0.8989853975231725, -1.3111286940348388, -0.8899909952195773, -7.193771743396681], "K": [0.47156417378849586, -5.19377174339668, -3.1063089021463406, 0.3608171082809571, 0.28196168756971757, -0.2050870566245144, -0.6391828917190429, 0.8174555120265738, -4.19377174339668], "M": [-1.4658512888334811, -1.2630344058337941, -2.2395754330098048, -3.023846741954368, -2.2395754330098048, -1.908369524534432, -2.023846741954368, -1.734340124759383, 0.18126768795024473], "F": [1.4464731928256658, -0.47952622573055753, -1.4124120298720206, -1.1937717433966801, -1.3111286940348388, -0.871843648509318, -0.9083695245344321, -0.09573966043615342, 1.5777177261039184], "R": [-0.16034874185922993, -4.608809242675524, -4.8718436485093175, -0.8187323120497554, -0.32340702381327546, -0.3735927809814924, 0.025396777065481255, 0.25743936843564863, -4.8718436485093175], "W": [-4.608809242675524, -3.286881147788162, -5.608809242675524, -3.1937717433966806, -4.19377174339668, -4.19377174339668, -2.6702097873396675, -3.3864168213390764, -4.023846741954368], "H": [-0.6546129322886488, -5.19377174339668, -3.608809242675524, -0.7675069886945821, -0.1493776240382267, -0.7843808072589783, 0.06361609929597149, 0.005900601439684213, -4.8718436485093175], "S": [0.9761532580456322, 1.3140228968020162, -1.2868811477881617, 0.37608386493426776, 0.6765929761867245, 0.4061410987904476, 0.9761532580456322, 0.8174555120265738, -7.193771743396681], "C": [-5.608809242675524, -2.80145432061792, -4.608809242675524, -4.608809242675524, -4.023846741954368, -3.1937717433966806, -3.8718436485093184, -3.023846741954368, -5.19377174339668], "V": [1.0350469470992008, 0.9761532580456322, -3.023846741954368, -0.3993558770465741, 0.5941308159947514, 1.1054362749905988, 1.4319370996677852, 0.6579772980193774, 2.073014797298221], "N": [-0.4388842412332117, -2.438884241233212, -1.9458442299530945, -0.46585128883348115, 0.09163047546556803, 0.3531227164909566, -0.45230475699553324, -0.49333202525558817, -7.193771743396681], "P": [-4.8718436485093175, -2.286881147788162, -1.7019186470670056, 1.442852877146969, 1.0776912845076945, 0.9042603395638467, 0.11000900478042278, -3.3864168213390764, -5.19377174339668], "Q": [-1.9458442299530945, -0.28688114778816176, -2.9458442299530945, -0.28688114778816176, -0.32340702381327546, -0.335790748269108, -0.41241202987202064, 0.14607825948794462, -7.193771743396681], "T": [0.054155770046905444, 0.8560768060538815, -3.1937717433966806, -0.26303440583379395, 0.43558487668292956, 0.7720125412654069, 1.2113697197396638, 0.955975376108002, -5.19377174339668], "I": [0.9811539391039986, 0.28196168756971757, -3.3864168213390764, -0.9843183777677305, 0.03504694709920065, 0.25743936843564863, 0.2980813529329944, -0.8014543206179199, 0.6579772980193774], "E": [-2.335790748269108, -4.19377174339668, 0.9660995933817091, 1.6327767438942347, -0.12768255293890765, -0.003947184516662885, -0.22798745873459325, 1.0730147972982214, -7.193771743396681], "D": [-4.19377174339668, -4.8718436485093175, 3.838273983534128, 1.4319370996677852, -0.41241202987202064, -0.8539217405120554, -2.0644887264517138, -1.80145432061792, -6.193771743396681], "A": [0.6006441229534258, 2.4644397393551145, -0.3608817292319385, -0.19377174339668018, 0.7010460199112631, 0.4061410987904476, 0.7070950645840682, -0.003947184516662885, -2.6702097873396675], "Y": [0.8506223759617734, -2.0644887264517138, -1.4388842412332117, -2.7343401247593833, -1.7019186470670056, -1.8362197387785966, -0.7675069886945821, -0.1384893078954906, -2.023846741954368]}