{"L": [0.6012475843086457, -5.013462259806563, 1.673038267376656, 1.5715002409145937, 1.0950621969716063, 1.4294812360421658, 2.15646274163575, 0.5715002409145935, 3.357225147000655], "G": [1.5715002409145937, -5.013462259806563, -2.0134622598065626, 0.7144581947566366, 0.4459693588307344, 0.27193995905568574, -0.8435372583642502, 1.3788551629721977, -4.013462259806563], "K": [-0.15548126467899057, -5.013462259806563, -1.5540306411692657, -0.4284997590854065, 0.4459693588307344, -1.0134622598065626, -1.106571664198044, 0.2344652536370227, -2.4284997590854065], "M": [-0.36960607003183776, -4.013462259806563, -0.4284997590854065, -1.4284997590854065, -1.6915341649192004, -0.8435372583642502, -0.15548126467899057, -2.0134622598065626, -0.20610733774895842], "F": [-0.15548126467899057, -3.428499759085407, 1.7938926622510416, 0.7938926622510415, -0.10657166419804409, 0.5715002409145935, 0.07400058144377678, -0.6915341649192004, 2.1664468302083724], "R": [0.8445187353210095, 4.26730851032404, -1.6915341649192004, -1.8435372583642502, -1.3130225416654704, -1.5540306411692657, -0.3130225416654705, -0.4284997590854065, -1.4284997590854065], "W": [-2.4284997590854065, -5.013462259806563, -0.3130225416654705, -0.5540306411692656, -0.6211448370278023, -2.6915341649192004, -3.0134622598065626, -5.013462259806563, -5.013462259806563], "H": [-0.36960607003183776, -5.013462259806563, -0.36960607003183776, -2.4284997590854065, -0.5540306411692656, -1.5540306411692657, -1.8435372583642502, -1.8435372583642502, -5.013462259806563], "S": [1.3615771715403622, -4.013462259806563, -0.4284997590854065, -0.6915341649192004, 0.3788551629721977, 0.27193995905568574, 0.11582075713840372, 1.2719399590556857, -5.013462259806563], "C": [-5.013462259806563, -5.013462259806563, -2.6915341649192004, -5.013462259806563, -5.013462259806563, -4.013462259806563, -5.013462259806563, -3.428499759085407, -4.013462259806563], "V": [-0.6915341649192004, -5.013462259806563, 0.41280249489553544, -0.013462259806562548, 0.8445187353210095, 0.7414252423569059, 0.6012475843086457, 0.5100996962504504, 0.6869774583345296], "N": [-1.4284997590854065, -5.013462259806563, 0.2344652536370227, -0.9259994185562233, -0.8435372583642502, -0.48990030374954974, -0.6915341649192004, -0.36960607003183776, -5.013462259806563], "P": [-4.013462259806563, -5.013462259806563, -5.013462259806563, 1.6012475843086458, 0.47839083652311204, 0.5100996962504504, 0.27193995905568574, -3.0134622598065626, -5.013462259806563], "Q": [0.2344652536370227, -2.2061073377489584, -2.6915341649192004, 0.030931859551890928, 0.19599110582238713, 0.2344652536370227, 0.6303939299681622, 0.34408974481152094, -5.013462259806563], "T": [-0.10657166419804409, -5.013462259806563, -0.6211448370278023, -1.2061073377489584, -0.20610733774895842, 0.27193995905568574, 0.11582075713840372, 0.7414252423569059, -4.013462259806563], "I": [0.5100996962504504, -5.013462259806563, 1.2153564306893183, -0.20610733774895842, 0.6303939299681622, 0.9172750777563236, 0.30846583508079967, -1.5540306411692657, 0.5411265918710745], "E": [-1.8435372583642502, -5.013462259806563, -3.0134622598065626, 0.4459693588307344, -0.15548126467899057, -0.3130225416654705, 0.2344652536370227, 1.1763622990734546, -5.013462259806563], "D": [-3.0134622598065626, -5.013462259806563, -1.5540306411692657, 0.07400058144377678, 0.07400058144377678, -0.6211448370278023, -0.48990030374954974, -0.15548126467899057, -5.013462259806563], "A": [0.8934283358019559, -3.428499759085407, -0.10657166419804409, -0.15548126467899057, -0.3130225416654705, 0.27193995905568574, -0.6211448370278023, 0.3788551629721977, -1.4284997590854065], "Y": [-0.4284997590854065, -5.013462259806563, 1.1362848596981197, -0.7655347463629774, -0.36960607003183776, -0.48990030374954974, -1.0134622598065626, -1.8435372583642502, -3.0134622598065626]}