{"L": [1.3068118914532583, 0.5811243657383642, 0.39857987776493825, -0.0053170639087052945, 0.7641291942246663, 0.5811243657383642, 1.1856624047962812, 0.07665178287757603, 1.5958308645533896], "G": [-1.9066694759757938, -1.8104541607164906, -1.2835237813667497, 0.6190538213706862, 0.5751995317812588, 0.5482324841809895, -1.5294340094093344, -0.5167229576597805, -6.02768487693716], "K": [-1.2100616194257285, -5.17968797038221, -0.5814286470475956, -0.0053170639087052945, -0.5104091837275784, -0.5551971054744161, -0.8984018599921934, 0.012330801910719414, -3.705756782049798], "M": [0.16608686645952037, -1.0922251291318703, -0.5358317806074849, -2.0828264311296207, -1.7497001296373944, -1.8104541607164906, -1.3609282850523563, -1.9920609672064387, 0.401931087264576], "F": [1.1953514609647151, -2.5167229576597805, 0.6893060174677802, -1.0549922229328952, -0.14015960619557233, -0.08751812645434266, -0.7646504711033658, -1.5167229576597805, 2.25401337316167], "R": [-0.5230644845336071, -4.542258049766918, -0.5814286470475956, -0.6631124446413039, -0.7571559345564416, -0.6561260143251969, -0.7422826580749112, -0.5422580497669179, -4.349612971824523], "W": [-2.418875634261636, -6.764650471103367, -1.5551971054744163, -2.5947254696610536, -2.49163197669695, -3.1401596061955726, -2.5682532582998627, -3.8901813531872245, -1.923348217122424], "H": [0.4317467417001375, -4.442722376216004, -0.5358317806074849, -0.8418183316258259, -0.5422580497669179, -0.7129883512808732, 0.02107443498269567, -1.466969922462681, -2.7057567820497974], "S": [0.6671953158620318, -0.38382868716243507, 0.6755265904539861, 0.840211587055495, 0.7137821094639871, 0.9495950465627566, 0.6475665091130992, 1.406943350699565, -4.442722376216004], "C": [-3.705756782049798, -6.349612971824523, -4.349612971824523, -3.4427223762160035, -3.1401596061955726, -3.64917325368343, -4.17968797038221, -3.542258049766918, -8.349612971824524], "V": [0.08501525581220246, 0.7191653061608905, 0.9357892470377263, -0.4978639304084645, 0.8253127106761569, 0.8935610116484288, 1.1179925782584754, 0.9969007613411135, -1.6216925172613226], "N": [-0.2254916599953346, -4.764650471103366, 0.12206224256752225, -0.4012457402398444, -0.05040495343724339, -0.43074973454992743, -0.4916319766969499, -1.1304444513623604, -6.349612971824523], "P": [-4.101685458380937, 3.1462420550626486, -1.7057567820497974, 1.3473545544097651, 0.3157229453606543, 0.07245179434829023, 0.3850966484013162, -0.37233304832460545, -4.764650471103366], "Q": [-0.4070984664852824, 0.3473545544097652, -0.5748259122233484, 0.08083957984100935, -0.4916319766969499, 0.003533853673560432, 0.29063196439782363, 0.03840431352061253, -5.349612971824523], "T": [0.644740465034336, -0.7873705476034495, -0.14504182757531855, -0.03220035805965274, 0.4251740877766515, 0.8959397344311598, 0.644740465034336, 1.1621396819428573, -3.4427223762160035], "I": [0.3646325458416005, -0.36092828505235625, 0.9124818735456574, -0.734903127709314, 0.5751995317812588, 0.6333806028697881, 0.5751995317812588, -0.6285137831173371, -1.466969922462681], "E": [-0.18974163504613276, -3.3496129718245222, -0.36092828505235625, 1.2502998703626056, 0.2540133731616699, -0.29976442237396045, 0.4448028945255839, 1.0405559843756615, -5.764650471103367], "D": [-0.7873705476034495, -5.02768487693716, 0.20497587985311516, 0.9241826273897428, 0.15818166837417413, -0.1746872893238433, -0.7202563517449124, -1.3052188524660686, -6.764650471103367], "A": [-0.24632516341249994, 1.7272026252263089, 1.1798175823216288, 0.37830748273867726, 0.4832770423402196, 0.6161713128375649, 0.5542688739116581, 1.4753457687040004, -1.159788412944505], "Y": [0.7137821094639871, -3.957295549045762, -0.009762968939897284, -1.764650471103366, -1.1112082324994432, -1.0922251291318703, -0.8339131335404797, -1.3052188524660686, 3.162139681942857]}