{"L": [-1.8073549220576042, 0.19264507794239583, 1.3625700793847082, -0.8073549220576043, 0.514573172829758, 1.5145731728297582, 0.514573172829758, -0.22239242133644802, 2.652076696579693], "G": [-0.8073549220576043, -1.8073549220576042, -1.8073549220576042, 1.0, 0.514573172829758, -0.8073549220576043, -1.8073549220576042, 0.19264507794239583, -1.8073549220576042], "K": [0.19264507794239583, -1.8073549220576042, -0.8073549220576043, 0.19264507794239583, -1.8073549220576042, -1.8073549220576042, -1.8073549220576042, -1.8073549220576042, 0.19264507794239583], "M": [1.7776075786635521, 1.7776075786635521, 2.0, -1.8073549220576042, -0.22239242133644802, -1.8073549220576042, 0.514573172829758, -1.8073549220576042, -0.8073549220576043], "F": [-0.8073549220576043, -1.8073549220576042, 1.5145731728297582, -1.8073549220576042, 0.19264507794239583, 1.3625700793847082, 0.7776075786635519, -0.8073549220576043, 2.652076696579693], "R": [2.584962500721156, -1.8073549220576042, 1.7776075786635521, -0.8073549220576043, 1.0, 0.7776075786635519, 0.19264507794239583, -1.8073549220576042, -1.8073549220576042], "W": [-0.8073549220576043, -1.8073549220576042, 0.514573172829758, -0.22239242133644802, 1.3625700793847082, -0.8073549220576043, 1.1926450779423958, -1.8073549220576042, -0.8073549220576043], "H": [-1.8073549220576042, -1.8073549220576042, -0.8073549220576043, -1.8073549220576042, -0.8073549220576043, -1.8073549220576042, 0.7776075786635519, -1.8073549220576042, -1.8073549220576042], "S": [1.3625700793847082, 0.19264507794239583, -1.8073549220576042, 0.7776075786635519, 1.0, 0.7776075786635519, 1.0, 1.0, -1.8073549220576042], "C": [-1.8073549220576042, -1.8073549220576042, -1.8073549220576042, -1.8073549220576042, -1.8073549220576042, -1.8073549220576042, -1.8073549220576042, -1.8073549220576042, -1.8073549220576042], "V": [-1.8073549220576042, 1.3625700793847082, -1.8073549220576042, -1.8073549220576042, 1.0, 0.514573172829758, -0.8073549220576043, 0.19264507794239583, -0.8073549220576043], "N": [-1.8073549220576042, -1.8073549220576042, -1.8073549220576042, 0.514573172829758, -1.8073549220576042, 0.514573172829758, -0.8073549220576043, -1.8073549220576042, -1.8073549220576042], "P": [-1.8073549220576042, -1.8073549220576042, -1.8073549220576042, 1.1926450779423958, -0.8073549220576043, 0.19264507794239583, 0.514573172829758, 2.584962500721156, -1.8073549220576042], "Q": [-1.8073549220576042, 1.6520766965796934, -1.8073549220576042, -0.22239242133644802, -1.8073549220576042, -1.8073549220576042, -1.8073549220576042, -0.8073549220576043, -1.8073549220576042], "T": [-1.8073549220576042, 1.7776075786635521, -0.8073549220576043, 0.19264507794239583, 1.0, 0.514573172829758, -0.8073549220576043, 0.514573172829758, -1.8073549220576042], "I": [-1.8073549220576042, -0.8073549220576043, -1.8073549220576042, -0.8073549220576043, 0.19264507794239583, -0.22239242133644802, 0.19264507794239583, -1.8073549220576042, 1.5145731728297582], "E": [-0.8073549220576043, -0.8073549220576043, -1.8073549220576042, 1.1926450779423958, -1.8073549220576042, -1.8073549220576042, -0.8073549220576043, -0.22239242133644802, -1.8073549220576042], "D": [-1.8073549220576042, -1.8073549220576042, -1.8073549220576042, -0.8073549220576043, -1.8073549220576042, -0.8073549220576043, -1.8073549220576042, -1.8073549220576042, -1.8073549220576042], "A": [-0.22239242133644802, 0.7776075786635519, -0.8073549220576043, 1.6520766965796934, 0.514573172829758, 0.19264507794239583, 0.19264507794239583, 2.0995356735509145, -1.8073549220576042], "Y": [1.5145731728297582, 0.7776075786635519, 1.1926450779423958, -1.8073549220576042, -1.8073549220576042, -0.22239242133644802, 0.7776075786635519, -0.8073549220576043, 0.514573172829758]}