{"L": [-0.6205864104518776, 0.9523032579687036, 0.5966443057687913, 0.10187961401921335, 0.3428877135230085, 0.3612662428378629, 1.6197279188818325, 1.046170181432926, 1.286304185156641], "G": [-0.6205864104518776, -1.2986583155645153, -2.1351595832816357, 0.05748549466075997, 0.44980291743952056, -0.10962449117449831, -0.35755200461808384, -0.13515958328163566, -1.1351595832816357], "K": [2.5291607090528045, -3.1351595832816357, 2.1502426355806126, 0.4150374992788437, 0.18676851160572655, -0.2986583155645152, -1.2986583155645153, -0.4506614090095654, 2.4753380095466584], "M": [-0.21459405077604066, -0.8550516640889008, -0.8550516640889008, -1.7725895038969277, -1.418952549282227, -1.357552004618084, -0.6571122864769916, -1.9425145053392399, -1.0356239097307214], "F": [-1.6945869918956542, -0.27008916336774436, 0.8388452081854197, -0.059871455977398784, 0.03476541816067631, 0.8776644570759479, 0.1449483359110993, 0.9401285440226013, -0.4506614090095654], "R": [2.356693513048039, -1.6945869918956542, 2.2766540151229218, -0.059871455977398784, 0.4668764307984618, 0.2274104961030724, -0.48308288670194266, -0.38792565366160264, -0.9883181949523647], "W": [-3.1351595832816357, -2.4830828867019425, -3.1351595832816357, -1.6205864104518777, -2.357552004618084, -1.0356239097307214, -1.5501970825604796, -3.357552004618084, -3.9425145053392403], "H": [-0.41895254928222714, -3.620586410451878, -0.35755200461808384, -1.418952549282227, -0.9883181949523647, -0.5162497506371422, -0.5162497506371422, -1.0356239097307214, -4.942514505339241], "S": [-0.24207478719814784, 1.046170181432926, -0.08453351021166772, 0.8388452081854197, 1.0909084961982103, 1.0116818050476353, -0.18762700317577152, 0.8256698194376866, -1.855051664088901], "C": [-2.1351595832816357, -4.357552004618084, -4.942514505339241, -1.5501970825604796, -2.9425145053392403, -1.855051664088901, -1.855051664088901, -2.7725895038969277, -5.942514505339241], "V": [-1.1876270031757714, 1.8648404167183643, -1.418952549282227, -0.24207478719814784, 0.6424479953819161, 0.3428877135230085, 0.10187961401921335, 0.12357468511853247, 1.8256698194376868], "N": [-2.357552004618084, -2.7725895038969277, -0.7330611397102903, 0.28630418515664097, 0.03476541816067631, 0.011681805047635238, -0.38792565366160264, 0.24731005354077737, -4.357552004618084], "P": [-4.942514505339241, -2.1351595832816357, -2.4830828867019425, 0.798952481061907, 0.2274104961030724, 0.207232614165442, 1.3054130081043458, 0.4150374992788437, -3.620586410451878], "Q": [-2.242074787198148, 0.6868421147403697, -0.9425145053392401, -0.35755200461808384, -0.6205864104518776, -0.6945869918956543, 0.16600995143892905, -0.18762700317577152, -4.942514505339241], "T": [-0.5501970825604795, 1.8776644570759478, -1.4830828867019425, -0.24207478719814784, 0.3612662428378629, 0.8123729968242285, -0.8981203859807867, 0.24731005354077737, -2.7725895038969277], "I": [-0.6205864104518776, 0.6424479953819161, -0.2986583155645152, 0.207232614165442, 0.5004289905094881, 0.3242720353556614, 1.0574854946607601, -0.2986583155645152, 1.2571578394971243], "E": [-2.035623909730721, -3.357552004618084, -4.357552004618084, 0.7299108366322558, -0.5162497506371422, -0.8981203859807867, -0.8132314883942734, 0.39733549754538494, -3.620586410451878], "D": [-3.1351595832816357, -4.942514505339241, -2.1351595832816357, 0.39733549754538494, -1.2986583155645153, -1.9425145053392399, -1.242074787198148, -1.4830828867019425, -5.942514505339241], "A": [0.7579252128018522, 0.44980291743952056, -0.4506614090095654, 0.5004289905094881, 0.6721953387759684, -0.08453351021166772, 0.24731005354077737, 0.6573983368478877, 0.3612662428378629], "Y": [-1.1876270031757714, 0.16600995143892905, -0.13515958328163566, -0.8981203859807867, -0.5501970825604795, 0.3794135895481225, -0.21459405077604066, 0.1449483359110993, 0.8648404167183644]}