{"L": [1.2004465888617697, -1.2677022468766366, 1.7282846906167402, 0.03486052314379468, 1.699876275430986, 1.5165690620679262, 0.8178734848294373, 1.6067668710395049, 2.02834721618512], "G": [-0.7822754197063948, -1.174592842485155, -0.6510308864281421, -0.059115625065219, -0.004667841042842688, -0.2677022468766365, -2.852664747597793, -1.1448454990911032, -6.759555343206311], "K": [1.9269451839769074, -5.759555343206312, -0.2677022468766365, 1.3332017977135413, -0.251760703007615, -0.2677022468766365, -1.630272326261345, 0.7561444950777314, -6.759555343206311], "M": [-0.569730784326294, -3.589630341763999, -0.5307366527104304, -2.6720925019559716, -1.174592842485155, -1.174592842485155, -1.4376272483189492, -1.4741531243440629, -1.3332905885042132], "F": [-0.7822754197063948, -3.437627248318949, 0.5165690620679262, -1.5501019775773617, 0.21772458029360522, 0.07333467095843034, 0.37999600919248233, -0.1596425010191837, 3.051016291534836], "R": [1.1169616033586887, -5.759555343206312, -0.20496649152867374, 0.8477749705432995, -1.805359032819436, -0.6720925019559718, -2.059115625065219, 0.37999600919248233, -4.174592842485155], "W": [-3.759555343206311, -4.759555343206311, -0.8526647475977926, -3.759555343206311, -2.2359933871492985, -2.2359933871492985, -0.7595553432063112, -4.437627248318949, 2.206228941455776], "H": [-0.6510308864281421, -6.759555343206311, -0.828818005643425, -0.8769122938444701, -0.8769122938444701, -0.630272326261345, 0.194640967180564, -0.31661184735758285, -6.759555343206311], "S": [0.11080937637709314, 2.814091844287011, 0.1473352524022074, 0.09842565192126075, -0.31661184735758285, -0.018088356805164428, -0.0871300012348157, 0.6998762754309859, -5.759555343206312], "C": [-3.9522004211487074, -3.437627248318949, -2.174592842485155, -6.759555343206311, -2.852664747597793, -3.3001237245690143, -3.589630341763999, -4.174592842485155, -6.759555343206311], "V": [0.8914963479726176, 0.7080502068766863, 0.6833881526424171, -0.059115625065219, 1.0283472161851204, 0.6998762754309859, 0.968365111356888, 0.15930789406828336, -3.589630341763999], "N": [-2.9522004211487074, -4.759555343206311, -0.5501019775773616, -0.805359032819436, -0.6510308864281421, -0.10134386045451653, -0.059115625065219, -0.004667841042842688, -6.759555343206311], "P": [-4.759555343206311, -3.3001237245690143, -0.630272326261345, 1.641324093075873, -0.10134386045451653, 0.41036965823600113, 0.7718261173100008, -6.759555343206311, -6.759555343206311], "Q": [-0.5501019775773616, -3.1745928424851555, -0.828818005643425, -0.004667841042842688, -0.3332905885042132, 0.4788493961187676, 0.44989802242263854, 0.5072311974885902, -6.759555343206311], "T": [-0.28382191223991365, 2.6561864250837792, -0.2203965320982799, 0.08593470773806418, 0.12308770615552986, 0.12308770615552986, 0.09842565192126075, 1.3748709770146148, -6.759555343206311], "I": [1.3279074980440284, -1.3672379204275509, 0.5713615349083058, -0.36723792042755105, 1.008628981570615, 0.8254071575148451, 0.45961317725585027, -0.828818005643425, 0.8329016940617693], "E": [-1.805359032819436, -5.759555343206312, -2.0046678410428425, 0.8477749705432995, 0.43026921567370596, 0.11080937637709314, 0.8178734848294373, 0.5442254049707915, -4.174592842485155], "D": [-4.437627248318949, -4.759555343206311, -0.36723792042755105, 0.31726025384451956, 0.21772458029360522, -0.715161223847858, -0.7822754197063948, -1.9522004211487074, -5.759555343206312], "A": [0.24044465679368876, 1.6327620795724491, 0.8986561395454835, -0.38451591185938655, -0.18969973487536332, 0.1352624201016321, 0.26281246982214324, -0.7822754197063948, -5.759555343206312], "Y": [-1.0316348886431121, -4.759555343206311, 0.07333467095843034, -2.2359933871492985, -1.2049664915286737, -1.059115625065219, 0.1711819943565751, -0.4557745950292085, -0.828818005643425]}