{"L": [-0.4261331759669173, 2.411216486388524, 1.1206100025237489, 0.19606223095321407, 1.0099659388397562, 0.7152226732786242, 1.0460997248934694, 0.16822802275648863, 1.8173208608973603], "G": [-0.6391268993011157, -4.513596017217257, -1.5439696662607754, 0.7279899693525022, 0.1868437009238356, -0.7235190865914883, -3.0110956766880737, -0.02174292088758206, -7.098558517938413], "K": [2.4406002931696187, -5.513596017217257, 0.6361511022874253, 0.21432443734594236, 0.6696258068385135, -0.528702909607465, -1.2405775228108409, -0.4692018978588034, -4.098558517938413], "M": [-1.2656685037736715, 0.12061000252374879, -0.20374075463046923, -1.9286335164961006, -1.5749965618814004, -1.7766304230510506, -1.4261331759669174, -1.8131562990761645, -2.0110956766880737], "F": [-1.6067054216087384, -3.9286335164961006, 1.7087964041191912, -0.49864567575128527, 0.7087964041191914, 0.2677636963074027, 0.5879420092448056, -1.8131562990761645, 2.768720221771249], "R": [2.261191042383917, -3.291203595880809, -0.05416439857995945, -0.4261331759669173, 0.020382554785094556, 1.0713664835038994, -1.4838486738232046, -0.5135960172172568, -7.098558517938413], "W": [-5.513596017217257, -7.098558517938413, -0.3171988044137533, -3.291203595880809, -0.07619070490995833, -3.191667922329895, -1.4261331759669174, -6.098558517938413, 1.625955335181537], "H": [-1.7410065133203294, -7.098558517938413, -0.5439696662607755, -1.2405775228108409, -0.8131562990761645, -0.7062410951596525, 0.36087310069888434, -1.098558517938413, -7.098558517938413], "S": [0.5949284395609122, 0.11089484769053687, -0.07619070490995833, 0.642908468462734, 0.12061000252374879, 0.6225406707687723, 0.5234933015179634, 1.9755829448140927, -7.098558517938413], "C": [-7.098558517938413, -7.098558517938413, -3.7766304230510506, -4.776630423051051, -3.7766304230510506, -3.398118799797321, -3.513596017217257, -5.098558517938413, -7.098558517938413], "V": [0.16822802275648863, 1.559652964813382, -0.7062410951596525, -0.6556150220896846, 0.7152226732786242, 1.1398462213866658, 0.9567239175627769, 0.7718062016449918, -0.9087339590583956], "N": [-3.0985585179384127, -7.098558517938413, 0.47129709039253503, 0.15882932475423892, -0.3436710157749443, -0.41205799075519456, 0.19606223095321407, -0.528702909607465, -7.098558517938413], "P": [-7.098558517938413, -6.098558517938413, -2.4547023281636884, 1.272128888868805, -0.6391268993011157, -0.02174292088758206, -0.49864567575128527, -1.6391268993011157, -7.098558517938413], "Q": [-0.9286335164961008, 1.5307981021411965, -0.4692018978588034, -0.16782118037552654, -0.39811879979732073, -0.689167581800711, 0.5380661026052359, 0.47129709039253503, -7.098558517938413], "T": [-0.9087339590583956, 1.5879420092448056, -1.4838486738232046, -0.30414265158830694, 0.020382554785094556, 0.895794918920445, 0.37717491302798484, 1.4826420639865445, -7.098558517938413], "I": [0.23235836017620423, 1.1914603289942056, 0.6958573484116931, -0.9087339590583956, 0.9070660312554653, 1.1350611588212893, 0.2764809134085118, -0.9692755009934463, 1.0912660409416044], "E": [-3.0110956766880737, -4.098558517938413, -3.639126899301116, 1.3023209183437714, -0.33037419316148653, -0.528702909607465, 0.36904703214458445, 0.6629927145060666, -7.098558517938413], "D": [-3.513596017217257, -7.098558517938413, -2.5749965618814, 0.7023413819818919, -1.0761907049099584, -1.3436710157749443, -1.672293763236315, -2.639126899301116, -7.098558517938413], "A": [0.6958573484116931, -0.8317719772435115, 0.6496343316510474, 0.3277062367636849, -0.3171988044137533, 0.06131281883997646, 0.25899348667967076, 1.0203825547850947, -6.098558517938413], "Y": [-0.9900340611602441, -0.9900340611602441, 0.6958573484116931, -1.1443622075515376, -0.3171988044137533, -1.4838486738232046, 0.5013543242487148, -1.8891051523094633, 1.8292194441439291]}