{"L": [0.9281133237220998, 1.7463420794316786, 0.44088762469674037, -0.4325318787381165, 0.08549961386405305, 0.6838328779536682, 1.0237486027726088, -0.4794529261256091, 3.486617484549558], "G": [-1.8747542073431906, -3.0059987406214432, -2.310853322149864, 0.8013561814361608, 0.5558801469866718, 0.9281133237220998, -2.0763880685128413, -1.228391161957891, -7.398316163400205], "K": [-0.33222697294243103, -6.398316163400204, -1.150388649956618, -0.46757882583731714, 0.0025632728819809333, -0.768959543320594, -0.1694974729043226, -0.7984033212130758, -7.398316163400205], "M": [-0.45580165806096357, -0.768959543320594, -0.014611870926151266, -2.3983161634002035, -2.6434286612367353, -1.6169564498755438, -1.228391161957891, -2.35392204404175, 0.4720485561832011], "F": [2.2237356560561725, -3.8133536626790474, 0.6351068381372469, -1.4914255677916852, -0.4441198530133283, 0.30212355474088887, -1.2690331464552371, -1.310853322149864, 2.0195363514856943], "R": [-0.45580165806096357, -5.398316163400204, -1.4914255677916852, -0.8905215232015071, 0.09353693292947131, -0.24856904389552129, 0.4843268859616378, -1.2690331464552371, -7.398316163400205], "W": [-2.5909612413425993, -7.398316163400205, -2.35392204404175, -3.938884544762906, -3.8133536626790474, -4.398316163400204, -3.3108533221498644, -4.398316163400204, -6.398316163400204], "H": [-0.5909612413425993, -7.398316163400205, -0.5781372009850158, -1.375948350371749, 0.23830845714344526, -0.5654261492354619, 0.26701975378497284, -1.2690331464552371, -7.398316163400205], "S": [0.4782007831647963, 0.8400885759248754, 0.2881843637830149, 0.6240516496282512, 0.7154260026489849, 0.9415338394844215, 0.7514309561044787, 1.5789637600997128, -7.398316163400205], "C": [-5.398316163400204, -7.398316163400205, -4.076388068512841, -5.813353662679048, -6.398316163400204, -3.5909612413425993, -4.590961241342599, -5.076388068512841, -7.398316163400205], "V": [0.6515323860503581, 0.7716088380421089, 0.9370741912937216, -0.9720514086981056, 0.74123518899859, 0.9723712434070142, 0.9680060508456123, 0.9100228667392039, 0.4345738507645382], "N": [-1.150388649956618, -6.398316163400204, 0.17153944493074447, -0.38708890797694917, 0.4025837365201013, -0.32150056634937263, -0.46757882583731714, -0.7118156362169851, -7.398316163400205], "P": [-7.398316163400205, 0.8963045854914237, -1.8747542073431906, 1.8111372022287462, 0.9054645847768996, 0.19414087386787696, 0.45343287801585425, -1.0584661605155787, -7.398316163400205], "Q": [-1.8747542073431906, 1.002563272881981, -0.38708890797694917, -0.1888627977712538, -0.279375090676696, -0.279375090676696, 0.4782007831647963, 0.41546502781683364, -7.398316163400205], "T": [-0.20849160452018628, 0.061115455237093975, -0.33222697294243103, -0.35392204404175, 0.30212355474088887, 0.8448578200727475, 0.8208523570619581, 1.4090387586574007, -7.398316163400205], "I": [0.5616857686678774, 0.39609970294990254, 1.3599070513265215, -1.1888627977712538, 0.2015966787869242, 0.5558801469866718, 0.45343287801585425, -1.076388068512841, -1.2690331464552371], "E": [-2.4914255677916852, -5.398316163400204, -0.9064630670705287, 1.5441983419390366, -0.13152962270530222, -0.7401046806484087, -0.03199394915438764, 1.4090387586574007, -7.398316163400205], "D": [-3.6978764452591117, -7.398316163400205, 0.4720485561832011, 1.3431508230009435, -0.279375090676696, -1.112913944537955, -1.4675788258373172, -1.9720514086981056, -7.398316163400205], "A": [0.07741726756619441, 2.5960372734586543, 1.1291608426601927, 0.27410917857129213, 0.39609970294990254, 0.3632350690442758, 0.3498766861892568, 1.499529292605308, -2.6434286612367353], "Y": [1.4345738507645382, -5.398316163400204, 0.4843268859616378, -2.6978764452591113, -1.076388068512841, -1.2084916045201863, -1.3983161634002037, -0.6978764452591112, 0.49042708549805564]}