{"L": [-1.1351926229821079, -5.28493974248679, -0.2625719294583351, 0.261954717400847, 0.5977033068750516, 0.7262875129364645, 1.3625186839681305, 1.355305193735556, 3.433593133582431], "G": [-0.6125144005152942, -7.28493974248679, -0.6999772417656336, 0.6038035064114694, 0.7094136943720682, 0.23862221357022312, -2.530052240323321, -0.7930866461571151, -7.28493974248679], "K": [-2.0370122290432042, -4.477584820429185, -5.699977241765634, -0.07548637685783989, -0.7303508908091523, -0.4520497283220479, -2.641083552712065, 0.515960157433515, -7.28493974248679], "M": [-0.8926223197080293, -7.28493974248679, -1.0561210519909088, -1.8926223197080294, -1.5570192879235905, -1.5300522403233212, -1.50358002896213, -1.3542024049239034, -0.9273877378687062], "F": [-0.12506840570840036, -6.284939742486789, -0.3780491468782713, -0.9099003111398649, -0.7771451022880935, -0.4269587473592178, -0.9099003111398649, -0.5300522403233212, 1.810457280305767], "R": [-1.07548637685784, 0.2542190686212417, -5.699977241765634, -0.30765981898687317, -1.4269587473592178, -1.0181532017918884, -1.7303508908091525, 0.44298071207640954, -7.28493974248679], "W": [-2.3307434320999145, -7.28493974248679, -4.115014741044478, -4.115014741044478, -3.699977241765634, -4.963011647599427, -1.6999772417656338, -4.477584820429185, -0.8926223197080293], "H": [1.0188410056903132, 4.173466870749744, -0.1659986697632824, -0.8255081238494923, -0.9099003111398649, -0.4394496915424143, 0.13291277239910806, -0.2962550557146239, -7.28493974248679], "S": [0.8340013302367176, -7.28493974248679, 1.663427489097888, 0.8078173984330627, 0.8025230987635499, 0.4898473171143835, 0.29248908554895897, 1.3297701016284185, -7.28493974248679], "C": [-7.28493974248679, -7.28493974248679, -1.2188505520290172, -4.477584820429185, -3.0370122290432042, -2.530052240323321, -3.28493974248679, -2.426958747359218, -7.28493974248679], "V": [-0.5434727560856427, -7.28493974248679, 0.04597713562782732, -0.25151674094933946, 1.1159396937953947, 1.050450612207135, 0.6923401810131269, 0.29248908554895897, -1.4775848204291855], "N": [0.7649088069637717, -6.284939742486789, -0.6702298983715815, 0.5668092989292678, -0.7771451022880935, -0.2962550557146239, 0.14968848514993494, -0.14538839008799614, -7.28493974248679], "P": [-7.28493974248679, -6.284939742486789, -7.28493974248679, 0.6980538322075204, 0.15800375336193864, -0.4394496915424143, 0.23862221357022312, -3.9630116475994273, -7.28493974248679], "Q": [0.9147326023495748, -0.6702298983715815, 0.0279432127975656, 0.04597713562782732, -0.1050306524718552, 0.4293057751793329, 0.7703426930144, 0.3444168775928199, -7.28493974248679], "T": [1.2029002913362616, -7.28493974248679, -0.5845000243456977, -0.2625719294583351, 0.3371120769695865, 0.24644171802952242, 0.23076009579725265, 1.090099688860135, -7.28493974248679], "I": [-0.30765981898687317, -7.28493974248679, 0.8546116099120039, -0.5845000243456977, -0.13519262298210777, 0.6457975950760966, -0.06577122202462804, -0.7613777864297769, 2.057134925512349], "E": [1.1413250122153082, -6.284939742486789, 0.46994775967667873, 1.0813824717590261, 1.0188410056903132, 1.050450612207135, 1.124451193650912, 0.31497309970033804, -7.28493974248679], "D": [-0.3307434320999146, -7.28493974248679, 1.9486799342729126, 1.0279432127975656, 0.7865226200698344, 0.18266580759620793, 0.29248908554895897, -2.1150147410444773, -7.28493974248679], "A": [0.31497309970033804, -7.28493974248679, 0.8698783665653144, 0.49641997103787, 0.39454035701865636, 0.23076009579725265, 0.23076009579725265, -0.008815337212552085, -7.28493974248679], "Y": [0.10737768029197065, -7.28493974248679, -1.0561210519909088, -1.9273877378687063, -1.176415285708621, -1.3076598189868733, -0.21885055202901715, -0.3542024049239034, -3.4775848204291857]}