{"L": [1.810966175609983, 3.511405893751075, 1.810966175609983, 0.9484696993599178, 1.1894777988637126, 2.1328942704973453, 1.0740005814437767, 0.9484696993599178, 2.810966175609983], "G": [-0.5109619192773794, -2.5109619192773796, -0.18903382439001706, -1.5109619192773793, 2.0126000367796335, -1.5109619192773793, -2.5109619192773796, -0.18903382439001706, -2.5109619192773796], "K": [0.48903808072262056, -2.5109619192773796, -2.5109619192773796, -0.18903382439001706, -0.9259994185562233, -2.5109619192773796, -2.5109619192773796, -0.18903382439001706, -2.5109619192773796], "M": [0.8109661756099831, 2.243925582886089, 1.3959286763311392, 0.6589630821649329, -2.5109619192773796, 0.48903808072262056, -0.5109619192773794, -2.5109619192773796, -1.5109619192773793], "F": [0.8109661756099831, -2.5109619192773796, 0.29639300278022457, -2.5109619192773796, 0.48903808072262056, -1.5109619192773793, 0.48903808072262056, 0.8109661756099831, -2.5109619192773796], "R": [-0.18903382439001706, -2.5109619192773796, -2.5109619192773796, -0.5109619192773794, -2.5109619192773796, -2.5109619192773796, -2.5109619192773796, -0.9259994185562233, -2.5109619192773796], "W": [-2.5109619192773796, -2.5109619192773796, 0.9484696993599178, -1.5109619192773793, -0.5109619192773794, -2.5109619192773796, 1.0740005814437767, -0.5109619192773794, -2.5109619192773796], "H": [-2.5109619192773796, -2.5109619192773796, -2.5109619192773796, -2.5109619192773796, -2.5109619192773796, -0.5109619192773794, -0.5109619192773794, -2.5109619192773796, -2.5109619192773796], "S": [0.07400058144377678, -2.5109619192773796, 0.07400058144377678, -0.18903382439001706, -0.9259994185562233, -0.5109619192773794, 0.07400058144377678, 1.2963930027802246, -1.5109619192773793], "C": [-1.5109619192773793, -2.5109619192773796, -2.5109619192773796, -1.5109619192773793, -2.5109619192773796, -0.9259994185562233, -2.5109619192773796, -2.5109619192773796, -2.5109619192773796], "V": [0.48903808072262056, 0.48903808072262056, -2.5109619192773796, 1.1894777988637126, 0.8109661756099831, 1.658963082164933, 0.9484696993599178, 0.07400058144377678, 2.8813555035013807], "N": [-2.5109619192773796, -2.5109619192773796, 0.07400058144377678, -2.5109619192773796, -2.5109619192773796, -0.5109619192773794, -2.5109619192773796, -2.5109619192773796, -2.5109619192773796], "P": [-2.5109619192773796, -2.5109619192773796, 0.07400058144377678, 0.07400058144377678, -0.9259994185562233, 0.6589630821649329, 1.4890380807226207, 0.9484696993599178, -2.5109619192773796], "Q": [-0.5109619192773794, -2.5109619192773796, -2.5109619192773796, -2.5109619192773796, -2.5109619192773796, -2.5109619192773796, -2.5109619192773796, -2.5109619192773796, -2.5109619192773796], "T": [-0.9259994185562233, -0.5109619192773794, -2.5109619192773796, 1.658963082164933, 1.0740005814437767, 0.48903808072262056, -0.18903382439001706, 1.1894777988637126, -1.5109619192773793], "I": [1.1894777988637126, 0.29639300278022457, 0.6589630821649329, 0.07400058144377678, 0.29639300278022457, 1.5765009219729598, 1.1894777988637126, -0.5109619192773794, 1.3959286763311392], "E": [-2.5109619192773796, -2.5109619192773796, -2.5109619192773796, 1.0740005814437767, -2.5109619192773796, -2.5109619192773796, -0.18903382439001706, -0.9259994185562233, -2.5109619192773796], "D": [-2.5109619192773796, -2.5109619192773796, 0.48903808072262056, 0.07400058144377678, -0.5109619192773794, -0.9259994185562233, -2.5109619192773796, -0.9259994185562233, -2.5109619192773796], "A": [0.8109661756099831, -1.5109619192773793, 1.4890380807226207, 0.9484696993599178, 1.3959286763311392, -0.9259994185562233, 0.48903808072262056, 1.3959286763311392, 0.9484696993599178], "Y": [0.6589630821649329, -2.5109619192773796, -2.5109619192773796, -2.5109619192773796, 0.07400058144377678, -2.5109619192773796, -0.18903382439001706, -0.5109619192773794, -2.5109619192773796]}