{"L": [-0.4620523187964329, -4.04701481951759, 1.4384120076526528, 1.0573218402971463, 0.5968413702571355, 1.1067905165614462, 2.6054716754005756, 0.3175576127782669, 2.85022560605721], "G": [1.5910590176631296, -5.368942914404951, -1.5109619192773793, 0.9439400408794041, 1.1229101819247231, 0.006096516941973393, -1.7839804136837956, 1.2531089050514246, -5.368942914404951], "K": [0.8789845990386341, -4.783980413683795, 0.3589775401582476, 0.3453026032611712, 0.7706084379938422, -0.3916629909050352, -0.9095112957676542, 0.6754512049535019, -2.7839804136837953], "M": [-1.725086724630227, -4.783980413683795, -0.4620523187964329, -1.7839804136837956, -1.6140554122414834, -1.239659897459985, -0.3028537239471791, -2.0470148195175892, 0.33149680373614054], "F": [-1.0113909097868679, -6.368942914404952, 1.579424317179726, -0.1990179129626393, 0.09048870423234592, 0.12291018192472315, -0.28148007315461226, -2.121015400961366, 1.9709070884796733], "R": [1.6699760748873507, 4.217896873556875, -1.239659897459985, -0.6410224598417524, -0.14012422390907064, -0.6965175724334558, -0.011390909786867869, 0.05732184029714622, -1.725086724630227], "W": [-2.7839804136837953, -6.368942914404952, -0.8770898180752769, -1.5109619192773793, -1.5615879923473475, -3.7839804136837953, -3.7839804136837953, -4.04701481951759, -4.04701481951759], "H": [-0.2396598974599851, -6.368942914404952, -0.28148007315461226, -1.5109619192773793, -0.4620523187964329, -1.7839804136837956, -2.4620523187964327, -0.8453809583479387, -1.4147466040180763], "S": [1.379249935184509, -3.5615879923473472, -0.2396598974599851, 0.5137001349568896, 0.3589775401582476, 0.6422843410183027, 0.33149680373614054, 1.4512360480102362, -3.5615879923473472], "C": [-4.783980413683795, -6.368942914404952, -4.368942914404952, -4.368942914404952, -6.368942914404952, -3.7839804136837953, -3.7839804136837953, -4.368942914404952, -5.368942914404951], "V": [-1.047014819517589, -5.368942914404951, 0.12291018192472315, -0.5360529002402099, 0.33149680373614054, 1.1067905165614462, 0.8009820870373607, 0.3453026032611712, 0.8978436262899497], "N": [-1.9766254916261914, -6.368942914404952, 0.48903808072262056, -0.5615879923473474, -0.48629986504311046, -0.6410224598417524, -0.8770898180752769, -0.5109619192773794, -6.368942914404952], "P": [-6.368942914404952, -6.368942914404952, -6.368942914404952, 1.4254729519451546, 0.3453026032611712, 0.8405104512239985, 0.3859445877585168, -2.909511295767654, -2.5615879923473472], "Q": [0.3175576127782669, -1.0835406955427032, -2.1990179129626393, 0.1067905165614463, 0.3859445877585168, 0.5014218051784529, -0.08354069554270305, 0.3859445877585168, -4.783980413683795], "T": [-0.3028537239471791, -6.368942914404952, -0.17911835552493438, -0.6685031962638595, 0.1067905165614463, 0.1067905165614463, -0.1594895487760016, 0.8694618249201274, -3.0470148195175892], "I": [-0.7250867246302268, -4.04701481951759, 0.6422843410183027, -0.32454879504649814, 0.13885172579374458, 1.208485913630797, 0.686339521096238, -1.4620523187964332, 0.12291018192472315], "E": [-1.6685031962638595, -6.368942914404952, -2.7839804136837953, 0.5379476812035671, -0.04701481951758913, -1.0113909097868679, -0.6965175724334558, 0.7603401025400149, -5.368942914404951], "D": [-4.04701481951759, -6.368942914404952, -1.1594895487760015, 0.5258748489029922, -0.6965175724334558, -2.0470148195175892, -2.6685031962638597, -0.7839804136837956, -6.368942914404952], "A": [1.2676817061386974, -0.9766254916261913, 0.1702158967030798, -0.36894291440495147, -0.1990179129626393, 0.3175576127782669, -0.5615879923473474, 0.6422843410183027, -0.3916629909050352], "Y": [-0.6965175724334558, -5.368942914404951, 1.2457669297102567, -0.9426781597028538, -0.3916629909050352, -0.7839804136837956, -1.3689429144049516, -1.239659897459985, 1.3314968037361405]}