{"L": [1.2630344058337937, -0.9541963103868752, 0.11619301750452257, 0.27846444640339985, -0.14684138832927132, 0.47876309688923074, 0.1501403494278603, 0.1501403494278603, 0.8938005961680748], "G": [-4.2761244052742375, -1.5756846871331458, -1.369233809665719, 0.21572869105543727, 0.11619301750452257, -0.5756846871331456, -1.9541963103868754, -0.8838069824954774, -5.2761244052742375], "K": [-1.8166927866369404, -5.2761244052742375, -2.4687694832166334, 0.18330721336305972, -0.5212369031107692, -0.5212369031107692, -1.1061994038319252, -0.4181434101466654, -2.691161904553082], "M": [0.2474375507827752, -4.2761244052742375, -0.5212369031107692, -3.6911619045530815, -2.954196310386875, -2.1061994038319254, -2.691161904553082, -2.4687694832166334, 0.9906621354206636], "F": [1.7351028501490164, -0.5756846871331456, -0.10619940383192514, -1.4687694832166334, -0.5756846871331456, -0.14684138832927132, -0.14684138832927132, -1.2761244052742375, 2.903784684740697], "R": [-1.5756846871331458, -5.2761244052742375, -1.9541963103868754, -0.2761244052742376, -0.5212369031107692, -1.1061994038319252, -1.8166927866369404, -0.8838069824954774, -5.2761244052742375], "W": [-2.4687694832166334, -3.2761244052742375, -2.4687694832166334, -3.6911619045530815, -2.691161904553082, -4.2761244052742375, -2.1061994038319254, -4.2761244052742375, -1.6911619045530817], "H": [1.2630344058337937, -4.2761244052742375, -0.8166927866369403, -1.1886615640238984, -1.1061994038319252, -0.5212369031107692, 0.3088380954469184, -1.1886615640238984, -2.954196310386875], "S": [0.5312305167833667, -1.1886615640238984, 0.18330721336305972, 0.6307661903342809, 0.6546129322886485, 0.5312305167833667, 0.21572869105543727, 1.5182914610758684, -5.2761244052742375], "C": [-5.2761244052742375, -5.2761244052742375, -5.2761244052742375, -5.2761244052742375, -5.2761244052742375, -4.2761244052742375, -4.2761244052742375, -3.2761244052742375, -5.2761244052742375], "V": [-0.8166927866369403, 0.11619301750452257, -0.3219280948873625, -0.10619940383192514, 0.3385854388409708, 0.8113384359761018, 1.746243407754217, 1.3677317845004873, -4.2761244052742375], "N": [0.11619301750452257, -5.2761244052742375, -0.8166927866369403, -0.46876948321663336, -0.46876948321663336, -0.6911619045530816, -0.5212369031107692, -1.8166927866369404, -5.2761244052742375], "P": [-3.2761244052742375, 3.3677317845004877, -1.6911619045530817, 1.6896598793878495, 1.1501403494278604, 0.1501403494278603, 0.45179604928896155, -0.9541963103868752, -2.954196310386875], "Q": [-0.7525624492172248, -1.9541963103868754, -0.2761244052742376, 0.08142759934384589, -0.5212369031107692, -0.5212369031107692, 0.18330721336305972, 0.18330721336305972, -4.2761244052742375], "T": [0.3088380954469184, -1.8166927866369404, -0.5756846871331456, -0.46876948321663336, 0.1501403494278603, 0.18330721336305972, -0.02819689183065214, 1.5182914610758684, -5.2761244052742375], "I": [0.08142759934384589, -2.1061994038319254, 0.45179604928896155, -0.9541963103868752, -0.3219280948873625, 0.3677317845004871, 0.5567656088905041, -1.028196891830652, -3.2761244052742375], "E": [-0.5756846871331456, -4.2761244052742375, 0.8938005961680748, 1.5440545571409503, 1.1501403494278604, 1.4243153128668546, 0.8938005961680748, 1.3088380954469185, -5.2761244052742375], "D": [-1.2761244052742375, -5.2761244052742375, 2.382087077477557, 0.45179604928896155, 1.4381211123918851, 1.32378843691289, 0.04580368961312475, -2.1061994038319254, -5.2761244052742375], "A": [-1.1061994038319252, 2.0184963436173895, 1.1833072133630598, 0.3385854388409708, 0.4243153128668545, 0.08142759934384589, 0.3088380954469184, 1.0637255976103872, -5.2761244052742375], "Y": [1.1332665308634642, 0.5567656088905041, -0.5756846871331456, -1.1886615640238984, -0.8838069824954774, -0.8838069824954774, 0.00927781358801065, -1.5756846871331458, 2.9430441151879245]}