{"L": [-1.9259994185562235, -1.9259994185562235, 1.658963082164933, 1.5334322000810743, -1.9259994185562235, -1.9259994185562235, 1.0740005814437767, -1.9259994185562235, 3.774440299584869], "G": [-1.9259994185562235, -1.9259994185562235, -1.9259994185562235, -0.9259994185562233, 0.07400058144377678, 0.07400058144377678, -0.3410369178350672, -1.9259994185562235, -1.9259994185562235], "K": [-1.9259994185562235, -1.9259994185562235, -0.9259994185562233, -0.3410369178350672, 0.8813555035013807, 0.07400058144377678, 0.07400058144377678, -0.9259994185562233, -1.9259994185562235], "M": [-1.9259994185562235, -1.9259994185562235, -1.9259994185562235, -1.9259994185562235, -1.9259994185562235, -0.9259994185562233, 0.07400058144377678, -1.9259994185562235, -0.3410369178350672], "F": [-0.3410369178350672, -1.9259994185562235, 2.074000581443777, 0.07400058144377678, 0.07400058144377678, 0.07400058144377678, -1.9259994185562235, -1.9259994185562235, -0.9259994185562233], "R": [0.07400058144377678, 3.8288880836072456, -1.9259994185562235, -0.3410369178350672, 3.203283598388743, 1.2439255828860891, -0.9259994185562233, -0.9259994185562233, -1.9259994185562235], "W": [-1.9259994185562235, -1.9259994185562235, -1.9259994185562235, -1.9259994185562235, -1.9259994185562235, -1.9259994185562235, -1.9259994185562235, -1.9259994185562235, -1.9259994185562235], "H": [-1.9259994185562235, -1.9259994185562235, -1.9259994185562235, -1.9259994185562235, -1.9259994185562235, -1.9259994185562235, 0.3959286763311391, -1.9259994185562235, -1.9259994185562235], "S": [0.07400058144377678, -1.9259994185562235, -1.9259994185562235, -0.9259994185562233, 0.07400058144377678, -0.9259994185562233, 0.6589630821649329, 2.321928094887362, -1.9259994185562235], "C": [-1.9259994185562235, -1.9259994185562235, -1.9259994185562235, -1.9259994185562235, -1.9259994185562235, -1.9259994185562235, -1.9259994185562235, -1.9259994185562235, -1.9259994185562235], "V": [0.3959286763311391, -1.9259994185562235, 1.2439255828860891, -0.9259994185562233, -1.9259994185562235, 0.8813555035013807, -0.9259994185562233, 1.3959286763311392, 0.07400058144377678], "N": [2.321928094887362, -0.9259994185562233, 0.3959286763311391, -1.9259994185562235, -1.9259994185562235, -0.9259994185562233, 0.07400058144377678, -1.9259994185562235, -1.9259994185562235], "P": [-1.9259994185562235, -1.9259994185562235, -0.9259994185562233, 1.2439255828860891, -0.3410369178350672, 0.07400058144377678, -1.9259994185562235, -1.9259994185562235, -1.9259994185562235], "Q": [-1.9259994185562235, 0.8813555035013807, -0.3410369178350672, 0.07400058144377678, -0.9259994185562233, 0.8813555035013807, 0.07400058144377678, 0.6589630821649329, -1.9259994185562235], "T": [-1.9259994185562235, -1.9259994185562235, -1.9259994185562235, -1.9259994185562235, -0.9259994185562233, 1.3959286763311392, 0.3959286763311391, 1.3959286763311392, -1.9259994185562235], "I": [-0.9259994185562233, -1.9259994185562235, 0.6589630821649329, 0.07400058144377678, -0.3410369178350672, 1.3959286763311392, 1.3959286763311392, -1.9259994185562235, 0.3959286763311391], "E": [0.8813555035013807, 0.6589630821649329, -1.9259994185562235, 2.074000581443777, -1.9259994185562235, -1.9259994185562235, 0.8813555035013807, 1.0740005814437767, -1.9259994185562235], "D": [2.5975625375007896, -1.9259994185562235, -1.9259994185562235, 1.0740005814437767, -0.9259994185562233, -0.9259994185562233, -1.9259994185562235, -0.3410369178350672, -1.9259994185562235], "A": [-1.9259994185562235, -0.9259994185562233, -0.9259994185562233, 0.07400058144377678, -0.3410369178350672, -0.3410369178350672, -1.9259994185562235, 1.774440299584869, -1.9259994185562235], "Y": [-0.3410369178350672, -1.9259994185562235, 1.881355503501381, -1.9259994185562235, 0.07400058144377678, 0.07400058144377678, 0.8813555035013807, -1.9259994185562235, 1.0740005814437767]}