{"L": [0.7846780519153537, 3.582997435982144, 1.5683287133816897, -0.25431607970050996, 0.9270309753266845, 1.8252458217960068, 0.9347562684359119, 0.7728746053014712, 2.8537946006850388], "G": [0.3003194921326034, -2.88614518545964, -0.45924753097073523, 0.7067349088587979, 0.47472259869406763, -0.5560739172636635, -1.7192478767148962, 0.11725339100222465, -3.7560846448952674], "K": [0.8626805639166271, -4.707175044414321, -1.274215637138215, 0.0024832037561498795, 0.4425720750903612, -0.9774410194791907, -0.7437009204394349, 0.44798049769765125, -3.859178137859371], "M": [-1.1023129862554597, 0.594168718316949, -0.0826841795065272, -2.424241081142822, -1.731422590660998, -1.2260483546777046, -1.328663421160591, -1.5533697083352855, -1.3852469495269586], "F": [1.0079861794335367, -3.1546340213855424, 0.4425720750903612, -1.3566777973301878, 0.15907356669685171, -0.3194448911312123, 0.35171864463924774, -0.17112214417411098, -1.8929664513156546], "R": [0.2361211976229347, -3.999355795907631, -1.9067065079419565, -0.7843429049367808, -0.17943741238611477, -1.213186203740655, -0.9032592063234878, 0.1607214195783342, -3.2046747038851375], "W": [-2.4541943032444498, -7.029103139301683, -0.7623165986067818, -2.5266027987725, -1.7811756258580975, -2.7811756258580975, -1.2217482172440792, -2.6140656400228397, -5.090503683965827], "H": [-1.2477434257770235, -4.484782623077873, -1.2046747038851375, -1.2303613475487871, -0.3685129337671573, -1.8067107179652353, 0.20611332239234828, -0.6056370179522588, -5.5266027987725], "S": [1.0924303780383486, -1.9345855405173935, 0.49837386675871304, 0.6409629297958901, 0.19650599471830743, 0.19971555119419765, -0.09246520029911263, 0.8697501372414173, -2.6482813553607523], "C": [-3.221748217244079, -4.707175044414321, -2.580642638485389, -2.292137545135477, -2.2046747038851375, -1.955854157271045, -2.5266027987725, -2.707175044414321, -2.9993557959076314], "V": [0.35604025058934113, 0.5806912143994086, -0.0944293871796265, -0.9702094502481146, 0.7168512380917778, 1.417980086907969, 0.9192640922829947, -0.41930878560059137, 2.762059749253335], "N": [-1.0518232158017669, -4.122212543693165, -0.22604835467770457, 0.0759323313966058, -0.3332948698922367, -0.20043771099866686, -0.4643185205181572, -0.25431607970050996, -4.292137545135477], "P": [-3.3102848918457366, -3.707175044414321, -0.6482813553607523, 0.8463902562867972, -0.6862876779404972, 0.19650599471830743, 0.7390811854752433, -0.677427701020269, -4.40461227439389], "Q": [-0.7131988320420908, -0.43415655000790493, -0.14442382278332336, -0.3194448911312123, -0.30572660988343214, -0.4291902971145556, -0.12421767958354157, 0.3137123220595029, -4.187800885320741], "T": [0.04235922325494083, -0.40217734547683576, -0.3034528583633111, -0.17112214417411098, 0.2392439153808351, 0.32844886531640044, 0.383113840914782, 1.0134682444499523, -1.1878008853207414], "I": [0.26551760958994386, 0.8058945378250498, 0.592948680154693, -0.9594296114948722, 0.4262240810028776, 1.2822667638871026, 0.5683287133816896, -1.0944293871796265, 1.0627729664513141], "E": [-2.021608602754759, -2.265337485791762, -1.2217482172440792, 1.7044771696798844, 0.3689279346714707, -0.31028489184573643, 0.33721907494413284, 0.9443550732458249, -4.059476788345202], "D": [-2.265337485791762, -4.756084644895267, 0.6267256921391174, 1.3887493755842149, -0.15463402138554208, -0.9738207038004936, -0.9702094502481146, -1.5372500429720082, -5.090503683965827], "A": [1.0396751386837293, -0.8392785804216658, 1.0279860529051374, 0.31667169754004687, 0.32551357429185374, -0.08658863396244343, 0.768558386552077, 0.6608948321177622, 0.7900114962183946], "Y": [0.5990385796190673, -2.970209450248115, 0.07767787914843534, -1.6540637079547582, -0.34727909932793805, -1.3426026121184649, -0.28988509340409835, -0.14646008993984194, -2.006735326273229]}