{"L": [0.0892673380970873, -2.232660756790275, 0.7673392432097248, 0.0892673380970873, 0.352301743930881, 0.5746941652673291, 0.0892673380970873, 1.2267708618470223, 3.9170863627144072], "G": [0.5746941652673291, -2.232660756790275, -2.232660756790275, 1.6742298388182435, 1.0892673380970874, 1.467778961350817, -0.2326607567902752, -0.2326607567902752, -2.232660756790275], "K": [0.352301743930881, 0.0892673380970873, -1.2326607567902752, 0.7673392432097248, -0.6476982560691191, 0.0892673380970873, 0.352301743930881, -2.232660756790275, -2.232660756790275], "M": [-0.2326607567902752, 1.6742298388182435, 0.352301743930881, -0.2326607567902752, -2.232660756790275, -1.2326607567902752, -0.2326607567902752, -1.2326607567902752, 0.0892673380970873], "F": [0.7673392432097248, -2.232660756790275, 0.0892673380970873, -0.6476982560691191, -0.2326607567902752, -0.6476982560691191, -0.6476982560691191, -0.6476982560691191, 1.574694165267329], "R": [2.7215355535966004, 0.7673392432097248, -0.2326607567902752, -2.232660756790275, 0.352301743930881, 0.0892673380970873, -1.2326607567902752, -2.232660756790275, -2.232660756790275], "W": [0.7673392432097248, -2.232660756790275, 1.352301743930881, -1.2326607567902752, 0.0892673380970873, -0.6476982560691191, -0.2326607567902752, -2.232660756790275, -2.232660756790275], "H": [-1.2326607567902752, -1.2326607567902752, -0.2326607567902752, -1.2326607567902752, -0.2326607567902752, -0.2326607567902752, -1.2326607567902752, -2.232660756790275, -2.232660756790275], "S": [0.0892673380970873, -2.232660756790275, -2.232660756790275, -1.2326607567902752, 0.9372642446520372, 0.9372642446520372, 0.5746941652673291, 0.9372642446520372, -2.232660756790275], "C": [-2.232660756790275, -2.232660756790275, -1.2326607567902752, -2.232660756790275, -2.232660756790275, -2.232660756790275, -2.232660756790275, -2.232660756790275, -2.232660756790275], "V": [-2.232660756790275, -1.2326607567902752, 0.9372642446520372, -2.232660756790275, 0.0892673380970873, -0.2326607567902752, 1.467778961350817, 0.0892673380970873, -2.232660756790275], "N": [-2.232660756790275, -2.232660756790275, 0.0892673380970873, -0.2326607567902752, -1.2326607567902752, -1.2326607567902752, -0.6476982560691191, -2.232660756790275, -2.232660756790275], "P": [-2.232660756790275, -1.2326607567902752, 0.352301743930881, -0.6476982560691191, 1.0892673380970874, 0.352301743930881, 0.352301743930881, 1.352301743930881, -2.232660756790275], "Q": [-1.2326607567902752, 3.0152667566533102, -1.2326607567902752, -2.232660756790275, -0.6476982560691191, 0.0892673380970873, -0.2326607567902752, -0.6476982560691191, -2.232660756790275], "T": [-2.232660756790275, -2.232660756790275, -2.232660756790275, -0.2326607567902752, -0.2326607567902752, 0.5746941652673291, -0.2326607567902752, 0.5746941652673291, -2.232660756790275], "I": [-1.2326607567902752, -2.232660756790275, -0.6476982560691191, -0.6476982560691191, 1.574694165267329, -0.6476982560691191, 0.5746941652673291, 0.9372642446520372, -0.6476982560691191], "E": [-1.2326607567902752, 1.467778961350817, -1.2326607567902752, 1.352301743930881, -2.232660756790275, -1.2326607567902752, -1.2326607567902752, -0.6476982560691191, -2.232660756790275], "D": [-2.232660756790275, -2.232660756790275, -2.232660756790275, 0.352301743930881, -2.232660756790275, 0.9372642446520372, -0.2326607567902752, -2.232660756790275, -2.232660756790275], "A": [-0.6476982560691191, 0.5746941652673291, 0.7673392432097248, 1.7673392432097248, 0.0892673380970873, -0.6476982560691191, 0.9372642446520372, 2.0152667566533107, -2.232660756790275], "Y": [0.5746941652673291, -2.232660756790275, 1.574694165267329, -1.2326607567902752, -1.2326607567902752, -1.2326607567902752, 0.0892673380970873, -0.6476982560691191, -2.232660756790275]}