{"L": [-1.8107858274578774, -3.98071082890019, 1.359139173984435, 0.7607561575009569, 0.8896538906832147, 1.313909919991437, 1.3856113853456258, -3.395748328179034, -4.3957483281790335], "G": [-0.9363167095417366, -1.3368546391254654, -1.5883934061214295, 0.2672166845433954, 0.4950226020662078, 0.019289171099809942, -3.98071082890019, -0.4571488728431772, -4.9807108289001905], "K": [-2.395748328179034, -3.658782734012828, -0.6953086100379418, 0.4455539258019078, -0.36600098478498166, -0.07382023329167146, -0.6587827340128279, -0.36600098478498166, -5.98071082890019], "M": [-0.6953086100379418, -5.98071082890019, -0.48885773257051535, -2.0738202332916713, -1.5883934061214295, -1.5212792102628927, -1.395748328179034, -3.173355906842586, -5.98071082890019], "F": [-0.7712574632712403, -5.98071082890019, 1.3412172659871722, -1.8932479876498507, 0.5584479822078413, 0.0853783615575823, -0.7712574632712403, -4.3957483281790335, -5.98071082890019], "R": [-0.7327833154566047, 2.619202013286938, -0.4571488728431772, 0.019289171099809942, -0.04997349133730387, -0.2802711107590979, -0.12272983377261776, -0.5883934061214297, -5.98071082890019], "W": [-5.98071082890019, -5.98071082890019, -1.5212792102628927, -2.8107858274578774, -3.658782734012828, -3.173355906842586, -2.8107858274578774, -5.98071082890019, -5.98071082890019], "H": [0.6631453608745347, 3.3746402675246228, 0.5270838112985063, -1.7327833154566046, -0.98071082890019, -0.9363167095417366, 0.1892141725421225, -1.8107858274578774, -5.98071082890019], "S": [1.0853783615575823, -3.658782734012828, 0.35913917398443485, 0.5111422674294847, 0.7874734958767365, 0.3943286024467347, -0.5212792102628926, 2.2766770137924617, -3.395748328179034], "C": [-5.98071082890019, -5.98071082890019, -1.395748328179034, -3.98071082890019, -3.173355906842586, -4.3957483281790335, -3.173355906842586, -3.658782734012828, -0.8107858274578776], "V": [-1.658782734012828, -5.98071082890019, 0.16903629060449202, 0.3768411757178937, 0.9734854814866852, 1.007973857871976, 1.4286801072375117, 0.5738780227774473, 1.7403883598069954], "N": [0.7874734958767365, -3.173355906842586, 0.22874253672875966, -0.6587827340128279, -0.3368546391254654, -2.173355906842586, -0.5883934061214297, -1.98071082890019, -5.98071082890019], "P": [-5.98071082890019, -0.9363167095417366, -0.9363167095417366, 1.2481078615956909, -0.19935111537553035, 1.0416569841282648, 0.3768411757178937, -1.5883934061214295, -3.173355906842586], "Q": [1.1067520123501495, 0.8266440931574143, 0.16903629060449202, 0.5738780227774473, 0.6631453608745347, 0.22874253672875966, 0.0853783615575823, -0.09806777953834878, -5.98071082890019], "T": [1.1067520123501495, -5.98071082890019, 0.10675201235014946, -0.04997349133730387, 0.24810786159569093, 0.04165698412826463, 0.5111422674294847, 0.9618036764390501, -0.7712574632712403], "I": [-1.5212792102628927, -5.98071082890019, -0.36600098478498166, -0.09806777953834878, -0.07382023329167146, 1.1278136278779791, 0.7607561575009569, -1.5212792102628927, -3.98071082890019], "E": [1.7607561575009572, -2.173355906842586, -2.5212792102628927, 0.7607561575009569, -0.026514518513314742, -0.36600098478498166, 0.20911372997982722, 0.9261797667083286, -5.98071082890019], "D": [0.3768411757178937, -5.98071082890019, -2.8107858274578774, 0.14857218804477654, -1.5212792102628927, -1.8107858274578774, -1.5212792102628927, -3.173355906842586, -5.98071082890019], "A": [0.47872078973710747, -2.395748328179034, 0.47872078973710747, 0.6192020132869376, 0.5738780227774473, 0.20911372997982722, 0.8394681335149978, 2.3276282012392175, 3.9201559790805587], "Y": [-0.5212792102628926, -5.98071082890019, 0.6339990152150183, -1.98071082890019, -0.7327833154566047, -1.2258233267367218, -0.7712574632712403, -4.9807108289001905, -5.98071082890019]}