{"L": [-0.5052353082504222, -5.459431618637298, 1.573991382900153, 1.5292530681348688, 1.7597369018248643, 1.606657571820475, 0.9156078127096274, 1.2684888359259017, 3.509235174557911], "G": [1.4947646917495778, -5.459431618637298, -2.289506617194985, 0.6490928381408717, 0.06413033741971556, -0.8744691179161412, -2.0, 0.932885804141463, -5.459431618637298], "K": [-0.21150410519371177, -5.459431618637298, -1.137503523749935, -0.41503749927884404, -0.5052353082504222, -0.3301486016923309, -3.4594316186372978, 0.2684888359259017, -5.459431618637298], "M": [-0.8744691179161412, -5.459431618637298, -0.4594316186372975, -1.8744691179161412, -0.9358696625802844, -1.2115041051937117, -1.6520766965796936, -2.0, -0.17402939977504894], "F": [-0.8744691179161412, -5.459431618637298, 1.5405683813627027, 0.44745897697122117, 0.2954558835261713, 0.584962500721156, 1.079727192470734, -0.06711419585853691, 1.7884958948062883], "R": [0.6698513983076692, 4.320287736506107, -2.6520766965796936, -1.371968777386958, -2.137503523749935, -0.8155754288625728, -3.137503523749935, -0.13750352374993496, -5.459431618637298], "W": [-5.459431618637298, -5.459431618637298, -0.2499782530083476, -1.2115041051937117, -2.289506617194985, -1.7589919004962054, -1.137503523749935, -2.6520766965796936, -5.459431618637298], "H": [0.2954558835261713, -5.459431618637298, -0.5052353082504222, -1.5525410230287788, -2.4594316186372973, -2.4594316186372973, -1.6520766965796936, -0.7589919004962052, -5.459431618637298], "S": [1.423211430724544, -5.459431618637298, 0.06413033741971556, 0.09515723304034004, -0.2499782530083476, -0.41503749927884404, -0.06711419585853691, 0.6280312226130421, -5.459431618637298], "C": [-4.459431618637297, -5.459431618637298, -4.459431618637297, -5.459431618637298, -5.459431618637298, -5.459431618637298, -5.459431618637298, -3.137503523749935, -5.459431618637298], "V": [-0.10187961401921365, -5.459431618637298, 0.39854937649027455, 0.2684888359259017, 1.0641303374197155, 1.0163018123291003, 1.212993723334198, -0.2499782530083476, 1.1844245711374273], "N": [-1.5525410230287788, -5.459431618637298, 0.4232114307245439, -0.5525410230287788, -1.0, -0.4594316186372975, 0.06413033741971556, 0.7693870718585836, -5.459431618637298], "P": [-5.459431618637298, -5.459431618637298, -4.459431618637297, 1.1699250014423124, 0.24100809950379473, 0.2954558835261713, 0.5629361943911573, -4.459431618637297, -5.459431618637298], "Q": [0.6490928381408717, -5.459431618637298, -0.5052353082504222, -0.21150410519371177, -0.06711419585853691, 0.4713057189255889, 0.4947646917495779, 0.4947646917495779, -5.459431618637298], "T": [-0.06711419585853691, -5.459431618637298, -0.17402939977504894, -1.2115041051937117, -0.13750352374993496, -0.03316686393519929, -0.10187961401921365, 0.7884958948062882, -3.8744691179161412], "I": [0.4713057189255889, -5.459431618637298, 1.0641303374197155, -0.17402939977504894, 1.1987798641144973, 1.0483630215613988, 0.8259706002249511, -2.137503523749935, 0.7500217469916525], "E": [-0.6520766965796935, -5.459431618637298, -2.6520766965796936, 0.5178483048626192, 0.15527822547791084, 0.4232114307245439, 0.7303929402427201, 0.584962500721156, -5.459431618637298], "D": [-5.459431618637298, -5.459431618637298, 0.1844245711374273, 0.6490928381408717, -0.4594316186372975, -0.8155754288625728, -0.17402939977504894, -0.9358696625802844, -5.459431618637298], "A": [1.3734583955274444, -5.459431618637298, 0.15527822547791084, -0.10187961401921365, -0.21150410519371177, -0.10187961401921365, -0.17402939977504894, 0.32192809488736235, -3.4594316186372978], "Y": [-0.9358696625802844, -5.459431618637298, 0.1844245711374273, -0.5525410230287788, 0.03242147769237743, -0.6520766965796935, 0.12553088208385882, -0.4594316186372975, -4.459431618637297]}