{"L": [1.5145731728297582, -0.6870606883398924, 0.31293931166010763, 0.8979018123812637, 0.16093621821505757, 0.7983661388303495, 1.1609362182150575, 0.7983661388303495, 1.745898718936214, 1.3833286395515054, 3.276413435634994], "G": [-0.42402628250609853, -3.008988783227255, -0.6870606883398924, -0.6870606883398924, 0.31293931166010763, -0.00898878322725481, -0.2016338611696506, 0.4504428354100426, -0.00898878322725481, -0.00898878322725481, -3.008988783227255], "K": [-0.6870606883398924, -3.008988783227255, 0.16093621821505757, 0.16093621821505757, 0.16093621821505757, -0.42402628250609853, -0.00898878322725481, -0.42402628250609853, -0.00898878322725481, -1.4240262825060985, -3.008988783227255], "M": [-0.6870606883398924, -3.008988783227255, -0.6870606883398924, -3.008988783227255, -0.6870606883398924, -0.6870606883398924, -1.4240262825060985, -2.008988783227255, -1.0089887832272548, -0.42402628250609853, 0.4504428354100426], "F": [2.0354053361311983, -0.00898878322725481, 1.5759737174939015, -0.42402628250609853, 0.8979018123812637, -0.2016338611696506, 0.5759737174939015, 0.16093621821505757, -1.0089887832272548, -0.00898878322725481, 1.6914509349138376], "R": [0.9910112167727452, 3.514573172829758, 0.4504428354100426, 0.8979018123812637, 1.078474058023085, -0.42402628250609853, 0.8979018123812637, 0.4504428354100426, 0.4504428354100426, -0.6870606883398924, -3.008988783227255], "W": [-2.008988783227255, -3.008988783227255, -1.4240262825060985, -0.6870606883398924, -1.0089887832272548, -1.0089887832272548, -3.008988783227255, -3.008988783227255, -3.008988783227255, -3.008988783227255, -3.008988783227255], "H": [-1.4240262825060985, -3.008988783227255, -0.6870606883398924, -0.42402628250609853, -3.008988783227255, -1.4240262825060985, -2.008988783227255, -0.2016338611696506, -1.0089887832272548, -0.6870606883398924, -3.008988783227255], "S": [1.4504428354100425, 0.16093621821505757, 0.8979018123812637, 0.8979018123812637, 0.7983661388303495, 1.3129393116601076, 0.9910112167727452, 0.7983661388303495, 0.6914509349138375, 0.8979018123812637, -3.008988783227255], "C": [-3.008988783227255, -3.008988783227255, -3.008988783227255, -2.008988783227255, -3.008988783227255, -0.42402628250609853, -3.008988783227255, -1.4240262825060985, -2.008988783227255, -2.008988783227255, -3.008988783227255], "V": [-1.0089887832272548, -3.008988783227255, 0.31293931166010763, -0.2016338611696506, 0.5759737174939015, 0.16093621821505757, -0.2016338611696506, -0.00898878322725481, 0.16093621821505757, 0.8979018123812637, 1.2389387302163308], "N": [-1.0089887832272548, -3.008988783227255, -0.00898878322725481, -0.00898878322725481, 0.8979018123812637, 0.16093621821505757, -0.6870606883398924, -0.2016338611696506, -0.2016338611696506, -2.008988783227255, -3.008988783227255], "P": [-3.008988783227255, -3.008988783227255, -0.6870606883398924, 1.078474058023085, 0.31293931166010763, 0.4504428354100426, 0.16093621821505757, 0.16093621821505757, 0.5759737174939015, -0.00898878322725481, -3.008988783227255], "Q": [-2.008988783227255, -1.4240262825060985, -0.6870606883398924, -0.6870606883398924, -1.0089887832272548, -0.2016338611696506, -1.0089887832272548, 0.16093621821505757, 0.6914509349138375, -0.2016338611696506, -3.008988783227255], "T": [-1.0089887832272548, -0.2016338611696506, -1.4240262825060985, -1.4240262825060985, -1.0089887832272548, 0.4504428354100426, 0.9910112167727452, 0.31293931166010763, -0.00898878322725481, 1.078474058023085, -3.008988783227255], "I": [-0.00898878322725481, -2.008988783227255, 0.4504428354100426, -0.00898878322725481, -0.2016338611696506, -0.42402628250609853, -0.2016338611696506, 0.31293931166010763, -0.00898878322725481, 0.16093621821505757, 0.9910112167727452], "E": [-3.008988783227255, -3.008988783227255, -3.008988783227255, 1.1609362182150575, -2.008988783227255, 0.16093621821505757, 0.6914509349138375, -0.00898878322725481, -0.6870606883398924, 0.16093621821505757, -3.008988783227255], "D": [-3.008988783227255, -3.008988783227255, -0.6870606883398924, -0.2016338611696506, -1.4240262825060985, 0.16093621821505757, -1.0089887832272548, -0.6870606883398924, -1.0089887832272548, -1.4240262825060985, -3.008988783227255], "A": [-1.4240262825060985, -0.00898878322725481, 0.16093621821505757, -0.42402628250609853, 0.6914509349138375, -0.00898878322725481, -0.00898878322725481, 0.5759737174939015, -0.00898878322725481, 0.31293931166010763, -3.008988783227255], "Y": [1.1609362182150575, 1.3833286395515054, 0.9910112167727452, -1.4240262825060985, -0.42402628250609853, -1.4240262825060985, -0.6870606883398924, -0.6870606883398924, -0.6870606883398924, -0.00898878322725481, 0.16093621821505757]}