{"L": [-0.7655347463629774, -2.7655347463629774, 1.2344652536370229, -0.18057224564182092, -0.44360665147561484, 0.8194277543581792, 0.6938968722743203, 0.6938968722743203, 1.1413558492455413, -0.18057224564182092, 3.9623857082002223], "G": [-2.7655347463629774, -2.7655347463629774, -1.7655347463629774, 0.0418201756946269, 0.4043902550793353, 1.6267826764157833, 1.4823927670806085, 1.3219280948873624, -1.180572245641821, -1.180572245641821, -2.7655347463629774], "K": [-2.7655347463629774, -2.7655347463629774, -2.7655347463629774, -0.18057224564182092, -1.7655347463629774, 0.0418201756946269, 0.0418201756946269, -0.44360665147561484, -1.7655347463629774, -0.7655347463629774, -2.7655347463629774], "M": [0.5563933485243852, -2.7655347463629774, 0.0418201756946269, -1.7655347463629774, -2.7655347463629774, -2.7655347463629774, -0.7655347463629774, -1.7655347463629774, -0.44360665147561484, -1.7655347463629774, -0.44360665147561484], "F": [1.3219280948873624, -2.7655347463629774, 1.7580272096940357, -1.180572245641821, -1.180572245641821, -2.7655347463629774, -2.7655347463629774, -0.7655347463629774, -0.18057224564182092, -1.7655347463629774, -0.44360665147561484], "R": [-1.7655347463629774, 2.660730008339121, -2.7655347463629774, -1.180572245641821, -1.7655347463629774, -1.180572245641821, -2.7655347463629774, -1.7655347463629774, -2.7655347463629774, -2.7655347463629774, -2.7655347463629774], "W": [-1.180572245641821, -2.7655347463629774, -2.7655347463629774, -2.7655347463629774, -2.7655347463629774, -2.7655347463629774, -1.7655347463629774, -2.7655347463629774, -2.7655347463629774, -2.7655347463629774, -2.7655347463629774], "H": [1.2344652536370229, 3.6774087494857515, -0.44360665147561484, -1.180572245641821, -1.7655347463629774, -1.180572245641821, -2.7655347463629774, -0.7655347463629774, -0.7655347463629774, -2.7655347463629774, -2.7655347463629774], "S": [0.2344652536370227, -2.7655347463629774, -0.44360665147561484, 0.5563933485243852, 1.3219280948873624, 0.4043902550793353, 1.2344652536370229, 0.8194277543581792, 0.0418201756946269, 1.4823927670806085, -2.7655347463629774], "C": [-2.7655347463629774, -2.7655347463629774, -2.7655347463629774, -2.7655347463629774, -2.7655347463629774, -2.7655347463629774, -2.7655347463629774, -2.7655347463629774, -2.7655347463629774, -2.7655347463629774, -2.7655347463629774], "V": [-1.180572245641821, -2.7655347463629774, -0.18057224564182092, -1.7655347463629774, 0.5563933485243852, -0.18057224564182092, 0.4043902550793353, 0.2344652536370227, 0.8194277543581792, 1.9893527558004915, 0.6938968722743203], "N": [-0.18057224564182092, -2.7655347463629774, -2.7655347463629774, -0.18057224564182092, 0.0418201756946269, -0.18057224564182092, -0.18057224564182092, 0.2344652536370227, 0.2344652536370227, -2.7655347463629774, -2.7655347463629774], "P": [-2.7655347463629774, -1.7655347463629774, -1.7655347463629774, 1.8783214434117477, 1.7580272096940357, 0.6938968722743203, 0.6938968722743203, -0.7655347463629774, -1.7655347463629774, -2.7655347463629774, -2.7655347463629774], "Q": [0.5563933485243852, -1.7655347463629774, 0.0418201756946269, -0.44360665147561484, -0.18057224564182092, 0.2344652536370227, -0.7655347463629774, 0.6938968722743203, 0.5563933485243852, -0.7655347463629774, -2.7655347463629774], "T": [1.819427754358179, -2.7655347463629774, -1.7655347463629774, -0.18057224564182092, 0.0418201756946269, -0.18057224564182092, 0.5563933485243852, 0.2344652536370227, 0.934904971778115, 1.556393348524385, -2.7655347463629774], "I": [-2.7655347463629774, -2.7655347463629774, 1.4823927670806085, -0.18057224564182092, -1.180572245641821, -0.44360665147561484, -1.180572245641821, 0.934904971778115, 0.5563933485243852, -0.44360665147561484, -1.180572245641821], "E": [0.5563933485243852, -2.7655347463629774, -0.44360665147561484, 0.0418201756946269, 1.3219280948873624, 0.8194277543581792, 0.934904971778115, -1.180572245641821, 0.6938968722743203, 0.2344652536370227, -2.7655347463629774], "D": [-0.7655347463629774, -2.7655347463629774, 0.6938968722743203, 1.819427754358179, -0.18057224564182092, 0.934904971778115, 0.0418201756946269, -0.18057224564182092, 0.0418201756946269, -2.7655347463629774, -2.7655347463629774], "A": [-0.18057224564182092, -2.7655347463629774, 1.2344652536370229, 0.5563933485243852, 1.1413558492455413, 0.5563933485243852, 0.6938968722743203, 0.6938968722743203, 1.1413558492455413, 2.1413558492455413, -0.44360665147561484], "Y": [0.6938968722743203, -2.7655347463629774, 0.2344652536370227, -0.44360665147561484, -2.7655347463629774, -1.180572245641821, -2.7655347463629774, -0.44360665147561484, -1.180572245641821, -1.180572245641821, -2.7655347463629774]}