{"L": [-1.133640884117536, -2.6361412246467193, 1.0077149651280055, 0.9883496402610743, 0.42275246440684927, 0.8012640876605792, 1.1364482792502084, 1.2546297055985223, -0.17670960600942195, 1.2546297055985223, 0.685786870240643], "G": [-0.97317621192429, -3.2211037253678754, -0.5772475355931508, 0.026823788075710085, 0.3334851263097619, 0.7330925850189998, 0.6117862887968661, 0.7330925850189998, -0.8991756304805131, 0.026823788075710085, -5.221103725367876], "K": [-0.17670960600942195, -5.221103725367876, 0.5068167291953238, -0.17670960600942195, -1.133640884117536, 0.026823788075710085, 0.13644827925020836, 0.6117862887968661, 1.5203632610332718, 0.9687208335121417, -5.221103725367876], "M": [-1.133640884117536, -4.221103725367875, 0.42275246440684927, -1.899175630480513, -1.899175630480513, -2.4137488033102716, -2.051178723925563, -2.4137488033102716, -3.2211037253678754, -0.97317621192429, -2.2211037253678754], "F": [-2.899175630480513, -5.221103725367876, -0.4662162232044068, -0.97317621192429, -0.8287863025891151, -0.6361412246467193, -0.5206640072267832, -0.2211037253678754, -1.6361412246467195, -0.6361412246467193, 2.1364482792502084], "R": [0.2707493709617992, -5.221103725367876, -1.3142131297593571, -1.3142131297593571, -0.17670960600942195, -0.05117872392556327, -0.8991756304805131, -0.2211037253678754, 1.7561761981320412, 0.39360611874733276, -4.221103725367875], "W": [-2.6361412246467193, -5.221103725367876, -2.899175630480513, -2.6361412246467193, -2.899175630480513, -3.2211037253678754, -2.899175630480513, -4.221103725367875, -2.4137488033102716, -2.6361412246467193, 3.050359302536499], "H": [-1.2211037253678754, -5.221103725367876, -0.6975417693108626, -2.051178723925563, -1.4137488033102714, -1.133640884117536, -0.4662162232044068, -0.97317621192429, 0.5602559881567841, -0.31421312975935695, -5.221103725367876], "S": [1.4371077573839195, -2.899175630480513, 0.10082436951948698, 0.5602559881567841, 0.6368772697596967, 1.02682378807571, 0.20516102933422237, 0.42275246440684927, -0.011650359738925817, 0.9081792915770909, -5.221103725367876], "C": [-5.221103725367876, -4.221103725367875, -5.221103725367876, -5.221103725367876, -5.221103725367876, -4.221103725367875, -5.221103725367876, -5.221103725367876, -4.221103725367875, -5.221103725367876, -5.221103725367876], "V": [-0.4662162232044068, -3.6361412246467193, -0.011650359738925817, -0.09182070842290922, -0.05117872392556327, -0.011650359738925817, 0.7561761981320412, 0.6117862887968661, -0.6361412246467193, 0.13644827925020836, -2.899175630480513], "N": [-1.0511787239255632, -4.221103725367875, 0.13644827925020836, -0.09182070842290922, -0.011650359738925817, -0.2211037253678754, -0.011650359738925817, -0.7616721067305783, -0.05117872392556327, -0.09182070842290922, -4.221103725367875], "P": [-5.221103725367876, -4.221103725367875, -1.7616721067305783, 0.20516102933422237, 0.9286433941368065, 0.47933599277321676, 0.13644827925020836, -0.05117872392556327, -1.6361412246467195, -4.221103725367875, -5.221103725367876], "Q": [1.045682815327026, -5.221103725367876, 0.9488212760744367, 0.42275246440684927, 0.13644827925020836, -0.011650359738925817, -0.6361412246467193, -0.05117872392556327, 1.4227524644068494, 0.6368772697596967, -3.6361412246467193], "T": [0.10082436951948698, -3.2211037253678754, -1.4137488033102714, 0.13644827925020836, -0.17670960600942195, 0.026823788075710085, -0.09182070842290922, 0.13644827925020836, -0.5772475355931508, 0.42275246440684927, -5.221103725367876], "I": [-1.7616721067305783, -3.2211037253678754, 1.363858775353281, -0.6975417693108626, 0.13644827925020836, 0.06429849349437296, 0.7788962746321246, 0.47933599277321676, -0.97317621192429, -1.3142131297593571, -2.2211037253678754], "E": [1.465396801815343, 4.2218397704808535, 0.13644827925020836, 1.5733121409822304, 1.0826770228092275, 0.8449854650898971, 0.5862511966897286, 0.2707493709617992, 0.36385877535328076, 0.39360611874733276, -5.221103725367876], "D": [-2.6361412246467193, -3.2211037253678754, -0.5772475355931508, 0.9081792915770909, 0.6368772697596967, 0.5068167291953238, 0.17121369741088496, -1.133640884117536, -0.5772475355931508, -1.899175630480513, -4.221103725367875], "A": [2.378809116819252, -1.899175630480513, 1.1712136974108849, 0.5862511966897286, 1.0826770228092275, 0.5068167291953238, 0.7561761981320412, 0.9883496402610743, -0.011650359738925817, 0.6368772697596967, -3.6361412246467193], "Y": [-1.899175630480513, -5.221103725367876, -1.7616721067305783, -0.6975417693108626, -1.2211037253678754, -2.4137488033102716, -1.7616721067305783, -1.2211037253678754, -1.133640884117536, -0.3631227302403034, 2.230107386464453]}