{"L": [-0.70781924850669, -3.8777442499490022, 1.7072182507721538, 0.8226954681920902, 0.9802367451785701, 0.929610672108602, -0.41831263131170493, 1.2921807514933101, 1.9296106721086022, 0.514573172829758, 2.890440074827924], "G": [1.9296106721086022, -3.8777442499490022, -2.8777442499490022, 1.122255750050998, 0.514573172829758, 0.9802367451785701, 1.6141088463806725, 1.3701832634945834, -1.070389327891398, 0.1222557500509978, -2.292781749227846], "K": [0.29218075149331013, -3.8777442499490022, -3.8777442499490022, -0.17730453180790992, -1.2927817492278462, -0.5558161550616397, -0.5558161550616397, -1.5558161550616398, -2.8777442499490022, -2.292781749227846, -1.8777442499490025], "M": [-0.70781924850669, -3.8777442499490022, -0.17730453180790992, -1.8777442499490025, -2.8777442499490022, -1.070389327891398, -2.8777442499490022, -1.070389327891398, -0.8777442499490022, -1.070389327891398, 0.3701832634945833], "F": [-1.5558161550616398, -3.8777442499490022, 2.426036498228101, -0.07038932789139801, -0.07038932789139801, -1.5558161550616398, -0.8777442499490022, -0.5558161550616397, -0.17730453180790992, -1.5558161550616398, 1.6768446017286351], "R": [1.9036154635756577, 4.29218075149331, -3.8777442499490022, -1.2927817492278462, -1.8777442499490025, -2.8777442499490022, -0.5558161550616397, -1.8777442499490025, -1.8777442499490025, -2.292781749227846, -0.70781924850669], "W": [-2.8777442499490022, -3.8777442499490022, 0.8226954681920902, -2.8777442499490022, -3.8777442499490022, -2.8777442499490022, -3.8777442499490022, -2.8777442499490022, -0.17730453180790992, -3.8777442499490022, -2.8777442499490022], "H": [-1.2927817492278462, -3.8777442499490022, -2.8777442499490022, -3.8777442499490022, -0.5558161550616397, -2.8777442499490022, -2.8777442499490022, -3.8777442499490022, -2.8777442499490022, -2.292781749227846, -2.292781749227846], "S": [1.2515387669959641, -3.8777442499490022, 0.20971859130133733, 1.4076579689132462, 0.4441838449383603, 0.8771432522144665, 0.7661119398257227, -0.07038932789139801, 0.02914634565951651, 1.8226954681920902, -3.8777442499490022], "C": [-3.8777442499490022, -3.8777442499490022, -2.292781749227846, -3.8777442499490022, -3.8777442499490022, -3.8777442499490022, -2.8777442499490022, -2.8777442499490022, -2.292781749227846, -2.292781749227846, -3.8777442499490022], "V": [-0.8777442499490022, -3.8777442499490022, 0.7072182507721541, -0.5558161550616397, 0.514573172829758, 0.3701832634945833, 0.6458177061080108, 0.6458177061080108, 1.0291463456595165, 1.1666498694094514, -0.07038932789139801], "N": [-2.8777442499490022, -3.8777442499490022, -0.8777442499490022, -1.2927817492278462, -0.29278174922784606, -0.5558161550616397, -0.07038932789139801, -0.29278174922784606, 0.02914634565951651, -1.5558161550616398, -2.292781749227846], "P": [-3.8777442499490022, -3.8777442499490022, -3.8777442499490022, 0.929610672108602, 1.7946810920224936, 1.0764520604378733, 0.9802367451785701, 0.8226954681920902, -0.29278174922784606, -2.292781749227846, -3.8777442499490022], "Q": [0.514573172829758, -2.292781749227846, -2.292781749227846, -0.41831263131170493, 0.02914634565951651, 0.20971859130133733, -0.70781924850669, -0.07038932789139801, 0.20971859130133733, 0.1222557500509978, -2.8777442499490022], "T": [-2.8777442499490022, -3.8777442499490022, -3.8777442499490022, -0.07038932789139801, -0.70781924850669, 0.5816873686882952, 0.1222557500509978, -0.17730453180790992, 0.5816873686882952, 1.6458177061080108, -1.5558161550616398], "I": [-1.070389327891398, -3.8777442499490022, 0.7072182507721541, -0.41831263131170493, 0.29218075149331013, 0.20971859130133733, -0.70781924850669, 0.8226954681920902, 0.8771432522144665, -0.07038932789139801, -0.41831263131170493], "E": [-1.070389327891398, -3.8777442499490022, -2.8777442499490022, 0.3701832634945833, 0.6458177061080108, 0.6458177061080108, 0.7661119398257227, 0.514573172829758, 0.02914634565951651, 0.20971859130133733, -3.8777442499490022], "D": [-3.8777442499490022, -3.8777442499490022, -2.292781749227846, 1.4798077546690813, -0.29278174922784606, 0.7072182507721541, 0.20971859130133733, -0.29278174922784606, -0.8777442499490022, -0.5558161550616397, -3.8777442499490022], "A": [1.4076579689132462, -3.8777442499490022, -0.17730453180790992, -0.17730453180790992, 0.29218075149331013, 0.02914634565951651, 0.929610672108602, 0.7661119398257227, -0.41831263131170493, 1.0291463456595165, 0.7661119398257227], "Y": [-0.29278174922784606, -3.8777442499490022, 0.8226954681920902, -1.8777442499490025, -1.070389327891398, -1.8777442499490025, -0.70781924850669, -2.292781749227846, -0.07038932789139801, -1.2927817492278462, 1.2097185913013373]}