{"L": [0.024247546246677208, 1.9938738972031584, -1.560714954474479, 0.6872125589691064, 0.024247546246677208, -0.5607149544744789, -0.3907899530321666, 0.8316024683042814, 1.2466399675831252, 1.4836791648839744, 3.3700223830884077], "G": [-0.10128333583718171, -0.753360032416875, -1.560714954474479, 0.5267478867758605, 1.7246872643877695, 1.7246872643877695, 1.4836791648839744, 1.2466399675831252, -0.23878685958711665, -0.23878685958711665, -3.5607149544744794], "K": [-0.23878685958711665, -3.5607149544744794, -1.2387868595871165, -0.3907899530321666, -0.9757524537533229, 0.24663996758312512, 1.0831412353002456, 0.43928504552552106, -0.753360032416875, 0.24663996758312512, -3.5607149544744794], "M": [-0.9757524537533229, -1.2387868595871165, -1.560714954474479, -3.5607149544744794, -2.560714954474479, -3.5607149544744794, -1.9757524537533229, -1.2387868595871165, -0.3907899530321666, -1.560714954474479, -0.3907899530321666], "F": [1.7246872643877695, -3.5607149544744794, -3.5607149544744794, -1.560714954474479, -1.9757524537533229, -1.9757524537533229, -1.560714954474479, -0.753360032416875, -0.3907899530321666, 0.3461756411340396, 1.2972660406530934], "R": [0.1397247636666132, -3.5607149544744794, -3.5607149544744794, -3.5607149544744794, -1.9757524537533229, 0.43928504552552106, 0.24663996758312512, -0.753360032416875, -0.5607149544744789, 0.24663996758312512, -1.9757524537533229], "W": [-2.560714954474479, -3.5607149544744794, -2.560714954474479, -2.560714954474479, -3.5607149544744794, -3.5607149544744794, -3.5607149544744794, -3.5607149544744794, -3.5607149544744794, -1.9757524537533229, -2.560714954474479], "H": [-0.5607149544744789, -2.560714954474479, -3.5607149544744794, -2.560714954474479, -1.560714954474479, 0.024247546246677208, -0.3907899530321666, 0.024247546246677208, -0.3907899530321666, 0.024247546246677208, -2.560714954474479], "S": [0.24663996758312512, 0.5267478867758605, -0.9757524537533229, 0.3461756411340396, 0.962847001582534, 1.1941725476889895, 0.6092100469678334, 0.6872125589691064, 1.3934813559123964, 0.3461756411340396, -3.5607149544744794], "C": [-3.5607149544744794, -3.5607149544744794, -3.5607149544744794, -3.5607149544744794, -3.5607149544744794, -3.5607149544744794, -3.5607149544744794, -3.5607149544744794, -3.5607149544744794, -3.5607149544744794, -3.5607149544744794], "V": [1.2466399675831252, 1.7612131404128835, -1.560714954474479, 0.3461756411340396, -0.5607149544744789, -0.10128333583718171, 0.43928504552552106, 0.6092100469678334, 1.0242475462466774, -0.10128333583718171, 1.7612131404128835], "N": [-1.560714954474479, -3.5607149544744794, -3.5607149544744794, 0.1397247636666132, -0.10128333583718171, -0.23878685958711665, -0.5607149544744789, 0.1397247636666132, -1.2387868595871165, -0.10128333583718171, -3.5607149544744794], "P": [-3.5607149544744794, 0.3461756411340396, -1.9757524537533229, 0.8987166641628184, 1.6487384111544705, 0.024247546246677208, -0.3907899530321666, -0.23878685958711665, -2.560714954474479, -2.560714954474479, -1.560714954474479], "Q": [-2.560714954474479, -1.560714954474479, -2.560714954474479, -0.5607149544744789, 0.024247546246677208, -0.23878685958711665, -0.3907899530321666, -0.3907899530321666, 0.24663996758312512, 0.7612131404128833, -3.5607149544744794], "T": [-0.3907899530321666, 0.5267478867758605, -2.560714954474479, -0.753360032416875, 0.1397247636666132, 0.24663996758312512, 0.5267478867758605, 0.1397247636666132, 0.6872125589691064, 0.3461756411340396, -3.5607149544744794], "I": [1.6487384111544705, 0.7612131404128833, -0.9757524537533229, -1.9757524537533229, -0.10128333583718171, -1.560714954474479, -1.2387868595871165, -0.23878685958711665, 0.3461756411340396, -0.3907899530321666, 0.24663996758312512], "E": [-3.5607149544744794, -2.560714954474479, 0.7612131404128833, 1.8987166641628184, 0.1397247636666132, 0.3461756411340396, 0.1397247636666132, -0.10128333583718171, 0.8987166641628184, 0.3461756411340396, -1.9757524537533229], "D": [-3.5607149544744794, -1.9757524537533229, 3.733905794417148, 1.7246872643877695, 0.8316024683042814, 0.7612131404128833, 0.3461756411340396, 0.24663996758312512, -0.5607149544744789, -1.2387868595871165, -3.5607149544744794], "A": [0.5267478867758605, 2.1672055000887203, 0.024247546246677208, -0.10128333583718171, 0.43928504552552106, 0.43928504552552106, 0.6872125589691064, 0.43928504552552106, -0.23878685958711665, 0.43928504552552106, -2.560714954474479], "Y": [0.8316024683042814, -3.5607149544744794, -1.9757524537533229, -1.560714954474479, -3.5607149544744794, -1.9757524537533229, -0.5607149544744789, -0.9757524537533229, -1.2387868595871165, 0.024247546246677208, -2.560714954474479]}