{"L": [0.6535495859785686, -2.1538053360790355, 1.0161196653632767, 0.16812275880832675, 0.6535495859785686, 0.4311571646421207, 0.8461946639209647, 1.3056262825582619, 1.6535495859785685, 1.3056262825582619, 1.4311571646421208], "G": [1.5466343820620565, -2.1538053360790355, -0.5688428353578793, 0.4311571646421207, 0.6535495859785686, 1.3056262825582619, 1.8461946639209645, 1.4311571646421208, -0.5688428353578793, -1.1538053360790355, -2.1538053360790355], "K": [0.6535495859785686, -2.1538053360790355, -2.1538053360790355, -2.1538053360790355, -0.5688428353578793, 0.6535495859785686, 0.16812275880832675, -0.5688428353578793, -2.1538053360790355, 0.16812275880832675, -2.1538053360790355], "M": [-1.1538053360790355, -2.1538053360790355, -1.1538053360790355, -2.1538053360790355, -2.1538053360790355, -2.1538053360790355, -1.1538053360790355, -0.5688428353578793, -2.1538053360790355, -1.1538053360790355, -2.1538053360790355], "F": [0.16812275880832675, -2.1538053360790355, 1.4311571646421208, -0.15380533607903546, 0.16812275880832675, -2.1538053360790355, -0.5688428353578793, 0.4311571646421207, -2.1538053360790355, -0.5688428353578793, 0.16812275880832675], "R": [0.4311571646421207, -2.1538053360790355, -2.1538053360790355, -1.1538053360790355, -0.5688428353578793, -1.1538053360790355, -2.1538053360790355, -2.1538053360790355, 0.4311571646421207, -0.5688428353578793, -2.1538053360790355], "W": [-2.1538053360790355, -2.1538053360790355, -2.1538053360790355, -2.1538053360790355, -2.1538053360790355, -2.1538053360790355, -2.1538053360790355, -2.1538053360790355, -2.1538053360790355, -2.1538053360790355, -2.1538053360790355], "H": [-2.1538053360790355, -2.1538053360790355, -0.15380533607903546, -2.1538053360790355, -0.5688428353578793, -2.1538053360790355, -2.1538053360790355, -1.1538053360790355, -1.1538053360790355, 0.16812275880832675, -2.1538053360790355], "S": [1.0161196653632767, -2.1538053360790355, -2.1538053360790355, 1.0161196653632767, 0.8461946639209647, 1.6535495859785685, 0.4311571646421207, 1.3056262825582619, 0.8461946639209647, 1.0161196653632767, -2.1538053360790355], "C": [-2.1538053360790355, -2.1538053360790355, -2.1538053360790355, -2.1538053360790355, -2.1538053360790355, -2.1538053360790355, -2.1538053360790355, -2.1538053360790355, -2.1538053360790355, -2.1538053360790355, -2.1538053360790355], "V": [0.16812275880832675, -2.1538053360790355, 1.0161196653632767, -2.1538053360790355, 0.4311571646421207, 0.16812275880832675, -0.15380533607903546, 0.8461946639209647, 1.6535495859785685, 1.0161196653632767, 2.6535495859785687], "N": [-2.1538053360790355, -2.1538053360790355, -2.1538053360790355, 0.6535495859785686, -2.1538053360790355, 0.6535495859785686, -0.15380533607903546, -0.15380533607903546, 0.16812275880832675, -2.1538053360790355, -2.1538053360790355], "P": [-2.1538053360790355, -2.1538053360790355, -2.1538053360790355, 1.6535495859785685, 1.3056262825582619, -1.1538053360790355, -0.15380533607903546, -0.15380533607903546, -2.1538053360790355, -2.1538053360790355, -2.1538053360790355], "Q": [-2.1538053360790355, -2.1538053360790355, -2.1538053360790355, -1.1538053360790355, -2.1538053360790355, -1.1538053360790355, 0.4311571646421207, -0.5688428353578793, 1.3056262825582619, -0.5688428353578793, -2.1538053360790355], "T": [0.16812275880832675, -2.1538053360790355, -2.1538053360790355, -1.1538053360790355, -0.15380533607903546, 0.16812275880832675, 0.8461946639209647, -0.15380533607903546, 0.4311571646421207, 2.1681227588083267, -2.1538053360790355], "I": [-0.5688428353578793, -2.1538053360790355, 2.0161196653632767, -0.5688428353578793, -0.5688428353578793, 0.6535495859785686, 0.6535495859785686, 0.16812275880832675, -0.5688428353578793, -0.15380533607903546, 3.2385120866997252], "E": [-2.1538053360790355, 4.255585600058666, -1.1538053360790355, 1.5466343820620565, 0.16812275880832675, 0.4311571646421207, 0.16812275880832675, -1.1538053360790355, -0.5688428353578793, -1.1538053360790355, -2.1538053360790355], "D": [-2.1538053360790355, -2.1538053360790355, -0.15380533607903546, 1.753085259529483, 0.4311571646421207, 1.1681227588083267, -0.15380533607903546, -2.1538053360790355, -1.1538053360790355, -2.1538053360790355, -2.1538053360790355], "A": [2.305626282558262, -2.1538053360790355, 0.6535495859785686, -0.15380533607903546, 1.1681227588083267, -0.15380533607903546, -0.15380533607903546, 0.6535495859785686, 1.1681227588083267, 0.6535495859785686, -1.1538053360790355], "Y": [-0.5688428353578793, -2.1538053360790355, 1.5466343820620565, -2.1538053360790355, 0.16812275880832675, -2.1538053360790355, -1.1538053360790355, -1.1538053360790355, -2.1538053360790355, -1.1538053360790355, -2.1538053360790355]}