{"L": [1.5008982359326815, -2.405992359675837, 0.4013625623817672, 0.5940076403241631, -2.405992359675837, -1.405992359675837, -0.08406426478847447, 0.5940076403241631, -0.40599235967583697, 0.5940076403241631, 0.5940076403241631], "G": [-2.405992359675837, -2.405992359675837, -1.405992359675837, 2.294447358465255, -0.8210298589546807, 1.1789701410453195, 0.5940076403241631, 0.7639326417664755, -1.405992359675837, -2.405992359675837, -2.405992359675837], "K": [-2.405992359675837, -2.405992359675837, -2.405992359675837, -0.08406426478847447, -0.40599235967583697, -0.8210298589546807, -0.08406426478847447, 0.5940076403241631, -2.405992359675837, -0.40599235967583697, -0.8210298589546807], "M": [1.2944473584652554, -1.405992359675837, -0.8210298589546807, -2.405992359675837, -2.405992359675837, -2.405992359675837, -2.405992359675837, -1.405992359675837, -2.405992359675837, -2.405992359675837, 0.17897014104531933], "F": [1.6814704815745025, -1.405992359675837, -0.40599235967583697, -0.8210298589546807, -2.405992359675837, -1.405992359675837, -0.8210298589546807, -2.405992359675837, 2.117569596381176, -2.405992359675837, 2.594007640324163], "R": [-1.405992359675837, -2.405992359675837, -2.405992359675837, -2.405992359675837, -2.405992359675837, -2.405992359675837, -0.08406426478847447, -0.40599235967583697, -2.405992359675837, -1.405992359675837, -2.405992359675837], "W": [-2.405992359675837, -2.405992359675837, -2.405992359675837, -2.405992359675837, -2.405992359675837, -2.405992359675837, -2.405992359675837, -2.405992359675837, -2.405992359675837, -2.405992359675837, -2.405992359675837], "H": [2.451988635451735, -2.405992359675837, -1.405992359675837, -2.405992359675837, -1.405992359675837, -2.405992359675837, -2.405992359675837, -2.405992359675837, -0.8210298589546807, -2.405992359675837, -2.405992359675837], "S": [-2.405992359675837, -2.405992359675837, -0.40599235967583697, -0.40599235967583697, -0.08406426478847447, 1.5008982359326815, -0.40599235967583697, 0.17897014104531933, -0.40599235967583697, 0.7639326417664755, -2.405992359675837], "C": [-2.405992359675837, -2.405992359675837, -2.405992359675837, -2.405992359675837, -2.405992359675837, -2.405992359675837, -2.405992359675837, -2.405992359675837, -2.405992359675837, -2.405992359675837, -2.405992359675837], "V": [-0.8210298589546807, -1.405992359675837, 2.294447358465255, -0.08406426478847447, 0.17897014104531933, 0.17897014104531933, -0.40599235967583697, -0.8210298589546807, 0.5940076403241631, 1.5940076403241632, -2.405992359675837], "N": [-0.40599235967583697, -2.405992359675837, -0.8210298589546807, -0.40599235967583697, -0.40599235967583697, -0.40599235967583697, -1.405992359675837, -0.08406426478847447, -2.405992359675837, -1.405992359675837, -2.405992359675837], "P": [-0.8210298589546807, 3.8977883885012656, 0.17897014104531933, 1.8419351537677486, 0.7639326417664755, 0.4013625623817672, 0.17897014104531933, 0.4013625623817672, -0.40599235967583697, -0.40599235967583697, -2.405992359675837], "Q": [-2.405992359675837, -2.405992359675837, -1.405992359675837, -0.8210298589546807, -0.8210298589546807, -2.405992359675837, -0.8210298589546807, -0.8210298589546807, -0.40599235967583697, -1.405992359675837, -2.405992359675837], "T": [-0.40599235967583697, -2.405992359675837, -1.405992359675837, -0.8210298589546807, -0.40599235967583697, 1.2944473584652554, 0.4013625623817672, 0.4013625623817672, -0.40599235967583697, 0.4013625623817672, -2.405992359675837], "I": [-0.08406426478847447, -1.405992359675837, 0.9159357352115255, -2.405992359675837, -0.40599235967583697, -1.405992359675837, 0.17897014104531933, -0.8210298589546807, 0.4013625623817672, 0.17897014104531933, -2.405992359675837], "E": [-0.8210298589546807, -0.8210298589546807, 0.7639326417664755, 1.0534392589614605, 2.7232906572691298, -0.8210298589546807, 0.9159357352115255, -0.08406426478847447, 0.7639326417664755, 2.5008982359326817, -2.405992359675837], "D": [-2.405992359675837, -2.405992359675837, 1.4013625623817674, 0.7639326417664755, 0.4013625623817672, 0.5940076403241631, 2.237863830098888, -0.08406426478847447, 2.237863830098888, -2.405992359675837, -2.405992359675837], "A": [-2.405992359675837, 0.5940076403241631, 0.4013625623817672, -0.8210298589546807, 1.7639326417664756, 2.3488951424876316, 1.2944473584652554, 0.4013625623817672, 0.5940076403241631, 1.1789701410453195, -2.405992359675837], "Y": [-0.8210298589546807, -0.08406426478847447, -0.40599235967583697, -2.405992359675837, -2.405992359675837, -2.405992359675837, -2.405992359675837, 2.0534392589614607, -2.405992359675837, -2.405992359675837, 3.426897654488905]}