{"L": [-1.8744691179161412, -4.459431618637297, 1.6698513983076693, 0.7884958948062882, 0.7500217469916525, 0.7884958948062882, 0.12553088208385882, 1.0324214776923775, 1.3985493764902746, 1.0324214776923775, 1.471305718925589], "G": [0.8624964762500651, -4.459431618637297, -1.6520766965796936, 0.9668331360648007, 0.3479233034203066, 0.0, 1.3734583955274444, 1.0324214776923775, -0.6520766965796935, 0.6698513983076692, -3.4594316186372978], "K": [1.5178483048626195, -4.459431618637297, -0.6520766965796935, 0.9668331360648007, -0.28950661719498505, 0.5405683813627026, 0.24100809950379473, 0.6698513983076692, -0.28950661719498505, 0.7104933828050151, 2.155278225477911], "M": [-2.137503523749935, -4.459431618637297, -0.06711419585853691, -3.4594316186372978, -1.6520766965796936, -2.4594316186372973, -1.289506617194985, -1.6520766965796936, -0.3719687773869579, -0.4594316186372975, -0.13750352374993496], "F": [-2.4594316186372973, -4.459431618637297, 2.1699250014423126, -0.8744691179161412, -0.28950661719498505, -1.4594316186372975, -0.06711419585853691, -0.21150410519371177, 0.7104933828050151, -0.5525410230287788, 1.983511877211431], "R": [3.056268219646745, 4.318645510898061, -1.4594316186372975, 0.06413033741971556, 0.06413033741971556, -0.28950661719498505, 0.0, -0.4594316186372975, -0.5525410230287788, 1.2410080995037946, 2.1104239896936505], "W": [-4.459431618637297, -4.459431618637297, 0.24100809950379473, -2.8744691179161412, -2.8744691179161412, -4.459431618637297, -4.459431618637297, -2.4594316186372973, -1.4594316186372975, -4.459431618637297, -4.459431618637297], "H": [-0.28950661719498505, -4.459431618637297, -1.0, -1.6520766965796936, -1.6520766965796936, -2.8744691179161412, -1.6520766965796936, -1.4594316186372975, -2.4594316186372973, -1.4594316186372975, -4.459431618637297], "S": [0.584962500721156, -4.459431618637297, -0.7589919004962052, 0.7884958948062882, 0.4947646917495779, 1.0641303374197155, 0.8624964762500651, -0.13750352374993496, -0.06711419585853691, 0.8259706002249511, -4.459431618637297], "C": [-4.459431618637297, -4.459431618637297, -4.459431618637297, -4.459431618637297, -4.459431618637297, -4.459431618637297, -4.459431618637297, -4.459431618637297, -4.459431618637297, -4.459431618637297, -4.459431618637297], "V": [-1.8744691179161412, -4.459431618637297, 0.12553088208385882, -0.28950661719498505, 0.6280312226130421, 0.6280312226130421, 0.39854937649027455, 0.7884958948062882, 1.1255308820838588, -0.4594316186372975, -2.137503523749935], "N": [-3.4594316186372978, -4.459431618637297, -0.6520766965796935, -0.3719687773869579, 0.4947646917495779, -0.6520766965796935, -0.4594316186372975, 0.0, -0.4594316186372975, -0.28950661719498505, -4.459431618637297], "P": [-2.8744691179161412, -4.459431618637297, -4.459431618637297, 0.0, 0.6698513983076692, 0.5405683813627026, 0.12553088208385882, 0.1844245711374273, -0.8744691179161412, -1.8744691179161412, -4.459431618637297], "Q": [-4.459431618637297, -4.459431618637297, -1.8744691179161412, -0.21150410519371177, 0.1844245711374273, -0.28950661719498505, -0.28950661719498505, -0.3719687773869579, 0.4947646917495779, 0.1844245711374273, -3.4594316186372978], "T": [-1.6520766965796936, -4.459431618637297, -2.137503523749935, -0.13750352374993496, 0.06413033741971556, -0.3719687773869579, -0.06711419585853691, -0.3719687773869579, 0.06413033741971556, 0.7500217469916525, -3.4594316186372978], "I": [-1.4594316186372975, -4.459431618637297, 0.932885804141463, -0.8744691179161412, -0.3719687773869579, 0.4947646917495779, -0.4594316186372975, 0.6698513983076692, 0.9668331360648007, -0.7589919004962052, -2.137503523749935], "E": [-4.459431618637297, -4.459431618637297, -3.4594316186372978, 0.932885804141463, 0.9668331360648007, 1.212993723334198, 0.584962500721156, 0.39854937649027455, -0.13750352374993496, 0.39854937649027455, -4.459431618637297], "D": [-4.459431618637297, -4.459431618637297, -1.8744691179161412, 0.932885804141463, -0.28950661719498505, 0.7500217469916525, 0.4947646917495779, -0.6520766965796935, -0.8744691179161412, -1.289506617194985, -2.8744691179161412], "A": [1.1552782254779108, -4.459431618637297, -0.06711419585853691, 0.12553088208385882, 0.2954558835261713, 0.1844245711374273, 0.6698513983076692, 0.39854937649027455, 0.3479233034203066, 0.12553088208385882, -2.8744691179161412], "Y": [-1.137503523749935, -4.459431618637297, 1.1844245711374273, -0.5525410230287788, -0.5525410230287788, -1.289506617194985, -1.137503523749935, -0.5525410230287788, -0.4594316186372975, -0.3719687773869579, 1.2954558835261714]}