{"L": [-0.3294356315563036, -3.852997587613317, 1.053893007995202, 0.7908586021614081, 1.1242823358866, 0.7617122565018917, 0.5393198351654439, 0.8194277543581792, 1.0777397499495698, 0.31692741382899564, 3.7799976095296413], "G": [1.6227358433530812, -4.8529975876133165, -0.9461069920047981, 0.7015912640643208, 0.7015912640643208, 0.3949299258302687, 1.2344652536370229, 0.5732671670887814, -1.6830725861710045, -1.6830725861710045, -3.852997587613317], "K": [1.213091602844456, -4.8529975876133165, 0.10119872277355875, -0.39356596897601925, -0.1525578694722243, 0.35645577801563316, 0.5045544170047672, 0.4324046312489319, -0.2091413978385919, 0.8749228669498826, -3.852997587613317], "M": [-2.852997587613317, -4.8529975876133165, -0.6050700741697312, -2.852997587613317, -2.2680350868921604, -2.0456426655557123, -2.0456426655557123, -1.6830725861710045, -0.9461069920047981, -2.531069492725954, -0.1525578694722243], "F": [-0.9461069920047981, -4.8529975876133165, 1.4137889530815846, -0.39356596897601925, -0.6830725861710044, -0.531069492725954, -1.3935659689760191, -0.045642665555712406, -0.531069492725954, -1.1525578694722243, 0.6388555087163581], "R": [1.9018899145501522, -3.852997587613317, 0.2344652536370227, -0.3294356315563036, -0.09811008544984795, 0.2344652536370227, -0.2091413978385919, 0.0049834075142554096, 0.6388555087163581, 0.05389300799520194, -3.852997587613317], "W": [-2.0456426655557123, -4.8529975876133165, -0.4606801648345561, -3.2680350868921604, -2.0456426655557123, -3.852997587613317, -3.2680350868921604, -3.852997587613317, -3.2680350868921604, -4.8529975876133165, -3.2680350868921604], "H": [-0.4606801648345561, -4.8529975876133165, -0.6830725861710044, -1.2680350868921604, -1.8529975876133167, -0.8529975876133167, -1.1525578694722243, -1.1525578694722243, -0.39356596897601925, -2.531069492725954, -4.8529975876133165], "S": [0.8474421305277757, -3.2680350868921604, -0.045642665555712406, 0.6064340310239809, 0.6064340310239809, 0.9543573344442877, 0.7015912640643208, 0.4324046312489319, -0.045642665555712406, 1.3564557780156332, -4.8529975876133165], "C": [-4.8529975876133165, -4.8529975876133165, -4.8529975876133165, -4.8529975876133165, -4.8529975876133165, -4.8529975876133165, -4.8529975876133165, -4.8529975876133165, -4.8529975876133165, -4.8529975876133165, -4.8529975876133165], "V": [-0.6050700741697312, -2.852997587613317, 0.27628542933164985, -0.3294356315563036, -0.2091413978385919, 0.0049834075142554096, 0.46893050727404606, 0.6388555087163581, 0.8474421305277757, 1.3949299258302688, 0.1913965317451369], "N": [-2.852997587613317, -4.8529975876133165, -0.4606801648345561, -0.1525578694722243, -0.6050700741697312, -0.2680350868921604, 0.2344652536370227, -0.045642665555712406, -0.39356596897601925, -2.531069492725954, -4.8529975876133165], "P": [-4.8529975876133165, -4.8529975876133165, -1.1525578694722243, 0.10119872277355875, 1.1470024123866835, 0.4324046312489319, 0.0049834075142554096, 0.27628542933164985, -0.6050700741697312, -2.2680350868921604, -3.852997587613317], "Q": [-1.0456426655557125, -3.852997587613317, -1.531069492725954, 0.05389300799520194, -0.2680350868921604, 0.2344652536370227, -0.6050700741697312, 0.1913965317451369, 1.1470024123866835, -0.2091413978385919, -4.8529975876133165], "T": [-0.2680350868921604, -3.852997587613317, -0.9461069920047981, -0.2680350868921604, -0.6050700741697312, 0.0049834075142554096, -0.09811008544984795, 0.0049834075142554096, 0.46893050727404606, 1.2344652536370229, -2.852997587613317], "I": [-0.531069492725954, -3.852997587613317, 0.8749228669498826, -0.6050700741697312, -0.3294356315563036, -0.045642665555712406, 0.2344652536370227, 0.9798924265514252, 0.2344652536370227, 0.3949299258302687, -0.1525578694722243], "E": [-1.6830725861710045, 4.2607445784358715, -1.531069492725954, 1.3368269712667007, 0.9283621259113432, 0.8474421305277757, 0.9018899145501521, 0.1913965317451369, 0.6705643684436964, 0.8474421305277757, -4.8529975876133165], "D": [-4.8529975876133165, -4.8529975876133165, -0.4606801648345561, 1.5732671670887814, 0.46893050727404606, 0.4324046312489319, -0.1525578694722243, -1.1525578694722243, -1.3935659689760191, -1.6830725861710045, -3.852997587613317], "A": [1.3949299258302688, -2.852997587613317, 0.7617122565018917, 0.10119872277355875, 0.7908586021614081, 0.35645577801563316, 0.5393198351654439, 0.6388555087163581, 0.6064340310239809, 1.213091602844456, 0.10119872277355875], "Y": [-0.2091413978385919, -4.8529975876133165, 0.7319649131078396, -1.8529975876133167, -1.2680350868921604, -2.0456426655557123, -0.8529975876133167, -2.0456426655557123, -0.7655347463629774, -2.2680350868921604, -4.8529975876133165]}