{"L": [1.0920605529887677, -0.5193741590935796, 1.5586283529076939, -0.045442970761167, 0.21759143507262657, 0.011140557605200408, 0.35509495882256176, 0.9545570292388331, 0.39816368071444774, 1.0111405576052004, 0.8956633401852644], "G": [-1.689299160535892, -2.689299160535892, -1.3673710656485296, 1.3550949588225618, 0.11805576152171224, 1.5774873801590095, 1.0386212940273076, 0.7701324581014054, -0.2969817377571315, -0.5193741590935796, -4.689299160535892], "K": [-1.2298675418985945, -3.689299160535892, -1.1043366598147357, -0.6018363192855523, -0.6892991605358918, -1.2298675418985945, -0.4413716470923063, 0.39816368071444774, -0.8819442384782877, -0.2298675418985946, -0.7824085649273734], "M": [0.35509495882256176, -2.1043366598147357, -0.9888594423947997, -2.3673710656485296, -3.1043366598147353, -3.689299160535892, -2.3673710656485296, -4.689299160535892, -3.1043366598147353, -2.1043366598147357, 0.06558834162757689], "F": [1.3550949588225618, -2.689299160535892, 0.8956633401852644, -0.7824085649273734, -1.2298675418985945, -0.6018363192855523, -0.9888594423947997, -1.3673710656485296, 0.8652896911417455, -0.9888594423947997, 1.9831261814356038], "R": [-1.1043366598147357, -4.689299160535892, -1.689299160535892, -1.2298675418985945, -1.689299160535892, -1.5193741590935796, -1.3673710656485296, -0.8819442384782877, -0.16573720447887885, -1.5193741590935796, -0.2969817377571315], "W": [-2.3673710656485296, -4.689299160535892, -1.1043366598147357, -3.1043366598147353, -4.689299160535892, -3.689299160535892, -4.689299160535892, -2.689299160535892, -2.3673710656485296, -4.689299160535892, -0.5193741590935796], "H": [1.14359085362885, -4.689299160535892, -1.3673710656485296, -1.8819442384782876, -1.689299160535892, -2.689299160535892, -1.5193741590935796, -0.8819442384782877, -0.2969817377571315, -1.689299160535892, -3.689299160535892], "S": [0.39816368071444774, -0.9888594423947997, 0.39816368071444774, 1.0111405576052004, 1.0655883416275769, 1.1180557615217124, 0.8342627955211211, 0.6326289343514705, 0.21759143507262657, 1.0111405576052004, -4.689299160535892], "C": [-2.689299160535892, -4.689299160535892, -3.689299160535892, -3.1043366598147353, -3.1043366598147353, -3.689299160535892, -3.1043366598147353, -4.689299160535892, -3.1043366598147353, -3.1043366598147353, -4.689299160535892], "V": [0.06558834162757689, -0.16573720447887885, 1.614481587641211, -0.6018363192855523, 0.7369655941662061, -0.045442970761167, 0.35509495882256176, -0.2969817377571315, 1.1933438888259493, 1.1686818345916803, -2.3673710656485296], "N": [-0.5193741590935796, -3.689299160535892, -1.1043366598147357, -0.6892991605358918, -0.2969817377571315, -0.2298675418985946, -0.6018363192855523, 0.16868183459168035, -0.5193741590935796, -1.3673710656485296, -4.689299160535892], "P": [-1.8819442384782876, 3.6144815876412113, -0.5193741590935796, 2.011140557605201, 0.4806258409064204, 0.5586283529076937, 0.11805576152171224, 0.39816368071444774, -0.10433665981473561, 0.011140557605200408, -4.689299160535892], "Q": [-0.6018363192855523, -0.6018363192855523, -2.1043366598147357, -0.9888594423947997, 0.6326289343514705, -0.5193741590935796, 0.4806258409064204, 0.011140557605200408, 0.11805576152171224, -0.4413716470923063, -4.689299160535892], "T": [0.5586283529076937, -1.689299160535892, -0.8819442384782877, -0.2969817377571315, -0.6018363192855523, 0.8652896911417455, 0.011140557605200408, 0.4399838564090744, 0.8652896911417455, 0.7701324581014054, -2.3673710656485296], "I": [-0.045442970761167, -1.3673710656485296, 1.2175914350726267, -0.9888594423947997, -0.5193741590935796, -0.2969817377571315, 0.11805576152171224, 0.39816368071444774, -0.045442970761167, -0.5193741590935796, -2.3673710656485296], "E": [0.21759143507262657, -1.2298675418985945, -0.10433665981473561, 0.6326289343514705, 1.7030182622428687, 0.5586283529076937, 0.5586283529076937, 0.5961030583263565, 0.011140557605200408, 1.3981636807144477, -3.1043366598147353], "D": [-0.8819442384782877, -1.8819442384782876, -0.3673710656485295, 0.8652896911417455, 0.9545570292388331, 0.35509495882256176, 1.1180557615217124, -0.4413716470923063, 0.8956633401852644, -1.689299160535892, -3.1043366598147353], "A": [-0.3673710656485295, 1.4604479589687902, 0.5586283529076937, 0.4399838564090744, 0.5961030583263565, 1.2648971498509833, 1.0386212940273076, 0.5201542050930579, 0.35509495882256176, 1.4192252962422771, -2.689299160535892], "Y": [0.4399838564090744, -4.689299160535892, -0.3673710656485295, -2.1043366598147357, -1.8819442384782876, -2.1043366598147357, -1.3673710656485296, 0.21759143507262657, -1.8819442384782876, -1.1043366598147357, 3.3163253886579867]}