{"L": [-0.38956681176272573, 1.0958600154075162, 1.9323612831246368, -0.25206328801279076, 0.9323612831246368, 1.0958600154075162, 1.680822516128672, 2.0164255479131112, 1.0433925955133807, 1.5364326067934972, -0.5415699052077755], "G": [0.28850509334991187, -0.01105518850899579, -0.7114949066500882, 0.19539568895843049, 0.5364326067934974, 0.9889448114910043, -0.12653240592893178, 0.6808225161286722, -1.3895668117627258, -0.38956681176272573, -2.7114949066500884], "K": [1.3759679346002516, -2.7114949066500884, 1.4584300947922246, -1.126532405928932, -0.9041399845924839, -0.38956681176272573, -0.5415699052077755, 0.3759679346002514, -0.25206328801279076, 0.28850509334991187, 1.1464860884774841], "M": [-1.126532405928932, -0.25206328801279076, 0.6104331882372743, -3.7114949066500884, -2.7114949066500884, -2.126532405928932, -1.126532405928932, -2.126532405928932, -0.25206328801279076, -1.7114949066500882, -3.7114949066500884], "F": [-1.3895668117627258, -0.01105518850899579, 0.7479367119872092, -2.126532405928932, -0.25206328801279076, -0.5415699052077755, -0.9041399845924839, -0.01105518850899579, 0.09586001540751618, 0.19539568895843049, -3.7114949066500884], "R": [2.288505093349912, -3.7114949066500884, 0.6104331882372743, -1.126532405928932, -0.25206328801279076, -2.126532405928932, -0.5415699052077755, 0.5364326067934974, 0.4584300947922246, -0.25206328801279076, 4.023214713575751], "W": [-2.7114949066500884, -2.7114949066500884, -1.3895668117627258, -2.7114949066500884, -0.9041399845924839, -0.7114949066500882, -2.7114949066500884, -2.126532405928932, -1.3895668117627258, -2.7114949066500884, -2.7114949066500884], "H": [-1.3895668117627258, -2.126532405928932, -1.7114949066500882, -0.7114949066500882, -1.126532405928932, -1.126532405928932, -1.3895668117627258, -0.7114949066500882, -0.7114949066500882, -1.126532405928932, -3.7114949066500884], "S": [0.9889448114910043, 0.19539568895843049, -1.7114949066500882, 0.8120670494069249, -0.25206328801279076, 0.5364326067934974, 0.5364326067934974, -0.38956681176272573, -0.12653240592893178, 0.4584300947922246, -3.7114949066500884], "C": [-3.7114949066500884, -3.7114949066500884, -3.7114949066500884, -3.7114949066500884, -3.7114949066500884, -3.7114949066500884, -3.7114949066500884, -3.7114949066500884, -3.7114949066500884, -3.7114949066500884, -3.7114949066500884], "V": [0.4584300947922246, 2.146486088477484, 1.0433925955133807, -0.38956681176272573, 0.5364326067934974, 0.28850509334991187, 1.3328992127083652, 0.8120670494069249, 1.5364326067934972, 0.28850509334991187, -2.7114949066500884], "N": [-3.7114949066500884, -2.126532405928932, -2.126532405928932, -0.12653240592893178, -1.3895668117627258, -0.12653240592893178, -0.5415699052077755, -0.5415699052077755, -0.12653240592893178, -0.25206328801279076, -3.7114949066500884], "P": [-3.7114949066500884, -2.7114949066500884, -1.126532405928932, 2.2192424309127983, 1.3328992127083652, 0.28850509334991187, -0.25206328801279076, -0.25206328801279076, -1.126532405928932, 0.4584300947922246, -3.7114949066500884], "Q": [-1.126532405928932, -0.12653240592893178, -0.5415699052077755, -0.5415699052077755, -0.5415699052077755, -0.25206328801279076, -0.7114949066500882, -0.9041399845924839, -0.01105518850899579, 0.4584300947922246, -3.7114949066500884], "T": [0.19539568895843049, 1.6460570979679958, -1.7114949066500882, -0.12653240592893178, -0.7114949066500882, 0.5364326067934974, 0.19539568895843049, -0.7114949066500882, -0.12653240592893178, -0.12653240592893178, -3.7114949066500884], "I": [0.28850509334991187, 0.19539568895843049, 0.7479367119872092, -1.126532405928932, -0.01105518850899579, -0.5415699052077755, 0.5364326067934974, 0.9889448114910043, 1.1953956889584305, -0.38956681176272573, -3.7114949066500884], "E": [-2.126532405928932, -2.126532405928932, -1.3895668117627258, 0.8734675940710682, 1.0433925955133807, 0.7479367119872092, 0.4584300947922246, -0.12653240592893178, -0.38956681176272573, -0.12653240592893178, -3.7114949066500884], "D": [-3.7114949066500884, -1.7114949066500882, -2.7114949066500884, 1.2885050933499118, 0.28850509334991187, 0.7479367119872092, -0.25206328801279076, -1.3895668117627258, -1.7114949066500882, -1.7114949066500882, -3.7114949066500884], "A": [1.1953956889584305, -0.5415699052077755, -1.126532405928932, -0.25206328801279076, 0.8734675940710682, 0.5364326067934974, 0.6104331882372743, -0.5415699052077755, 0.4584300947922246, 1.1464860884774841, -3.7114949066500884], "Y": [-1.7114949066500882, 1.0433925955133807, -0.5415699052077755, -0.38956681176272573, -0.7114949066500882, -1.7114949066500882, -1.126532405928932, -1.7114949066500882, -0.7114949066500882, -0.25206328801279076, -3.7114949066500884]}