{"L": [-0.632268215499513, -1.632268215499513, -0.3103401206121506, 0.1750867065580911, 1.3677317845004873, 1.0681715026415792, 0.1750867065580911, 0.9526942852216432, 1.2746223801090057, 0.8271634031377845, -1.632268215499513], "G": [-1.632268215499513, -2.632268215499513, -2.632268215499513, -0.04730571477835681, 0.1750867065580911, 1.3677317845004873, 1.0681715026415792, 1.0681715026415792, -1.632268215499513, -0.632268215499513, -2.632268215499513], "K": [-1.632268215499513, -1.632268215499513, 0.3677317845004871, -1.0473057147783569, -1.632268215499513, -1.0473057147783569, -0.3103401206121506, 1.0681715026415792, -0.632268215499513, 0.3677317845004871, -2.632268215499513], "M": [-1.0473057147783569, -1.632268215499513, -0.3103401206121506, -1.0473057147783569, -1.632268215499513, -2.632268215499513, -2.632268215499513, -2.632268215499513, -2.632268215499513, -2.632268215499513, -2.632268215499513], "F": [-1.0473057147783569, -2.632268215499513, -0.3103401206121506, -2.632268215499513, 0.5376567859427995, -1.0473057147783569, -2.632268215499513, -0.04730571477835681, -1.632268215499513, -2.632268215499513, -1.0473057147783569], "R": [-1.0473057147783569, -2.632268215499513, -2.632268215499513, -1.632268215499513, -0.632268215499513, -1.0473057147783569, 0.1750867065580911, 0.5376567859427995, 1.1750867065580912, -1.632268215499513, -1.632268215499513], "W": [-2.632268215499513, -2.632268215499513, -2.632268215499513, -1.0473057147783569, -2.632268215499513, -2.632268215499513, -2.632268215499513, -2.632268215499513, -2.632268215499513, -2.632268215499513, -2.632268215499513], "H": [-2.632268215499513, -2.632268215499513, -0.632268215499513, -2.632268215499513, -1.632268215499513, -2.632268215499513, -1.0473057147783569, -2.632268215499513, -0.3103401206121506, -1.632268215499513, -2.632268215499513], "S": [1.6156592979440725, -1.0473057147783569, 0.6896598793878495, -0.3103401206121506, 0.5376567859427995, 1.1750867065580912, 1.0681715026415792, 0.3677317845004871, -0.632268215499513, 0.5376567859427995, -0.632268215499513], "C": [-2.632268215499513, -2.632268215499513, -2.632268215499513, -2.632268215499513, -2.632268215499513, -2.632268215499513, -2.632268215499513, -2.632268215499513, -2.632268215499513, -2.632268215499513, -2.632268215499513], "V": [-1.0473057147783569, -2.632268215499513, -0.3103401206121506, -0.632268215499513, -0.04730571477835681, -0.04730571477835681, -0.04730571477835681, 0.3677317845004871, 1.3677317845004873, 1.4551946257508266, -0.04730571477835681], "N": [-1.632268215499513, -2.632268215499513, -0.3103401206121506, -1.0473057147783569, -1.0473057147783569, -0.3103401206121506, -1.0473057147783569, -0.632268215499513, -1.0473057147783569, -1.0473057147783569, -2.632268215499513], "P": [-0.632268215499513, -1.632268215499513, -2.632268215499513, 0.9526942852216432, 0.8271634031377845, -0.3103401206121506, 0.5376567859427995, -1.632268215499513, 0.1750867065580911, 0.5376567859427995, 0.5376567859427995], "Q": [-1.0473057147783569, -2.632268215499513, 1.0681715026415792, 0.3677317845004871, -2.632268215499513, -0.04730571477835681, 0.6896598793878495, 0.5376567859427995, 0.3677317845004871, 0.1750867065580911, -2.632268215499513], "T": [-2.632268215499513, -2.632268215499513, -1.632268215499513, -0.3103401206121506, -0.632268215499513, 0.3677317845004871, 0.5376567859427995, 0.5376567859427995, 1.0681715026415792, 0.9526942852216432, -2.632268215499513], "I": [-2.632268215499513, -2.632268215499513, 0.3677317845004871, 0.5376567859427995, -0.3103401206121506, 0.8271634031377845, -0.3103401206121506, -0.632268215499513, 0.1750867065580911, 0.1750867065580911, -2.632268215499513], "E": [0.3677317845004871, 4.135916109277414, 2.0115879742752116, 1.8912937405574999, 0.5376567859427995, 0.1750867065580911, 0.9526942852216432, -0.04730571477835681, 0.5376567859427995, 0.1750867065580911, -2.632268215499513], "D": [-2.632268215499513, -2.632268215499513, -2.632268215499513, 1.5376567859427994, 0.1750867065580911, 0.3677317845004871, -1.632268215499513, -0.632268215499513, -2.632268215499513, -2.632268215499513, -2.632268215499513], "A": [3.3450117080004036, -2.632268215499513, 1.5376567859427994, 0.8271634031377845, 1.8271634031377846, 0.6896598793878495, 1.1750867065580912, 1.1750867065580912, 0.3677317845004871, 1.8271634031377846, 3.922320636178125], "Y": [-1.632268215499513, -2.632268215499513, -0.04730571477835681, -2.632268215499513, -0.3103401206121506, -1.0473057147783569, -0.632268215499513, -1.632268215499513, -0.3103401206121506, -1.632268215499513, -2.632268215499513]}