{"L": [0.4854268271702419, -2.3219280948873626, 1.1375035237499347, 0.84799690655495, 1.1375035237499347, 1.3785116232537298, 0.4854268271702419, 1.925999418556223, 1.485426827170242, 1.0, 3.2326607567902745], "G": [1.7655347463629771, -2.3219280948873626, -2.3219280948873626, 1.485426827170242, 0.4854268271702419, 0.4854268271702419, 1.3785116232537298, 1.2630344058337937, 1.2630344058337937, 1.584962500721156, -2.3219280948873626], "K": [1.0, -2.3219280948873626, -2.3219280948873626, 0.0, -0.7369655941662062, -2.3219280948873626, -1.3219280948873624, -0.7369655941662062, -0.3219280948873625, -2.3219280948873626, -2.3219280948873626], "M": [-0.7369655941662062, -2.3219280948873626, -0.3219280948873625, 0.0, -2.3219280948873626, -2.3219280948873626, -1.3219280948873624, -1.3219280948873624, 0.0, -2.3219280948873626, -1.3219280948873624], "F": [-0.7369655941662062, -2.3219280948873626, 2.37851162325373, -0.3219280948873625, -2.3219280948873626, -0.3219280948873625, -0.7369655941662062, 0.4854268271702419, -0.3219280948873625, -1.3219280948873624, 2.6322682154995127], "R": [1.2630344058337937, 4.247927513443585, -0.3219280948873625, -1.3219280948873624, -0.7369655941662062, -2.3219280948873626, -1.3219280948873624, -2.3219280948873626, -0.7369655941662062, -0.3219280948873625, -2.3219280948873626], "W": [-2.3219280948873626, -2.3219280948873626, -0.3219280948873625, -0.3219280948873625, -2.3219280948873626, -2.3219280948873626, -2.3219280948873626, -2.3219280948873626, -2.3219280948873626, -2.3219280948873626, -2.3219280948873626], "H": [-2.3219280948873626, -2.3219280948873626, -2.3219280948873626, -2.3219280948873626, -1.3219280948873624, -2.3219280948873626, -2.3219280948873626, -2.3219280948873626, -2.3219280948873626, -2.3219280948873626, -2.3219280948873626], "S": [1.1375035237499347, -2.3219280948873626, 1.584962500721156, 0.6780719051126376, 0.6780719051126376, 0.6780719051126376, 1.2630344058337937, -0.7369655941662062, 0.4854268271702419, 1.6780719051126378, -2.3219280948873626], "C": [-2.3219280948873626, -2.3219280948873626, -2.3219280948873626, -2.3219280948873626, -2.3219280948873626, -2.3219280948873626, -2.3219280948873626, -2.3219280948873626, -2.3219280948873626, -1.3219280948873624, -2.3219280948873626], "V": [-0.7369655941662062, -2.3219280948873626, -0.7369655941662062, -0.3219280948873625, -0.7369655941662062, 0.2630344058337938, 0.84799690655495, -0.3219280948873625, 0.4854268271702419, -0.3219280948873625, 0.0], "N": [-2.3219280948873626, -2.3219280948873626, -0.7369655941662062, -0.7369655941662062, -0.7369655941662062, 0.2630344058337938, 0.2630344058337938, 1.1375035237499347, -0.7369655941662062, -1.3219280948873624, -2.3219280948873626], "P": [-1.3219280948873624, -2.3219280948873626, -2.3219280948873626, 0.4854268271702419, 1.925999418556223, 0.6780719051126376, 0.84799690655495, 0.84799690655495, -1.3219280948873624, -2.3219280948873626, -2.3219280948873626], "Q": [0.4854268271702419, -0.3219280948873625, -2.3219280948873626, 0.4854268271702419, 0.6780719051126376, 1.1375035237499347, -1.3219280948873624, 0.2630344058337938, 1.584962500721156, 0.0, -2.3219280948873626], "T": [-2.3219280948873626, -2.3219280948873626, -2.3219280948873626, -0.3219280948873625, -1.3219280948873624, -1.3219280948873624, -0.7369655941662062, -0.3219280948873625, -0.7369655941662062, 0.4854268271702419, -2.3219280948873626], "I": [0.0, -2.3219280948873626, -1.3219280948873624, -0.7369655941662062, 0.84799690655495, 0.0, -0.7369655941662062, 0.6780719051126376, -0.3219280948873625, -0.7369655941662062, 0.2630344058337938], "E": [-2.3219280948873626, -2.3219280948873626, -2.3219280948873626, 0.2630344058337938, 0.4854268271702419, 0.6780719051126376, -0.3219280948873625, -2.3219280948873626, 0.2630344058337938, -0.7369655941662062, -2.3219280948873626], "D": [-2.3219280948873626, -2.3219280948873626, -2.3219280948873626, 1.1375035237499347, 0.2630344058337938, 0.6780719051126376, 0.4854268271702419, -0.7369655941662062, -0.3219280948873625, -0.7369655941662062, -2.3219280948873626], "A": [1.485426827170242, -2.3219280948873626, -0.3219280948873625, -2.3219280948873626, 0.2630344058337938, 1.1375035237499347, 1.1375035237499347, 0.0, 0.0, 1.485426827170242, -2.3219280948873626], "Y": [0.0, -2.3219280948873626, 2.1375035237499347, -1.3219280948873624, -2.3219280948873626, -2.3219280948873626, -0.3219280948873625, -2.3219280948873626, -2.3219280948873626, 0.2630344058337938, -0.3219280948873625]}