{"L": [0.2306129281414164, 1.3257701611817563, 1.9806346751330688, -1.4214637684382767, 0.2306129281414164, -0.228818690495881, 0.9411063109464315, 1.0565835283663672, 1.7935491225325737, 1.9610058683841363, -1.6438561897747248], "G": [0.9806346751330689, -1.9068905956085187, -1.9068905956085187, 1.4150374992788437, 0.8586441507544588, 1.2306129281414164, 0.9806346751330689, 0.7253776198909943, 0.7253776198909943, 0.2947432655611319, -3.228818690495881], "K": [-0.3219280948873625, -4.228818690495881, -1.4214637684382767, -1.0588936890535685, -0.5283789723547889, -0.5283789723547889, -0.228818690495881, 0.019108822947704423, -1.0588936890535685, 1.2306129281414164, -2.228818690495881], "M": [-1.0588936890535685, 0.7253776198909943, -0.5283789723547889, -2.643856189774725, -2.228818690495881, -2.228818690495881, -1.6438561897747248, -1.4214637684382767, -1.2288186904958809, -1.9068905956085187, -2.643856189774725], "F": [0.6780719051126376, 1.6040713236688608, 1.1634987322828794, -1.4214637684382767, -1.4214637684382767, -1.9068905956085187, -1.2288186904958809, -1.2288186904958809, 1.5785362315617233, -0.6438561897747247, 0.019108822947704423], "R": [0.2947432655611319, -4.228818690495881, -1.2288186904958809, -1.4214637684382767, -0.7693870718585837, -1.2288186904958809, -1.2288186904958809, -0.14135584924554137, -1.4214637684382767, 0.4716210276452111, -1.6438561897747248], "W": [-4.228818690495881, -2.228818690495881, -1.4214637684382767, -2.643856189774725, -3.228818690495881, -3.228818690495881, -2.228818690495881, -4.228818690495881, -2.643856189774725, -4.228818690495881, -2.228818690495881], "H": [0.019108822947704423, -4.228818690495881, -0.5283789723547889, -0.3219280948873625, -0.228818690495881, -1.2288186904958809, 0.4150374992788437, -0.5283789723547889, -0.228818690495881, -0.7693870718585837, -2.643856189774725], "S": [1.197446064206217, 0.16349873228287928, -1.2288186904958809, 1.0931094043914815, 0.6291623046316913, 1.0565835283663672, 0.9004643264490856, 0.6291623046316913, -1.0588936890535685, 0.4150374992788437, -2.643856189774725], "C": [-4.228818690495881, -4.228818690495881, -4.228818690495881, -4.228818690495881, -4.228818690495881, -4.228818690495881, -3.228818690495881, -3.228818690495881, -3.228818690495881, -4.228818690495881, -4.228818690495881], "V": [0.6291623046316913, 1.6040713236688608, -0.14135584924554137, -0.7693870718585837, -0.058893689053568565, -0.228818690495881, -0.3219280948873625, -0.3219280948873625, -0.5283789723547889, -0.058893689053568565, -4.228818690495881], "N": [-0.14135584924554137, -0.5283789723547889, -0.7693870718585837, -0.4214637684382767, 0.2947432655611319, 0.09310940439148147, -0.058893689053568565, 0.16349873228287928, -0.7693870718585837, -0.7693870718585837, -4.228818690495881], "P": [-4.228818690495881, -3.228818690495881, -0.6438561897747247, 1.294743265561132, 1.0565835283663672, 1.128733314122203, 0.019108822947704423, 0.09310940439148147, -1.9068905956085187, -1.0588936890535685, -4.228818690495881], "Q": [-0.5283789723547889, -1.2288186904958809, -1.0588936890535685, -0.6438561897747247, 0.5785362315617233, -0.228818690495881, 0.4716210276452111, 0.4150374992788437, 0.16349873228287928, -0.3219280948873625, -3.228818690495881], "T": [-0.228818690495881, 0.5260688116675875, -1.4214637684382767, 0.2306129281414164, 0.2947432655611319, 0.4716210276452111, 0.4150374992788437, 0.35614381022527536, 0.8586441507544588, 0.019108822947704423, -2.643856189774725], "I": [0.35614381022527536, -0.228818690495881, 0.4716210276452111, -1.6438561897747248, 0.019108822947704423, -0.14135584924554137, -0.9068905956085187, 1.0191088229477043, -1.6438561897747248, -2.643856189774725, -3.228818690495881], "E": [-2.228818690495881, -0.5283789723547889, -1.4214637684382767, 0.9004643264490856, 0.8155754288625725, 0.35614381022527536, 0.6291623046316913, -0.058893689053568565, -0.6438561897747247, -0.058893689053568565, -2.643856189774725], "D": [-1.9068905956085187, -2.228818690495881, -0.4214637684382767, 1.5260688116675873, 0.5260688116675875, 0.019108822947704423, 0.4150374992788437, -0.4214637684382767, -1.2288186904958809, -0.6438561897747247, -4.228818690495881], "A": [0.4150374992788437, -0.228818690495881, 0.6291623046316913, 0.2947432655611319, 0.2306129281414164, 1.5525410230287786, 0.2306129281414164, 0.4150374992788437, -0.3219280948873625, 0.2306129281414164, -4.228818690495881], "Y": [1.128733314122203, 1.4436066514756147, 1.8155754288625725, -0.9068905956085187, -2.228818690495881, -3.228818690495881, -1.0588936890535685, -1.0588936890535685, 1.2306129281414164, 0.6291623046316913, 4.061200156436737]}