{"L": [1.843880798082718, -2.548436624696042, 1.7734914701913203, 0.9109949939412552, 0.9109949939412552, 1.843880798082718, -0.22650852980867991, 1.258918297361562, 1.843880798082718, 0.7734914701913203, 0.2589182973615619], "G": [-2.548436624696042, -1.5484366246960422, -2.548436624696042, -0.22650852980867991, -0.9634741239748862, 0.6214883767462703, 1.4515633753039578, 1.6994908887475433, -0.9634741239748862, -0.9634741239748862, -2.548436624696042], "K": [-2.548436624696042, -2.548436624696042, -2.548436624696042, -1.5484366246960422, -2.548436624696042, -0.9634741239748862, 0.03652587602511388, 0.2589182973615619, -1.5484366246960422, -0.5484366246960422, -2.548436624696042], "M": [1.258918297361562, -2.548436624696042, -0.9634741239748862, -1.5484366246960422, -1.5484366246960422, -0.9634741239748862, -2.548436624696042, -2.548436624696042, -2.548436624696042, -1.5484366246960422, -2.548436624696042], "F": [1.6994908887475433, -1.5484366246960422, 0.7734914701913203, -0.22650852980867991, 0.6214883767462703, -0.9634741239748862, -1.5484366246960422, 0.45156337530395785, 0.45156337530395785, 0.2589182973615619, 0.2589182973615619], "R": [-2.548436624696042, -2.548436624696042, -0.5484366246960422, -0.9634741239748862, -2.548436624696042, -2.548436624696042, 0.9109949939412552, -0.5484366246960422, 0.2589182973615619, -2.548436624696042, 0.03652587602511388], "W": [-2.548436624696042, -2.548436624696042, -0.22650852980867991, -2.548436624696042, -2.548436624696042, -0.9634741239748862, -2.548436624696042, -2.548436624696042, -2.548436624696042, -2.548436624696042, -2.548436624696042], "H": [1.3584539709124763, -2.548436624696042, 0.7734914701913203, -0.5484366246960422, -2.548436624696042, -0.5484366246960422, -2.548436624696042, -1.5484366246960422, -0.9634741239748862, -0.5484366246960422, -2.548436624696042], "S": [-0.9634741239748862, -1.5484366246960422, 0.7734914701913203, 1.3584539709124763, 1.258918297361562, -0.22650852980867991, 0.7734914701913203, 0.45156337530395785, -0.5484366246960422, 1.910994993941255, -2.548436624696042], "C": [-2.548436624696042, -2.548436624696042, -2.548436624696042, -2.548436624696042, -2.548436624696042, -2.548436624696042, -2.548436624696042, -2.548436624696042, -2.548436624696042, -2.548436624696042, -2.548436624696042], "V": [-1.5484366246960422, -1.5484366246960422, 0.7734914701913203, 0.03652587602511388, 0.7734914701913203, 0.45156337530395785, 0.9109949939412552, -0.5484366246960422, 2.0954195650786827, 0.45156337530395785, 0.7734914701913203], "N": [-2.548436624696042, -2.548436624696042, 0.9109949939412552, -0.9634741239748862, -1.5484366246960422, -0.5484366246960422, -0.9634741239748862, -0.9634741239748862, -1.5484366246960422, -0.9634741239748862, -2.548436624696042], "P": [-2.548436624696042, 4.021418983634906, -1.5484366246960422, 1.036525876025114, 1.7734914701913203, 1.258918297361562, 0.7734914701913203, 0.2589182973615619, -1.5484366246960422, -0.22650852980867991, -1.5484366246960422], "Q": [-0.9634741239748862, -2.548436624696042, -2.548436624696042, -0.22650852980867991, -0.22650852980867991, -0.9634741239748862, 0.03652587602511388, -0.22650852980867991, -2.548436624696042, -1.5484366246960422, -2.548436624696042], "T": [-0.9634741239748862, -2.548436624696042, -0.9634741239748862, -0.5484366246960422, -0.5484366246960422, 0.7734914701913203, 0.7734914701913203, -0.5484366246960422, 0.03652587602511388, 0.9109949939412552, -2.548436624696042], "I": [0.7734914701913203, -2.548436624696042, 0.03652587602511388, -0.5484366246960422, 0.9109949939412552, 0.9109949939412552, 0.2589182973615619, 0.9109949939412552, 0.9109949939412552, -0.9634741239748862, -0.5484366246960422], "E": [0.03652587602511388, -2.548436624696042, -1.5484366246960422, 1.036525876025114, 0.03652587602511388, 0.03652587602511388, -0.9634741239748862, -0.5484366246960422, 0.03652587602511388, 0.9109949939412552, -2.548436624696042], "D": [-2.548436624696042, -2.548436624696042, -0.5484366246960422, 0.7734914701913203, -0.5484366246960422, -0.5484366246960422, 0.03652587602511388, -0.9634741239748862, -0.22650852980867991, -1.5484366246960422, -2.548436624696042], "A": [-0.9634741239748862, 0.6214883767462703, 0.45156337530395785, 0.7734914701913203, 0.7734914701913203, 0.03652587602511388, -0.5484366246960422, 0.2589182973615619, 0.2589182973615619, 1.6214883767462702, 3.641387934183975], "Y": [1.258918297361562, -2.548436624696042, 0.6214883767462703, -0.9634741239748862, -0.9634741239748862, -2.548436624696042, -0.22650852980867991, 0.2589182973615619, -1.5484366246960422, -2.548436624696042, -2.548436624696042]}