{"L": [0.5405683813627026, -1.4594316186372975, 1.7104933828050153, 0.8624964762500651, 1.3479233034203066, 0.5405683813627026, 0.8624964762500651, 1.5405683813627027, 2.0, 0.5405683813627026, 2.1255308820838588], "G": [1.1255308820838588, -1.4594316186372975, -1.4594316186372975, 0.12553088208385882, 0.8624964762500651, 1.3479233034203066, 1.5405683813627027, 0.8624964762500651, -1.4594316186372975, -0.4594316186372975, -1.4594316186372975], "K": [1.3479233034203066, -1.4594316186372975, -1.4594316186372975, -1.4594316186372975, -1.4594316186372975, 0.8624964762500651, 0.12553088208385882, -0.4594316186372975, -1.4594316186372975, 0.12553088208385882, -1.4594316186372975], "M": [-1.4594316186372975, -1.4594316186372975, -0.4594316186372975, -1.4594316186372975, -1.4594316186372975, -1.4594316186372975, -1.4594316186372975, -0.4594316186372975, -1.4594316186372975, -1.4594316186372975, -1.4594316186372975], "F": [0.8624964762500651, -1.4594316186372975, 1.3479233034203066, 0.12553088208385882, 0.12553088208385882, -1.4594316186372975, -0.4594316186372975, -1.4594316186372975, -1.4594316186372975, 0.12553088208385882, 0.5405683813627026], "R": [0.5405683813627026, -1.4594316186372975, -1.4594316186372975, -1.4594316186372975, 0.12553088208385882, -1.4594316186372975, -0.4594316186372975, -1.4594316186372975, 0.12553088208385882, -1.4594316186372975, -1.4594316186372975], "W": [-1.4594316186372975, -1.4594316186372975, -1.4594316186372975, -1.4594316186372975, -1.4594316186372975, -1.4594316186372975, -1.4594316186372975, -1.4594316186372975, -1.4594316186372975, -1.4594316186372975, -1.4594316186372975], "H": [-1.4594316186372975, -1.4594316186372975, -0.4594316186372975, -1.4594316186372975, -1.4594316186372975, -1.4594316186372975, -1.4594316186372975, -1.4594316186372975, -0.4594316186372975, -0.4594316186372975, -1.4594316186372975], "S": [1.1255308820838588, -1.4594316186372975, -1.4594316186372975, 1.1255308820838588, 0.5405683813627026, 1.7104933828050153, 1.1255308820838588, 1.7104933828050153, 1.3479233034203066, 0.8624964762500651, -1.4594316186372975], "C": [-1.4594316186372975, -1.4594316186372975, -1.4594316186372975, -1.4594316186372975, -1.4594316186372975, -1.4594316186372975, -1.4594316186372975, -1.4594316186372975, -1.4594316186372975, -1.4594316186372975, -1.4594316186372975], "V": [-1.4594316186372975, -0.4594316186372975, 1.1255308820838588, -1.4594316186372975, 0.5405683813627026, 0.5405683813627026, -0.4594316186372975, 0.8624964762500651, 1.7104933828050153, 1.5405683813627027, 2.347923303420307], "N": [-1.4594316186372975, -1.4594316186372975, -1.4594316186372975, 0.5405683813627026, -1.4594316186372975, 0.8624964762500651, 0.12553088208385882, -1.4594316186372975, -0.4594316186372975, -1.4594316186372975, -1.4594316186372975], "P": [-1.4594316186372975, -1.4594316186372975, -1.4594316186372975, 1.1255308820838588, 0.5405683813627026, -0.4594316186372975, -0.4594316186372975, -0.4594316186372975, -0.4594316186372975, -0.4594316186372975, -1.4594316186372975], "Q": [-0.4594316186372975, -1.4594316186372975, -1.4594316186372975, -1.4594316186372975, -0.4594316186372975, -1.4594316186372975, 0.12553088208385882, 0.12553088208385882, 1.1255308820838588, -0.4594316186372975, -1.4594316186372975], "T": [-0.4594316186372975, -1.4594316186372975, -1.4594316186372975, -1.4594316186372975, 0.5405683813627026, 0.12553088208385882, 0.5405683813627026, -1.4594316186372975, 0.5405683813627026, 2.347923303420307, -1.4594316186372975], "I": [-0.4594316186372975, -1.4594316186372975, 2.1255308820838588, 0.12553088208385882, 0.5405683813627026, 0.12553088208385882, 0.12553088208385882, 0.8624964762500651, -1.4594316186372975, 0.12553088208385882, 3.1844245711374275], "E": [-1.4594316186372975, 4.155278225477911, -0.4594316186372975, 2.0, 0.12553088208385882, 0.5405683813627026, -0.4594316186372975, -1.4594316186372975, -0.4594316186372975, -1.4594316186372975, -1.4594316186372975], "D": [-1.4594316186372975, -1.4594316186372975, -1.4594316186372975, 1.1255308820838588, 0.12553088208385882, 1.1255308820838588, 0.5405683813627026, -1.4594316186372975, -1.4594316186372975, -1.4594316186372975, -1.4594316186372975], "A": [2.0, -1.4594316186372975, 0.5405683813627026, 0.12553088208385882, 0.5405683813627026, -1.4594316186372975, 0.8624964762500651, 1.3479233034203066, 0.8624964762500651, 0.5405683813627026, -1.4594316186372975], "Y": [0.5405683813627026, -1.4594316186372975, 1.1255308820838588, -1.4594316186372975, 0.12553088208385882, -1.4594316186372975, -1.4594316186372975, -0.4594316186372975, -1.4594316186372975, -1.4594316186372975, -1.4594316186372975]}