{"L": [0.15486842713943938, -0.9520467767770727, -1.4825614934758524, 0.15486842713943938, -0.26016907213940466, 0.3919076244402888, -0.12892453886115185, 1.4767965220268018, 0.30170981546871045, 0.10240100724530372, 3.260402841311797], "G": [0.6329157239440837, 0.15486842713943938, 0.556966870710785, 1.2054945002094073, 1.4560379618600041, 1.128873218606495, 1.0754339596450344, 0.99136969485656, 0.8710754611388482, 0.15486842713943938, -0.3305584000308025], "K": [0.7050655096999189, -0.9520467767770727, 0.2544041006903537, 0.34751350508183504, -0.06752399419700861, 0.8710754611388482, 0.34751350508183504, 0.2544041006903537, -0.26016907213940466, 0.3919076244402888, -0.40455898147457947], "M": [-1.4825614934758524, -4.652486494918165, -1.1930548762808675, -3.0675239941970083, -3.0675239941970083, -2.0675239941970087, -2.0675239941970087, -0.9520467767770727, -2.0675239941970087, -1.8451315728605608, 0.04795322322292725], "F": [-2.3305584000308026, -2.6524864949181652, -1.0675239941970087, -1.3305584000308026, -1.8451315728605608, -1.0675239941970087, -1.0675239941970087, -1.4825614934758524, -1.8451315728605608, -1.8451315728605608, 0.4349763463321746], "R": [1.3017098154687103, -0.19305487628086737, 2.2178782246652395, -0.9520467767770727, -0.9520467767770727, 1.2544041006903537, -0.12892453886115185, 0.7737782597839331, 0.15486842713943938, -0.652486494918165, -0.7455958993096463], "W": [-4.652486494918165, -4.652486494918165, -4.652486494918165, -3.0675239941970083, -4.652486494918165, -4.652486494918165, -4.652486494918165, -3.0675239941970083, -4.652486494918165, -4.652486494918165, -4.652486494918165], "H": [-0.5650236536678254, -1.4825614934758524, -1.3305584000308026, -1.0675239941970087, -0.4825614934758526, -0.40455898147457947, -0.7455958993096463, -0.5650236536678254, -0.4825614934758526, -1.8451315728605608, -3.0675239941970083], "S": [1.5954410185254204, -0.008630305143439999, 1.4136026955396077, 1.6329157239440837, 1.4349763463321747, 1.5174385065241474, 1.72255293642876, 0.9021023567594725, 1.72255293642876, 1.976870125161445, 0.30170981546871045], "C": [-4.652486494918165, -4.652486494918165, -4.652486494918165, -4.652486494918165, -4.652486494918165, -4.652486494918165, -3.652486494918165, -4.652486494918165, -3.652486494918165, -3.652486494918165, -3.0675239941970083], "V": [0.34751350508183504, -0.40455898147457947, -1.4825614934758524, -0.26016907213940466, -0.12892453886115185, 0.20549450020940718, 0.5174385065241475, -0.008630305143439999, 0.5954410185254205, 0.4349763463321746, -0.652486494918165], "N": [-0.9520467767770727, -2.3305584000308026, -0.06752399419700861, -0.26016907213940466, -0.5650236536678254, -0.8451315728605606, -0.9520467767770727, -1.652486494918165, -0.7455958993096463, -0.9520467767770727, -1.1930548762808675], "P": [-2.0675239941970087, 3.600178937532084, -1.1930548762808675, 0.5174385065241475, 1.4349763463321747, -0.8451315728605606, 0.5174385065241475, 0.34751350508183504, -0.652486494918165, -1.3305584000308026, -2.3305584000308026], "Q": [-3.0675239941970083, -1.3305584000308026, -1.1930548762808675, 0.20549450020940718, -0.06752399419700861, -0.26016907213940466, -0.652486494918165, -0.19305487628086737, 0.20549450020940718, 0.6694415999691975, -2.0675239941970087], "T": [0.6329157239440837, -2.6524864949181652, -0.5650236536678254, 0.3919076244402888, 0.5174385065241475, -0.06752399419700861, 0.34751350508183504, -0.008630305143439999, 0.7737782597839331, 0.7398309278605953, -1.652486494918165], "I": [-0.19305487628086737, -1.8451315728605608, -0.12892453886115185, -2.0675239941970087, -1.3305584000308026, -0.652486494918165, -0.26016907213940466, -0.5650236536678254, 0.15486842713943938, -0.26016907213940466, -1.0675239941970087], "E": [-2.0675239941970087, -0.26016907213940466, -1.3305584000308026, 0.47679652202680173, 0.30170981546871045, 0.34751350508183504, 0.3919076244402888, 0.15486842713943938, -0.12892453886115185, 0.5954410185254205, -0.8451315728605606], "D": [-1.652486494918165, -2.0675239941970087, 0.5174385065241475, 0.6329157239440837, -0.06752399419700861, -0.4825614934758526, -0.26016907213940466, -0.4825614934758526, -0.5650236536678254, -1.652486494918165, -1.652486494918165], "A": [1.72255293642876, -1.4825614934758524, 1.019938847053331, 0.6329157239440837, 0.556966870710785, 0.10240100724530372, 0.7737782597839331, 0.47679652202680173, 0.9622233491970433, 1.2782508426447214, -0.652486494918165], "Y": [-0.9520467767770727, -4.652486494918165, -0.4825614934758526, -1.8451315728605608, -1.652486494918165, -2.6524864949181652, -3.0675239941970083, -1.3305584000308026, -3.652486494918165, -1.4825614934758524, -0.7455958993096463]}