{"L": [0.05970149253731344, 0.0, 0.7402597402597402, 0.7272727272727272, 0.9166666666666666, 0.7192982456140351, 0.9599999999999999, 1.0, 0.34259259259259256, 0.6891891891891893, 0.2608695652173913], "G": [0.1417910447761194, 0.0017391304347826085, 0.23376623376623373, 0.38636363636363635, 0.65, 0.8245614035087719, 1.0, 0.9838709677419354, 0.12037037037037038, 0.5270270270270271, 0.0], "K": [0.17164179104477614, 0.0, 0.1558441558441558, 0.2954545454545454, 0.25, 0.543859649122807, 1.0, 0.7903225806451613, 1.0, 1.0, 0.0], "M": [0.05223880597014926, 0.0, 0.1948051948051948, 0.03409090909090909, 0.13333333333333333, 0.05263157894736842, 0.09999999999999999, 0.0967741935483871, 0.01851851851851852, 0.10810810810810811, 0.016304347826086956], "F": [0.01492537313432836, 0.0017391304347826085, 0.46753246753246747, 0.125, 0.21666666666666667, 0.22807017543859648, 0.31999999999999995, 0.30645161290322576, 0.10185185185185186, 0.16216216216216217, 0.7880434782608695], "R": [0.1865671641791045, 0.0017391304347826085, 0.0779220779220779, 0.13636363636363635, 0.3, 0.3859649122807018, 0.45999999999999996, 0.4354838709677419, 0.8796296296296297, 0.6891891891891893, 0.010869565217391304], "W": [0.0373134328358209, 0.0, 0.12987012987012986, 0.022727272727272724, 0.016666666666666666, 0.017543859649122806, 0.05999999999999999, 0.03225806451612903, 0.06481481481481483, 0.02702702702702703, 1.0], "H": [0.09701492537313433, 0.0017391304347826085, 0.3506493506493506, 0.07954545454545454, 0.18333333333333335, 0.1929824561403509, 0.27999999999999997, 0.1935483870967742, 0.2592592592592593, 0.29729729729729737, 0.005434782608695652], "S": [0.5597014925373134, 0.0, 0.33766233766233766, 0.3977272727272727, 0.6, 0.8947368421052632, 0.7599999999999999, 0.564516129032258, 0.29629629629629634, 0.6486486486486487, 0.0], "C": [0.00746268656716418, 0.003478260869565217, 0.0, 0.0, 0.03333333333333333, 0.10526315789473684, 0.09999999999999999, 0.06451612903225806, 0.01851851851851852, 0.05405405405405406, 0.005434782608695652], "V": [0.19402985074626866, 0.0, 0.7922077922077921, 0.17045454545454544, 0.35, 0.7192982456140351, 0.8599999999999999, 0.9677419354838709, 0.25, 0.45945945945945954, 0.005434782608695652], "N": [0.13432835820895522, 0.003478260869565217, 0.3766233766233766, 0.28409090909090906, 0.5166666666666667, 0.33333333333333326, 0.6599999999999999, 0.48387096774193544, 0.2592592592592593, 0.31081081081081086, 0.0], "P": [0.01492537313432836, 0.003478260869565217, 0.20779220779220778, 0.5681818181818181, 0.9, 0.7017543859649122, 0.58, 0.4354838709677419, 0.1111111111111111, 0.02702702702702703, 0.0], "Q": [0.5149253731343284, 0.0, 0.44155844155844154, 0.3977272727272727, 0.5666666666666668, 0.5789473684210525, 0.27999999999999997, 0.4354838709677419, 0.5277777777777778, 0.581081081081081, 0.010869565217391304], "T": [0.29104477611940305, 0.0, 0.09090909090909091, 0.37499999999999994, 0.65, 0.7017543859649122, 0.58, 0.3709677419354839, 0.2222222222222222, 0.7297297297297297, 0.010869565217391304], "I": [0.04477611940298508, 0.0, 1.0, 0.1818181818181818, 0.43333333333333335, 0.7543859649122806, 1.0, 0.6451612903225806, 0.1851851851851852, 0.06756756756756757, 0.07608695652173914], "E": [0.6940298507462687, 1.0, 0.3896103896103896, 0.7840909090909091, 1.0, 1.0, 0.9, 0.4193548387096774, 0.2314814814814815, 0.5135135135135135, 0.0], "D": [0.11940298507462688, 0.0017391304347826085, 0.46753246753246747, 1.0, 0.8333333333333334, 0.6666666666666665, 0.6399999999999999, 0.16129032258064516, 0.16666666666666666, 0.10810810810810811, 0.0], "A": [1.0, 0.0, 0.9610389610389609, 0.47727272727272724, 0.9666666666666667, 0.7368421052631579, 0.88, 0.9354838709677419, 0.2777777777777778, 0.6351351351351352, 0.010869565217391304], "Y": [0.0373134328358209, 0.0, 0.1948051948051948, 0.21590909090909086, 0.25, 0.12280701754385966, 0.3, 0.12903225806451613, 0.0925925925925926, 0.28378378378378377, 0.983695652173913]}