{"L": [0.11111111111111112, 0.26, 0.0379746835443038, 0.4736842105263158, 0.19999999999999998, 0.1875, 1.0, 0.5625, 0.36363636363636365, 0.10344827586206896, 1.0], "G": [0.07407407407407407, 0.0, 0.012658227848101266, 1.0, 0.8499999999999999, 0.8125, 0.6153846153846154, 1.0, 0.31818181818181823, 0.10344827586206896, 0.0], "K": [0.07407407407407407, 0.0, 0.0, 0.052631578947368425, 0.049999999999999996, 0.3125, 1.0, 0.375, 0.13636363636363638, 0.034482758620689655, 0.0], "M": [0.037037037037037035, 0.04, 0.0, 0.052631578947368425, 0.0, 0.0625, 0.07692307692307693, 0.125, 0.045454545454545456, 0.0, 0.07608695652173914], "F": [1.0, 0.02, 0.0379746835443038, 0.0, 0.0, 0.0, 0.23076923076923075, 0.0, 0.09090909090909091, 0.10344827586206896, 0.10869565217391304], "R": [0.037037037037037035, 0.0, 0.012658227848101266, 0.052631578947368425, 0.15, 0.25, 0.5384615384615384, 0.25, 0.0, 0.0, 0.0], "W": [0.0, 0.0, 0.02531645569620253, 0.0, 0.0, 0.0, 0.0, 0.0625, 0.045454545454545456, 0.034482758620689655, 0.0], "H": [0.07407407407407407, 0.0, 0.012658227848101266, 0.052631578947368425, 0.09999999999999999, 0.25, 0.15384615384615385, 0.375, 0.09090909090909091, 0.06896551724137931, 0.0], "S": [0.2592592592592593, 0.26, 0.0379746835443038, 0.4210526315789474, 0.9, 0.75, 0.38461538461538464, 0.875, 1.0, 0.7931034482758621, 0.0], "C": [0.0, 0.04, 0.0, 0.052631578947368425, 0.049999999999999996, 0.0, 0.0, 0.0, 0.0, 0.0, 0.0], "V": [0.4074074074074074, 0.30000000000000004, 0.0, 0.3157894736842105, 0.45, 0.25, 0.6153846153846154, 0.3125, 0.4545454545454546, 0.4482758620689655, 0.07608695652173914], "N": [0.2592592592592593, 0.0, 0.012658227848101266, 0.2105263157894737, 0.3, 0.5625, 0.4615384615384615, 0.5, 0.4545454545454546, 0.10344827586206896, 0.0], "P": [0.0, 0.02, 0.0, 0.631578947368421, 1.0, 0.3125, 0.4615384615384615, 0.375, 0.045454545454545456, 0.06896551724137931, 0.0], "Q": [0.07407407407407407, 0.060000000000000005, 0.0, 0.26315789473684215, 0.15, 0.125, 0.3076923076923077, 0.1875, 0.4090909090909091, 0.06896551724137931, 0.0], "T": [0.3703703703703704, 0.10000000000000002, 0.0, 0.3157894736842105, 0.19999999999999998, 0.8125, 0.923076923076923, 0.8125, 0.27272727272727276, 0.3448275862068966, 0.0], "I": [0.5185185185185186, 0.22, 0.012658227848101266, 0.3157894736842105, 0.15, 0.25, 0.15384615384615385, 0.4375, 0.5909090909090909, 0.20689655172413793, 0.0], "E": [0.0, 0.0, 0.2278481012658228, 0.736842105263158, 0.3, 0.625, 0.3076923076923077, 0.0625, 0.36363636363636365, 0.41379310344827586, 0.0], "D": [0.0, 0.0, 1.0, 0.8947368421052632, 0.45, 1.0, 0.7692307692307693, 0.25, 0.13636363636363638, 0.0, 0.0], "A": [0.4074074074074074, 1.0, 0.012658227848101266, 0.2105263157894737, 0.45, 0.6875, 0.6923076923076923, 0.375, 0.4090909090909091, 1.0, 0.0], "Y": [0.5925925925925926, 0.0, 0.02531645569620253, 0.052631578947368425, 0.049999999999999996, 0.0, 0.23076923076923075, 0.3125, 0.045454545454545456, 0.10344827586206896, 0.0]}