{"L": [0.3181818181818182, 0.0, 0.5, 0.3333333333333333, 0.6363636363636364, 0.42857142857142855, 0.5, 0.9166666666666666, 1.0, 0.55, 0.2857142857142857], "G": [0.5909090909090909, 0.011764705882352941, 0.16666666666666666, 0.4, 0.6363636363636364, 0.7857142857142857, 1.0, 1.0, 0.21428571428571427, 0.1, 0.0], "K": [0.3181818181818182, 0.0, 0.0, 0.06666666666666667, 0.2727272727272727, 0.5, 0.3125, 0.25, 0.0, 0.25, 0.0], "M": [0.09090909090909091, 0.0, 0.1111111111111111, 0.0, 0.0, 0.0, 0.125, 0.25, 0.07142857142857142, 0.1, 0.0], "F": [0.22727272727272727, 0.0, 0.6666666666666666, 0.26666666666666666, 0.45454545454545453, 0.07142857142857142, 0.1875, 0.5, 0.0, 0.15, 0.11904761904761904], "R": [0.2727272727272727, 0.0, 0.05555555555555555, 0.13333333333333333, 0.2727272727272727, 0.14285714285714285, 0.0625, 0.08333333333333333, 0.42857142857142855, 0.15, 0.0], "W": [0.0, 0.0, 0.0, 0.0, 0.09090909090909091, 0.0, 0.0, 0.0, 0.0, 0.0, 0.0], "H": [0.045454545454545456, 0.0, 0.2222222222222222, 0.06666666666666667, 0.2727272727272727, 0.0, 0.0, 0.16666666666666666, 0.14285714285714285, 0.25, 0.0], "S": [0.4090909090909091, 0.0, 0.05555555555555555, 0.6, 0.7272727272727273, 1.0, 0.375, 0.9166666666666666, 0.5714285714285714, 0.45, 0.0], "C": [0.0, 0.0, 0.0, 0.0, 0.0, 0.0, 0.0, 0.0, 0.0, 0.0, 0.0], "V": [0.22727272727272727, 0.011764705882352941, 0.5, 0.06666666666666667, 0.5454545454545454, 0.35714285714285715, 0.25, 0.6666666666666666, 1.0, 0.45, 0.6666666666666666], "N": [0.0, 0.0, 0.05555555555555555, 0.4666666666666667, 0.09090909090909091, 0.5, 0.25, 0.3333333333333333, 0.35714285714285715, 0.05, 0.0], "P": [0.0, 0.011764705882352941, 0.05555555555555555, 0.9333333333333333, 1.0, 0.14285714285714285, 0.25, 0.3333333333333333, 0.07142857142857142, 0.0, 0.0], "Q": [0.045454545454545456, 0.0, 0.05555555555555555, 0.13333333333333333, 0.09090909090909091, 0.14285714285714285, 0.375, 0.25, 0.7857142857142857, 0.15, 0.0], "T": [0.22727272727272727, 0.0, 0.05555555555555555, 0.13333333333333333, 0.36363636363636365, 0.35714285714285715, 0.5, 0.3333333333333333, 0.42857142857142855, 1.0, 0.0], "I": [0.13636363636363635, 0.011764705882352941, 1.0, 0.2, 0.2727272727272727, 0.5, 0.4375, 0.4166666666666667, 0.21428571428571427, 0.2, 1.0], "E": [0.0, 1.0, 0.1111111111111111, 0.8666666666666667, 0.45454545454545453, 0.42857142857142855, 0.3125, 0.16666666666666666, 0.21428571428571427, 0.1, 0.0], "D": [0.0, 0.0, 0.2222222222222222, 1.0, 0.5454545454545454, 0.7142857142857143, 0.25, 0.08333333333333333, 0.14285714285714285, 0.05, 0.0], "A": [1.0, 0.0, 0.3888888888888889, 0.26666666666666666, 0.9090909090909091, 0.2857142857142857, 0.25, 0.5833333333333334, 0.7142857142857143, 0.35, 0.047619047619047616], "Y": [0.13636363636363635, 0.0, 0.7222222222222222, 0.0, 0.45454545454545453, 0.0, 0.125, 0.16666666666666666, 0.0, 0.1, 0.0]}