{"L": [0.6327683615819208, 0.1292134831460674, 1.0, 0.4945945945945946, 0.6472392638036809, 1.0, 0.9641255605381166, 1.0, 1.0, 1.0, 0.08605341246290801], "G": [0.23163841807909605, 0.13904494382022473, 0.1869158878504673, 0.34324324324324323, 0.3773006134969325, 0.8007968127490039, 0.8609865470852017, 0.5105633802816901, 0.2529182879377432, 0.2802197802197802, 0.0037091988130563795], "K": [1.0, 0.009831460674157303, 0.46417445482866043, 0.35405405405405405, 0.21472392638036808, 0.6095617529880478, 0.5381165919282511, 0.5528169014084506, 0.4552529182879378, 0.32692307692307687, 0.020029673590504452], "M": [0.22033898305084745, 0.014044943820224719, 0.2149532710280374, 0.056756756756756746, 0.10122699386503066, 0.11553784860557768, 0.14349775784753363, 0.16197183098591547, 0.26848249027237353, 0.1291208791208791, 0.014836795252225518], "F": [0.17231638418079095, 0.02949438202247191, 0.5514018691588786, 0.15135135135135133, 0.1656441717791411, 0.23505976095617528, 0.2466367713004484, 0.36619718309859156, 0.44747081712062253, 0.32417582417582413, 0.3160237388724036], "R": [0.6214689265536723, 0.005617977528089888, 0.38006230529595014, 0.24594594594594596, 0.15030674846625766, 0.3705179282868526, 0.358744394618834, 0.3767605633802817, 0.9727626459143969, 0.34615384615384615, 0.021513353115727003], "W": [0.019774011299435026, 0.008426966292134831, 0.17445482866043616, 0.04594594594594594, 0.05214723926380367, 0.055776892430278883, 0.08071748878923767, 0.06690140845070423, 0.16342412451361865, 0.06868131868131867, 1.0], "H": [0.2598870056497175, 0.004213483146067416, 0.08411214953271029, 0.09459459459459459, 0.15030674846625766, 0.3745019920318725, 0.23766816143497754, 0.176056338028169, 0.34241245136186765, 0.1923076923076923, 0.004451038575667656], "S": [0.5254237288135593, 1.0, 0.9096573208722741, 0.5324324324324324, 0.5245398773006134, 0.6932270916334662, 1.0, 0.5316901408450704, 0.44747081712062253, 0.532967032967033, 0.006676557863501484], "C": [0.022598870056497175, 0.060393258426966294, 0.19626168224299065, 0.04054054054054054, 0.049079754601226995, 0.055776892430278883, 0.12107623318385649, 0.0880281690140845, 0.13229571984435798, 0.07967032967032966, 0.001483679525222552], "V": [0.5706214689265536, 0.3300561797752809, 0.411214953271028, 0.2216216216216216, 0.4877300613496932, 0.6135458167330676, 0.8161434977578476, 0.6514084507042254, 0.5953307392996109, 0.47802197802197804, 0.0051928783382789315], "N": [0.053672316384180796, 0.007022471910112359, 0.22741433021806853, 0.16756756756756758, 0.3251533742331288, 0.2549800796812749, 0.34080717488789236, 0.4119718309859155, 0.2607003891050584, 0.24450549450549447, 0.002967359050445104], "P": [0.04519774011299435, 0.047752808988764044, 0.05919003115264798, 1.0, 0.4386503067484662, 0.6812749003984063, 0.5156950672645739, 0.27816901408450706, 0.22957198443579765, 0.04945054945054945, 0.002967359050445104], "Q": [0.29378531073446323, 0.021067415730337078, 0.14641744548286606, 0.2594594594594594, 0.2883435582822086, 0.35458167330677287, 0.4439461883408071, 0.36619718309859156, 0.77431906614786, 0.4258241758241758, 0.005934718100890208], "T": [0.38418079096045193, 0.7837078651685393, 0.19003115264797507, 0.39999999999999997, 0.38650306748466257, 0.4302788844621514, 0.6233183856502242, 0.3873239436619718, 0.4785992217898833, 0.5906593406593407, 0.004451038575667656], "I": [0.6242937853107344, 0.10814606741573034, 0.514018691588785, 0.22972972972972971, 0.3006134969325153, 0.5139442231075697, 0.7264573991031389, 0.7852112676056339, 0.490272373540856, 0.21428571428571427, 0.031899109792284865], "E": [0.09322033898305083, 0.022471910112359553, 0.17133956386292834, 0.5216216216216216, 0.7116564417177914, 0.697211155378486, 0.7130044843049327, 0.38028169014084506, 0.5330739299610895, 0.3598901098901099, 0.008902077151335312], "D": [0.05932203389830508, 0.012640449438202249, 0.3489096573208723, 0.5351351351351351, 1.0, 0.6175298804780877, 0.600896860986547, 0.37323943661971826, 0.3696498054474708, 0.10164835164835163, 0.010385756676557863], "A": [0.5112994350282486, 0.47612359550561795, 0.6199376947040499, 0.4054054054054054, 0.5828220858895704, 0.5896414342629481, 0.7713004484304933, 0.45774647887323944, 0.4591439688715953, 0.2802197802197802, 0.004451038575667656], "Y": [0.1581920903954802, 0.022471910112359553, 0.31775700934579443, 0.1189189189189189, 0.10429447852760734, 0.10358565737051792, 0.21524663677130043, 0.1795774647887324, 0.2801556420233463, 0.2967032967032967, 0.15504451038575667]}