{"L": [0.3939393939393939, 1.0, 0.5135135135135135, 1.0, 0.9444444444444444, 0.7647058823529412, 0.6521739130434783, 1.0, 0.7407407407407408, 0.375, 1.0], "G": [0.0303030303030303, 0.1842105263157895, 0.1081081081081081, 0.9411764705882353, 0.7777777777777778, 0.7647058823529412, 0.5652173913043479, 0.5652173913043479, 0.22222222222222224, 0.0625, 0.0], "K": [0.1515151515151515, 0.0, 0.0, 0.29411764705882354, 0.2777777777777778, 0.35294117647058826, 0.30434782608695654, 0.21739130434782608, 0.11111111111111112, 0.0625, 0.06086956521739131], "M": [0.1212121212121212, 0.2368421052631579, 0.24324324324324323, 0.17647058823529413, 0.05555555555555556, 0.11764705882352941, 0.17391304347826086, 0.0, 0.1851851851851852, 0.0625, 0.13043478260869565], "F": [1.0, 0.2368421052631579, 0.37837837837837834, 0.47058823529411764, 0.33333333333333337, 0.6470588235294118, 0.30434782608695654, 0.391304347826087, 0.2592592592592593, 0.0625, 0.15652173913043477], "R": [0.303030303030303, 0.026315789473684213, 0.08108108108108109, 0.23529411764705882, 0.3888888888888889, 0.47058823529411764, 0.30434782608695654, 0.391304347826087, 0.33333333333333337, 0.0, 0.008695652173913044], "W": [0.0303030303030303, 0.0, 0.05405405405405405, 0.11764705882352941, 0.16666666666666669, 0.11764705882352941, 0.08695652173913043, 0.21739130434782608, 0.07407407407407408, 0.0, 0.0], "H": [0.09090909090909091, 0.0, 0.2162162162162162, 0.17647058823529413, 0.11111111111111112, 0.11764705882352941, 0.43478260869565216, 0.21739130434782608, 0.11111111111111112, 0.0625, 0.0], "S": [0.8484848484848484, 0.4210526315789474, 0.4054054054054054, 0.9411764705882353, 1.0, 0.823529411764706, 1.0, 0.6521739130434783, 1.0, 1.0, 0.0], "C": [0.0, 0.0, 0.027027027027027025, 0.11764705882352941, 0.2777777777777778, 0.23529411764705882, 0.08695652173913043, 0.08695652173913043, 0.07407407407407408, 0.0, 0.0], "V": [0.6363636363636362, 0.368421052631579, 0.1081081081081081, 0.7647058823529412, 0.7222222222222222, 0.6470588235294118, 0.26086956521739135, 0.6956521739130435, 0.29629629629629634, 0.4375, 0.08695652173913043], "N": [0.0303030303030303, 0.026315789473684213, 0.08108108108108109, 0.47058823529411764, 0.7222222222222222, 0.7647058823529412, 0.47826086956521746, 0.26086956521739135, 0.29629629629629634, 0.03125, 0.008695652173913044], "P": [0.0, 0.34210526315789475, 1.0, 0.7058823529411765, 0.7777777777777778, 1.0, 0.6086956521739131, 0.5652173913043479, 0.40740740740740744, 0.84375, 0.0], "Q": [0.09090909090909091, 0.0, 0.16216216216216217, 0.35294117647058826, 0.33333333333333337, 0.5882352941176471, 0.34782608695652173, 0.34782608695652173, 0.4814814814814815, 0.09375, 0.0], "T": [0.18181818181818182, 0.31578947368421056, 0.13513513513513511, 0.35294117647058826, 0.7777777777777778, 0.7058823529411765, 0.391304347826087, 0.5217391304347827, 0.7407407407407408, 0.65625, 0.0], "I": [0.3333333333333333, 0.2368421052631579, 0.2972972972972973, 0.5294117647058824, 0.33333333333333337, 0.35294117647058826, 0.47826086956521746, 0.47826086956521746, 0.40740740740740744, 0.3125, 0.06956521739130435], "E": [0.0606060606060606, 0.026315789473684213, 0.027027027027027025, 0.9411764705882353, 0.33333333333333337, 0.47058823529411764, 0.26086956521739135, 0.391304347826087, 0.1851851851851852, 0.4375, 0.0], "D": [0.1515151515151515, 0.052631578947368425, 0.2162162162162162, 0.6470588235294118, 0.33333333333333337, 0.411764705882353, 0.13043478260869568, 0.08695652173913043, 0.11111111111111112, 0.03125, 0.0], "A": [0.2424242424242424, 0.868421052631579, 0.2162162162162162, 0.7058823529411765, 0.7777777777777778, 0.6470588235294118, 0.6086956521739131, 0.43478260869565216, 0.33333333333333337, 0.84375, 0.0], "Y": [0.606060606060606, 0.2631578947368421, 0.45945945945945943, 0.35294117647058826, 0.2777777777777778, 0.29411764705882354, 0.13043478260869568, 0.08695652173913043, 0.11111111111111112, 0.09375, 0.0]}