{"L": [0.07692307692307693, 0.0, 0.9444444444444444, 0.7777777777777778, 0.5, 0.5882352941176471, 0.39999999999999997, 0.7647058823529412, 1.0, 0.8888888888888888, 0.5476190476190476], "G": [0.4358974358974359, 0.0, 0.027777777777777776, 0.7777777777777778, 0.38461538461538464, 0.411764705882353, 1.0, 1.0, 0.23076923076923075, 1.0, 0.023809523809523808], "K": [0.6923076923076924, 0.0, 0.027777777777777776, 0.5, 0.07692307692307691, 0.47058823529411764, 0.4666666666666667, 0.47058823529411764, 0.15384615384615383, 0.3888888888888889, 0.2857142857142857], "M": [0.05128205128205128, 0.0, 0.1111111111111111, 0.05555555555555555, 0.0, 0.1764705882352941, 0.13333333333333333, 0.11764705882352941, 0.23076923076923075, 0.16666666666666666, 0.23809523809523808], "F": [0.07692307692307693, 0.0, 1.0, 0.3333333333333333, 0.11538461538461538, 0.1764705882352941, 0.3333333333333333, 0.3529411764705882, 0.30769230769230765, 0.2222222222222222, 1.0], "R": [1.0, 1.0, 0.027777777777777776, 0.2222222222222222, 0.03846153846153846, 0.058823529411764705, 0.3333333333333333, 0.23529411764705882, 0.11538461538461538, 0.6111111111111112, 0.2857142857142857], "W": [0.02564102564102564, 0.0, 0.3611111111111111, 0.2222222222222222, 0.03846153846153846, 0.0, 0.0, 0.23529411764705882, 0.23076923076923075, 0.05555555555555555, 0.09523809523809523], "H": [0.2820512820512821, 0.0, 0.05555555555555555, 0.0, 0.07692307692307691, 0.058823529411764705, 0.06666666666666667, 0.058823529411764705, 0.07692307692307691, 0.2222222222222222, 0.023809523809523808], "S": [0.33333333333333337, 0.0, 0.08333333333333333, 0.6111111111111112, 0.5, 1.0, 0.7333333333333334, 0.5882352941176471, 0.34615384615384615, 0.8333333333333334, 0.0], "C": [0.0, 0.0, 0.027777777777777776, 0.0, 0.0, 0.0, 0.06666666666666667, 0.058823529411764705, 0.0, 0.0, 0.0], "V": [0.05128205128205128, 0.0070921985815602835, 0.2777777777777778, 0.4444444444444444, 0.34615384615384615, 0.823529411764706, 0.6, 0.7647058823529412, 0.5, 0.4444444444444444, 0.09523809523809523], "N": [0.02564102564102564, 0.0, 0.1111111111111111, 0.3333333333333333, 0.4615384615384615, 0.23529411764705882, 0.4666666666666667, 0.411764705882353, 0.2692307692307692, 0.16666666666666666, 0.0], "P": [0.0, 0.0070921985815602835, 0.0, 0.5, 1.0, 0.5882352941176471, 0.9333333333333333, 0.3529411764705882, 0.15384615384615383, 0.16666666666666666, 0.0], "Q": [0.15384615384615385, 0.0, 0.0, 0.2777777777777778, 0.2692307692307692, 0.3529411764705882, 0.6, 0.3529411764705882, 0.38461538461538464, 0.5, 0.0], "T": [0.05128205128205128, 0.0, 0.027777777777777776, 0.3888888888888889, 0.15384615384615383, 0.7647058823529412, 0.4666666666666667, 0.29411764705882354, 0.2692307692307692, 0.6666666666666666, 0.023809523809523808], "I": [0.02564102564102564, 0.0, 0.3333333333333333, 0.2222222222222222, 0.42307692307692313, 0.47058823529411764, 0.6666666666666666, 0.7058823529411764, 0.576923076923077, 0.0, 0.07142857142857142], "E": [0.0, 0.0070921985815602835, 0.027777777777777776, 0.6111111111111112, 0.30769230769230765, 0.6470588235294118, 0.7333333333333334, 0.47058823529411764, 0.23076923076923075, 0.5, 0.023809523809523808], "D": [0.0, 0.0, 0.05555555555555555, 1.0, 0.30769230769230765, 0.5882352941176471, 0.5333333333333333, 0.5294117647058824, 0.0, 0.2777777777777778, 0.0], "A": [0.23076923076923078, 0.0, 0.16666666666666666, 0.5, 0.38461538461538464, 0.7058823529411764, 0.7333333333333334, 0.5882352941176471, 0.19230769230769232, 0.3888888888888889, 0.023809523809523808], "Y": [0.17948717948717952, 0.0, 0.3333333333333333, 0.2222222222222222, 0.15384615384615383, 0.3529411764705882, 0.3333333333333333, 0.11764705882352941, 0.2692307692307692, 0.5, 0.6904761904761905]}