{"L": [0.411764705882353, 0.0, 0.4230769230769231, 0.6428571428571428, 0.5789473684210527, 1.0, 0.5384615384615385, 1.0, 0.9333333333333335, 0.625, 1.0], "G": [1.0, 0.0, 0.038461538461538464, 1.0, 0.368421052631579, 0.5384615384615385, 1.0, 0.631578947368421, 0.8, 0.9375, 0.021276595744680854], "K": [0.5882352941176471, 0.0, 0.0, 0.35714285714285715, 0.15789473684210525, 0.07692307692307693, 0.15384615384615385, 0.15789473684210525, 0.26666666666666666, 0.0625, 0.0], "M": [0.1764705882352941, 0.0, 0.15384615384615385, 0.35714285714285715, 0.05263157894736842, 0.0, 0.15384615384615385, 0.10526315789473684, 0.33333333333333337, 0.0, 0.04255319148936171], "F": [0.1764705882352941, 0.0, 1.0, 0.2857142857142857, 0.0, 0.3076923076923077, 0.23076923076923075, 0.368421052631579, 0.26666666666666666, 0.125, 0.6595744680851064], "R": [0.7058823529411764, 1.0, 0.15384615384615385, 0.14285714285714285, 0.15789473684210525, 0.07692307692307693, 0.15384615384615385, 0.05263157894736842, 0.2, 0.25, 0.0], "W": [0.0, 0.0, 0.15384615384615385, 0.2857142857142857, 0.0, 0.0, 0.07692307692307693, 0.05263157894736842, 0.0, 0.0625, 0.021276595744680854], "H": [0.058823529411764705, 0.0, 0.0, 0.0, 0.10526315789473684, 0.0, 0.0, 0.0, 0.06666666666666667, 0.0625, 0.0], "S": [0.6470588235294117, 0.0, 0.5769230769230769, 0.5714285714285714, 0.42105263157894735, 0.6153846153846154, 0.923076923076923, 0.15789473684210525, 0.46666666666666673, 1.0, 0.0], "C": [0.0, 0.0, 0.0, 0.07142857142857142, 0.05263157894736842, 0.0, 0.0, 0.0, 0.06666666666666667, 0.125, 0.0], "V": [0.1764705882352941, 0.0, 0.11538461538461538, 0.2857142857142857, 0.15789473684210525, 0.4615384615384615, 0.6923076923076923, 0.21052631578947367, 0.46666666666666673, 0.25, 0.10638297872340427], "N": [0.0, 0.010526315789473686, 0.11538461538461538, 0.21428571428571425, 0.15789473684210525, 0.4615384615384615, 0.4615384615384615, 0.5789473684210527, 0.2, 0.125, 0.0], "P": [0.11764705882352941, 0.0, 0.0, 0.5, 1.0, 0.6153846153846154, 0.6923076923076923, 0.47368421052631576, 0.13333333333333333, 0.0625, 0.0], "Q": [0.411764705882353, 0.04210526315789474, 0.0, 0.5, 0.42105263157894735, 0.8461538461538461, 0.15384615384615385, 0.3157894736842105, 1.0, 0.3125, 0.0], "T": [0.0, 0.0, 0.0, 0.2857142857142857, 0.10526315789473684, 0.15384615384615385, 0.23076923076923075, 0.21052631578947367, 0.2, 0.43750000000000006, 0.021276595744680854], "I": [0.29411764705882354, 0.0, 0.07692307692307693, 0.21428571428571425, 0.47368421052631576, 0.38461538461538464, 0.23076923076923075, 0.42105263157894735, 0.26666666666666666, 0.1875, 0.1276595744680851], "E": [0.0, 0.0, 0.0, 0.4285714285714285, 0.368421052631579, 0.6153846153846154, 0.3076923076923077, 0.05263157894736842, 0.4, 0.1875, 0.021276595744680854], "D": [0.0, 0.0, 0.038461538461538464, 0.7857142857142857, 0.3157894736842105, 0.6153846153846154, 0.5384615384615385, 0.15789473684210525, 0.26666666666666666, 0.1875, 0.0], "A": [0.823529411764706, 0.0, 0.15384615384615385, 0.07142857142857142, 0.3157894736842105, 0.8461538461538461, 0.8461538461538461, 0.2631578947368421, 0.33333333333333337, 0.8750000000000001, 0.021276595744680854], "Y": [0.29411764705882354, 0.0, 0.8461538461538461, 0.14285714285714285, 0.05263157894736842, 0.07692307692307693, 0.3076923076923077, 0.05263157894736842, 0.0, 0.375, 0.08510638297872342]}