{"L": [0.06349206349206349, 0.01834862385321101, 0.2, 0.3043478260869565, 0.7272727272727272, 0.8125, 0.5, 0.8571428571428571, 0.9375, 0.5, 0.02127659574468085], "G": [0.031746031746031744, 0.009174311926605505, 0.04, 0.2608695652173913, 0.3181818181818182, 1.0, 0.9285714285714286, 0.9285714285714286, 0.125, 0.1818181818181818, 0.010638297872340425], "K": [0.031746031746031744, 0.01834862385321101, 0.32, 0.13043478260869565, 0.0909090909090909, 0.1875, 0.35714285714285715, 0.9285714285714286, 0.25, 0.3636363636363636, 0.0], "M": [0.047619047619047616, 0.01834862385321101, 0.2, 0.13043478260869565, 0.0909090909090909, 0.0625, 0.0, 0.0, 0.0625, 0.0, 0.0], "F": [0.047619047619047616, 0.0, 0.2, 0.043478260869565216, 0.4090909090909091, 0.1875, 0.07142857142857142, 0.42857142857142855, 0.125, 0.0, 0.031914893617021274], "R": [0.047619047619047616, 0.0, 0.04, 0.08695652173913043, 0.1818181818181818, 0.1875, 0.5, 0.6428571428571429, 0.875, 0.0909090909090909, 0.02127659574468085], "W": [0.0, 0.009174311926605505, 0.0, 0.13043478260869565, 0.0, 0.0625, 0.07142857142857142, 0.0, 0.0, 0.0, 0.0], "H": [0.015873015873015872, 0.0, 0.16, 0.0, 0.0909090909090909, 0.0625, 0.21428571428571427, 0.07142857142857142, 0.3125, 0.0909090909090909, 0.0], "S": [0.30158730158730157, 0.027522935779816512, 0.4, 0.21739130434782608, 0.4090909090909091, 0.875, 0.9285714285714286, 0.5714285714285714, 0.25, 0.4090909090909091, 0.0425531914893617], "C": [0.015873015873015872, 0.0, 0.04, 0.0, 0.0, 0.0, 0.0, 0.0, 0.0, 0.04545454545454545, 0.0], "V": [0.047619047619047616, 0.0, 0.2, 0.17391304347826086, 0.2727272727272727, 0.375, 0.42857142857142855, 0.5714285714285714, 1.0, 0.7727272727272726, 0.06382978723404255], "N": [0.031746031746031744, 0.0, 0.2, 0.13043478260869565, 0.13636363636363635, 0.3125, 0.21428571428571427, 0.2857142857142857, 0.1875, 0.13636363636363635, 0.0], "P": [0.06349206349206349, 0.01834862385321101, 0.04, 0.5217391304347826, 0.5, 0.3125, 0.6428571428571429, 0.14285714285714285, 0.4375, 0.4090909090909091, 0.09574468085106384], "Q": [0.047619047619047616, 0.0, 0.52, 0.34782608695652173, 0.04545454545454545, 0.375, 0.7142857142857143, 0.6428571428571429, 0.5, 0.3181818181818182, 0.0], "T": [0.015873015873015872, 0.0, 0.08, 0.21739130434782608, 0.1818181818181818, 0.5, 0.6428571428571429, 0.6428571428571429, 0.8125, 0.5454545454545454, 0.010638297872340425], "I": [0.0, 0.0, 0.32, 0.391304347826087, 0.22727272727272727, 0.6875, 0.35714285714285715, 0.2857142857142857, 0.4375, 0.3181818181818182, 0.010638297872340425], "E": [0.12698412698412698, 1.0, 1.0, 1.0, 0.4090909090909091, 0.4375, 0.8571428571428571, 0.42857142857142855, 0.5625, 0.3181818181818182, 0.0], "D": [0.0, 0.009174311926605505, 0.04, 0.782608695652174, 0.3181818181818182, 0.5, 0.14285714285714285, 0.2857142857142857, 0.0625, 0.04545454545454545, 0.0], "A": [1.0, 0.009174311926605505, 0.7200000000000001, 0.4782608695652174, 1.0, 0.625, 1.0, 1.0, 0.5, 1.0, 1.0], "Y": [0.031746031746031744, 0.0, 0.24000000000000002, 0.043478260869565216, 0.22727272727272727, 0.1875, 0.2857142857142857, 0.14285714285714285, 0.3125, 0.0909090909090909, 0.010638297872340425]}