{"L": [0.10344827586206896, 0.020408163265306124, 0.1875, 0.21052631578947367, 0.0625, 0.23076923076923075, 1.0, 0.8750000000000001, 0.43750000000000006, 1.0, 0.736842105263158], "G": [0.10344827586206896, 0.0, 0.3125, 0.5263157894736842, 0.3125, 0.3076923076923077, 0.8333333333333334, 1.0, 0.3125, 0.29411764705882354, 0.0], "K": [0.13793103448275865, 0.0, 0.6875, 0.42105263157894735, 0.0, 0.5384615384615385, 0.33333333333333337, 0.3125, 0.1875, 0.1764705882352941, 0.0], "M": [0.03448275862068966, 0.0, 0.1875, 0.05263157894736842, 0.0625, 0.0, 0.08333333333333334, 0.1875, 0.125, 0.058823529411764705, 0.21052631578947367], "F": [1.0, 0.04081632653061225, 0.75, 0.0, 0.09375, 0.23076923076923075, 0.16666666666666669, 0.375, 0.25, 0.5882352941176471, 1.0], "R": [0.06896551724137932, 0.0, 0.125, 0.10526315789473684, 0.0625, 0.4615384615384615, 0.08333333333333334, 0.125, 0.125, 0.29411764705882354, 0.0], "W": [0.0, 0.0, 0.0, 0.0, 0.0, 0.0, 0.0, 0.0, 0.0, 0.0, 0.0], "H": [0.06896551724137932, 0.0, 0.1875, 0.05263157894736842, 0.125, 0.15384615384615385, 0.33333333333333337, 0.125, 0.0, 0.058823529411764705, 0.0], "S": [0.41379310344827586, 0.28571428571428575, 0.1875, 0.5789473684210527, 0.21875000000000003, 0.23076923076923075, 0.8333333333333334, 0.43750000000000006, 1.0, 0.5882352941176471, 0.0], "C": [0.0, 0.0, 0.0, 0.0, 0.0, 0.07692307692307693, 0.0, 0.0, 0.0, 0.0, 0.0], "V": [0.20689655172413793, 0.1836734693877551, 0.5625, 0.15789473684210525, 0.125, 0.7692307692307693, 0.33333333333333337, 0.1875, 0.43750000000000006, 0.411764705882353, 0.21052631578947367], "N": [0.06896551724137932, 0.0, 0.3125, 0.5789473684210527, 0.0, 0.3076923076923077, 0.5833333333333334, 0.125, 0.375, 0.29411764705882354, 0.0], "P": [0.0, 0.0, 0.125, 0.42105263157894735, 1.0, 0.5384615384615385, 0.75, 0.25, 0.125, 0.11764705882352941, 0.0], "Q": [0.06896551724137932, 0.04081632653061225, 0.0625, 0.2631578947368421, 0.0, 0.15384615384615385, 0.33333333333333337, 0.1875, 0.6875, 0.29411764705882354, 0.0], "T": [0.0, 0.24489795918367346, 0.125, 0.05263157894736842, 0.25, 0.923076923076923, 0.5, 0.43750000000000006, 0.6875, 0.29411764705882354, 0.0], "I": [0.3448275862068966, 0.24489795918367346, 1.0, 0.10526315789473684, 0.0625, 0.15384615384615385, 0.16666666666666669, 0.625, 0.5, 0.11764705882352941, 0.0], "E": [0.03448275862068966, 0.0, 0.0625, 0.42105263157894735, 0.25, 0.8461538461538461, 0.25, 0.125, 0.43750000000000006, 0.29411764705882354, 0.0], "D": [0.0, 0.0, 0.1875, 1.0, 0.15625, 0.7692307692307693, 0.6666666666666667, 0.25, 0.0, 0.11764705882352941, 0.0], "A": [0.20689655172413793, 1.0, 0.625, 0.2631578947368421, 0.3125, 1.0, 1.0, 0.43750000000000006, 0.625, 0.47058823529411764, 0.02631578947368421], "Y": [0.6206896551724138, 0.0, 0.625, 0.10526315789473684, 0.0625, 0.07692307692307693, 0.16666666666666669, 0.25, 0.0, 0.47058823529411764, 0.47368421052631576]}