{"L": [0.5172413793103449, 0.0, 0.2692307692307692, 0.30769230769230765, 0.0, 0.07407407407407407, 0.2, 0.3636363636363636, 0.16, 0.26666666666666666, 0.14035087719298245], "G": [0.034482758620689655, 0.0, 0.07692307692307691, 1.0, 0.08571428571428572, 0.4444444444444445, 0.32, 0.40909090909090906, 0.08, 0.0, 0.0], "K": [0.034482758620689655, 0.012658227848101266, 0.0, 0.19230769230769232, 0.11428571428571428, 0.11111111111111112, 0.2, 0.3636363636363636, 0.0, 0.13333333333333333, 0.052631578947368425], "M": [0.4482758620689655, 0.02531645569620253, 0.11538461538461539, 0.0, 0.0, 0.0, 0.0, 0.0909090909090909, 0.0, 0.03333333333333333, 0.10526315789473685], "F": [0.5862068965517241, 0.02531645569620253, 0.15384615384615383, 0.11538461538461539, 0.02857142857142857, 0.07407407407407407, 0.12, 0.04545454545454545, 0.92, 0.0, 0.5614035087719298], "R": [0.06896551724137931, 0.0, 0.0, 0.03846153846153846, 0.02857142857142857, 0.037037037037037035, 0.2, 0.1818181818181818, 0.0, 0.06666666666666667, 0.0], "W": [0.0, 0.0, 0.03846153846153846, 0.03846153846153846, 0.0, 0.0, 0.0, 0.0, 0.0, 0.0, 0.0], "H": [1.0, 0.0, 0.07692307692307691, 0.03846153846153846, 0.05714285714285714, 0.0, 0.0, 0.04545454545454545, 0.12, 0.03333333333333333, 0.0], "S": [0.034482758620689655, 0.0, 0.15384615384615383, 0.15384615384615383, 0.14285714285714288, 0.5555555555555556, 0.16, 0.2727272727272727, 0.16, 0.3, 0.0], "C": [0.0, 0.0, 0.0, 0.0, 0.0, 0.0, 0.0, 0.0, 0.0, 0.0, 0.0], "V": [0.10344827586206896, 0.02531645569620253, 1.0, 0.19230769230769232, 0.17142857142857143, 0.22222222222222224, 0.16, 0.13636363636363635, 0.32, 0.5333333333333333, 0.0], "N": [0.13793103448275862, 0.012658227848101266, 0.11538461538461539, 0.15384615384615383, 0.11428571428571428, 0.14814814814814814, 0.08, 0.22727272727272727, 0.04, 0.06666666666666667, 0.0], "P": [0.10344827586206896, 1.0, 0.23076923076923078, 0.7307692307692307, 0.2571428571428571, 0.25925925925925924, 0.24, 0.3181818181818182, 0.16, 0.13333333333333333, 0.0], "Q": [0.034482758620689655, 0.0, 0.07692307692307691, 0.11538461538461539, 0.08571428571428572, 0.0, 0.12, 0.13636363636363635, 0.16, 0.06666666666666667, 0.0], "T": [0.13793103448275862, 0.012658227848101266, 0.07692307692307691, 0.11538461538461539, 0.11428571428571428, 0.4814814814814815, 0.27999999999999997, 0.3181818181818182, 0.16, 0.23333333333333334, 0.0], "I": [0.1724137931034483, 0.02531645569620253, 0.38461538461538464, 0.0, 0.11428571428571428, 0.07407407407407407, 0.24, 0.13636363636363635, 0.27999999999999997, 0.2, 0.0], "E": [0.10344827586206896, 0.0379746835443038, 0.34615384615384615, 0.4230769230769231, 1.0, 0.11111111111111112, 0.4, 0.22727272727272727, 0.36, 1.0, 0.0], "D": [0.0, 0.0, 0.5384615384615384, 0.34615384615384615, 0.2, 0.2962962962962963, 1.0, 0.22727272727272727, 1.0, 0.03333333333333333, 0.0], "A": [0.034482758620689655, 0.10126582278481013, 0.2692307692307692, 0.11538461538461539, 0.5142857142857142, 1.0, 0.52, 0.3181818181818182, 0.32, 0.4, 0.0], "Y": [0.10344827586206896, 0.06329113924050633, 0.15384615384615383, 0.0, 0.0, 0.037037037037037035, 0.0, 1.0, 0.0, 0.03333333333333333, 1.0]}