{"L": [0.3076923076923077, 0.8867924528301886, 0.025477707006369428, 0.43181818181818177, 0.3076923076923077, 0.20512820512820512, 0.27272727272727276, 0.75, 0.9032258064516129, 1.0, 1.0], "G": [0.28205128205128205, 0.1320754716981132, 0.025477707006369428, 0.38636363636363635, 1.0, 1.0, 1.0, 1.0, 0.32258064516129026, 0.30303030303030304, 0.0], "K": [0.2564102564102564, 0.0, 0.03184713375796178, 0.20454545454545456, 0.15384615384615385, 0.358974358974359, 0.7575757575757576, 0.5714285714285714, 0.22580645161290322, 0.4242424242424243, 0.00819672131147541], "M": [0.15384615384615385, 0.09433962264150943, 0.025477707006369428, 0.022727272727272728, 0.05128205128205128, 0.0, 0.09090909090909093, 0.17857142857142855, 0.2903225806451613, 0.12121212121212122, 0.0737704918032787], "F": [1.0, 0.018867924528301886, 0.006369426751592357, 0.09090909090909091, 0.07692307692307693, 0.07692307692307693, 0.12121212121212122, 0.25, 0.2903225806451613, 0.4545454545454546, 0.23770491803278693], "R": [0.3333333333333333, 0.0, 0.006369426751592357, 0.022727272727272728, 0.07692307692307693, 0.41025641025641024, 0.4242424242424243, 0.25, 0.25806451612903225, 0.4242424242424243, 0.024590163934426233], "W": [0.05128205128205128, 0.0, 0.012738853503184714, 0.045454545454545456, 0.0, 0.02564102564102564, 0.030303030303030304, 0.03571428571428571, 0.03225806451612903, 0.09090909090909093, 0.01639344262295082], "H": [0.20512820512820512, 0.03773584905660377, 0.0, 0.045454545454545456, 0.10256410256410256, 0.3076923076923077, 0.27272727272727276, 0.4285714285714286, 0.2903225806451613, 0.3636363636363637, 0.01639344262295082], "S": [0.358974358974359, 0.32075471698113206, 0.038216560509554146, 0.3409090909090909, 0.5897435897435898, 0.6923076923076923, 0.5454545454545455, 0.6785714285714285, 1.0, 0.4545454545454546, 0.00819672131147541], "C": [0.0, 0.018867924528301886, 0.0, 0.0, 0.02564102564102564, 0.02564102564102564, 0.030303030303030304, 0.0, 0.0, 0.0, 0.0], "V": [0.717948717948718, 0.7547169811320754, 0.025477707006369428, 0.3409090909090909, 0.20512820512820512, 0.28205128205128205, 0.48484848484848486, 0.6428571428571429, 0.7741935483870968, 0.33333333333333337, 0.3278688524590164], "N": [0.10256410256410256, 0.018867924528301886, 0.0, 0.29545454545454547, 0.28205128205128205, 0.2564102564102564, 0.24242424242424243, 0.46428571428571425, 0.16129032258064513, 0.33333333333333337, 0.00819672131147541], "P": [0.02564102564102564, 0.2830188679245283, 0.019108280254777073, 0.5, 0.9487179487179487, 0.3076923076923077, 0.27272727272727276, 0.3571428571428571, 0.06451612903225806, 0.06060606060606061, 0.03278688524590164], "Q": [0.05128205128205128, 0.07547169811320754, 0.012738853503184714, 0.18181818181818182, 0.3076923076923077, 0.2564102564102564, 0.27272727272727276, 0.32142857142857145, 0.45161290322580644, 0.6060606060606061, 0.0], "T": [0.23076923076923078, 0.32075471698113206, 0.012738853503184714, 0.1590909090909091, 0.3333333333333333, 0.358974358974359, 0.5151515151515152, 0.46428571428571425, 0.6129032258064515, 0.4545454545454546, 0.0], "I": [0.9487179487179487, 0.3773584905660377, 0.038216560509554146, 0.06818181818181819, 0.28205128205128205, 0.10256410256410256, 0.15151515151515152, 0.3571428571428571, 0.48387096774193544, 0.27272727272727276, 0.11475409836065575], "E": [0.02564102564102564, 0.03773584905660377, 0.12738853503184713, 1.0, 0.3333333333333333, 0.3846153846153846, 0.393939393939394, 0.39285714285714285, 0.7096774193548386, 0.4545454545454546, 0.024590163934426233], "D": [0.02564102564102564, 0.05660377358490566, 1.0, 0.8863636363636364, 0.5384615384615384, 0.5128205128205128, 0.4545454545454546, 0.5, 0.25806451612903225, 0.15151515151515152, 0.00819672131147541], "A": [0.4358974358974359, 1.0, 0.07643312101910829, 0.25, 0.41025641025641024, 0.41025641025641024, 0.5757575757575758, 0.5714285714285714, 0.32258064516129026, 0.48484848484848486, 0.01639344262295082], "Y": [0.5384615384615384, 0.018867924528301886, 0.019108280254777073, 0.09090909090909091, 0.02564102564102564, 0.07692307692307693, 0.24242424242424243, 0.2142857142857143, 0.16129032258064513, 0.3636363636363637, 0.01639344262295082]}