{"L": [0.5294117647058822, 1.0, 0.85, 0.16, 0.7333333333333334, 0.2857142857142857, 1.0, 1.0, 0.6153846153846154, 1.0, 0.34615384615384615], "G": [0.29411764705882354, 0.0, 0.19999999999999998, 0.12, 0.7333333333333334, 0.35714285714285715, 0.5, 0.2857142857142857, 0.3076923076923077, 0.5294117647058822, 0.019230769230769232], "K": [0.5882352941176471, 0.0, 0.09999999999999999, 0.12, 0.26666666666666666, 0.35714285714285715, 0.25, 0.14285714285714285, 0.4615384615384615, 0.23529411764705882, 0.0], "M": [0.058823529411764705, 0.18867924528301888, 0.19999999999999998, 0.08, 0.33333333333333337, 0.0, 0.125, 0.1904761904761905, 0.15384615384615385, 0.058823529411764705, 0.0], "F": [0.6470588235294117, 0.0, 1.0, 0.36, 0.13333333333333333, 0.07142857142857142, 0.25, 0.09523809523809525, 0.23076923076923075, 0.058823529411764705, 0.019230769230769232], "R": [1.0, 0.018867924528301886, 0.19999999999999998, 0.0, 0.06666666666666667, 0.4285714285714285, 0.25, 0.09523809523809525, 0.15384615384615385, 0.29411764705882354, 0.0], "W": [0.058823529411764705, 0.0, 0.0, 0.08, 0.06666666666666667, 0.0, 0.0, 0.0, 0.15384615384615385, 0.0, 0.0], "H": [0.058823529411764705, 0.0, 0.0, 0.0, 0.4, 0.2857142857142857, 0.25, 0.04761904761904762, 0.15384615384615385, 0.058823529411764705, 0.0], "S": [0.411764705882353, 0.18867924528301888, 0.049999999999999996, 0.12, 0.4, 0.9285714285714285, 0.25, 0.2857142857142857, 0.6153846153846154, 0.6470588235294117, 0.019230769230769232], "C": [0.0, 0.0, 0.0, 0.0, 0.0, 0.0, 0.0625, 0.0, 0.0, 0.0, 0.0], "V": [0.29411764705882354, 0.1320754716981132, 0.19999999999999998, 0.12, 0.2, 0.2857142857142857, 0.5, 0.1904761904761905, 1.0, 0.5882352941176471, 1.0], "N": [0.1764705882352941, 0.0, 0.15, 0.0, 0.8666666666666667, 0.5, 0.25, 0.04761904761904762, 0.38461538461538464, 0.11764705882352941, 0.0], "P": [0.0, 0.0, 0.35000000000000003, 0.6, 0.2, 0.4285714285714285, 0.43750000000000006, 0.09523809523809525, 0.6153846153846154, 0.11764705882352941, 0.019230769230769232], "Q": [0.23529411764705882, 0.018867924528301886, 0.15, 0.12, 0.06666666666666667, 0.5, 0.125, 0.2380952380952381, 0.4615384615384615, 0.47058823529411764, 0.0], "T": [0.5882352941176471, 0.11320754716981131, 0.049999999999999996, 0.08, 0.13333333333333333, 1.0, 0.1875, 0.2380952380952381, 0.8461538461538461, 0.5294117647058822, 0.019230769230769232], "I": [0.29411764705882354, 0.11320754716981131, 0.44999999999999996, 0.12, 0.33333333333333337, 0.6428571428571428, 0.8125, 0.8571428571428571, 0.15384615384615385, 0.1764705882352941, 0.13461538461538464], "E": [0.058823529411764705, 0.018867924528301886, 0.049999999999999996, 0.64, 1.0, 0.5, 0.6875, 0.2380952380952381, 0.3076923076923077, 0.47058823529411764, 0.019230769230769232], "D": [0.0, 0.0, 0.049999999999999996, 1.0, 0.46666666666666673, 0.21428571428571425, 0.125, 0.14285714285714285, 0.15384615384615385, 0.058823529411764705, 0.0], "A": [0.47058823529411764, 0.09433962264150944, 0.44999999999999996, 0.2, 0.33333333333333337, 0.35714285714285715, 0.1875, 0.5714285714285714, 0.8461538461538461, 0.29411764705882354, 0.17307692307692307], "Y": [0.1764705882352941, 0.018867924528301886, 0.5499999999999999, 0.12, 0.0, 0.07142857142857142, 0.0625, 0.04761904761904762, 0.15384615384615385, 0.23529411764705882, 0.17307692307692307]}