{"L": [0.15625, 0.48275862068965514, 1.0, 0.18032786885245902, 0.7575757575757577, 1.0, 1.0, 1.0, 0.7105263157894738, 1.0, 0.04225352112676057], "G": [0.25, 0.22413793103448273, 0.15999999999999998, 0.2459016393442623, 0.5757575757575758, 0.9285714285714286, 0.28571428571428575, 0.3962264150943396, 0.13157894736842107, 0.26315789473684215, 0.009389671361502348], "K": [0.53125, 0.034482758620689655, 0.72, 0.09836065573770492, 0.21212121212121213, 0.35714285714285715, 0.2142857142857143, 0.32075471698113206, 0.2894736842105263, 0.4210526315789474, 0.13615023474178406], "M": [0.09375, 0.1896551724137931, 0.39999999999999997, 0.01639344262295082, 0.06060606060606061, 0.10714285714285715, 0.14285714285714288, 0.05660377358490566, 0.2894736842105263, 0.10526315789473685, 0.0], "F": [0.078125, 0.22413793103448273, 0.44, 0.04918032786885246, 0.33333333333333337, 0.32142857142857145, 0.16666666666666669, 0.24528301886792453, 0.368421052631579, 0.39473684210526316, 0.004694835680751174], "R": [1.0, 0.017241379310344827, 0.39999999999999997, 0.09836065573770492, 0.33333333333333337, 0.10714285714285715, 0.2142857142857143, 0.3584905660377358, 0.4736842105263158, 0.2894736842105263, 1.0], "W": [0.03125, 0.034482758620689655, 0.09999999999999999, 0.03278688524590164, 0.21212121212121213, 0.2857142857142857, 0.04761904761904762, 0.05660377358490566, 0.13157894736842107, 0.052631578947368425, 0.009389671361502348], "H": [0.078125, 0.05172413793103448, 0.07999999999999999, 0.13114754098360656, 0.18181818181818182, 0.2142857142857143, 0.11904761904761905, 0.1509433962264151, 0.2105263157894737, 0.15789473684210528, 0.0], "S": [0.40625, 0.2586206896551724, 0.07999999999999999, 0.3770491803278688, 0.33333333333333337, 0.6785714285714286, 0.4523809523809524, 0.18867924528301888, 0.31578947368421056, 0.4736842105263158, 0.004694835680751174], "C": [0.0, 0.0, 0.0, 0.0, 0.030303030303030304, 0.0, 0.02380952380952381, 0.018867924528301886, 0.0, 0.026315789473684213, 0.0], "V": [0.28125, 1.0, 0.54, 0.1639344262295082, 0.5757575757575758, 0.5714285714285714, 0.7857142857142857, 0.43396226415094336, 1.0, 0.4210526315789474, 0.009389671361502348], "N": [0.015625, 0.05172413793103448, 0.06, 0.19672131147540983, 0.15151515151515155, 0.4285714285714286, 0.2142857142857143, 0.169811320754717, 0.31578947368421056, 0.2894736842105263, 0.0], "P": [0.0, 0.034482758620689655, 0.12, 1.0, 1.0, 0.5714285714285714, 0.2619047619047619, 0.20754716981132076, 0.15789473684210528, 0.4736842105263158, 0.0], "Q": [0.09375, 0.20689655172413793, 0.18, 0.14754098360655737, 0.27272727272727276, 0.39285714285714285, 0.1904761904761905, 0.1320754716981132, 0.34210526315789475, 0.4736842105263158, 0.004694835680751174], "T": [0.234375, 0.7068965517241379, 0.07999999999999999, 0.19672131147540983, 0.24242424242424243, 0.6785714285714286, 0.35714285714285715, 0.1509433962264151, 0.31578947368421056, 0.31578947368421056, 0.0], "I": [0.25, 0.2586206896551724, 0.44, 0.09836065573770492, 0.393939393939394, 0.32142857142857145, 0.4523809523809524, 0.49056603773584906, 0.7894736842105263, 0.26315789473684215, 0.0], "E": [0.046875, 0.05172413793103448, 0.09999999999999999, 0.39344262295081966, 0.8181818181818183, 0.7857142857142857, 0.4285714285714286, 0.22641509433962265, 0.26315789473684215, 0.31578947368421056, 0.0], "D": [0.015625, 0.06896551724137931, 0.039999999999999994, 0.5245901639344263, 0.48484848484848486, 0.7857142857142857, 0.2619047619047619, 0.09433962264150944, 0.10526315789473685, 0.10526315789473685, 0.004694835680751174], "A": [0.46875, 0.15517241379310345, 0.12, 0.18032786885245902, 0.7272727272727273, 0.6785714285714286, 0.4761904761904762, 0.169811320754717, 0.4736842105263158, 0.7631578947368421, 0.0], "Y": [0.0625, 0.46551724137931033, 0.18, 0.1639344262295082, 0.24242424242424243, 0.14285714285714285, 0.14285714285714288, 0.07547169811320754, 0.2105263157894737, 0.2894736842105263, 0.004694835680751174]}