{"L": [0.16071428571428573, 0.003472222222222222, 0.6075949367088607, 0.6341463414634146, 0.5686274509803921, 0.9032258064516128, 0.24444444444444444, 0.9473684210526315, 1.0, 0.4038461538461538, 1.0], "G": [1.0, 0.0, 0.025316455696202528, 0.7804878048780488, 0.4117647058823529, 0.9354838709677419, 1.0, 1.0, 0.125, 0.30769230769230765, 0.02752293577981651], "K": [0.32142857142857145, 0.0, 0.0, 0.3170731707317073, 0.11764705882352941, 0.3225806451612903, 0.22222222222222224, 0.13157894736842107, 0.03571428571428571, 0.05769230769230769, 0.03669724770642201], "M": [0.16071428571428573, 0.0, 0.16455696202531644, 0.0975609756097561, 0.0392156862745098, 0.2258064516129032, 0.04444444444444444, 0.18421052631578946, 0.14285714285714285, 0.1346153846153846, 0.17431192660550457], "F": [0.0892857142857143, 0.0, 1.0, 0.34146341463414637, 0.2745098039215686, 0.16129032258064516, 0.17777777777777776, 0.26315789473684215, 0.23214285714285715, 0.09615384615384616, 0.43119266055045874], "R": [0.9821428571428573, 1.0, 0.0, 0.14634146341463414, 0.0784313725490196, 0.06451612903225806, 0.22222222222222224, 0.10526315789473684, 0.07142857142857142, 0.05769230769230769, 0.08256880733944953], "W": [0.03571428571428571, 0.0, 0.3291139240506329, 0.04878048780487805, 0.0196078431372549, 0.06451612903225806, 0.0, 0.05263157894736842, 0.23214285714285715, 0.01923076923076923, 0.018348623853211007], "H": [0.10714285714285714, 0.0, 0.025316455696202528, 0.0, 0.19607843137254904, 0.06451612903225806, 0.04444444444444444, 0.02631578947368421, 0.03571428571428571, 0.05769230769230769, 0.02752293577981651], "S": [0.625, 0.003472222222222222, 0.2151898734177215, 0.9512195121951221, 0.3921568627450981, 0.8709677419354839, 0.5555555555555556, 0.3684210526315789, 0.2678571428571429, 1.0, 0.009174311926605503], "C": [0.0, 0.0, 0.03797468354430379, 0.024390243902439025, 0.0196078431372549, 0.0, 0.04444444444444444, 0.05263157894736842, 0.05357142857142857, 0.05769230769230769, 0.009174311926605503], "V": [0.14285714285714285, 0.0, 0.30379746835443033, 0.2439024390243903, 0.4117647058823529, 0.6129032258064516, 0.5111111111111111, 0.6052631578947368, 0.5357142857142858, 0.6346153846153846, 0.12844036697247704], "N": [0.03571428571428571, 0.0, 0.10126582278481011, 0.14634146341463414, 0.23529411764705882, 0.3225806451612903, 0.31111111111111106, 0.3157894736842105, 0.2678571428571429, 0.09615384615384616, 0.02752293577981651], "P": [0.0, 0.0, 0.0, 0.6829268292682927, 1.0, 1.0, 0.6444444444444444, 0.6842105263157895, 0.21428571428571427, 0.05769230769230769, 0.009174311926605503], "Q": [0.375, 0.010416666666666666, 0.03797468354430379, 0.2682926829268293, 0.29411764705882354, 0.5483870967741935, 0.19999999999999998, 0.3684210526315789, 0.3035714285714286, 0.30769230769230765, 0.018348623853211007], "T": [0.03571428571428571, 0.0, 0.012658227848101264, 0.34146341463414637, 0.17647058823529413, 0.7096774193548386, 0.3555555555555555, 0.34210526315789475, 0.3928571428571429, 0.8846153846153847, 0.045871559633027525], "I": [0.125, 0.0, 0.30379746835443033, 0.2682926829268293, 0.35294117647058826, 0.5483870967741935, 0.19999999999999998, 0.6842105263157895, 0.4821428571428572, 0.2692307692307692, 0.10091743119266054], "E": [0.125, 0.0, 0.025316455696202528, 0.46341463414634154, 0.45098039215686275, 0.7419354838709677, 0.5555555555555556, 0.5526315789473684, 0.2678571428571429, 0.3269230769230769, 0.0], "D": [0.017857142857142856, 0.0, 0.03797468354430379, 1.0, 0.23529411764705882, 0.7741935483870966, 0.37777777777777777, 0.3157894736842105, 0.14285714285714285, 0.19230769230769232, 0.009174311926605503], "A": [0.6964285714285715, 0.003472222222222222, 0.16455696202531644, 0.3170731707317073, 0.35294117647058826, 0.48387096774193544, 0.6222222222222221, 0.6578947368421052, 0.19642857142857145, 0.576923076923077, 0.2293577981651376], "Y": [0.21428571428571427, 0.0, 0.3291139240506329, 0.0975609756097561, 0.1372549019607843, 0.12903225806451613, 0.19999999999999998, 0.07894736842105263, 0.25, 0.11538461538461538, 0.3119266055045872]}