{"L": [0.4946949602122016, 0.1044338585562477, 1.0, 0.9843750000000001, 0.974609375, 0.9602385685884692, 0.9506903353057199, 1.0, 1.0, 1.0, 1.0], "G": [0.8156498673740052, 0.08501282521069989, 0.34848484848484845, 1.0, 0.7910156250000001, 0.8588469184890656, 0.9428007889546349, 0.7702479338842976, 0.3808917197452229, 0.7355516637478108, 0.0979087452471483], "K": [0.6286472148541113, 0.04946866984243312, 0.3705234159779614, 0.705078125, 0.673828125, 0.6978131212723658, 0.7061143984220907, 0.575206611570248, 0.48280254777070064, 0.9684763572679509, 0.7946768060836503], "M": [0.10742705570291777, 0.023085379259802127, 0.17355371900826447, 0.13671875, 0.146484375, 0.15308151093439365, 0.16173570019723865, 0.11239669421487604, 0.12738853503184713, 0.14185639229422067, 0.1387832699619772], "F": [0.15782493368700265, 0.03187980945401246, 0.650137741046832, 0.302734375, 0.2890625, 0.25447316103379725, 0.3451676528599605, 0.3404958677685951, 0.26496815286624203, 0.2749562171628721, 0.6996197718631179], "R": [1.0, 1.0, 0.3553719008264462, 0.5390625, 0.376953125, 0.46520874751491054, 0.45956607495069035, 0.3950413223140496, 0.36050955414012736, 0.700525394045534, 0.5741444866920152], "W": [0.03183023872679045, 0.009527299377061194, 0.12258953168044075, 0.078125, 0.0703125, 0.061630218687872766, 0.0690335305719921, 0.07603305785123966, 0.05605095541401273, 0.03677758318739054, 0.015209125475285173], "H": [0.33687002652519893, 0.02674972517405643, 0.19696969696969696, 0.201171875, 0.28515625, 0.2147117296222664, 0.25246548323471396, 0.19669421487603306, 0.17197452229299362, 0.18038528896672504, 0.10076045627376427], "S": [0.9137931034482759, 0.08024917552216929, 0.5275482093663911, 0.9785156250000001, 0.806640625, 0.9562624254473161, 0.8343195266272189, 0.6297520661157024, 0.4636942675159236, 0.9299474605954465, 0.12737642585551331], "C": [0.017241379310344827, 0.00659582264565775, 0.027548209366391182, 0.037109375, 0.04296875, 0.04970178926441352, 0.03747534516765286, 0.03801652892561983, 0.012738853503184712, 0.017513134851138354, 0.004752851711026616], "V": [0.27586206896551724, 0.08318065225357274, 0.43939393939393934, 0.453125, 0.638671875, 0.6838966202783301, 0.6686390532544378, 0.6165289256198347, 0.5872611464968153, 0.48861646234676, 0.13688212927756654], "N": [0.1326259946949602, 0.028581898131183583, 0.3595041322314049, 0.40234375, 0.427734375, 0.3936381709741551, 0.42011834319526625, 0.32727272727272727, 0.2471337579617834, 0.4483362521891418, 0.11596958174904945], "P": [0.09151193633952255, 0.07585196042506412, 0.2644628099173553, 0.650390625, 0.880859375, 0.8250497017892645, 0.6824457593688362, 0.6462809917355372, 0.28152866242038216, 0.3450087565674255, 0.07509505703422054], "Q": [0.1909814323607427, 0.06998900696225722, 0.2933884297520661, 0.53515625, 0.59765625, 0.5208747514910537, 0.4575936883629191, 0.41652892561983473, 0.4076433121019108, 0.5499124343257442, 0.11311787072243347], "T": [0.45755968169761274, 0.04946866984243312, 0.28787878787878785, 0.541015625, 0.568359375, 0.558648111332008, 0.5936883629191321, 0.47603305785123967, 0.37834394904458596, 0.7950963222416813, 0.08174904942965781], "I": [0.286472148541114, 0.055698057896665445, 0.5606060606060606, 0.380859375, 0.541015625, 0.5546719681908548, 0.4812623274161736, 0.5702479338842975, 0.4853503184713375, 0.38879159369527144, 0.25190114068441066], "E": [0.16445623342175067, 0.0743862220593624, 0.29476584022038566, 0.943359375, 1.0, 1.0, 1.0, 0.6099173553719008, 0.4331210191082802, 0.4115586690017513, 0.18821292775665402], "D": [0.09283819628647215, 0.04653719311102968, 0.3140495867768595, 0.8046875, 0.564453125, 0.7654075546719682, 0.6745562130177515, 0.3603305785123967, 0.2356687898089172, 0.22591943957968474, 0.041825095057034224], "A": [0.8408488063660478, 0.06339318431659949, 0.5468319559228649, 0.6953125, 0.6718750000000001, 0.6242544731610338, 0.7337278106508874, 0.6099173553719008, 0.3847133757961783, 0.6304728546409808, 0.10456273764258557], "Y": [0.15649867374005305, 0.023451813851227556, 0.337465564738292, 0.224609375, 0.24609375000000003, 0.1848906560636183, 0.22682445759368836, 0.19834710743801653, 0.14777070063694267, 0.22942206654991243, 0.49334600760456276]}