{"L": [0.09782608695652174, 0.002197802197802198, 0.7500000000000001, 0.7727272727272727, 1.0, 1.0, 0.7, 0.7407407407407408, 1.0, 0.573529411764706, 0.36942675159235666], "G": [1.0, 0.0, 0.13095238095238096, 1.0, 0.46774193548387094, 0.9148936170212766, 1.0, 1.0, 0.23684210526315788, 0.5, 0.01910828025477707], "K": [0.358695652173913, 0.002197802197802198, 0.07142857142857144, 0.2878787878787879, 0.25806451612903225, 0.4255319148936171, 0.2833333333333333, 0.27777777777777773, 0.09210526315789473, 0.2058823529411765, 0.012738853503184712], "M": [0.07608695652173914, 0.0, 0.15476190476190477, 0.10606060606060606, 0.11290322580645162, 0.19148936170212766, 0.18333333333333332, 0.0925925925925926, 0.21052631578947367, 0.07352941176470588, 0.05095541401273885], "F": [0.06521739130434782, 0.0, 1.0, 0.15151515151515152, 0.24193548387096775, 0.3404255319148936, 0.2, 0.3148148148148148, 0.381578947368421, 0.25, 0.9872611464968152], "R": [0.5108695652173914, 1.0, 0.059523809523809534, 0.16666666666666666, 0.1774193548387097, 0.1276595744680851, 0.2, 0.2222222222222222, 0.10526315789473684, 0.23529411764705882, 0.03821656050955414], "W": [0.05434782608695653, 0.0, 0.28571428571428575, 0.10606060606060606, 0.06451612903225806, 0.0425531914893617, 0.03333333333333333, 0.14814814814814814, 0.13157894736842105, 0.058823529411764705, 0.3949044585987261], "H": [0.15217391304347827, 0.0, 0.08333333333333334, 0.045454545454545456, 0.14516129032258066, 0.02127659574468085, 0.05, 0.12962962962962962, 0.05263157894736842, 0.08823529411764705, 0.0], "S": [0.7608695652173914, 0.0, 0.30952380952380953, 0.6515151515151515, 0.5161290322580645, 0.7021276595744681, 0.6833333333333333, 0.5185185185185185, 0.3947368421052631, 0.9852941176470588, 0.0], "C": [0.010869565217391304, 0.0, 0.0, 0.015151515151515152, 0.016129032258064516, 0.02127659574468085, 0.06666666666666667, 0.037037037037037035, 0.013157894736842105, 0.07352941176470588, 0.0], "V": [0.1956521739130435, 0.0, 0.5238095238095238, 0.2878787878787879, 0.5, 0.6808510638297872, 0.48333333333333334, 0.7222222222222222, 0.6184210526315789, 0.47058823529411764, 0.012738853503184712], "N": [0.07608695652173914, 0.0, 0.23809523809523814, 0.19696969696969696, 0.32258064516129037, 0.2553191489361702, 0.26666666666666666, 0.35185185185185186, 0.2236842105263158, 0.23529411764705882, 0.006369426751592356], "P": [0.021739130434782608, 0.0, 0.04761904761904762, 0.6666666666666666, 0.903225806451613, 0.9361702127659575, 0.35, 0.6296296296296297, 0.3026315789473684, 0.029411764705882353, 0.006369426751592356], "Q": [0.32608695652173914, 0.017582417582417582, 0.07142857142857144, 0.16666666666666666, 0.3387096774193548, 0.3404255319148936, 0.36666666666666664, 0.35185185185185186, 0.3947368421052631, 0.47058823529411764, 0.0], "T": [0.16304347826086957, 0.0, 0.09523809523809525, 0.4090909090909091, 0.16129032258064518, 0.44680851063829785, 0.48333333333333334, 0.5185185185185185, 0.42105263157894735, 1.0, 0.0], "I": [0.2173913043478261, 0.0, 0.5476190476190477, 0.30303030303030304, 0.532258064516129, 0.6170212765957447, 0.33333333333333337, 0.6851851851851852, 0.34210526315789475, 0.14705882352941177, 0.03821656050955414], "E": [0.2065217391304348, 0.0, 0.16666666666666669, 0.42424242424242425, 0.5, 0.8510638297872342, 0.8500000000000001, 0.7037037037037037, 0.43421052631578944, 0.5294117647058824, 0.012738853503184712], "D": [0.021739130434782608, 0.0, 0.11904761904761907, 0.8484848484848485, 0.5645161290322581, 0.9787234042553191, 0.5833333333333334, 0.46296296296296297, 0.2236842105263158, 0.2647058823529412, 0.0], "A": [0.5869565217391305, 0.0, 0.34523809523809523, 0.22727272727272727, 0.5, 0.7872340425531915, 0.45, 0.5, 0.3026315789473684, 0.32352941176470584, 0.012738853503184712], "Y": [0.15217391304347827, 0.0, 0.5357142857142857, 0.21212121212121213, 0.1774193548387097, 0.21276595744680854, 0.18333333333333332, 0.2037037037037037, 0.23684210526315788, 0.32352941176470584, 1.0]}