{"L": [-0.49415368655211994, -0.11394244484051388, 0.1290956038457805, -0.41497244050449505, -0.19312369088813883, -0.23888118144881385, -0.15173100572991374, -0.15173100572991374, -0.2900337038961952, 0.10790630477584234, 0.20481631778389886, 0.31202628743176714, 0.0856299100646902], "G": [-0.5336662012603035, -0.7097574603159849, -0.23263620559632234, 0.24448504912334004, -0.10769746898802243, 0.03060522917825902, 0.2679661449728629, 0.16530380307571524, 0.24448504912334004, 0.16530380307571524, 0.03060522917825902, -0.3118174516439472, -1.010787455979966], "K": [0.3561194630446855, -0.8991530420586205, -0.12100179167497678, -0.29709305073065806, -0.12100179167497678, 0.003936944933323059, -0.05405500204436362, -0.29709305073065806, -0.05405500204436362, 0.14223964309960457, -0.8991530420586205, 0.05508946738070438, -0.8991530420586205], "M": [0.04155376764592023, 0.04155376764592023, -0.08338496896237967, -0.5605062236820422, -0.2594762280180609, -0.5605062236820422, 0.2176450267016015, -0.2594762280180609, -0.2594762280180609, -0.2594762280180609, -0.2594762280180609, -0.5605062236820422, 0.13846378065397655], "F": [-0.1606078503279978, 0.7144534130637022, 0.46778107972231375, -0.0636978373199414, 0.1404221453359834, 0.27872484350226484, -0.0636978373199414, 0.015483408727683492, 0.1915746677833647, 0.23733215834403978, 0.5383621540080209, 0.015483408727683492, 1.2667159360292493], "R": [-0.18797420302002482, -0.9661254534036684, -0.489004198684006, -0.6650954577396874, -0.3640654620757061, -0.3640654620757061, -0.6650954577396874, -0.3640654620757061, -0.3640654620757061, -0.18797420302002482, -0.12102741338941167, -0.489004198684006, -0.9661254534036684], "W": [-0.37989618075831855, 0.8242238018976061, -0.07886618509433736, -0.07886618509433736, 0.22216381056964382, 0.09722507396134393, -0.37989618075831855, -0.07886618509433736, 0.09722507396134393, -0.07886618509433736, -0.37989618075831855, -0.37989618075831855, 0.6614965043999065], "H": [-0.6050805975855054, -0.6050805975855054, -0.3040506019215242, -0.6050805975855054, -0.12795934286584296, -0.12795934286584296, -0.6050805975855054, -0.3040506019215242, 0.24001744242875134, -0.003020606257543071, 0.17307065279813819, 0.24001744242875134, -0.6050805975855054], "S": [0.04921596907286327, -1.0969120666053747, -0.3187608162217311, -0.055519381447149775, -0.055519381447149775, 0.0791791924503065, -0.3187608162217311, 0.04921596907286327, -0.017730820557749914, -0.14266955716604987, -0.09691206660537484, -0.14266955716604987, -1.0969120666053747], "C": [-0.49884714376508527, -0.49884714376508527, -0.49884714376508527, -0.49884714376508527, -0.49884714376508527, -0.49884714376508527, -0.49884714376508527, -0.19781714810110415, -0.49884714376508527, -0.49884714376508527, -0.49884714376508527, -0.49884714376508527, -0.49884714376508527], "V": [0.4737655616845575, -0.258628198138411, -0.054508215482486196, 0.04240179752557023, -0.11250016246017289, -0.1794469520907861, -0.4804769477547673, -0.1794469520907861, -0.11250016246017289, 0.15634514983240702, 0.08379448268379529, 0.18852983320380828, -0.9575982024744296], "N": [0.03883239127969164, -0.739318859103952, -0.04034885476793329, 0.30207382605427296, 0.16377112788799153, 0.10577918091030476, 0.16377112788799153, 0.21492365033537286, 0.21492365033537286, -0.13725886777598967, 0.03883239127969164, 0.16377112788799153, -0.739318859103952], "P": [-0.014467312765861334, -0.49158856748552376, 0.2865626828981198, 0.462653941953801, 0.207381436850495, 0.03129017779481372, 0.14523353010165052, 0.23541016045073845, 0.23541016045073845, 0.14523353010165052, -0.1905585718215426, -0.9687098222051862, -0.9687098222051862], "Q": [-0.024014689953645384, -0.8691127299679021, -0.024014689953645384, -0.024014689953645384, 0.13088727003209774, 0.13088727003209774, 0.24483062233893454, 0.03397725702404139, -0.5680827343039209, -0.024014689953645384, -0.024014689953645384, 0.21006851607972263, -0.8691127299679021], "T": [0.21320337537223466, -0.6618578880194654, -0.11778984366918979, 0.07850480147477844, -0.059797896691503025, -0.008645374244121729, -0.059797896691503025, 0.15105546862339012, -0.059797896691503025, -0.059797896691503025, 0.07850480147477844, 0.39883995233414626, -0.9628878836834465], "I": [0.3091295617408534, -0.05884722355374096, 0.2769448783694521, -0.1380284696013658, 0.11724403550194028, 0.11724403550194028, 0.06609151305455899, -0.2349384826094222, -0.2349384826094222, -0.05884722355374096, 0.06609151305455899, 0.06609151305455899, -0.2349384826094222], "E": [-0.5482188957458489, -1.0253401504655115, -0.24718890008186775, 0.17877983219041332, 0.15075110859016982, 0.05384109558211341, -0.07109764102618651, 0.016052534692713602, -0.12225016347356785, -0.1802421104512546, -0.07109764102618651, -0.07109764102618651, -1.0253401504655115], "D": [-0.5695555375916512, -0.8705855332556324, -0.09243428287198881, 0.2433578190512043, 0.08365697618369242, 0.03250445373631113, 0.5443878147151855, 0.20859571279199235, 0.17080715190259257, -0.1716155289196137, -0.1716155289196137, -0.5695555375916512, -0.8705855332556324], "A": [-0.09272497321800618, -1.0469674826573312, -0.3479974783213123, -0.2018694426430743, 0.06697586964950568, 0.06697586964950568, -0.2688162322736874, -0.046967482657331125, 0.18348143872094283, -0.14387749566538754, -0.2018694426430743, -0.3479974783213123, -0.7459374869933499], "Y": [0.27252383438019206, 1.181604185061323, 0.4644093606191052, -0.6817186750591328, 0.09643257532451084, 0.22137131193281076, 0.017251329276885965, 0.017251329276885965, -0.07965868373117042, 0.09643257532451084, -0.20459742033947032, -0.3806886793951516, -0.3806886793951516]}