{"L": [-0.1583615846289268, -0.8573315889649455, -0.07918033858130202, -0.3802103342452832, -0.012233548950688813, 0.09691092047437924, 0.045758398026997944, -0.012233548950688813, -0.07918033858130202, -0.2552715976369832, -0.07918033858130202, 0.25661176334189106, -0.8573315889649455], "G": [-0.0729353627288105, -0.6749953540567728, -0.0729353627288105, 0.27924715538255196, 0.10315589632687072, 0.27924715538255196, 0.17010268595748396, 0.023974650279245946, 0.22809463293517068, 0.22809463293517068, -0.6749953540567728, -0.6749953540567728, -0.19787409933711045], "K": [0.7588583545984918, -0.5633609401354274, -0.08623968541576489, 0.33972904685651617, -0.26233094447144617, -0.08623968541576489, -0.26233094447144617, 0.03869905119253499, 0.21479031024821627, -0.5633609401354274, -0.26233094447144617, 0.03869905119253499, -0.26233094447144617], "M": [0.25240713296081335, -0.22471412175884903, -0.22471412175884903, -0.22471412175884903, 0.07631587390513217, -0.22471412175884903, -0.22471412175884903, -0.22471412175884903, -0.22471412175884903, -0.22471412175884903, 0.07631587390513217, 0.07631587390513217, -0.22471412175884903], "F": [-0.42687573973276705, -0.1258457440687859, 0.614516945425458, -0.42687573973276705, -0.42687573973276705, 0.050245514986895376, -0.42687573973276705, -0.42687573973276705, -0.1258457440687859, 0.35127551065087653, 0.17518425159519527, 0.050245514986895376, 0.4182223002814897], "R": [0.48361000082636135, -0.1532120967608129, -0.6303333514804753, -0.1532120967608129, -0.1532120967608129, -0.6303333514804753, -0.6303333514804753, -0.3293033558164942, -0.6303333514804753, -0.6303333514804753, -0.3293033558164942, -0.6303333514804753, -0.6303333514804753], "W": [-0.044104078835125404, -0.044104078835125404, -0.044104078835125404, -0.044104078835125404, -0.044104078835125404, -0.044104078835125404, -0.044104078835125404, -0.044104078835125404, -0.044104078835125404, -0.044104078835125404, 0.433017175884537, -0.044104078835125404, 1.56867977788461], "H": [-0.2692884956623123, -0.2692884956623123, -0.2692884956623123, 0.03174150000166887, 0.03174150000166887, 0.2078327590573501, -0.2692884956623123, -0.2692884956623123, -0.2692884956623123, 0.2078327590573501, 0.33277149566565, -0.2692884956623123, -0.2692884956623123], "S": [0.08397807533207513, 0.6368200439898559, -0.2839987099625192, -0.4600899690182004, 0.2802727204760434, 0.31806128136544315, 0.017031285701461996, 0.31806128136544315, 0.017031285701461996, -0.062149960346162804, 0.08397807533207513, 0.08397807533207513, -0.7611199646821816], "C": [-0.1630550418418922, -0.1630550418418922, -0.1630550418418922, 0.13797495382208894, -0.1630550418418922, -0.1630550418418922, -0.1630550418418922, -0.1630550418418922, -0.1630550418418922, -0.1630550418418922, -0.1630550418418922, -0.1630550418418922, -0.1630550418418922], "V": [-0.32077610488725544, 0.41958658460698844, 0.28128388644070695, -0.32077610488725544, 0.22329193946302023, -0.14468484583157415, 0.15634514983240702, -0.6218061005512365, 0.15634514983240702, 0.15634514983240702, 0.07716390378478225, -0.14468484583157415, -0.14468484583157415], "N": [-0.10249676151677772, -0.10249676151677772, -0.4035267571807589, 0.07359449753890353, -0.4035267571807589, 0.07359449753890353, 0.4415712828334979, 0.2954432471552599, 0.2954432471552599, 0.07359449753890353, 0.19853323414720345, -0.4035267571807589, -0.4035267571807589], "P": [-0.632917720281993, -0.15579646556233068, -0.15579646556233068, 0.4084749648762319, 0.06605228405402569, 0.06605228405402569, -0.3318877246180119, 0.2701722667099504, -0.03085772895403074, 0.14523353010165052, -0.15579646556233068, -0.632917720281993, -0.632917720281993], "Q": [-0.533320628044709, -0.533320628044709, 0.06873936328325334, 0.06873936328325334, -0.533320628044709, -0.056199373325046625, -0.23229063238072784, -0.23229063238072784, 0.06873936328325334, 0.1656493762913097, -0.23229063238072784, 0.24483062233893454, -0.23229063238072784], "T": [-0.3260657860962723, 0.5190322539179845, -0.14997452704059105, 0.15105546862339012, -0.14997452704059105, 0.07187422257576534, -0.3260657860962723, -0.14997452704059105, -0.14997452704059105, 0.15105546862339012, 0.15105546862339012, 0.5190322539179845, -0.6270957817602535], "I": [-0.024085117294529054, -0.5012063720141915, 0.4987936279858085, -0.2001763763502103, 0.10085361931377086, -0.5012063720141915, 0.2769448783694521, 0.34389166800006526, -0.2001763763502103, -0.5012063720141915, 0.10085361931377086, 0.10085361931377086, -0.5012063720141915], "E": [-0.3885180528783371, -0.3885180528783371, -0.3885180528783371, 0.15554999147193851, 0.15554999147193851, -0.6895480485423182, -0.08748805721435589, -0.08748805721435589, 0.15554999147193851, -0.08748805721435589, 0.15554999147193851, -0.3885180528783371, -0.3885180528783371], "D": [-0.5347934313324393, -0.5347934313324393, 0.3103046086818175, -0.05767217661277687, 0.1641765730035795, 0.1641765730035795, 0.4652065686675606, 0.1641765730035795, 0.06726655999552301, -0.23376343566845814, -0.5347934313324393, -0.5347934313324393, -0.23376343566845814], "A": [-0.10911538940617561, -0.10911538940617561, -0.012205376398119146, -0.10911538940617561, -0.012205376398119146, -0.4101453850701568, 0.06697586964950568, -0.4101453850701568, -0.012205376398119146, 0.06697586964950568, 0.06697586964950568, -0.012205376398119146, -0.4101453850701568], "Y": [-0.3459265731359396, -0.3459265731359396, -0.044896577471958486, -0.3459265731359396, -0.3459265731359396, 0.13119468158372272, -0.3459265731359396, -0.044896577471958486, -0.3459265731359396, 0.35304343120007914, 0.13119468158372272, 0.43222467724770386, 0.35304343120007914]}