{"L": [0.11918731518553145, -0.2787526934865061, 0.11918731518553145, -0.1026614344308249, 0.16058000034375652, -0.1818426804784497, 0.26531535086376945, -0.1026614344308249, -0.1026614344308249, 0.19836856123315627, -0.2787526934865061, 0.0734298246248563, 0.0734298246248563], "G": [-0.6984764499062956, -0.39744645424231456, -0.39744645424231456, 0.07967480047734782, 0.07967480047734782, 0.07967480047734782, -0.09641645857833339, -0.22135519518663335, 0.3429162352519292, 0.07967480047734782, -0.09641645857833339, -0.22135519518663335, -0.6984764499062956], "K": [-0.5868420359849502, -0.5868420359849502, -0.10972078126528782, -0.10972078126528782, -0.285812040320969, 0.11212796835106857, -0.5868420359849502, -0.285812040320969, -0.285812040320969, -0.285812040320969, 0.3162479510069933, 0.19130921439869336, 0.11212796835106857], "M": [0.22892603711129045, -0.24819521760837193, -0.24819521760837193, -0.24819521760837193, 0.05283477805560921, -0.24819521760837193, -0.24819521760837193, -0.24819521760837193, -0.24819521760837193, -0.24819521760837193, -0.24819521760837193, -0.24819521760837193, 0.05283477805560921], "F": [0.5038856738570349, -0.14932683991830875, 0.5038856738570349, 0.026764419137372483, -0.14932683991830875, -0.4503568355822899, -0.4503568355822899, 0.15170315574567245, 0.15170315574567245, 0.15170315574567245, 0.24861316875372882, -0.4503568355822899, 0.780092085795984], "R": [-0.6538144473299982, -0.6538144473299982, -0.6538144473299982, -0.17669319261033584, -0.6538144473299982, -0.352784451666017, -0.17669319261033584, -0.352784451666017, -0.352784451666017, -0.17669319261033584, -0.352784451666017, -0.05175445600203588, 0.34618555267000173], "W": [-0.0675851746846483, -0.0675851746846483, -0.0675851746846483, -0.0675851746846483, -0.0675851746846483, -0.0675851746846483, -0.0675851746846483, -0.0675851746846483, -0.0675851746846483, -0.0675851746846483, 0.23344482097933286, -0.0675851746846483, 0.8866573347546766], "H": [0.1843516632078272, -0.2927695915118352, -0.2927695915118352, -0.2927695915118352, -0.2927695915118352, -0.2927695915118352, 0.008260404152145996, 0.1843516632078272, 0.008260404152145996, 0.008260404152145996, -0.2927695915118352, 0.30929039981612716, -0.2927695915118352], "S": [0.06049697948255226, -0.3074798058120421, -0.3074798058120421, 0.06049697948255226, -0.1825410692037422, -0.00644981014806092, -0.7846010605317045, -0.3074798058120421, -0.3074798058120421, -0.1825410692037422, 0.11848892646023897, -0.08563105619568573, -0.7846010605317045], "C": [-0.1865361376914151, -0.1865361376914151, -0.1865361376914151, -0.1865361376914151, -0.1865361376914151, -0.1865361376914151, -0.1865361376914151, -0.1865361376914151, -0.1865361376914151, -0.1865361376914151, -0.1865361376914151, -0.1865361376914151, -0.1865361376914151], "V": [0.13286405398288414, -0.3442572007367783, 0.39610548875746554, 0.05368280793525924, 0.25780279059118405, 0.19981084361349732, 0.19981084361349732, 0.25780279059118405, 0.19981084361349732, 0.13286405398288414, 0.3089553130385653, 0.05368280793525924, 0.19981084361349732], "N": [0.35114339735336175, -0.42700785303028177, 0.35114339735336175, -0.1259778573663006, 0.050113401689380596, 0.050113401689380596, 0.35114339735336175, 0.35114339735336175, 0.41809018698397493, 0.050113401689380596, 0.271962151305737, 0.35114339735336175, -0.42700785303028177], "P": [-0.656398816131516, 0.45754453617532076, -0.3553688204675348, 0.24669117086042755, 0.343601183868484, 0.0425711882045028, 0.24669117086042755, 0.29784369330780885, 0.24669117086042755, 0.24669117086042755, -0.05433882480355364, -0.1792775614118536, -0.3553688204675348], "Q": [-0.5568017238942319, 0.04525826743373045, 0.04525826743373045, -0.07968046917456954, -0.5568017238942319, -0.25577172823025074, 0.1421682804417868, 0.04525826743373045, -0.25577172823025074, -0.5568017238942319, 0.04525826743373045, 0.2882963161200248, -0.5568017238942319], "T": [0.1275743727738672, -0.34954688194579514, -0.6505768776097763, -0.34954688194579514, -0.34954688194579514, 0.048393126726242436, -0.04851688628181398, -0.17345562289011393, -0.34954688194579514, 0.048393126726242436, -0.17345562289011393, 0.1945211624044804, -0.6505768776097763], "I": [0.3204105721505424, -0.5246874678637143, 0.4295550415756105, -0.04756621314405194, 0.1742825364723044, -0.04756621314405194, 0.077372523464248, 0.3204105721505424, 0.077372523464248, 0.077372523464248, -0.04756621314405194, -0.22365747219973317, 0.1742825364723044], "E": [-0.11096915306387878, 0.5174197769864327, -0.11096915306387878, 0.24121336504748364, 0.06512210599180243, 0.06512210599180243, 0.13206889562241558, -0.4119991487278599, 0.06512210599180243, -0.23590788967217877, -0.11096915306387878, 0.06512210599180243, -0.7130291443918411], "D": [-0.257244531517981, -0.257244531517981, -0.5582745271819621, 0.48311815797626284, 0.28682351283229457, 0.44172547281803776, 0.043785464146000146, -0.0811532724622998, -0.257244531517981, -0.0811532724622998, 0.21987672320168136, -0.257244531517981, -0.5582745271819621], "A": [0.043494773799982754, 0.544097124369168, -0.7346564765836608, -0.1325964852556985, -0.1325964852556985, 0.11044156343059595, -0.2575352218639984, 0.16843351040828267, 0.043494773799982754, 0.11044156343059595, -0.035686472247642056, -0.1325964852556985, -0.43362648091967965], "Y": [0.10771358573419987, 0.2326523223424998, 0.5336823180064809, -0.3694076689854625, -0.06837767332148137, -0.06837767332148137, -0.3694076689854625, 0.10771358573419987, -0.06837767332148137, -0.3694076689854625, -0.3694076689854625, -0.3694076689854625, 0.408743581398181]}