{"L": [-0.4366916901977314, -0.9138129449173936, 0.08618705508260611, 0.08618705508260611, -0.31175295358943145, -0.06871490490313702, 0.04042956452193099, -0.21484294058137507, -0.31175295358943145, -0.010722957925450258, -0.4366916901977314, 0.08618705508260611, -0.21484294058137507], "G": [-0.12941671868125867, -0.731476710009221, -0.25435545528955866, 0.11362133000503571, 0.1716132769827225, 0.1716132769827225, 0.1716132769827225, 0.1716132769827225, 0.4446145490464601, 0.22276579943010374, -0.731476710009221, 0.11362133000503571, -0.731476710009221], "K": [-0.3188123004238943, -0.6198422960878756, -0.017782304759913138, -0.14272104136821318, -0.6198422960878756, -0.017782304759913138, -0.017782304759913138, -0.3188123004238943, 0.15830895429576802, -0.14272104136821318, 0.15830895429576802, 0.28324769090406804, -0.6198422960878756], "M": [-0.28119547771129727, -0.28119547771129727, 0.4177745266247215, 0.019834517952683917, -0.28119547771129727, -0.28119547771129727, -0.28119547771129727, -0.28119547771129727, -0.28119547771129727, 0.019834517952683917, -0.28119547771129727, 0.1959257770083651, -0.28119547771129727], "F": [-0.48335709568521523, -0.48335709568521523, -0.18232710002123403, -0.48335709568521523, -0.48335709568521523, -0.48335709568521523, 0.11870289564274714, -0.18232710002123403, -0.18232710002123403, -0.18232710002123403, -0.48335709568521523, 0.11870289564274714, 0.5166429043147847], "R": [0.09133654295072, -0.6868147074329235, -0.6868147074329235, -0.20969345271326115, -0.38578471176894236, 0.09133654295072, -0.6868147074329235, -0.38578471176894236, -0.38578471176894236, -0.6868147074329235, 0.5173052752230012, 0.15828333258133329, -0.6868147074329235], "W": [-0.10058543478757362, -0.10058543478757362, -0.10058543478757362, -0.10058543478757362, -0.10058543478757362, -0.10058543478757362, -0.10058543478757362, -0.10058543478757362, -0.10058543478757362, -0.10058543478757362, -0.10058543478757362, -0.10058543478757362, 1.5226638556103267], "H": [-0.32576985161476046, -0.32576985161476046, -0.32576985161476046, 0.1513514031049019, -0.32576985161476046, -0.32576985161476046, -0.024739855950779314, 0.1513514031049019, -0.32576985161476046, 0.2762901397132018, 0.5193281883994962, -0.32576985161476046, -0.32576985161476046], "S": [0.1823986793653701, -0.8176013206346298, 0.02749671937962701, 0.22379136452359513, 0.22379136452359513, -0.2155413293066675, -0.039450070250986284, 0.13664118880469497, 0.02749671937962701, 0.02749671937962701, -0.8176013206346298, -0.5165713249706487, -0.8176013206346298], "C": [-0.2195363977943404, -0.2195363977943404, -0.2195363977943404, -0.2195363977943404, -0.2195363977943404, -0.2195363977943404, -0.2195363977943404, -0.2195363977943404, -0.2195363977943404, -0.2195363977943404, -0.2195363977943404, -0.2195363977943404, -0.2195363977943404], "V": [-0.6782874565036847, -0.6782874565036847, 0.3217125434963152, -0.3772574608397036, 0.09986379387995874, 0.22480253048825877, 0.27595505293564004, 0.22480253048825877, 0.166810583510572, 0.09986379387995874, -0.3772574608397036, -0.20116620178402242, -0.6782874565036847], "N": [0.1420518781947553, -0.46000811313320705, 0.44308187385873643, 0.23896189120281167, -0.46000811313320705, -0.46000811313320705, -0.46000811313320705, 0.31814313725043647, 0.017113141586455292, 0.017113141586455292, 0.31814313725043647, 0.1420518781947553, -0.46000811313320705], "P": [-0.6893990762344413, -0.6893990762344413, -0.21227782151477886, -0.08733908490647892, 0.4245442760723954, -0.21227782151477886, -0.21227782151477886, 0.21369091075750227, 0.009570928101577404, -0.21227782151477886, -0.6893990762344413, -0.6893990762344413, -0.6893990762344413], "Q": [0.18834926638648627, -0.5898019839971572, 0.25529605601709954, 0.1091680203388615, 0.1091680203388615, 0.25529605601709954, 0.012258007330805142, 0.31328800299478626, -0.1126807292774949, -0.1126807292774949, 0.6889516169556716, 0.18834926638648627, -0.5898019839971572], "T": [-0.08151714638473931, -0.6835771377127016, -0.3825471420487205, -0.08151714638473931, 0.0945741126709419, -0.3825471420487205, 0.015392866623317066, 0.0945741126709419, -0.20645588299303927, 0.2706653717266232, -0.08151714638473931, -0.3825471420487205, -0.6835771377127016], "I": [-0.5576877279666396, -0.5576877279666396, 0.22046352241700387, -0.2566577323026585, -0.2566577323026585, 0.044372263361322675, -0.08056647324697727, -0.08056647324697727, -0.5576877279666396, -0.2566577323026585, -0.2566577323026585, -0.08056647324697727, -0.5576877279666396], "E": [0.2539705955052335, 1.1232023152362096, -0.047059400158747704, 0.03212184588887704, 0.03212184588887704, 0.09906863551949034, 0.09906863551949034, 0.09906863551949034, 0.2539705955052335, -0.1439694131668041, -0.7460294044947664, 0.20821310494455833, -0.44499940883078526], "D": [-0.11415353256522512, -0.2902447916209063, 0.010785204043074894, 0.31181519970705607, -0.11415353256522512, 0.40872521271511236, 0.18687646309875608, -0.5912747872848875, -0.2902447916209063, -0.2902447916209063, 0.10769521705113122, -0.2902447916209063, -0.5912747872848875], "A": [0.6125545050250197, -0.466626741022605, -0.466626741022605, -0.29053548196692375, 0.13543325030535736, 0.010494513697057423, 0.18658577275273866, -0.29053548196692375, 0.23234326331341373, 0.3115245093610386, -0.29053548196692375, 0.0774413033276707, -0.7676567366865861], "Y": [-0.40240792908838785, -0.40240792908838785, -0.10137793342440671, 0.07471332563127446, 0.1996520622395745, 0.1996520622395745, -0.40240792908838785, -0.40240792908838785, -0.40240792908838785, -0.10137793342440671, -0.10137793342440671, 0.07471332563127446, 0.8763456718644409]}