{"L": [-0.5378181876069513, 0.559091825401105, 0.27509516903590425, -0.06069693288728887, -0.06069693288728887, -0.5378181876069513, 0.0062498567433243914, 0.0062498567433243914, -0.13987817893491364, 0.1611518167290675, 0.5761251646998855, 0.27509516903590425, -0.36172692855127003], "G": [0.0424580559732591, -0.6565119483627597, -0.6565119483627597, 0.24657803862918384, 0.2977305610765651, 0.2977305610765651, 0.0424580559732591, 0.2977305610765651, 0.0424580559732591, -0.1793906936430973, -0.6565119483627597, -0.35548195269877847, -0.6565119483627597], "K": [0.6012505012368239, -0.5448775344414142, -0.5448775344414142, -0.5448775344414142, -0.5448775344414142, -0.243847538777433, -0.5448775344414142, -0.5448775344414142, 0.23327371594222943, -0.06775627972175174, -0.5448775344414142, -0.06775627972175174, 1.171125809193385], "M": [-0.20623071606483584, -0.20623071606483584, 0.3958292752631265, -0.20623071606483584, -0.20623071606483584, -0.20623071606483584, 0.09479927959914533, -0.20623071606483584, -0.20623071606483584, 0.27089053865482654, 0.09479927959914533, -0.20623071606483584, -0.20623071606483584], "F": [-0.4083923340387539, -0.4083923340387539, 0.5458501754005709, -0.10736233837477271, -0.10736233837477271, -0.4083923340387539, -0.10736233837477271, -0.4083923340387539, -0.4083923340387539, 0.06872892068090847, -0.4083923340387539, -0.4083923340387539, -0.4083923340387539], "R": [0.6434225593168438, -0.310819950122481, -0.13472869106679977, -0.310819950122481, -0.310819950122481, -0.13472869106679977, -0.6118499457864622, -0.310819950122481, -0.009789954458499846, -0.13472869106679977, -0.13472869106679977, -0.6118499457864622, -0.310819950122481], "W": [-0.02562067314111224, -0.02562067314111224, -0.02562067314111224, -0.02562067314111224, -0.02562067314111224, -0.02562067314111224, -0.02562067314111224, -0.02562067314111224, -0.02562067314111224, -0.02562067314111224, -0.02562067314111224, -0.02562067314111224, -0.02562067314111224], "H": [-0.25080508996829914, -0.25080508996829914, -0.25080508996829914, 0.05022490569568201, -0.25080508996829914, 0.22631616475136324, -0.25080508996829914, -0.25080508996829914, -0.25080508996829914, -0.25080508996829914, -0.25080508996829914, 0.22631616475136324, -0.25080508996829914], "S": [0.03551469139547515, 0.03551469139547515, -0.44160656332418724, 0.21160595045115632, 0.03551469139547515, -0.043666554652149706, 0.03551469139547515, 0.16045342800377507, 0.25736344101183145, -0.1405765676602061, -0.7426365589881685, -0.26551530426850606, -0.7426365589881685], "C": [-0.1445716361478791, -0.1445716361478791, -0.1445716361478791, -0.1445716361478791, -0.1445716361478791, -0.1445716361478791, -0.1445716361478791, -0.1445716361478791, -0.1445716361478791, -0.1445716361478791, -0.1445716361478791, -0.1445716361478791, -0.1445716361478791], "V": [-0.12620144013756102, 0.5727685641984578, -0.0012627035292610601, -0.3022926991932422, -0.0012627035292610601, -0.6033226948572233, 0.2997672921347201, 0.35091981458210136, -0.0012627035292610601, 0.09564730947879538, 0.17482855552642018, 0.17482855552642018, -0.3022926991932422], "N": [-0.3850433514867457, -0.3850433514867457, -0.08401335582276453, 0.09207790323291667, -0.3850433514867457, 0.21701663984121664, 0.39310789889689784, 0.313926652849273, -0.3850433514867457, 0.09207790323291667, -0.08401335582276453, 0.09207790323291667, -0.3850433514867457], "P": [-0.6144343145879799, -0.6144343145879799, -0.6144343145879799, 0.28865567240396356, 0.38556568541202, 0.23066372542627686, -0.012374323260017573, -0.13731305986831757, -0.3134043189239987, -0.012374323260017573, -0.012374323260017573, -0.6144343145879799, -0.6144343145879799], "Q": [-0.03771596763103351, -0.5148372223506958, -0.5148372223506958, -0.5148372223506958, -0.03771596763103351, -0.03771596763103351, -0.21380722668671467, -0.03771596763103351, 0.18413278198532287, -0.03771596763103351, 0.08722276897726648, 0.43940528708862897, -0.5148372223506958], "T": [-0.3075823804022591, 0.2364856639480165, -0.6086123760662403, -0.1314911213465779, -0.006552384738277915, 0.2364856639480165, -0.006552384738277915, 0.09035762826977851, 0.09035762826977851, 0.29447761092570324, -0.006552384738277915, 0.09035762826977851, -0.6086123760662403], "I": [-0.48272296632017825, 0.3623750736940785, 0.5964582797274465, -0.005601711600515903, -0.18169297065619708, -0.48272296632017825, 0.21624703801584047, -0.005601711600515903, -0.005601711600515903, 0.11933702500778409, 0.5586697188380466, -0.18169297065619708, -0.48272296632017825], "E": [-0.6710646428483051, -0.6710646428483051, -0.6710646428483051, 0.10708660753533845, 0.23202534414363843, 0.28317786659101973, -0.37003464718432394, -0.6710646428483051, 0.28317786659101973, -0.6710646428483051, -0.19394338812864273, -0.06900465152034277, -0.6710646428483051], "D": [-0.21528002997444498, -0.5163100256384262, -0.5163100256384262, 0.38677996135351733, 0.08574996568953618, 0.32878801437583066, -0.03918877091876373, -0.21528002997444498, -0.5163100256384262, -0.5163100256384262, -0.5163100256384262, -0.21528002997444498, -0.5163100256384262], "A": [0.3073080249598752, -0.21557072032046234, -0.21557072032046234, -0.09063198371216241, 0.08545927534351883, -0.21557072032046234, 0.21039801195181876, 0.3073080249598752, 0.08545927534351883, 0.26155053439920006, -0.39166197937614355, 0.26155053439920006, -0.6926919750401248], "Y": [-0.32744316744192653, -0.32744316744192653, 0.7139495177162984, -0.32744316744192653, -0.32744316744192653, -0.026413171777945346, -0.026413171777945346, -0.32744316744192653, -0.32744316744192653, 0.14967808727773588, -0.32744316744192653, -0.026413171777945346, 0.37152683689409227]}