{"L": [-0.15769085942703387, -0.2923894333244901, 0.21440249206239265, -0.19811951648264203, -0.025573538191610512, -0.0185116837041237, 0.008640562339491085, 0.04035497551669771, -0.1876540828044771, 0.09758164567627219, 0.02794571753487779, 0.2304893119558475, -0.4129633645303399], "G": [-0.11005319841631732, -0.15144588357454233, -0.04878354167739465, 0.216530901720052, 0.04353071964151262, 0.11179555120003908, 0.19097679724766387, 0.3109521143244137, 0.1707734111593769, -0.005317847896304359, -0.060365414227209806, -0.13720544445993216, -0.6743246288548799], "K": [0.43245728227205343, -0.7387814739892156, 0.08512726695510313, -0.11899271570082168, -0.2864838029945853, -0.03981146965319682, -0.11899271570082168, 0.0015812155050282258, 0.07413188265363996, -0.15520488835526636, -0.08556896021387189, -0.03981146965319682, 0.0015812155050282258], "M": [0.10046769495654798, -0.5762259146683185, -0.09910465994865612, -0.33318786598202416, -0.13689322083805588, -0.22404339655695604, -0.4793159016602621, -0.22404339655695604, -0.2751959190043373, -0.032157870318042965, -0.06434255368944415, -0.22404339655695604, -0.4001346556126373], "F": [-0.058228229236279745, -0.1251750188668929, 0.4188930254833827, -0.26650417166336215, -0.42620501453087406, -0.26650417166336215, -0.3390548388119739, -0.1763275413142742, -0.1251750188668929, -0.10169392301737001, 0.15103139307205618, 0.034525824000619015, 0.5333663284135177], "R": [0.29115612767379273, -0.8057538853342636, -0.18596512704586968, -0.3051515347650783, -0.5839051357179073, -0.4377771000396693, -0.40781387666222596, -0.28287514005392606, -0.3286326306146012, -0.5047238896702825, 0.15645755377633655, -0.2036938940063013, -0.15254137155891992], "W": [-0.696645867408576, -0.5205546083528948, 0.3245434316613619, -0.696645867408576, -0.3956158717445949, -0.3956158717445949, -0.3956158717445949, -0.3956158717445949, -0.29870585873653854, -0.09458587608061374, -0.1525778230583005, -0.09458587608061374, 1.537618256970213], "H": [0.11956240092246198, -0.921830284235763, -0.37776223988548735, -0.14367903385211941, -0.07673224422150622, -0.10891692759290746, -0.2228602798997442, -0.4447090295161006, 0.007588641478529723, -0.04676902084406297, 0.23953771799921186, -0.1814675947415192, -0.7457390251800818], "S": [-0.12362714189311437, 0.4756399492506779, -0.14649002485261853, 0.08464880053396813, 0.2043863434564603, 0.23469825772529918, -0.007121572821677252, 0.0013115947151855758, -0.05193391723803946, -0.12362714189311437, -0.007121572821677252, -0.0334505115440264, -0.6355105028719887], "C": [-1.116626826079324, -0.8155968304153428, -0.21353683908738058, -0.5145668347513618, -0.1623843166399993, -0.41765682174330526, -0.33847557569568054, -0.6395055713596617, -0.2715287860650673, -0.41765682174330526, -0.33847557569568054, -0.5145668347513618, -1.116626826079324], "V": [0.19547412685347565, 0.1406254588461306, 0.11481819523984511, -0.056863944910781006, 0.2308020891952186, 0.026682106539293825, -0.0438989677464134, 0.004405711828141558, 0.026682106539293825, 0.15701587503429998, 0.18805010877426873, 0.13219229130926777, -0.7972266344050248], "N": [-0.45400855442624716, -0.10182603631488477, -0.18100728236250957, -0.152978558762266, 0.023112700293415146, -0.12664962003991684, 0.2226850551986193, 0.04084146725384679, 0.29611397235715275, 0.24496144990977156, 0.04084146725384679, -0.12664962003991684, -0.40285603197886594], "P": [-0.2440668236972188, -0.2440668236972188, -0.44036146884118693, 0.42211066724249247, 0.03675978587847542, -0.03018700375213777, 0.056963171966762385, 0.09475173285616217, 0.0045751025070741224, -0.03018700375213777, -0.206278262807819, -0.5073082584718002, -0.6833995175274814], "Q": [-0.25644349090386703, -0.4454997271239159, -0.3407643766039029, -0.05552864812315364, -0.23161990717883488, -0.024494414383184886, -0.071919064311323, -0.12516457626454808, 0.08130931178485404, 0.0694100884851463, 0.14657604329744556, 0.2206777638157953, -0.4868924122821409], "T": [-0.08930587216341274, 0.5431840749694004, -0.16569421802686743, 0.021392425330276993, -0.04918864895543025, -0.07551758767777944, 0.06278511048850202, -0.04918864895543025, 0.03211629072205009, -0.02436506523039812, -0.20045632428607937, 0.19018444564445874, -0.8816975616616666], "I": [0.2527920198463129, -0.25065817359569864, 0.3305516787591436, -0.007620124909404179, 0.08928988809865217, 0.12500544036518674, 0.05037182206828253, 0.022343098468039037, -0.07456691454001738, 0.24419184808439542, -0.007620124909404179, 0.05037182206828253, -0.5516881692596798], "E": [-0.4969917971015122, -0.36436623182692124, -0.3878473276764441, 0.10506819422645018, 0.08927392704321833, 0.08115603682103882, 0.019637998901823897, 0.010092680995593444, 0.09724285671449363, -0.08681733201246293, -0.0749181087127552, 0.0003328437064372314, -0.7400298457878066], "D": [-0.3744218632630344, -0.23309271046656513, -0.1266373795522783, 0.16484729820547242, 0.20183086445864246, 0.12441864114986428, 0.3808665041611049, 0.16484729820547242, 0.14510324000971533, -0.16614592083595195, -0.0904252068978336, -0.3744218632630344, -0.3744218632630344], "A": [0.19857569514888598, 0.28949534446775493, -0.10844466420428263, -0.12067912062129428, 0.04282301112636644, -0.0626871736436075, -0.09654544090457487, 0.0254489150569438, 0.034222839364448865, 0.12058267003919713, -0.13326824792931474, -0.08496356835475975, -0.6233544798133448], "Y": [-0.1855550050665348, -0.3452558479340467, 0.23198055966888353, -0.3452558479340467, -0.25810567221514646, 0.13186540678561576, -0.1855550050665348, -0.3452558479340467, -0.29949835737337155, -0.020744756420542642, 0.022720937360547644, 0.16289964052558448, 0.14765967396884763]}