{"L": [-0.30102908819765833, -0.7781503429173208, -0.30102908819765833, 0.12493964407462274, -0.7781503429173208, -0.30102908819765833, -0.17609035158935843, -0.47712034725333957, -0.7781503429173208, -0.30102908819765833, -0.17609035158935843, 0.066947697096936, 0.6020608987942851], "G": [0.10315589632687072, 0.006245883318814298, -0.11869285328948562, 0.30727587898279546, 0.5181292442976887, 0.4041858919908519, 0.24928393200510876, 0.4833671380384767, 0.30727587898279546, 0.10315589632687072, 0.18233714237449555, 0.006245883318814298, 0.006245883318814298], "K": [0.21479031024821627, -0.48417969408780254, -0.48417969408780254, -0.1831496984238213, -0.48417969408780254, 0.11788029724015983, -0.1831496984238213, 0.21479031024821627, 0.2939715562958411, 0.11788029724015983, -0.1831496984238213, 0.2939715562958411, 0.21479031024821627], "M": [-0.1455328757112242, -0.1455328757112242, -0.1455328757112242, -0.1455328757112242, -0.1455328757112242, -0.1455328757112242, -0.1455328757112242, -0.1455328757112242, -0.1455328757112242, -0.1455328757112242, -0.1455328757112242, -0.1455328757112242, -0.1455328757112242], "F": [0.43045675669850136, -0.3476944936851422, -0.3476944936851422, 0.1294267610345202, 0.2543654976428201, 0.1294267610345202, -0.3476944936851422, -0.04666449802116106, -0.04666449802116106, 0.1294267610345202, -0.3476944936851422, 0.1294267610345202, 0.43045675669850136], "R": [0.14781789890316827, -0.25012210976886934, -0.5511521054328504, -0.5511521054328504, -0.5511521054328504, -0.07403085071318807, -0.5511521054328504, -0.5511521054328504, 0.2939459345814063, -0.5511521054328504, 0.22699914495079307, -0.07403085071318807, -0.5511521054328504], "W": [0.0350771672124994, 0.0350771672124994, 0.0350771672124994, 0.0350771672124994, 0.0350771672124994, 0.0350771672124994, 0.0350771672124994, 0.0350771672124994, 0.0350771672124994, 0.0350771672124994, 0.0350771672124994, 0.0350771672124994, 0.0350771672124994], "H": [-0.19010724961468747, 0.287014005104975, -0.19010724961468747, -0.19010724961468747, 0.11092274604929368, -0.19010724961468747, -0.19010724961468747, -0.19010724961468747, 0.11092274604929368, -0.19010724961468747, 0.287014005104975, 0.11092274604929368, -0.19010724961468747], "S": [0.09621253174908682, 0.22115126835738674, 0.16315932137970002, 0.017031285701461996, 0.09621253174908682, 0.017031285701461996, 0.16315932137970002, 0.16315932137970002, 0.22115126835738674, 0.09621253174908682, 0.31806128136544315, 0.017031285701461996, -0.3809087229705756], "C": [-0.08387379579426743, -0.08387379579426743, -0.08387379579426743, -0.08387379579426743, -0.08387379579426743, -0.08387379579426743, -0.08387379579426743, -0.08387379579426743, -0.08387379579426743, -0.08387379579426743, -0.08387379579426743, -0.08387379579426743, -0.08387379579426743], "V": [-0.5426248545036118, 0.4573751454963882, -0.5426248545036118, -0.24159485883963053, 0.15634514983240702, 0.15634514983240702, 0.15634514983240702, -0.24159485883963053, 0.05943513682435063, -0.06550359978394929, 0.302473185510645, -0.06550359978394929, -0.06550359978394929], "N": [0.15277574358652835, -0.32434551113313403, -0.023315515469152902, -0.023315515469152902, -0.32434551113313403, -0.32434551113313403, -0.32434551113313403, 0.15277574358652835, 0.27771448019482825, -0.32434551113313403, 0.15277574358652835, -0.023315515469152902, -0.32434551113313403], "P": [0.0483235170935941, 0.29136156577988853, -0.252706478570387, -0.07661521951470585, -0.07661521951470585, 0.0483235170935941, -0.5537364742343682, 0.0483235170935941, -0.07661521951470585, 0.29136156577988853, -0.252706478570387, -0.252706478570387, -0.5537364742343682], "Q": [-0.45413938199708415, -0.45413938199708415, -0.45413938199708415, 0.14792060933087817, 0.022981872722578265, -0.45413938199708415, 0.022981872722578265, -0.45413938199708415, -0.153109386333103, 0.022981872722578265, 0.022981872722578265, -0.153109386333103, -0.45413938199708415], "T": [0.230236714671015, -0.5479145357126286, -0.07079328099296617, 0.05414545561533369, -0.07079328099296617, -0.24688454004864746, 0.05414545561533369, -0.5479145357126286, 0.05414545561533369, -0.07079328099296617, -0.24688454004864746, 0.05414545561533369, -0.07079328099296617], "I": [0.0550961287530958, 0.356126124417077, -0.4220251259665666, 0.0550961287530958, -0.12099513030258544, -0.4220251259665666, 0.1800348653613957, -0.4220251259665666, -0.12099513030258544, -0.12099513030258544, -0.4220251259665666, -0.4220251259665666, -0.4220251259665666], "E": [-0.6103668024946933, -0.13324554777503098, 0.1677844478889502, -0.008306811166731074, 0.3438757069446314, 0.2927231844972501, 0.1677844478889502, 0.08860320184132531, -0.30933680683071224, -0.13324554777503098, -0.30933680683071224, 0.23473123751956335, -0.30933680683071224], "D": [0.14644780604314792, -0.45561218528481445, 0.9061156507327783, 0.3225390650988291, 0.2433578190512043, 0.021509069434847986, 0.021509069434847986, 0.4474778017071291, 0.021509069434847986, 0.021509069434847986, 0.021509069434847986, 0.021509069434847986, 0.021509069434847986], "A": [0.06697586964950568, 0.3680058653134869, -0.15487287996685062, -0.631994134686513, -0.631994134686513, -0.631994134686513, 0.06697586964950568, 0.06697586964950568, -0.631994134686513, 0.2131039053277437, 0.06697586964950568, -0.15487287996685062, -0.3309641390225319], "Y": [0.03428466857566639, 0.03428466857566639, 0.21037592763134758, 0.21037592763134758, 0.03428466857566639, 0.5114059232953287, 0.33531466423964756, 0.03428466857566639, 0.03428466857566639, 0.43222467724770386, -0.2667453270883148, 0.21037592763134758, 0.21037592763134758]}