{"L": [-0.7781503429173208, -0.7781503429173208, 0.22184965708267917, 0.17609216652200402, 0.066947697096936, 9.074663227986882e-07, -0.07918033858130202, -0.17609035158935843, -0.47712034725333957, 0.12493964407462274, 0.3979409161383604, -0.47712034725333957, 0.5440689518165983], "G": [0.24928393200510876, -0.595814108009148, -0.595814108009148, 0.3584284014301768, 0.18233714237449555, -0.11869285328948562, 0.4041858919908519, 0.30727587898279546, 0.18233714237449555, 0.18233714237449555, -0.11869285328948562, 0.10315589632687072, -0.595814108009148], "K": [0.11788029724015983, -0.48417969408780254, -0.48417969408780254, -0.48417969408780254, -0.48417969408780254, -0.48417969408780254, -0.48417969408780254, -0.1831496984238213, 0.21479031024821627, -0.48417969408780254, -0.48417969408780254, -0.48417969408780254, 0.21479031024821627], "M": [0.15549711995275695, -0.1455328757112242, 0.45652711561673814, 0.3315883790084382, -0.1455328757112242, -0.1455328757112242, -0.1455328757112242, -0.1455328757112242, -0.1455328757112242, -0.1455328757112242, 0.5534371286247945, -0.1455328757112242, 0.5534371286247945], "F": [-0.3476944936851422, -0.3476944936851422, 0.9075780114181637, 0.2543654976428201, 0.2543654976428201, -0.3476944936851422, -0.3476944936851422, 0.1294267610345202, -0.3476944936851422, 0.35127551065087653, -0.04666449802116106, -0.3476944936851422, 0.6065480157541826], "R": [0.7276014955199783, 1.2047227502396407, -0.5511521054328504, 0.05090788589511183, -0.5511521054328504, -0.07403085071318807, -0.5511521054328504, -0.5511521054328504, -0.5511521054328504, -0.5511521054328504, -0.25012210976886934, -0.5511521054328504, -0.07403085071318807], "W": [0.0350771672124994, 0.0350771672124994, 1.0350771672124992, 0.0350771672124994, 0.33610716287648057, 0.0350771672124994, 0.0350771672124994, 0.0350771672124994, 0.0350771672124994, 0.0350771672124994, 0.0350771672124994, 0.0350771672124994, 0.0350771672124994], "H": [0.11092274604929368, -0.19010724961468747, -0.19010724961468747, -0.19010724961468747, -0.19010724961468747, -0.19010724961468747, -0.19010724961468747, -0.19010724961468747, -0.19010724961468747, -0.19010724961468747, 0.11092274604929368, -0.19010724961468747, 0.11092274604929368], "S": [-0.20481746391489436, -0.6819387186345567, -0.6819387186345567, 0.09621253174908682, -0.07987872730659441, 0.017031285701461996, 0.16315932137970002, 0.22115126835738674, 0.27230379080476796, 0.017031285701461996, -0.3809087229705756, 0.09621253174908682, -0.6819387186345567], "C": [-0.08387379579426743, -0.08387379579426743, -0.08387379579426743, -0.08387379579426743, -0.08387379579426743, -0.08387379579426743, -0.08387379579426743, -0.08387379579426743, -0.08387379579426743, -0.08387379579426743, -0.08387379579426743, -0.08387379579426743, -0.08387379579426743], "V": [-0.06550359978394929, -0.5426248545036118, 0.05943513682435063, -0.5426248545036118, -0.06550359978394929, 0.2355263958800319, 0.15634514983240702, -0.06550359978394929, -0.5426248545036118, -0.5426248545036118, 0.15634514983240702, 0.4573751454963882, -0.5426248545036118], "N": [-0.32434551113313403, -0.32434551113313403, -0.32434551113313403, -0.32434551113313403, -0.023315515469152902, -0.023315515469152902, 0.15277574358652835, -0.32434551113313403, -0.32434551113313403, -0.023315515469152902, -0.32434551113313403, -0.32434551113313403, -0.32434551113313403], "P": [-0.5537364742343682, -0.5537364742343682, -0.5537364742343682, -0.07661521951470585, 0.5602068780724685, -0.252706478570387, 0.40050603520495653, 0.0483235170935941, -0.07661521951470585, 0.22441477614927532, -0.5537364742343682, -0.252706478570387, -0.5537364742343682], "Q": [-0.153109386333103, -0.45413938199708415, -0.45413938199708415, -0.153109386333103, 0.022981872722578265, -0.45413938199708415, 0.24483062233893454, -0.153109386333103, -0.153109386333103, 0.24483062233893454, 0.022981872722578265, 0.39095865801717256, -0.45413938199708415], "T": [-0.24688454004864746, -0.5479145357126286, -0.5479145357126286, -0.07079328099296617, -0.5479145357126286, -0.07079328099296617, -0.5479145357126286, -0.24688454004864746, 0.15105546862339012, -0.5479145357126286, 0.05414545561533369, 0.05414545561533369, -0.5479145357126286], "I": [-0.4220251259665666, -0.4220251259665666, 0.0550961287530958, -0.4220251259665666, -0.12099513030258544, 0.2769448783694521, -0.4220251259665666, 0.0550961287530958, -0.4220251259665666, 0.0550961287530958, 0.356126124417077, 0.0550961287530958, -0.4220251259665666], "E": [-0.6103668024946933, -0.6103668024946933, -0.6103668024946933, -0.6103668024946933, 0.08860320184132531, 0.2927231844972501, -0.13324554777503098, -0.13324554777503098, 0.3896331975053065, 0.08860320184132531, -0.6103668024946933, 0.3438757069446314, -0.6103668024946933], "D": [-0.45561218528481445, -0.45561218528481445, -0.45561218528481445, 0.2433578190512043, 0.14644780604314792, 0.3894858547294423, 0.2433578190512043, 0.4474778017071291, 0.4474778017071291, 0.2433578190512043, -0.45561218528481445, -0.45561218528481445, -0.45561218528481445], "A": [0.4093985504717118, -0.631994134686513, -0.3309641390225319, 0.06697586964950568, -0.15487287996685062, -0.02993414335855074, -0.15487287996685062, 0.14615711569713052, 0.06697586964950568, 0.14615711569713052, 0.06697586964950568, 0.14615711569713052, 0.06697586964950568], "Y": [-0.2667453270883148, -0.2667453270883148, 0.33531466423964756, 0.03428466857566639, -0.2667453270883148, 0.03428466857566639, -0.2667453270883148, -0.2667453270883148, -0.2667453270883148, -0.2667453270883148, -0.2667453270883148, 0.03428466857566639, 0.5114059232953287]}