{"L": [-0.6255401797111625, 0.8181573195215502, 0.3287023297281623, -0.37566270649456257, 0.10145854822509985, -0.14841892499149997, 0.02227730217747505, -0.1026614344308249, -0.048303772108232224, -0.0357146448002117, 0.19836856123315627, 0.0734298246248563, 0.49939855689713747], "G": [0.2653113774392595, -0.619295203858671, -0.31826520819468973, 0.21533740247742095, 0.09391523959195813, 0.31012372185562176, 0.1210674856355729, 0.1936181527841846, 0.25576605953302906, 0.1707552698246804, -0.07522715950839533, -0.1421739491390085, -0.4432039448029897], "K": [0.19130921439869336, -0.5868420359849502, -0.5868420359849502, -0.244419355162744, -0.3315695308816441, 0.03640725441295024, -0.05536311894269508, -0.20663079427334413, 0.19130921439869336, 0.03640725441295024, -0.4407140003067122, 0.03640725441295024, -0.285812040320969], "M": [-0.10206718193013395, 0.39525745887781544, 0.22892603711129045, -0.6461352262804095, -0.3451052306164283, -0.24819521760837193, -0.47004396722472824, -0.24819521760837193, -0.6461352262804095, -0.3451052306164283, 0.16677813036244607, -0.6461352262804095, 0.007077287494934169], "F": [0.6288244104653348, -1.1493268399183085, 0.4739224504795917, -0.5472668485903464, -0.00319880424007076, -0.00319880424007076, -0.03538348761147194, -0.10793415476008374, -0.14932683991830875, -0.07014559387068392, 0.15170315574567245, -0.00319880424007076, -0.14932683991830875], "R": [-0.352784451666017, -1.0517544560020358, -0.4496944646740735, -0.5746332012823734, -0.7507244603380546, -0.352784451666017, -0.23884109935918027, -0.4496944646740735, -0.14866446901009225, -0.27360320561839213, -0.39854194222669215, -0.17669319261033584, -0.311391766507792], "W": [-0.766555179020667, -0.766555179020667, 0.18768733041865776, -0.766555179020667, -0.28943392430100456, -0.766555179020667, -0.766555179020667, -0.28943392430100456, -0.766555179020667, -0.46552518335668586, -0.0675851746846483, -0.766555179020667, -0.46552518335668586], "H": [-0.037497086408529105, -0.5146183411281915, -0.991739595847854, -0.2927695915118352, -0.5146183411281915, -0.1466415558335972, -0.08864960885591043, -0.6907096001838727, -0.1466415558335972, -0.1466415558335972, -0.1466415558335972, -0.1466415558335972, -0.6907096001838727], "S": [0.11848892646023897, -0.6384730248534666, -0.40438981882009845, -0.1411483840455171, -0.1411483840455171, -0.06859771689690532, -0.00644981014806092, 0.00779062896654932, -0.00644981014806092, -0.27945108221179854, -0.1825410692037422, 0.1598816116184641, -0.40438981882009845], "C": [-0.8855061420274339, -0.5844761463634527, -0.8855061420274339, -0.8855061420274339, -0.8855061420274339, -0.8855061420274339, -0.8855061420274339, -0.5844761463634527, -0.8855061420274339, -0.5844761463634527, -0.8855061420274339, -0.5844761463634527, -0.8855061420274339], "V": [0.1872217163054768, -0.001834519914572082, -0.06550359978394929, -0.49915916072252153, 0.11814079716217778, -0.04322720507279712, 0.21204530003050892, 0.11814079716217778, -0.001834519914572082, 0.1872217163054768, 0.2355263958800319, 0.14710449309749438, 0.5695566516469384], "N": [-0.1259778573663006, -0.8249478617023194, -0.04679661131867575, 0.050113401689380596, -0.222887870374357, 0.1044710640119733, 0.12929464773700544, -0.04679661131867575, 0.19624143736761865, 0.07814212528962414, -0.04679661131867575, 0.07814212528962414, -0.6488566026466381], "P": [-0.656398816131516, -0.510270780453278, -0.5772175700838911, 0.14978115785237114, 0.09178921087468433, 0.09178921087468433, -0.033149525733615556, 0.10702917743142126, -0.12491989908926085, -0.1000963153642287, -0.033149525733615556, -0.3553688204675348, -0.656398816131516], "Q": [-0.6537117369022882, -0.410673688215994, -0.000499223126944669, -0.21437904307202568, -0.07968046917456954, -0.14182837592341396, -0.000499223126944669, -0.000499223126944669, 0.10595610778734209, 0.04525826743373045, -0.25577172823025074, 0.06644756650366848, -0.47762047784660705], "T": [0.11285111595316095, -0.3953043725064702, -0.3953043725064702, -0.11909796056752121, 0.0654264660250228, -0.11909796056752121, -0.007124201123588914, 0.1556030963741108, -0.23560352963895836, 0.012180954071797688, 0.1556030963741108, 0.1689670579320923, -0.027327587211875892], "I": [0.0067914491785407574, 0.03161503290357295, 0.40981098337985333, -0.37855943218547633, 0.25346378251992924, 0.1742825364723044, -0.07752943652149517, 0.15655376951187283, -0.019537489543808396, 0.23874052569922288, 0.3204105721505424, -0.4455062218160895, -0.32056748520778955], "E": [-0.7130291443918411, -0.7130291443918411, -0.3706064635696349, 0.41407565397296636, 0.2781969313006537, 0.2007847079918755, 0.10651479115002749, 0.0029741992429579978, 0.13206889562241558, 0.1677844478889502, -0.06957646790565372, 0.1443033520394273, -0.7130291443918411], "D": [-0.9562145358539996, -1.2572445315179808, -0.05312454886205624, 0.6921454751269317, 0.1741192326410063, 0.28682351283229457, 0.28682351283229457, 0.043785464146000146, 0.24790544680192492, -0.001972026414674917, -0.11111649583974305, -0.21585184635975593, -0.7801232767983184], "A": [0.14615711569713052, -0.47938397148035466, 0.14615711569713052, -0.1114071861857604, -0.1114071861857604, -0.17835397581637355, -0.15487287996685062, 0.15743812610681954, -0.1114071861857604, 0.11044156343059595, 0.043494773799982754, 0.14615711569713052, 0.31456154608652065], "Y": [0.3118335683901247, -0.7673476776575001, 0.29335016269611147, -0.3694076689854625, -0.11413516388215647, -0.3694076689854625, -0.3694076689854625, -0.16528768632953778, -0.2902264229378377, -1.0683776733214814, -0.5912564186018189, -0.06837767332148137, -0.2902264229378377]}