{"L": [-0.8073549220576043, 0.514573172829758, -0.8073549220576043, -0.8073549220576043, 0.514573172829758, -0.22239242133644802, 0.19264507794239583, 0.19264507794239583, 0.514573172829758, 0.19264507794239583, -1.8073549220576042, 0.7776075786635519, 0.514573172829758, 0.19264507794239583], "G": [1.6520766965796934, 1.5145731728297582, 1.5145731728297582, 1.6520766965796934, 1.3625700793847082, 1.893084796083488, 1.5145731728297582, 1.1926450779423958, 1.6520766965796934, 1.6520766965796934, 1.893084796083488, 1.3625700793847082, 0.19264507794239583, -0.8073549220576043], "K": [1.1926450779423958, -1.8073549220576042, -1.8073549220576042, -1.8073549220576042, -0.22239242133644802, 0.19264507794239583, -0.8073549220576043, -1.8073549220576042, 0.514573172829758, -1.8073549220576042, -0.8073549220576043, -0.22239242133644802, 0.514573172829758, 2.3625700793847084], "M": [-1.8073549220576042, -1.8073549220576042, -1.8073549220576042, -0.8073549220576043, -1.8073549220576042, -1.8073549220576042, -0.22239242133644802, -1.8073549220576042, -1.8073549220576042, -1.8073549220576042, -1.8073549220576042, -1.8073549220576042, -1.8073549220576042, -1.8073549220576042], "F": [0.19264507794239583, 0.19264507794239583, 1.0, -0.22239242133644802, -0.8073549220576043, -0.8073549220576043, -0.22239242133644802, -1.8073549220576042, 0.19264507794239583, 0.19264507794239583, 0.19264507794239583, 0.7776075786635519, -1.8073549220576042, -1.8073549220576042], "R": [-1.8073549220576042, -1.8073549220576042, -1.8073549220576042, -1.8073549220576042, -1.8073549220576042, -1.8073549220576042, -0.22239242133644802, -0.22239242133644802, -1.8073549220576042, 0.514573172829758, -0.8073549220576043, -0.8073549220576043, -1.8073549220576042, 2.652076696579693], "W": [-1.8073549220576042, -1.8073549220576042, -1.8073549220576042, -1.8073549220576042, -1.8073549220576042, -1.8073549220576042, -1.8073549220576042, -0.8073549220576043, -1.8073549220576042, -1.8073549220576042, -1.8073549220576042, -1.8073549220576042, -1.8073549220576042, -1.8073549220576042], "H": [0.19264507794239583, 0.19264507794239583, -1.8073549220576042, -1.8073549220576042, -0.8073549220576043, -1.8073549220576042, -0.8073549220576043, -1.8073549220576042, -1.8073549220576042, -0.8073549220576043, -1.8073549220576042, -1.8073549220576042, 0.514573172829758, -1.8073549220576042], "S": [1.3625700793847082, 0.7776075786635519, -0.22239242133644802, 0.19264507794239583, 0.7776075786635519, 1.1926450779423958, -0.8073549220576043, 0.7776075786635519, 0.7776075786635519, 1.5145731728297582, -1.8073549220576042, 1.3625700793847082, 1.6520766965796934, 1.1926450779423958], "C": [-1.8073549220576042, -1.8073549220576042, -1.8073549220576042, -1.8073549220576042, -1.8073549220576042, -1.8073549220576042, -1.8073549220576042, -1.8073549220576042, -1.8073549220576042, -1.8073549220576042, -1.8073549220576042, -1.8073549220576042, -1.8073549220576042, -1.8073549220576042], "V": [-1.8073549220576042, 1.5145731728297582, 1.5145731728297582, 1.0, 1.0, -0.8073549220576043, 0.7776075786635519, -0.22239242133644802, 0.7776075786635519, -0.8073549220576043, 1.5145731728297582, 0.19264507794239583, -1.8073549220576042, 0.514573172829758], "N": [-1.8073549220576042, -1.8073549220576042, -0.8073549220576043, -0.22239242133644802, -0.8073549220576043, 0.19264507794239583, -1.8073549220576042, 0.7776075786635519, 0.514573172829758, -1.8073549220576042, 0.19264507794239583, -0.8073549220576043, -1.8073549220576042, -1.8073549220576042], "P": [-0.22239242133644802, -0.22239242133644802, -0.22239242133644802, 0.7776075786635519, -0.22239242133644802, -0.8073549220576043, 1.0, -0.22239242133644802, 0.514573172829758, -1.8073549220576042, -0.22239242133644802, -0.22239242133644802, -0.8073549220576043, -1.8073549220576042], "Q": [-0.8073549220576043, 1.0, 0.19264507794239583, -0.22239242133644802, 1.0, -1.8073549220576042, 0.19264507794239583, -0.8073549220576043, 0.19264507794239583, 0.19264507794239583, -1.8073549220576042, 0.19264507794239583, 0.514573172829758, -1.8073549220576042], "T": [0.19264507794239583, 0.514573172829758, 0.514573172829758, -0.22239242133644802, -1.8073549220576042, 1.0, -0.8073549220576043, 1.1926450779423958, -0.22239242133644802, -0.8073549220576043, 1.0, -0.8073549220576043, 0.514573172829758, -1.8073549220576042], "I": [-0.8073549220576043, -1.8073549220576042, 0.514573172829758, 0.514573172829758, 0.514573172829758, -0.22239242133644802, -1.8073549220576042, -1.8073549220576042, -0.22239242133644802, -0.8073549220576043, 0.19264507794239583, -0.22239242133644802, -0.22239242133644802, 0.19264507794239583], "E": [1.3625700793847082, 0.7776075786635519, 0.19264507794239583, 0.7776075786635519, 0.514573172829758, 0.514573172829758, 1.5145731728297582, 2.0, 1.1926450779423958, 1.3625700793847082, 1.6520766965796934, 1.1926450779423958, 1.3625700793847082, -0.8073549220576043], "D": [0.514573172829758, -0.22239242133644802, 0.19264507794239583, 0.514573172829758, 0.7776075786635519, 0.7776075786635519, -0.22239242133644802, -0.8073549220576043, -0.22239242133644802, 0.19264507794239583, -0.8073549220576043, 0.514573172829758, -0.8073549220576043, -1.8073549220576042], "A": [-0.22239242133644802, -0.8073549220576043, 0.7776075786635519, -0.22239242133644802, -0.22239242133644802, 0.514573172829758, 0.7776075786635519, 0.514573172829758, -1.8073549220576042, -0.22239242133644802, 0.7776075786635519, 0.19264507794239583, 1.1926450779423958, -0.8073549220576043], "Y": [-1.8073549220576042, -1.8073549220576042, -0.8073549220576043, -0.22239242133644802, -0.8073549220576043, -1.8073549220576042, -1.8073549220576042, -1.8073549220576042, -1.8073549220576042, 0.19264507794239583, -1.8073549220576042, -1.8073549220576042, -0.22239242133644802, -1.8073549220576042]}