{"L": [-0.1365528185815021, 0.44142325182354714, 0.8317383216911598, 0.5231070494172554, 0.3987789144150535, 0.5098102268037972, 0.8842057415852953, 0.6129037197679008, 0.3987789144150535, 0.19786622048905714, 0.3398852253614849, 0.4691682423064513, 0.5751016870555165, 1.1643136607780307], "G": [0.7993168439987823, 0.8102051601415183, 0.9643760902692787, 1.3018171845279656, 1.2547686117235344, 1.2547686117235344, 1.2225282747233264, 1.206133836472658, 1.3842793447199384, 1.369632568755537, 1.5428252840317607, 0.9933274639654078, 0.8423855658906683, 0.27848468069734184], "K": [-0.24507727535967133, -0.4637175618350116, -0.2677973518597546, 0.02170926533523017, -0.055252716479654025, -0.290880964972796, -0.055252716479654025, 0.3398852253614849, 0.1299621559872535, -0.1365528185815021, -0.24507727535967133, 0.44142325182354714, 0.4131342073921236, 0.7091190350272041], "M": [-2.075152273917359, -2.437722353302067, -1.544637557218579, -2.1576144341093317, -1.3870962802320992, -1.2450772753596715, -2.1576144341093317, -1.9971497619160858, -1.8527598525809108, -2.2450772753596713, -2.075152273917359, -1.785645656722374, -2.437722353302067, -2.785645656722374], "F": [-0.9596750564974228, -0.7856456567223739, 0.19786622048905714, -0.8527598525809108, -1.3381866797511526, -1.2006831560012177, -0.8527598525809108, -0.7856456567223739, -0.8527598525809108, -0.8188125206575734, -0.6601147746385151, -0.7856456567223739, -1.437722353302067, 0.8738637973638361], "R": [0.6737859619149233, 1.8790440364695165, -0.6303674312444629, -0.6012210855849466, -0.544637557218579, -0.6303674312444629, -0.24507727535967133, -0.544637557218579, -0.1365528185815021, -0.31433993779678504, -1.0356239097307214, 0.0028502380839142047, 0.14724014741908914, 0.9447472835203461], "W": [-3.660114774638515, -3.660114774638515, -2.1576144341093317, -2.785645656722374, -2.660114774638515, -3.0751522739173587, -3.437722353302067, -3.2450772753596713, -2.9231491804723087, -3.0751522739173587, -3.923149180472309, -1.9971497619160858, -3.437722353302067, -3.923149180472309], "H": [0.7436074114124946, -1.3381866797511526, -1.3870962802320992, -1.2908809649727961, -1.2006831560012177, -1.2908809649727961, -0.9596750564974228, -1.437722353302067, -1.0356239097307214, -1.157614434109332, -0.8188125206575734, -1.2006831560012177, -1.4901897731962028, -1.437722353302067], "S": [1.9248477260826413, 0.6252874442237332, 0.766149980063583, 1.0678056799246842, 0.9837414151362096, 1.1212449388861445, 0.9147940614187182, 1.0123105673329809, 0.766149980063583, 1.0403249435025772, 0.8738637973638361, 0.9933274639654078, 1.0123105673329809, 0.16431366077803067], "C": [-5.245077275359671, -6.245077275359671, -4.660114774638515, -4.660114774638515, -4.245077275359671, -6.245077275359671, -5.245077275359671, -3.923149180472309, -6.245077275359671, -6.245077275359671, -6.245077275359671, -4.245077275359671, -3.660114774638515, -3.923149180472309], "V": [-0.31433993779678504, 0.6004127755847041, 0.0028502380839142047, 0.14724014741908914, 0.44142325182354714, 0.455362442781421, 0.3398852253614849, 0.11247472925841266, 0.2467758209700035, 0.19786622048905714, 0.02170926533523017, 0.1299621559872535, 0.4273480666118243, -1.157614434109332], "N": [-1.923149180472309, -0.8527598525809108, -0.6012210855849466, -0.8188125206575734, -0.9231491804723089, -0.3381866797511525, -0.3381866797511525, -0.6904884236820338, -0.6601147746385151, -0.31433993779678504, -0.4637175618350116, -0.43772235330206705, -0.3624342259978299, 0.4131342073921236], "P": [-1.6012210855849467, -0.11579425841470478, 1.1036508788714063, 0.3987789144150535, 0.5878127388050702, 0.38427934471993835, 0.3987789144150535, 0.4273480666118243, 0.4963897110414758, 0.36963256875553707, 0.7207070093024157, 0.14724014741908914, 0.8102051601415183, -1.157614434109332], "Q": [-1.6012210855849467, -0.31433993779678504, -0.22270946233121672, 0.02170926533523017, -0.15761443410933187, 0.02170926533523017, -0.2006831560012177, 0.0947727275249536, 0.16431366077803067, 0.0028502380839142047, -0.016258584863790348, 0.4131342073921236, 0.07685081952769113, -0.290880964972796], "T": [1.5941265127372728, 0.02170926533523017, 0.18118747934242665, 0.16431366077803067, 0.26271736483902514, 0.562277646697933, 0.0947727275249536, 0.11247472925841266, -0.035623909730721375, 0.36963256875553707, 0.1299621559872535, 0.2467758209700035, 0.29408153574836016, -0.5726519333881758], "I": [-1.2006831560012177, -0.38709628023209913, -0.24507727535967133, -0.09533015585498907, -0.09533015585498907, -0.17898808490189877, -0.43772235330206705, -0.4637175618350116, -0.2677973518597546, -0.43772235330206705, -0.3624342259978299, -0.2006831560012177, -0.3381866797511525, -1.544637557218579], "E": [-0.544637557218579, 0.3095115763179662, 0.3987789144150535, 0.8210119150981013, 0.5751016870555165, 0.6129037197679008, 0.4691682423064513, 0.7549227246403287, 0.562277646697933, 0.6375657740021702, 0.7549227246403287, 0.8102051601415183, 0.5493385909904346, 1.2225282747233264], "D": [-0.9971497619160857, 0.11247472925841266, 0.07685081952769113, 0.38427934471993835, 0.23065615560672673, 0.1299621559872535, 0.3398852253614849, 0.3987789144150535, 0.455362442781421, 0.4828431792035282, 0.2467758209700035, -0.290880964972796, -0.24507727535967133, -0.8188125206575734], "A": [0.8102051601415183, 0.3987789144150535, 0.3548355668274565, 0.4273480666118243, 0.7883457261777792, 0.3548355668274565, 0.6129037197679008, 0.455362442781421, 0.4828431792035282, 0.5878127388050702, 0.5878127388050702, 0.4963897110414758, 0.5751016870555165, -0.2677973518597546], "Y": [-1.1157942584147047, -1.075152273917359, -0.6012210855849466, -1.075152273917359, -1.2006831560012177, -1.2450772753596715, -1.0356239097307214, -0.9231491804723089, -0.9596750564974228, -1.2908809649727961, -0.9596750564974228, -1.4901897731962028, -1.2006831560012177, 0.6737859619149233]}