{"L": [0.3833286395515054, -2.7865963618908065, -1.7865963618908067, -0.7865963618908067, 0.21340363810919336, 0.7983661388303495, 0.9138433562502853, 0.7983661388303495, 0.7983661388303495, 0.6728352567464904, 0.6728352567464904, 0.020758560166797495, -0.2016338611696506, 3.3631507576138753], "G": [0.21340363810919336, -2.7865963618908065, -0.7865963618908067, 2.0713846332367654, 1.0207585601667974, 1.5353317329965557, 0.9138433562502853, 1.6728352567464906, 1.1202942337177118, 1.857259827883918, 1.0207585601667974, 1.5353317329965557, 0.6728352567464904, -2.7865963618908065], "K": [-0.2016338611696506, -2.7865963618908065, 0.020758560166797495, -0.7865963618908067, -2.7865963618908065, -1.7865963618908067, -1.2016338611696507, -1.2016338611696507, -0.4646682670034444, -0.4646682670034444, -2.7865963618908065, -0.2016338611696506, -2.7865963618908065, -1.7865963618908067], "M": [-0.4646682670034444, -2.7865963618908065, 0.5353317329965556, -2.7865963618908065, -0.4646682670034444, -2.7865963618908065, -2.7865963618908065, -2.7865963618908065, -2.7865963618908065, -2.7865963618908065, -0.4646682670034444, -1.7865963618908067, -2.7865963618908065, 1.4613311515527787], "F": [-1.2016338611696507, -2.7865963618908065, 0.3833286395515054, -2.7865963618908065, -1.2016338611696507, -2.7865963618908065, -1.2016338611696507, -1.7865963618908067, -0.7865963618908067, -1.2016338611696507, 0.020758560166797495, -0.7865963618908067, -2.7865963618908065, 0.3833286395515054], "R": [1.605721060887954, -2.7865963618908065, 3.1906835616091094, -1.2016338611696507, -1.7865963618908067, 0.020758560166797495, -0.2016338611696506, -0.7865963618908067, 0.020758560166797495, -0.2016338611696506, 0.5353317329965556, -0.2016338611696506, -2.7865963618908065, -1.2016338611696507], "W": [-2.7865963618908065, -2.7865963618908065, -2.7865963618908065, -2.7865963618908065, -2.7865963618908065, -2.7865963618908065, -2.7865963618908065, -2.7865963618908065, -2.7865963618908065, -2.7865963618908065, -2.7865963618908065, -2.7865963618908065, -2.7865963618908065, -2.7865963618908065], "H": [-0.7865963618908067, -2.7865963618908065, -2.7865963618908065, -2.7865963618908065, -1.2016338611696507, -2.7865963618908065, -2.7865963618908065, -1.2016338611696507, -2.7865963618908065, -2.7865963618908065, 0.020758560166797495, 0.21340363810919336, -2.7865963618908065, -2.7865963618908065], "S": [2.2134036381091935, -1.7865963618908067, -0.7865963618908067, 1.0207585601667974, 1.3008664793595326, 1.605721060887954, 0.7983661388303495, 1.1202942337177118, 1.3008664793595326, 1.3008664793595326, 0.9138433562502853, 1.7983661388303496, 2.3833286395515056, -1.7865963618908067], "C": [-2.7865963618908065, -2.7865963618908065, -2.7865963618908065, -2.7865963618908065, -2.7865963618908065, -2.7865963618908065, -2.7865963618908065, -2.7865963618908065, -2.7865963618908065, -2.7865963618908065, -2.7865963618908065, -2.7865963618908065, -2.7865963618908065, -2.7865963618908065], "V": [0.020758560166797495, -1.2016338611696507, 0.21340363810919336, -0.4646682670034444, 0.5353317329965556, -0.2016338611696506, 0.3833286395515054, -0.4646682670034444, -0.2016338611696506, -0.2016338611696506, -2.7865963618908065, 0.020758560166797495, 1.1202942337177118, -0.4646682670034444], "N": [-2.7865963618908065, -2.7865963618908065, -0.7865963618908067, -0.4646682670034444, -1.2016338611696507, -2.7865963618908065, -1.7865963618908067, 0.020758560166797495, -1.7865963618908067, -0.2016338611696506, -0.4646682670034444, -2.7865963618908065, -2.7865963618908065, -2.7865963618908065], "P": [-2.7865963618908065, 4.167599948496068, -1.7865963618908067, 2.2134036381091935, 2.1202942337177118, 0.6728352567464904, 1.857259827883918, 1.4613311515527787, 1.3008664793595326, 1.605721060887954, 1.5353317329965557, 0.3833286395515054, 0.9138433562502853, -2.7865963618908065], "Q": [0.020758560166797495, -2.7865963618908065, -2.7865963618908065, -0.2016338611696506, -0.7865963618908067, -1.2016338611696507, 0.5353317329965556, -0.7865963618908067, 0.020758560166797495, -0.2016338611696506, -0.4646682670034444, -0.2016338611696506, -0.4646682670034444, -1.7865963618908067], "T": [0.21340363810919336, -2.7865963618908065, -1.7865963618908067, 0.020758560166797495, 0.21340363810919336, 0.9138433562502853, 0.6728352567464904, 0.21340363810919336, 0.21340363810919336, -0.4646682670034444, 0.3833286395515054, 1.3008664793595326, 0.9138433562502853, -0.4646682670034444], "I": [-1.2016338611696507, -1.7865963618908067, -0.7865963618908067, -1.2016338611696507, 0.020758560166797495, -1.7865963618908067, -1.7865963618908067, -1.7865963618908067, -1.2016338611696507, -0.2016338611696506, -0.4646682670034444, -1.2016338611696507, -2.7865963618908065, -1.2016338611696507], "E": [-2.7865963618908065, -2.7865963618908065, -2.7865963618908065, -2.7865963618908065, -1.2016338611696507, 0.3833286395515054, 0.3833286395515054, -0.2016338611696506, -0.2016338611696506, -0.4646682670034444, -1.2016338611696507, -1.7865963618908067, -1.2016338611696507, -2.7865963618908065], "D": [-2.7865963618908065, -2.7865963618908065, -1.7865963618908067, 0.020758560166797495, -1.7865963618908067, -0.7865963618908067, -0.7865963618908067, -1.2016338611696507, -1.2016338611696507, -0.4646682670034444, -2.7865963618908065, -2.7865963618908065, -2.7865963618908065, -2.7865963618908065], "A": [1.3008664793595326, -1.7865963618908067, 0.6728352567464904, 1.1202942337177118, 1.3008664793595326, 1.2134036381091935, 0.6728352567464904, 1.3008664793595326, 1.1202942337177118, 0.3833286395515054, 1.5353317329965557, 1.1202942337177118, 2.0207585601667977, 0.7983661388303495], "Y": [-0.7865963618908067, -2.7865963618908065, -1.2016338611696507, -1.7865963618908067, -2.7865963618908065, 0.020758560166797495, -0.7865963618908067, -1.2016338611696507, 0.21340363810919336, -2.7865963618908065, -2.7865963618908065, -2.7865963618908065, -2.7865963618908065, -2.7865963618908065]}