{"L": [0.4854268271702419, 0.4854268271702419, 1.2630344058337937, 0.6780719051126376, 0.2630344058337938, 0.84799690655495, 1.2630344058337937, 1.1375035237499347, 1.1375035237499347, 0.0, 1.485426827170242, -1.3219280948873624, -0.7369655941662062, 2.4329594072761065], "G": [1.7655347463629771, 0.84799690655495, 0.6780719051126376, 1.7655347463629771, 0.84799690655495, 1.485426827170242, 1.3785116232537298, 1.2630344058337937, 1.6780719051126378, 1.925999418556223, 1.1375035237499347, 0.0, 1.1375035237499347, 0.4854268271702419], "K": [-0.7369655941662062, -1.3219280948873624, -0.3219280948873625, 0.2630344058337938, 0.0, -1.3219280948873624, -0.7369655941662062, -1.3219280948873624, -1.3219280948873624, 0.0, 0.4854268271702419, 0.2630344058337938, -0.3219280948873625, -0.3219280948873625], "M": [-2.3219280948873626, -2.3219280948873626, -2.3219280948873626, -2.3219280948873626, -2.3219280948873626, -0.3219280948873625, -2.3219280948873626, -2.3219280948873626, -1.3219280948873624, -2.3219280948873626, -2.3219280948873626, -1.3219280948873624, -1.3219280948873624, -0.7369655941662062], "F": [-2.3219280948873626, -2.3219280948873626, 1.2630344058337937, -0.7369655941662062, -0.7369655941662062, -2.3219280948873626, 0.0, -0.3219280948873625, 0.4854268271702419, -0.7369655941662062, -1.3219280948873624, 0.0, -1.3219280948873624, 1.1375035237499347], "R": [1.0, 3.070389327891398, -0.7369655941662062, -1.3219280948873624, -1.3219280948873624, -1.3219280948873624, -1.3219280948873624, -2.3219280948873626, -2.3219280948873626, -2.3219280948873626, -2.3219280948873626, 0.0, -0.3219280948873625, 0.2630344058337938], "W": [-2.3219280948873626, -2.3219280948873626, 0.0, -2.3219280948873626, -2.3219280948873626, -2.3219280948873626, -2.3219280948873626, -2.3219280948873626, -2.3219280948873626, -2.3219280948873626, -2.3219280948873626, -1.3219280948873624, -2.3219280948873626, -2.3219280948873626], "H": [-1.3219280948873624, -2.3219280948873626, -2.3219280948873626, -2.3219280948873626, -1.3219280948873624, -2.3219280948873626, -2.3219280948873626, -2.3219280948873626, -0.7369655941662062, -0.7369655941662062, -2.3219280948873626, -0.7369655941662062, -2.3219280948873626, -2.3219280948873626], "S": [1.485426827170242, -0.3219280948873625, 0.0, 0.84799690655495, 0.84799690655495, 1.1375035237499347, 0.84799690655495, 1.1375035237499347, 0.2630344058337938, 1.2630344058337937, 1.2630344058337937, 1.1375035237499347, 1.0, -0.3219280948873625], "C": [-2.3219280948873626, -2.3219280948873626, -2.3219280948873626, -2.3219280948873626, -2.3219280948873626, -2.3219280948873626, -2.3219280948873626, -2.3219280948873626, -2.3219280948873626, -2.3219280948873626, -2.3219280948873626, -2.3219280948873626, -2.3219280948873626, -2.3219280948873626], "V": [0.2630344058337938, -0.3219280948873625, 0.6780719051126376, 0.2630344058337938, 0.6780719051126376, 0.84799690655495, 0.4854268271702419, 0.6780719051126376, 0.4854268271702419, -0.3219280948873625, 0.6780719051126376, 0.2630344058337938, 0.4854268271702419, -0.7369655941662062], "N": [-1.3219280948873624, -1.3219280948873624, 0.2630344058337938, -1.3219280948873624, 0.2630344058337938, -0.7369655941662062, 0.6780719051126376, 0.6780719051126376, 1.0, 0.4854268271702419, 1.0, 0.2630344058337938, 0.2630344058337938, -0.7369655941662062], "P": [-0.7369655941662062, 0.2630344058337938, -0.3219280948873625, 1.1375035237499347, 0.6780719051126376, 0.4854268271702419, 0.4854268271702419, 0.4854268271702419, 0.0, -0.3219280948873625, 0.4854268271702419, 0.4854268271702419, 1.1375035237499347, 0.2630344058337938], "Q": [-2.3219280948873626, 0.2630344058337938, 0.0, 0.0, -0.7369655941662062, -0.7369655941662062, -1.3219280948873624, -0.3219280948873625, 0.0, 0.2630344058337938, 0.2630344058337938, 0.2630344058337938, 0.2630344058337938, -0.7369655941662062], "T": [0.0, -0.3219280948873625, -0.7369655941662062, 0.0, 0.2630344058337938, -0.7369655941662062, 0.0, -0.7369655941662062, 0.6780719051126376, 0.0, -0.7369655941662062, 1.0, 0.4854268271702419, -0.7369655941662062], "I": [-1.3219280948873624, -2.3219280948873626, 0.0, 0.2630344058337938, 1.0, 0.4854268271702419, -0.3219280948873625, -0.3219280948873625, -0.3219280948873625, -0.7369655941662062, 0.0, -0.3219280948873625, 0.4854268271702419, -1.3219280948873624], "E": [0.0, 0.0, -0.7369655941662062, -0.7369655941662062, 0.4854268271702419, 1.0, -0.7369655941662062, 0.4854268271702419, 0.2630344058337938, 0.0, -0.7369655941662062, -0.3219280948873625, -0.3219280948873625, -0.3219280948873625], "D": [-0.3219280948873625, 0.2630344058337938, 0.2630344058337938, 0.6780719051126376, -1.3219280948873624, 0.2630344058337938, 0.84799690655495, 0.2630344058337938, -2.3219280948873626, 1.1375035237499347, 0.0, 0.2630344058337938, 0.6780719051126376, 0.4854268271702419], "A": [1.485426827170242, -2.3219280948873626, 0.0, 0.0, 1.1375035237499347, 0.84799690655495, 0.4854268271702419, 0.84799690655495, -0.7369655941662062, 0.4854268271702419, -0.3219280948873625, 0.4854268271702419, 0.0, -0.3219280948873625], "Y": [-0.7369655941662062, -2.3219280948873626, -0.3219280948873625, -1.3219280948873624, -2.3219280948873626, -2.3219280948873626, -1.3219280948873624, -0.7369655941662062, -0.7369655941662062, -2.3219280948873626, -1.3219280948873624, -0.7369655941662062, -0.7369655941662062, -1.3219280948873624]}