{"L": [0.15200309344504975, 0.9593580155026541, -1.8479969065549502, -0.26303440583379395, -0.26303440583379395, 0.15200309344504975, 0.4739311883324123, 2.1520030934450496, 0.15200309344504975, -1.8479969065549502, 0.15200309344504975, 1.1520030934450498, -0.8479969065549503, 0.15200309344504975], "G": [1.1520030934450498, 1.6114347120823473, 1.736965594166206, 1.6114347120823473, 1.3219280948873624, 1.1520030934450498, 0.9593580155026541, 1.3219280948873624, 1.1520030934450498, 0.9593580155026541, 2.0588936890535687, 1.4739311883324122, 1.3219280948873624, 0.7369655941662061], "K": [-0.26303440583379395, 0.15200309344504975, 0.4739311883324123, -0.8479969065549503, -1.8479969065549502, -0.26303440583379395, -0.26303440583379395, -1.8479969065549502, 0.15200309344504975, -1.8479969065549502, -0.8479969065549503, -0.26303440583379395, -0.26303440583379395, 1.3219280948873624], "M": [-1.8479969065549502, -1.8479969065549502, -0.26303440583379395, -1.8479969065549502, -1.8479969065549502, -0.8479969065549503, -1.8479969065549502, -1.8479969065549502, -1.8479969065549502, -1.8479969065549502, -1.8479969065549502, -0.8479969065549503, 0.4739311883324123, -1.8479969065549502], "F": [-1.8479969065549502, -0.26303440583379395, -0.8479969065549503, -1.8479969065549502, -0.8479969065549503, -0.8479969065549503, -1.8479969065549502, -1.8479969065549502, -1.8479969065549502, -0.26303440583379395, 0.15200309344504975, -0.8479969065549503, 0.4739311883324123, 0.4739311883324123], "R": [0.15200309344504975, -0.8479969065549503, -0.8479969065549503, -1.8479969065549502, -0.8479969065549503, -0.8479969065549503, -1.8479969065549502, -1.8479969065549502, -1.8479969065549502, -1.8479969065549502, -1.8479969065549502, -0.26303440583379395, -1.8479969065549502, -0.26303440583379395], "W": [-1.8479969065549502, -1.8479969065549502, -0.8479969065549503, -1.8479969065549502, -1.8479969065549502, -1.8479969065549502, -1.8479969065549502, -1.8479969065549502, -1.8479969065549502, -1.8479969065549502, -1.8479969065549502, -1.8479969065549502, -1.8479969065549502, -1.8479969065549502], "H": [-0.8479969065549503, -1.8479969065549502, -1.8479969065549502, -1.8479969065549502, -1.8479969065549502, -1.8479969065549502, -1.8479969065549502, -1.8479969065549502, -0.26303440583379395, -0.26303440583379395, -1.8479969065549502, -1.8479969065549502, -1.8479969065549502, -0.26303440583379395], "S": [0.4739311883324123, 0.4739311883324123, -0.26303440583379395, -0.8479969065549503, 0.7369655941662061, 1.6114347120823473, 0.4739311883324123, -0.8479969065549503, 1.1520030934450498, 0.7369655941662061, 0.15200309344504975, -0.26303440583379395, -0.26303440583379395, 0.7369655941662061], "C": [-1.8479969065549502, -1.8479969065549502, -1.8479969065549502, -1.8479969065549502, -1.8479969065549502, -1.8479969065549502, -1.8479969065549502, -1.8479969065549502, -0.8479969065549503, -1.8479969065549502, -1.8479969065549502, -1.8479969065549502, -1.8479969065549502, -1.8479969065549502], "V": [0.7369655941662061, -0.8479969065549503, 1.3219280948873624, 0.9593580155026541, 1.3219280948873624, -1.8479969065549502, -0.26303440583379395, 0.4739311883324123, -0.26303440583379395, 0.15200309344504975, 0.15200309344504975, 0.4739311883324123, 0.15200309344504975, -1.8479969065549502], "N": [0.7369655941662061, 0.15200309344504975, 0.15200309344504975, 0.4739311883324123, -0.8479969065549503, 0.7369655941662061, 0.7369655941662061, 0.4739311883324123, 0.7369655941662061, 1.4739311883324122, 0.7369655941662061, 1.1520030934450498, 0.4739311883324123, -0.8479969065549503], "P": [0.4739311883324123, 1.3219280948873624, 0.15200309344504975, -0.26303440583379395, 0.7369655941662061, -0.8479969065549503, 1.1520030934450498, 0.4739311883324123, 0.7369655941662061, 1.736965594166206, 0.15200309344504975, 0.15200309344504975, 0.7369655941662061, 1.3219280948873624], "Q": [-0.8479969065549503, -0.8479969065549503, 0.4739311883324123, -1.8479969065549502, -0.8479969065549503, 0.15200309344504975, -1.8479969065549502, 0.4739311883324123, 0.4739311883324123, 0.15200309344504975, -0.8479969065549503, -1.8479969065549502, -0.26303440583379395, -1.8479969065549502], "T": [0.4739311883324123, 0.15200309344504975, -0.26303440583379395, 0.7369655941662061, 0.9593580155026541, -1.8479969065549502, 0.4739311883324123, -1.8479969065549502, 0.4739311883324123, 0.15200309344504975, 0.7369655941662061, 0.7369655941662061, 0.15200309344504975, -0.26303440583379395], "I": [-1.8479969065549502, -1.8479969065549502, -0.26303440583379395, 1.3219280948873624, 1.3219280948873624, 0.4739311883324123, 0.7369655941662061, 0.15200309344504975, -1.8479969065549502, -0.8479969065549503, 0.15200309344504975, -1.8479969065549502, -0.8479969065549503, -1.8479969065549502], "E": [0.7369655941662061, 0.9593580155026541, -0.8479969065549503, 1.6114347120823473, -0.26303440583379395, -0.8479969065549503, -0.26303440583379395, -0.26303440583379395, 0.15200309344504975, -0.26303440583379395, 0.4739311883324123, -0.26303440583379395, -0.8479969065549503, 0.15200309344504975], "D": [0.4739311883324123, -1.8479969065549502, 0.15200309344504975, -0.8479969065549503, -1.8479969065549502, -0.26303440583379395, -0.26303440583379395, 0.7369655941662061, -0.8479969065549503, -0.26303440583379395, 0.15200309344504975, -1.8479969065549502, 0.15200309344504975, 0.15200309344504975], "A": [1.1520030934450498, 0.9593580155026541, 0.9593580155026541, 0.9593580155026541, 1.3219280948873624, 1.4739311883324122, 1.852442811586142, 0.15200309344504975, 1.3219280948873624, 0.4739311883324123, -0.26303440583379395, 0.9593580155026541, 0.9593580155026541, 1.4739311883324122], "Y": [-1.8479969065549502, -0.8479969065549503, -1.8479969065549502, -1.8479969065549502, -1.8479969065549502, 0.15200309344504975, -1.8479969065549502, -0.26303440583379395, -1.8479969065549502, -0.26303440583379395, 0.15200309344504975, 0.15200309344504975, 0.9593580155026541, -1.8479969065549502]}