{"L": [2.271302021817394, 0.7858751946471527, 0.4639470997597901, 0.4639470997597901, 0.4639470997597901, -0.5360529002402099, 1.7858751946471527, -1.53605290024021, 1.6338721012021027, 0.4639470997597901, -1.53605290024021, 1.2713020218173945, 0.4639470997597901, -0.5360529002402099], "G": [0.0489096004809462, 1.0489096004809462, 0.4639470997597901, 0.4639470997597901, 1.0489096004809462, 2.6338721012021025, 0.0489096004809462, -1.53605290024021, -1.53605290024021, 2.0489096004809464, 0.4639470997597901, -1.53605290024021, -1.53605290024021, -0.5360529002402099], "K": [-0.5360529002402099, -0.5360529002402099, 0.0489096004809462, -0.5360529002402099, 0.4639470997597901, -1.53605290024021, -1.53605290024021, -1.53605290024021, -1.53605290024021, -1.53605290024021, 0.7858751946471527, 0.7858751946471527, 0.7858751946471527, 2.6338721012021025], "M": [-1.53605290024021, -1.53605290024021, -1.53605290024021, -1.53605290024021, -1.53605290024021, -1.53605290024021, -1.53605290024021, -1.53605290024021, -1.53605290024021, -1.53605290024021, -1.53605290024021, -1.53605290024021, -1.53605290024021, -1.53605290024021], "F": [0.0489096004809462, -1.53605290024021, -0.5360529002402099, -0.5360529002402099, 0.0489096004809462, -1.53605290024021, -0.5360529002402099, -1.53605290024021, 0.4639470997597901, -1.53605290024021, 0.7858751946471527, -1.53605290024021, 0.0489096004809462, -1.53605290024021], "R": [-1.53605290024021, -1.53605290024021, -1.53605290024021, 0.0489096004809462, -0.5360529002402099, -1.53605290024021, -1.53605290024021, -0.5360529002402099, -1.53605290024021, -1.53605290024021, -1.53605290024021, -1.53605290024021, -1.53605290024021, 2.5514099410101294], "W": [-1.53605290024021, -1.53605290024021, -1.53605290024021, -1.53605290024021, -1.53605290024021, -1.53605290024021, -1.53605290024021, -1.53605290024021, -1.53605290024021, -1.53605290024021, -1.53605290024021, -1.53605290024021, -1.53605290024021, -1.53605290024021], "H": [-1.53605290024021, -1.53605290024021, -1.53605290024021, -1.53605290024021, -1.53605290024021, -1.53605290024021, -1.53605290024021, -1.53605290024021, -1.53605290024021, -1.53605290024021, -0.5360529002402099, -1.53605290024021, -1.53605290024021, -1.53605290024021], "S": [1.0489096004809462, 0.7858751946471527, 0.4639470997597901, 0.7858751946471527, -0.5360529002402099, -0.5360529002402099, 0.0489096004809462, 2.7118746132033755, -1.53605290024021, 1.46394709975979, -1.53605290024021, 0.4639470997597901, 0.7858751946471527, -1.53605290024021], "C": [-1.53605290024021, -1.53605290024021, -1.53605290024021, -1.53605290024021, -1.53605290024021, -1.53605290024021, -1.53605290024021, -1.53605290024021, -1.53605290024021, -1.53605290024021, -1.53605290024021, -1.53605290024021, -1.53605290024021, -1.53605290024021], "V": [0.7858751946471527, 1.7858751946471527, 1.2713020218173945, 2.4639470997597903, 2.0489096004809464, -0.5360529002402099, 1.0489096004809462, -1.53605290024021, 0.4639470997597901, 0.0489096004809462, -1.53605290024021, 0.7858751946471527, -1.53605290024021, -1.53605290024021], "N": [0.0489096004809462, -1.53605290024021, -1.53605290024021, -0.5360529002402099, -1.53605290024021, 0.7858751946471527, 0.0489096004809462, 0.0489096004809462, -1.53605290024021, -1.53605290024021, 0.7858751946471527, 0.0489096004809462, -0.5360529002402099, -1.53605290024021], "P": [-1.53605290024021, 1.46394709975979, -1.53605290024021, -1.53605290024021, -1.53605290024021, -1.53605290024021, 0.0489096004809462, 0.4639470997597901, 2.0489096004809464, 0.0489096004809462, -0.5360529002402099, -1.53605290024021, -0.5360529002402099, -1.53605290024021], "Q": [-1.53605290024021, -0.5360529002402099, -1.53605290024021, -1.53605290024021, 1.2713020218173945, 0.0489096004809462, 0.4639470997597901, -1.53605290024021, -1.53605290024021, -0.5360529002402099, -1.53605290024021, 2.1643868179008825, -1.53605290024021, -1.53605290024021], "T": [-1.53605290024021, -1.53605290024021, 0.7858751946471527, -1.53605290024021, -0.5360529002402099, -0.5360529002402099, -1.53605290024021, -1.53605290024021, 0.4639470997597901, -0.5360529002402099, -1.53605290024021, 0.4639470997597901, -0.5360529002402099, -1.53605290024021], "I": [0.7858751946471527, 0.4639470997597901, 0.7858751946471527, -1.53605290024021, -0.5360529002402099, -1.53605290024021, -1.53605290024021, 0.0489096004809462, -0.5360529002402099, 0.4639470997597901, -0.5360529002402099, -1.53605290024021, -0.5360529002402099, -1.53605290024021], "E": [0.4639470997597901, -1.53605290024021, 0.7858751946471527, 1.46394709975979, -0.5360529002402099, 0.4639470997597901, 1.6338721012021027, 1.2713020218173945, 0.4639470997597901, 1.6338721012021027, 2.6338721012021025, 1.9233787183970872, 2.9875090558168034, -1.53605290024021], "D": [0.0489096004809462, -0.5360529002402099, -1.53605290024021, 0.4639470997597901, 0.4639470997597901, 2.0489096004809464, 0.4639470997597901, 1.6338721012021027, 1.0489096004809462, 0.0489096004809462, -0.5360529002402099, 0.0489096004809462, 0.4639470997597901, -1.53605290024021], "A": [1.46394709975979, 1.6338721012021027, 2.271302021817394, 0.0489096004809462, 0.0489096004809462, -0.5360529002402099, 1.0489096004809462, 1.46394709975979, 1.46394709975979, 0.0489096004809462, 1.2713020218173945, -1.53605290024021, 0.0489096004809462, 0.0489096004809462], "Y": [-1.53605290024021, -1.53605290024021, -0.5360529002402099, -1.53605290024021, -1.53605290024021, -1.53605290024021, -1.53605290024021, -1.53605290024021, -1.53605290024021, -1.53605290024021, -1.53605290024021, -1.53605290024021, -1.53605290024021, 2.0489096004809464]}