{"R": [0.7142857142857143, 0.26785714285714285, 0.0, 0.0, 0.08928571428571429, 0.0, 0.0, 0.17857142857142858, 0.26785714285714285, 0.0, 0.44642857142857145, 0.26785714285714285, 3.2142857142857144], "Q": [0.35714285714285715, 0.35714285714285715, 0.17857142857142858, 0.0, 0.26785714285714285, 0.26785714285714285, 0.26785714285714285, 0.17857142857142858, 0.08928571428571429, 0.08928571428571429, 0.35714285714285715, 0.26785714285714285, 0.0], "G": [0.32142857142857145, 0.0, 0.21428571428571427, 0.6428571428571429, 0.10714285714285714, 0.6428571428571429, 0.42857142857142855, 0.5357142857142857, 0.5357142857142857, 0.6428571428571429, 0.0, 0.42857142857142855, 0.0], "Y": [0.125, 0.625, 0.625, 0.125, 0.375, 0.0, 0.375, 0.25, 0.125, 0.125, 0.375, 0.125, 0.125], "E": [0.08928571428571429, 0.35714285714285715, 0.17857142857142858, 0.8928571428571429, 0.625, 0.8928571428571429, 0.7142857142857143, 0.35714285714285715, 0.44642857142857145, 0.44642857142857145, 0.17857142857142858, 0.5357142857142857, 0.0], "P": [0.125, 0.25, 0.0, 0.75, 0.5, 0.375, 0.375, 0.25, 0.25, 0.375, 0.0, 0.375, 0.0], "T": [0.44642857142857145, 0.8035714285714286, 0.17857142857142858, 0.26785714285714285, 0.08928571428571429, 0.44642857142857145, 0.35714285714285715, 0.26785714285714285, 0.17857142857142858, 0.08928571428571429, 0.17857142857142858, 0.35714285714285715, 0.0], "F": [0.10714285714285714, 0.0, 0.5357142857142857, 0.10714285714285714, 0.32142857142857145, 0.21428571428571427, 0.32142857142857145, 0.10714285714285714, 0.10714285714285714, 0.32142857142857145, 0.21428571428571427, 0.42857142857142855, 0.10714285714285714], "I": [0.07142857142857142, 0.0, 0.5, 0.07142857142857142, 0.2857142857142857, 0.21428571428571427, 0.2857142857142857, 0.35714285714285715, 0.42857142857142855, 0.21428571428571427, 0.14285714285714285, 0.14285714285714285, 0.0], "C": [0.0, 0.0, 0.0, 0.0, 0.0, 0.16071428571428573, 0.0, 0.0, 0.0, 0.0, 0.0, 0.0, 0.0], "D": [0.32142857142857145, 0.10714285714285714, 0.42857142857142855, 1.5, 0.8571428571428571, 0.21428571428571427, 0.32142857142857145, 0.42857142857142855, 0.42857142857142855, 0.21428571428571427, 0.21428571428571427, 0.10714285714285714, 0.0], "M": [0.0, 0.08928571428571429, 0.17857142857142858, 0.0, 0.0, 0.0, 0.0, 0.0, 0.0, 0.0, 0.26785714285714285, 0.08928571428571429, 0.08928571428571429], "W": [0.19642857142857142, 0.19642857142857142, 0.0, 0.0, 0.0, 0.39285714285714285, 0.0, 0.0, 0.0, 0.0, 0.19642857142857142, 0.19642857142857142, 0.0], "N": [0.10714285714285714, 0.21428571428571427, 0.21428571428571427, 0.32142857142857145, 0.10714285714285714, 0.42857142857142855, 0.10714285714285714, 0.21428571428571427, 0.32142857142857145, 0.32142857142857145, 0.0, 0.10714285714285714, 0.0], "K": [0.5357142857142857, 0.26785714285714285, 0.26785714285714285, 0.0, 0.26785714285714285, 0.17857142857142858, 0.17857142857142858, 0.08928571428571429, 0.08928571428571429, 0.35714285714285715, 0.17857142857142858, 0.26785714285714285, 1.1607142857142858], "S": [0.2857142857142857, 0.5, 0.14285714285714285, 0.2857142857142857, 0.35714285714285715, 0.2857142857142857, 0.0, 0.2857142857142857, 0.42857142857142855, 0.14285714285714285, 0.21428571428571427, 0.14285714285714285, 0.0], "V": [0.21428571428571427, 0.42857142857142855, 0.07142857142857142, 0.07142857142857142, 0.21428571428571427, 0.35714285714285715, 0.21428571428571427, 0.7857142857142857, 0.2857142857142857, 0.35714285714285715, 0.35714285714285715, 0.6428571428571429, 0.14285714285714285], "L": [0.14285714285714285, 0.42857142857142855, 1.1428571428571428, 0.21428571428571427, 0.2857142857142857, 0.07142857142857142, 0.7142857142857143, 0.35714285714285715, 0.21428571428571427, 1.0, 1.0, 0.21428571428571427, 0.14285714285714285], "A": [0.35714285714285715, 0.07142857142857142, 0.07142857142857142, 0.21428571428571427, 0.35714285714285715, 0.21428571428571427, 0.2857142857142857, 0.14285714285714285, 0.42857142857142855, 0.21428571428571427, 0.2857142857142857, 0.2857142857142857, 0.0], "H": [0.8571428571428571, 0.14285714285714285, 0.0, 0.0, 0.0, 0.0, 0.14285714285714285, 0.14285714285714285, 0.42857142857142855, 0.0, 0.2857142857142857, 0.14285714285714285, 0.0]}