{"R": [0.33112582781456956, 0.2980132450331126, 0.3973509933774834, 0.1986754966887417, 0.1986754966887417, 0.16556291390728478, 0.1986754966887417, 0.06622516556291391, 0.16556291390728478, 0.23178807947019867, 0.4966887417218543, 0.09933774834437085, 0.23178807947019867], "Q": [0.0, 0.1986754966887417, 0.16556291390728478, 0.1986754966887417, 0.36423841059602646, 0.13245033112582782, 0.1986754966887417, 0.16556291390728478, 0.23178807947019867, 0.33112582781456956, 0.33112582781456956, 0.3973509933774834, 0.26490066225165565], "G": [0.8344370860927153, 1.3112582781456954, 1.2317880794701987, 1.5496688741721854, 1.509933774834437, 1.390728476821192, 1.0728476821192052, 1.5894039735099337, 1.1125827814569536, 1.6291390728476822, 1.033112582781457, 0.9139072847682119, 0.7947019867549668], "Y": [0.2781456953642384, 0.046357615894039736, 0.09271523178807947, 0.23178807947019867, 0.09271523178807947, 0.046357615894039736, 0.18543046357615894, 0.23178807947019867, 0.18543046357615894, 0.32450331125827814, 0.1390728476821192, 0.0, 0.3708609271523179], "E": [0.0, 0.2980132450331126, 0.2980132450331126, 0.26490066225165565, 0.46357615894039733, 0.26490066225165565, 0.33112582781456956, 0.1986754966887417, 0.13245033112582782, 0.1986754966887417, 0.33112582781456956, 0.4304635761589404, 0.3973509933774834], "P": [0.1390728476821192, 0.7417218543046358, 0.32450331125827814, 0.46357615894039733, 0.23178807947019867, 0.3708609271523179, 0.2781456953642384, 0.46357615894039733, 0.23178807947019867, 0.32450331125827814, 0.18543046357615894, 0.23178807947019867, 0.1390728476821192], "T": [0.2980132450331126, 0.23178807947019867, 0.1986754966887417, 0.26490066225165565, 0.23178807947019867, 0.16556291390728478, 0.26490066225165565, 0.16556291390728478, 0.23178807947019867, 0.16556291390728478, 0.2980132450331126, 0.1986754966887417, 0.06622516556291391], "F": [0.1986754966887417, 0.07947019867549669, 0.07947019867549669, 0.11920529801324503, 0.07947019867549669, 0.11920529801324503, 0.039735099337748346, 0.15894039735099338, 0.31788079470198677, 0.1986754966887417, 0.15894039735099338, 0.11920529801324503, 0.31788079470198677], "I": [0.15894039735099338, 0.18543046357615894, 0.18543046357615894, 0.07947019867549669, 0.052980132450331126, 0.07947019867549669, 0.07947019867549669, 0.10596026490066225, 0.10596026490066225, 0.10596026490066225, 0.026490066225165563, 0.18543046357615894, 0.13245033112582782], "C": [0.0, 0.0, 0.0, 0.0, 0.0, 0.059602649006622516, 0.0, 0.0, 0.0, 0.059602649006622516, 0.0, 0.0, 0.0], "D": [0.3576158940397351, 0.23841059602649006, 0.23841059602649006, 0.3973509933774834, 0.31788079470198677, 0.1986754966887417, 0.31788079470198677, 0.31788079470198677, 0.2781456953642384, 0.11920529801324503, 0.1986754966887417, 0.11920529801324503, 0.15894039735099338], "M": [0.06622516556291391, 0.13245033112582782, 0.0, 0.0, 0.0, 0.06622516556291391, 0.0, 0.0, 0.0, 0.06622516556291391, 0.0, 0.033112582781456956, 0.033112582781456956], "W": [0.0, 0.0, 0.0, 0.0, 0.0, 0.0, 0.0728476821192053, 0.0, 0.0, 0.0, 0.0, 0.0, 0.0], "N": [0.039735099337748346, 0.15894039735099338, 0.11920529801324503, 0.15894039735099338, 0.23841059602649006, 0.23841059602649006, 0.11920529801324503, 0.039735099337748346, 0.1986754966887417, 0.07947019867549669, 0.2781456953642384, 0.11920529801324503, 0.31788079470198677], "K": [0.33112582781456956, 0.09933774834437085, 0.23178807947019867, 0.1986754966887417, 0.1986754966887417, 0.33112582781456956, 0.2980132450331126, 0.4304635761589404, 0.2980132450331126, 0.33112582781456956, 0.23178807947019867, 0.46357615894039733, 0.36423841059602646], "S": [0.8211920529801324, 0.4503311258278146, 0.7152317880794702, 0.5033112582781457, 0.6357615894039735, 0.7682119205298014, 0.7682119205298014, 0.7152317880794702, 0.6622516556291391, 0.609271523178808, 0.6622516556291391, 0.7152317880794702, 0.609271523178808], "V": [0.31788079470198677, 0.2119205298013245, 0.13245033112582782, 0.07947019867549669, 0.18543046357615894, 0.13245033112582782, 0.2119205298013245, 0.13245033112582782, 0.10596026490066225, 0.10596026490066225, 0.2119205298013245, 0.18543046357615894, 0.13245033112582782], "L": [0.10596026490066225, 0.2119205298013245, 0.15894039735099338, 0.23841059602649006, 0.026490066225165563, 0.15894039735099338, 0.15894039735099338, 0.10596026490066225, 0.26490066225165565, 0.07947019867549669, 0.052980132450331126, 0.10596026490066225, 0.4768211920529801], "A": [0.3973509933774834, 0.07947019867549669, 0.18543046357615894, 0.13245033112582782, 0.18543046357615894, 0.2119205298013245, 0.2913907284768212, 0.13245033112582782, 0.3443708609271523, 0.2119205298013245, 0.18543046357615894, 0.26490066225165565, 0.13245033112582782], "H": [0.3708609271523179, 0.423841059602649, 0.4768211920529801, 0.3708609271523179, 0.26490066225165565, 0.3708609271523179, 0.26490066225165565, 0.3708609271523179, 0.31788079470198677, 0.15894039735099338, 0.423841059602649, 0.5298013245033113, 0.15894039735099338]}