{"R": [0.46782178217821785, 1.396039603960396, 0.16831683168316833, 0.19801980198019803, 0.2079207920792079, 0.18811881188118812, 0.16831683168316833, 0.19554455445544555, 0.23267326732673269, 0.2079207920792079, 0.2599009900990099, 0.29455445544554454, 0.4282178217821782], "Q": [0.08415841584158416, 0.18564356435643564, 0.14603960396039603, 0.2599009900990099, 0.2747524752475248, 0.20544554455445543, 0.2599009900990099, 0.24257425742574257, 0.2698019801980198, 0.22524752475247525, 0.2722772277227723, 0.2995049504950495, 0.22277227722772278], "G": [0.5643564356435643, 0.4900990099009901, 0.49603960396039604, 0.7217821782178218, 0.6059405940594059, 0.602970297029703, 0.5762376237623762, 0.7396039603960396, 0.6712871287128713, 0.8227722772277227, 0.5108910891089109, 0.4633663366336634, 0.2613861386138614], "Y": [0.13861386138613863, 0.1004950495049505, 0.2495049504950495, 0.16633663366336635, 0.1594059405940594, 0.16287128712871288, 0.14554455445544554, 0.15594059405940594, 0.11782178217821782, 0.17326732673267325, 0.14554455445544554, 0.149009900990099, 0.6341584158415842], "E": [0.13613861386138615, 0.2623762376237624, 0.25, 0.40594059405940597, 0.41336633663366334, 0.46534653465346537, 0.43564356435643564, 0.35148514851485146, 0.3935643564356436, 0.31435643564356436, 0.36386138613861385, 0.3465346534653465, 0.5074257425742574], "P": [0.13861386138613863, 0.2876237623762376, 0.5787128712871287, 0.5094059405940594, 0.5717821782178217, 0.4643564356435644, 0.5405940594059406, 0.505940594059406, 0.5094059405940594, 0.5128712871287129, 0.38811881188118813, 0.4643564356435644, 0.16287128712871288], "T": [0.6089108910891089, 0.21287128712871287, 0.2400990099009901, 0.2747524752475248, 0.2995049504950495, 0.30445544554455445, 0.28217821782178215, 0.2722772277227723, 0.30445544554455445, 0.25742574257425743, 0.29455445544554454, 0.34405940594059403, 0.13613861386138615], "F": [0.1188118811881188, 0.1306930693069307, 0.4069306930693069, 0.17227722772277226, 0.16633663366336635, 0.13663366336633664, 0.14257425742574256, 0.18712871287128713, 0.19603960396039605, 0.1782178217821782, 0.18118811881188118, 0.12772277227722773, 0.597029702970297], "I": [0.1188118811881188, 0.1603960396039604, 0.25544554455445545, 0.1405940594059406, 0.17623762376237623, 0.1782178217821782, 0.18415841584158416, 0.1405940594059406, 0.1504950495049505, 0.19801980198019803, 0.25544554455445545, 0.14653465346534653, 0.1188118811881188], "C": [0.01782178217821782, 0.022277227722772276, 0.022277227722772276, 0.03564356435643564, 0.013366336633663366, 0.022277227722772276, 0.031188118811881188, 0.04455445544554455, 0.026732673267326732, 0.0400990099009901, 0.00891089108910891, 0.01782178217821782, 0.00891089108910891], "D": [0.14554455445544554, 0.27623762376237626, 0.3178217821782178, 0.4306930693069307, 0.400990099009901, 0.3801980198019802, 0.4158415841584158, 0.3891089108910891, 0.3237623762376238, 0.29405940594059404, 0.23465346534653464, 0.18118811881188118, 0.1306930693069307], "M": [0.07425742574257425, 0.06188118811881188, 0.10891089108910891, 0.06435643564356436, 0.09900990099009901, 0.08168316831683169, 0.0594059405940594, 0.04950495049504951, 0.06188118811881188, 0.09405940594059406, 0.09158415841584158, 0.07425742574257425, 0.11386138613861387], "W": [0.01089108910891089, 0.03811881188118812, 0.17425742574257425, 0.08168316831683169, 0.04900990099009901, 0.07623762376237624, 0.07079207920792079, 0.04356435643564356, 0.054455445544554455, 0.04900990099009901, 0.07079207920792079, 0.04356435643564356, 0.04356435643564356], "N": [0.09504950495049505, 0.14257425742574256, 0.19603960396039605, 0.18415841584158416, 0.1900990099009901, 0.23465346534653464, 0.24059405940594059, 0.22277227722772278, 0.22871287128712872, 0.19900990099009902, 0.21089108910891088, 0.25544554455445545, 0.37425742574257426], "K": [0.3465346534653465, 0.12128712871287128, 0.2524752475247525, 0.25742574257425743, 0.25742574257425743, 0.29455445544554454, 0.25742574257425743, 0.3292079207920792, 0.349009900990099, 0.2722772277227723, 0.3217821782178218, 0.3787128712871287, 0.47029702970297027], "S": [0.6455445544554456, 0.2712871287128713, 0.299009900990099, 0.39603960396039606, 0.3188118811881188, 0.39603960396039606, 0.3782178217821782, 0.36237623762376237, 0.3564356435643564, 0.33663366336633666, 0.37425742574257426, 0.4514851485148515, 0.20396039603960395], "V": [0.16435643564356436, 0.30297029702970296, 0.2594059405940594, 0.18811881188118812, 0.29504950495049503, 0.21188118811881188, 0.23564356435643563, 0.2316831683168317, 0.2514851485148515, 0.2396039603960396, 0.297029702970297, 0.24158415841584158, 0.11485148514851486], "L": [0.20396039603960395, 0.24356435643564356, 0.403960396039604, 0.31683168316831684, 0.2811881188118812, 0.32673267326732675, 0.33861386138613864, 0.30297029702970296, 0.25346534653465347, 0.30297029702970296, 0.3683168316831683, 0.32475247524752476, 0.44752475247524753], "A": [0.41188118811881186, 0.22178217821782178, 0.2613861386138614, 0.2613861386138614, 0.22772277227722773, 0.26534653465346536, 0.2633663366336634, 0.27524752475247527, 0.2514851485148515, 0.30297029702970296, 0.2297029702970297, 0.29108910891089107, 0.14257425742574256], "H": [0.5900990099009901, 0.13861386138613863, 0.19405940594059407, 0.18217821782178217, 0.21782178217821782, 0.18217821782178217, 0.16237623762376238, 0.1900990099009901, 0.22178217821782178, 0.19801980198019803, 0.19801980198019803, 0.1900990099009901, 0.1702970297029703]}