{"R": [0.4166666666666667, 0.16666666666666666, 0.08333333333333333, 0.08333333333333333, 0.0, 0.25, 0.08333333333333333, 0.0, 0.5833333333333334, 0.08333333333333333, 0.5, 0.25, 0.0], "Q": [0.08333333333333333, 0.08333333333333333, 0.08333333333333333, 0.3333333333333333, 0.25, 0.08333333333333333, 0.25, 0.08333333333333333, 0.16666666666666666, 0.25, 0.25, 0.16666666666666666, 0.08333333333333333], "G": [0.5, 0.4, 0.3, 0.8, 1.3, 1.0, 0.7, 1.2, 0.8, 0.5, 0.6, 0.4, 0.4], "Y": [0.23333333333333334, 0.23333333333333334, 0.35, 0.35, 0.23333333333333334, 0.7, 0.4666666666666667, 0.23333333333333334, 0.23333333333333334, 0.5833333333333334, 0.11666666666666667, 0.35, 0.35], "E": [0.08333333333333333, 0.25, 0.5, 0.3333333333333333, 0.75, 0.6666666666666666, 0.5, 0.4166666666666667, 0.16666666666666666, 0.25, 0.16666666666666666, 0.5833333333333334, 0.16666666666666666], "P": [0.4666666666666667, 0.8166666666666667, 0.23333333333333334, 0.35, 0.35, 0.4666666666666667, 0.11666666666666667, 0.4666666666666667, 0.35, 0.8166666666666667, 0.23333333333333334, 0.23333333333333334, 0.0], "T": [0.5, 0.0, 0.25, 0.3333333333333333, 0.25, 0.16666666666666666, 0.3333333333333333, 0.0, 0.3333333333333333, 0.25, 0.16666666666666666, 0.3333333333333333, 0.25], "F": [0.6, 0.0, 0.1, 0.3, 0.4, 0.3, 0.1, 0.2, 0.2, 0.3, 0.0, 0.3, 0.6], "I": [0.2, 0.4, 0.0, 0.2, 0.13333333333333333, 0.06666666666666667, 0.26666666666666666, 0.06666666666666667, 0.13333333333333333, 0.13333333333333333, 0.06666666666666667, 0.06666666666666667, 0.06666666666666667], "C": [0.0, 0.0, 0.0, 0.0, 0.0, 0.0, 0.0, 0.0, 0.0, 0.0, 0.0, 0.0, 0.0], "D": [0.4, 0.1, 2.3, 0.6, 0.5, 0.3, 0.3, 0.8, 0.3, 0.3, 0.3, 0.3, 0.3], "M": [0.0, 0.0, 0.0, 0.0, 0.0, 0.0, 0.0, 0.0, 0.0, 0.0, 0.0, 0.0, 0.0], "W": [0.0, 0.0, 0.0, 0.0, 0.0, 0.18333333333333332, 0.18333333333333332, 0.0, 0.0, 0.0, 0.0, 0.0, 0.0], "N": [0.3, 0.1, 0.2, 0.2, 0.1, 0.0, 0.1, 0.3, 0.4, 0.1, 0.3, 0.2, 0.0], "K": [0.4166666666666667, 0.08333333333333333, 0.08333333333333333, 0.16666666666666666, 0.08333333333333333, 0.3333333333333333, 0.16666666666666666, 0.4166666666666667, 0.5, 0.3333333333333333, 0.16666666666666666, 0.5, 0.4166666666666667], "S": [0.4, 0.5333333333333333, 0.4666666666666667, 0.3333333333333333, 0.4, 0.3333333333333333, 0.4666666666666667, 0.4666666666666667, 0.5333333333333333, 0.4, 0.6666666666666666, 0.3333333333333333, 0.13333333333333333], "V": [0.06666666666666667, 0.6666666666666666, 0.06666666666666667, 0.13333333333333333, 0.3333333333333333, 0.3333333333333333, 0.3333333333333333, 0.13333333333333333, 0.26666666666666666, 0.2, 0.4666666666666667, 0.2, 0.2], "L": [0.2, 0.06666666666666667, 0.2, 0.5333333333333333, 0.0, 0.2, 0.26666666666666666, 0.13333333333333333, 0.0, 0.2, 0.26666666666666666, 0.4666666666666667, 1.6], "A": [0.3333333333333333, 0.6666666666666666, 0.2, 0.06666666666666667, 0.06666666666666667, 0.06666666666666667, 0.3333333333333333, 0.3333333333333333, 0.06666666666666667, 0.4666666666666667, 0.3333333333333333, 0.2, 0.13333333333333333], "H": [0.0, 0.4, 0.0, 0.13333333333333333, 0.26666666666666666, 0.0, 0.13333333333333333, 0.13333333333333333, 0.26666666666666666, 0.13333333333333333, 0.4, 0.26666666666666666, 0.13333333333333333]}