{"R": [0.9345794392523364, 4.626168224299065, 0.0, 0.14018691588785046, 0.09345794392523364, 0.2803738317757009, 0.04672897196261682, 0.09345794392523364, 0.09345794392523364, 0.0, 0.18691588785046728, 0.14018691588785046, 0.09345794392523364], "Q": [0.14018691588785046, 0.0, 0.09345794392523364, 0.4205607476635514, 0.04672897196261682, 0.04672897196261682, 0.18691588785046728, 0.04672897196261682, 0.32710280373831774, 0.32710280373831774, 0.14018691588785046, 0.37383177570093457, 0.0], "G": [1.2897196261682242, 0.056074766355140186, 0.056074766355140186, 1.0093457943925233, 0.6728971962616822, 0.2803738317757009, 0.8411214953271028, 0.897196261682243, 0.9532710280373832, 0.897196261682243, 0.3364485981308411, 0.5046728971962616, 0.0], "Y": [0.06542056074766354, 0.06542056074766354, 0.7850467289719626, 0.1308411214953271, 0.06542056074766354, 0.2616822429906542, 0.1308411214953271, 0.0, 0.0, 0.06542056074766354, 0.32710280373831774, 0.32710280373831774, 3.205607476635514], "E": [0.09345794392523364, 0.0, 0.09345794392523364, 0.4205607476635514, 0.4205607476635514, 0.6074766355140186, 0.4205607476635514, 0.2336448598130841, 0.7009345794392523, 0.4672897196261682, 0.14018691588785046, 0.4205607476635514, 0.0], "P": [0.06542056074766354, 0.1308411214953271, 0.0, 0.45794392523364486, 0.719626168224299, 0.45794392523364486, 0.7850467289719626, 0.8504672897196262, 0.32710280373831774, 0.3925233644859813, 0.06542056074766354, 0.06542056074766354, 0.0], "T": [0.18691588785046728, 0.0, 0.04672897196261682, 0.18691588785046728, 0.09345794392523364, 0.2803738317757009, 0.09345794392523364, 0.37383177570093457, 0.09345794392523364, 0.18691588785046728, 0.4205607476635514, 0.514018691588785, 0.0], "F": [0.11214953271028037, 0.0, 1.2897196261682242, 0.5046728971962616, 0.3364485981308411, 0.11214953271028037, 0.11214953271028037, 0.22429906542056074, 0.056074766355140186, 0.16822429906542055, 0.3925233644859813, 0.2803738317757009, 1.514018691588785], "I": [0.11214953271028037, 0.037383177570093455, 0.29906542056074764, 0.037383177570093455, 0.3364485981308411, 0.3364485981308411, 0.07476635514018691, 0.11214953271028037, 0.22429906542056074, 0.411214953271028, 0.18691588785046728, 0.07476635514018691, 0.0], "C": [0.0, 0.0, 0.0, 0.08411214953271028, 0.16822429906542055, 0.0, 0.0, 0.0, 0.0, 0.0, 0.0, 0.0, 0.0], "D": [0.0, 0.0, 0.056074766355140186, 0.3364485981308411, 0.5607476635514018, 0.5046728971962616, 0.5607476635514018, 0.5607476635514018, 0.7850467289719626, 0.16822429906542055, 0.22429906542056074, 0.11214953271028037, 0.0], "M": [0.14018691588785046, 0.04672897196261682, 0.09345794392523364, 0.04672897196261682, 0.04672897196261682, 0.04672897196261682, 0.09345794392523364, 0.04672897196261682, 0.0, 0.14018691588785046, 0.14018691588785046, 0.09345794392523364, 0.09345794392523364], "W": [0.0, 0.0, 1.02803738317757, 0.205607476635514, 0.205607476635514, 0.102803738317757, 0.0, 0.0, 0.0, 0.205607476635514, 0.0, 0.0, 1.644859813084112], "N": [0.0, 0.0, 0.2803738317757009, 0.056074766355140186, 0.22429906542056074, 0.22429906542056074, 0.4485981308411215, 0.22429906542056074, 0.16822429906542055, 0.3925233644859813, 0.4485981308411215, 0.11214953271028037, 0.0], "K": [0.514018691588785, 0.04672897196261682, 0.09345794392523364, 0.0, 0.14018691588785046, 0.2803738317757009, 0.04672897196261682, 0.32710280373831774, 0.18691588785046728, 0.14018691588785046, 0.18691588785046728, 0.2336448598130841, 0.09345794392523364], "S": [0.3364485981308411, 0.037383177570093455, 0.14953271028037382, 0.411214953271028, 0.37383177570093457, 0.3364485981308411, 0.411214953271028, 0.411214953271028, 0.2616822429906542, 0.22429906542056074, 0.37383177570093457, 0.7476635514018691, 0.0], "V": [0.18691588785046728, 0.0, 0.22429906542056074, 0.22429906542056074, 0.3364485981308411, 0.29906542056074764, 0.3364485981308411, 0.18691588785046728, 0.18691588785046728, 0.29906542056074764, 0.22429906542056074, 0.07476635514018691, 0.037383177570093455], "L": [0.037383177570093455, 0.0, 0.7850467289719626, 0.5233644859813084, 0.3364485981308411, 0.22429906542056074, 0.37383177570093457, 0.2616822429906542, 0.22429906542056074, 0.411214953271028, 0.8598130841121495, 0.5233644859813084, 0.22429906542056074], "A": [0.5233644859813084, 0.0, 0.18691588785046728, 0.11214953271028037, 0.14953271028037382, 0.29906542056074764, 0.18691588785046728, 0.29906542056074764, 0.4485981308411215, 0.22429906542056074, 0.22429906542056074, 0.18691588785046728, 0.07476635514018691], "H": [0.37383177570093457, 0.0, 0.14953271028037382, 0.0, 0.0, 0.14953271028037382, 0.14953271028037382, 0.14953271028037382, 0.07476635514018691, 0.0, 0.0, 0.14953271028037382, 0.0]}