{"R": [0.16806722689075632, 0.5042016806722689, 0.21008403361344538, 0.12605042016806722, 0.0, 0.0, 0.21008403361344538, 0.21008403361344538, 0.25210084033613445, 0.12605042016806722, 0.6302521008403361, 0.16806722689075632, 0.29411764705882354], "Q": [0.0, 0.37815126050420167, 0.21008403361344538, 0.08403361344537816, 0.21008403361344538, 0.37815126050420167, 0.42016806722689076, 0.16806722689075632, 0.16806722689075632, 0.46218487394957986, 0.16806722689075632, 0.25210084033613445, 0.21008403361344538], "G": [0.7058823529411765, 0.40336134453781514, 0.453781512605042, 0.20168067226890757, 0.6050420168067226, 0.40336134453781514, 0.35294117647058826, 0.6554621848739496, 0.7058823529411765, 0.957983193277311, 0.5546218487394958, 0.35294117647058826, 0.25210084033613445], "Y": [0.29411764705882354, 0.23529411764705882, 0.47058823529411764, 0.47058823529411764, 0.29411764705882354, 0.35294117647058826, 0.17647058823529413, 0.17647058823529413, 0.11764705882352941, 0.0, 0.29411764705882354, 0.29411764705882354, 0.4117647058823529], "E": [0.21008403361344538, 0.25210084033613445, 0.46218487394957986, 0.42016806722689076, 0.25210084033613445, 0.37815126050420167, 0.21008403361344538, 0.25210084033613445, 0.21008403361344538, 0.5882352941176471, 0.25210084033613445, 0.21008403361344538, 0.5462184873949579], "P": [0.11764705882352941, 0.47058823529411764, 0.29411764705882354, 0.35294117647058826, 0.23529411764705882, 0.11764705882352941, 0.47058823529411764, 0.5882352941176471, 0.6470588235294118, 0.29411764705882354, 0.4117647058823529, 0.11764705882352941, 0.17647058823529413], "T": [0.21008403361344538, 0.21008403361344538, 0.21008403361344538, 0.5462184873949579, 0.33613445378151263, 0.08403361344537816, 0.08403361344537816, 0.16806722689075632, 0.25210084033613445, 0.21008403361344538, 0.46218487394957986, 0.21008403361344538, 0.08403361344537816], "F": [0.20168067226890757, 0.15126050420168066, 0.453781512605042, 0.5042016806722689, 0.25210084033613445, 0.20168067226890757, 0.15126050420168066, 0.20168067226890757, 0.20168067226890757, 0.25210084033613445, 0.20168067226890757, 0.15126050420168066, 0.20168067226890757], "I": [0.20168067226890757, 0.13445378151260504, 0.2689075630252101, 0.2689075630252101, 0.3025210084033613, 0.23529411764705882, 0.16806722689075632, 0.03361344537815126, 0.13445378151260504, 0.10084033613445378, 0.16806722689075632, 0.16806722689075632, 0.20168067226890757], "C": [0.0, 0.0, 0.0, 0.0, 0.0, 0.0, 0.0, 0.0, 0.0, 0.0, 0.0, 0.0, 0.0], "D": [0.7058823529411765, 0.453781512605042, 0.15126050420168066, 0.5042016806722689, 0.6050420168067226, 0.40336134453781514, 0.35294117647058826, 0.40336134453781514, 0.40336134453781514, 0.453781512605042, 0.20168067226890757, 0.40336134453781514, 0.3025210084033613], "M": [0.0, 0.04201680672268908, 0.0, 0.04201680672268908, 0.08403361344537816, 0.12605042016806722, 0.12605042016806722, 0.16806722689075632, 0.0, 0.04201680672268908, 0.12605042016806722, 0.0, 0.0], "W": [0.0, 0.0, 0.09243697478991597, 0.09243697478991597, 0.09243697478991597, 0.18487394957983194, 0.09243697478991597, 0.09243697478991597, 0.0, 0.0, 0.0, 0.0, 0.18487394957983194], "N": [0.15126050420168066, 0.35294117647058826, 0.25210084033613445, 0.3025210084033613, 0.15126050420168066, 0.3025210084033613, 0.40336134453781514, 0.40336134453781514, 0.40336134453781514, 0.3025210084033613, 0.25210084033613445, 0.15126050420168066, 0.25210084033613445], "K": [0.42016806722689076, 0.29411764705882354, 0.5042016806722689, 0.37815126050420167, 0.25210084033613445, 0.42016806722689076, 0.46218487394957986, 0.37815126050420167, 0.29411764705882354, 0.08403361344537816, 0.37815126050420167, 0.42016806722689076, 0.7142857142857143], "S": [0.4369747899159664, 0.23529411764705882, 0.13445378151260504, 0.16806722689075632, 0.4369747899159664, 0.16806722689075632, 0.2689075630252101, 0.3697478991596639, 0.33613445378151263, 0.20168067226890757, 0.3025210084033613, 0.3697478991596639, 0.2689075630252101], "V": [0.3697478991596639, 0.47058823529411764, 0.23529411764705882, 0.06722689075630252, 0.3025210084033613, 0.3697478991596639, 0.20168067226890757, 0.16806722689075632, 0.3025210084033613, 0.2689075630252101, 0.2689075630252101, 0.5042016806722689, 0.13445378151260504], "L": [0.3025210084033613, 0.20168067226890757, 0.33613445378151263, 0.40336134453781514, 0.2689075630252101, 0.47058823529411764, 0.5378151260504201, 0.23529411764705882, 0.23529411764705882, 0.23529411764705882, 0.20168067226890757, 0.5378151260504201, 0.47058823529411764], "A": [0.3697478991596639, 0.2689075630252101, 0.3025210084033613, 0.23529411764705882, 0.3025210084033613, 0.33613445378151263, 0.33613445378151263, 0.3697478991596639, 0.4369747899159664, 0.4369747899159664, 0.10084033613445378, 0.3697478991596639, 0.16806722689075632], "H": [0.20168067226890757, 0.06722689075630252, 0.20168067226890757, 0.13445378151260504, 0.13445378151260504, 0.20168067226890757, 0.06722689075630252, 0.33613445378151263, 0.06722689075630252, 0.13445378151260504, 0.2689075630252101, 0.20168067226890757, 0.40336134453781514]}