{"R": [0.5795981452859351, 0.04636785162287481, 0.19319938176197837, 0.14683153013910355, 0.07727975270479134, 0.10819165378670788, 0.11591962905718702, 0.1545595054095827, 0.1391035548686244, 0.09273570324574962, 0.4250386398763524, 0.18547140649149924, 0.20865533230293662], "Q": [0.13137557959814528, 0.08500772797527048, 0.10819165378670788, 0.20865533230293662, 0.1391035548686244, 0.2241112828438949, 0.2009273570324575, 0.1777434312210201, 0.28593508500772796, 0.2782071097372488, 0.3323029366306028, 0.3941267387944359, 0.07727975270479134], "G": [0.30602782071097373, 0.2782071097372488, 0.35239567233384855, 0.6491499227202473, 0.43585780525502316, 0.5100463678516228, 0.6120556414219475, 0.8068006182380216, 0.5842349304482226, 0.3894899536321484, 0.34312210200927357, 0.2874806800618238, 0.08346213292117466], "Y": [0.14064914992272023, 0.0973724884080371, 0.3678516228748068, 0.0973724884080371, 0.11901081916537867, 0.2921174652241113, 0.14064914992272023, 0.0973724884080371, 0.10819165378670788, 0.20556414219474498, 0.22720247295208656, 0.31375579598145287, 0.3029366306027821], "E": [0.10819165378670788, 0.14683153013910355, 0.1391035548686244, 0.4327666151468315, 0.41731066460587324, 0.4095826893353941, 0.3554868624420402, 0.34775888717156106, 0.4250386398763524, 0.2782071097372488, 0.28593508500772796, 0.3400309119010819, 0.061823802163833076], "P": [0.23802163833075735, 0.23802163833075735, 0.15146831530139104, 1.1035548686244203, 0.45440494590417313, 0.3894899536321484, 0.4760432766615147, 0.5193199381761978, 0.42194744976816073, 0.3894899536321484, 0.2596599690880989, 0.12982998454404945, 0.0865533230293663], "T": [0.23956723338485317, 1.027820710973725, 0.2009273570324575, 0.3091190108191654, 0.26275115919629055, 0.2472952086553323, 0.3400309119010819, 0.26275115919629055, 0.3168469860896445, 0.2782071097372488, 0.18547140649149924, 0.4559505409582689, 0.03863987635239567], "F": [0.1947449768160742, 0.16692426584234932, 0.5842349304482226, 0.1205564142194745, 0.08346213292117466, 0.1205564142194745, 0.10200927357032458, 0.14837712519319937, 0.16692426584234932, 0.17619783616692428, 0.31530139103554866, 0.241112828438949, 0.7604327666151468], "I": [0.31530139103554866, 0.09891808346213292, 0.37712519319938176, 0.1731066460587326, 0.21638330757341576, 0.23493044822256567, 0.19783616692426584, 0.18547140649149924, 0.14837712519319937, 0.3091190108191654, 0.1731066460587326, 0.19783616692426584, 0.04945904173106646], "C": [0.013910355486862442, 0.027820710973724884, 0.11128284389489954, 0.05564142194744977, 0.125193199381762, 0.0695517774343122, 0.08346213292117466, 0.04173106646058733, 0.0973724884080371, 0.0695517774343122, 0.08346213292117466, 0.05564142194744977, 0.013910355486862442], "D": [0.1205564142194745, 0.16692426584234932, 0.2132921174652241, 0.41731066460587324, 0.45440494590417313, 0.3802163833075734, 0.6862442040185471, 0.41731066460587324, 0.3987635239567233, 0.1947449768160742, 0.23183925811437403, 0.1205564142194745, 0.1205564142194745], "M": [0.14683153013910355, 0.030911901081916538, 0.09273570324574962, 0.05409582689335394, 0.08500772797527048, 0.0695517774343122, 0.03863987635239567, 0.0695517774343122, 0.061823802163833076, 0.10819165378670788, 0.10046367851622875, 0.0695517774343122, 0.04636785162287481], "W": [0.03400309119010819, 0.05100463678516229, 0.357032457496136, 0.03400309119010819, 0.06800618238021638, 0.06800618238021638, 0.06800618238021638, 0.06800618238021638, 0.08500772797527048, 0.13601236476043277, 0.11901081916537867, 0.13601236476043277, 5.831530139103555], "N": [0.07418856259659969, 0.16692426584234932, 0.1391035548686244, 0.14837712519319937, 0.22256568778979907, 0.15765069551777433, 0.35239567233384855, 0.23183925811437403, 0.41731066460587324, 0.37094281298299847, 0.23183925811437403, 0.15765069551777433, 0.08346213292117466], "K": [0.6877897990726429, 0.04636785162287481, 0.3091190108191654, 0.19319938176197837, 0.13137557959814528, 0.23183925811437403, 0.19319938176197837, 0.2550231839258114, 0.30139103554868624, 0.1777434312210201, 0.20865533230293662, 0.23183925811437403, 0.2550231839258114], "S": [0.241112828438949, 0.9582689335394127, 0.2287480680061824, 0.3894899536321484, 0.5131375579598145, 0.5502318392581144, 0.31530139103554866, 0.321483771251932, 0.28438948995363217, 0.241112828438949, 0.31530139103554866, 0.29675425038639874, 0.07418856259659969], "V": [0.36476043276661513, 0.321483771251932, 0.3029366306027821, 0.20401854714064915, 0.3956723338485317, 0.2472952086553323, 0.21020092735703247, 0.23493044822256567, 0.2472952086553323, 0.33384853168469864, 0.35857805255023184, 0.31530139103554866, 0.03709428129829984], "L": [0.2782071097372488, 0.20401854714064915, 0.6553323029366306, 0.2534775888717156, 0.37712519319938176, 0.38330757341576505, 0.4080370942812983, 0.43894899536321486, 0.2596599690880989, 0.500772797527048, 0.4265842349304482, 0.6800618238021638, 0.1545595054095827], "A": [0.45131375579598143, 0.5564142194744977, 0.22256568778979907, 0.21638330757341576, 0.31530139103554866, 0.2472952086553323, 0.2287480680061824, 0.3029366306027821, 0.3091190108191654, 0.37712519319938176, 0.21020092735703247, 0.23493044822256567, 0.06800618238021638], "H": [0.27202472952086554, 0.02472952086553323, 0.0865533230293663, 0.14837712519319937, 0.1731066460587326, 0.160741885625966, 0.12364760432766615, 0.07418856259659969, 0.21020092735703247, 0.18547140649149924, 0.35857805255023184, 0.13601236476043277, 0.03709428129829984]}