{"R": [0.14285714285714285, 0.07142857142857142, 0.21428571428571427, 0.07142857142857142, 0.07142857142857142, 0.07142857142857142, 0.14285714285714285, 0.35714285714285715, 0.14285714285714285, 0.14285714285714285, 0.07142857142857142, 0.07142857142857142, 0.21428571428571427], "Q": [0.35714285714285715, 0.14285714285714285, 0.14285714285714285, 0.21428571428571427, 0.07142857142857142, 0.21428571428571427, 0.35714285714285715, 0.14285714285714285, 0.07142857142857142, 0.2857142857142857, 0.21428571428571427, 0.42857142857142855, 0.0], "G": [0.6857142857142857, 0.34285714285714286, 0.2571428571428571, 0.7714285714285715, 0.6857142857142857, 0.6857142857142857, 0.42857142857142855, 0.6857142857142857, 0.34285714285714286, 0.42857142857142855, 0.42857142857142855, 0.17142857142857143, 0.2571428571428571], "Y": [0.1, 0.1, 0.2, 0.1, 0.0, 0.0, 0.2, 0.1, 0.0, 0.1, 0.0, 0.3, 0.1], "E": [0.07142857142857142, 0.14285714285714285, 0.07142857142857142, 0.42857142857142855, 0.35714285714285715, 0.21428571428571427, 0.21428571428571427, 0.14285714285714285, 0.7142857142857143, 0.07142857142857142, 0.14285714285714285, 0.21428571428571427, 0.14285714285714285], "P": [0.0, 0.3, 0.3, 1.1, 1.3, 0.2, 0.6, 0.4, 0.7, 0.6, 0.3, 0.4, 0.2], "T": [0.2857142857142857, 0.7857142857142857, 0.35714285714285715, 0.0, 0.21428571428571427, 0.35714285714285715, 0.2857142857142857, 0.2857142857142857, 0.5714285714285714, 0.14285714285714285, 0.5, 0.35714285714285715, 0.07142857142857142], "F": [0.0, 0.0, 0.9428571428571428, 0.42857142857142855, 0.08571428571428572, 0.0, 0.0, 0.34285714285714286, 0.42857142857142855, 0.34285714285714286, 0.2571428571428571, 0.42857142857142855, 0.0], "I": [0.05714285714285714, 0.2857142857142857, 0.4, 0.17142857142857143, 0.22857142857142856, 0.17142857142857143, 0.11428571428571428, 0.17142857142857143, 0.05714285714285714, 0.2857142857142857, 0.34285714285714286, 0.0, 0.0], "C": [0.0, 0.0, 0.0, 0.12857142857142856, 0.0, 0.0, 0.12857142857142856, 0.12857142857142856, 0.0, 0.0, 0.12857142857142856, 0.12857142857142856, 0.0], "D": [0.0, 0.0, 0.08571428571428572, 0.7714285714285715, 0.2571428571428571, 0.7714285714285715, 0.5142857142857142, 0.08571428571428572, 0.2571428571428571, 0.17142857142857143, 0.17142857142857143, 0.2571428571428571, 0.17142857142857143], "M": [0.07142857142857142, 0.07142857142857142, 0.21428571428571427, 0.0, 0.0, 0.0, 0.0, 0.14285714285714285, 0.0, 0.21428571428571427, 0.2857142857142857, 0.07142857142857142, 0.0], "W": [0.0, 0.15714285714285714, 0.0, 0.0, 0.0, 0.0, 0.0, 0.3142857142857143, 0.0, 0.15714285714285714, 0.0, 0.0, 0.0], "N": [0.08571428571428572, 0.17142857142857143, 0.2571428571428571, 0.08571428571428572, 0.08571428571428572, 0.2571428571428571, 0.34285714285714286, 0.2571428571428571, 0.08571428571428572, 0.17142857142857143, 0.17142857142857143, 0.2571428571428571, 0.0], "K": [0.5, 0.0, 0.42857142857142855, 0.21428571428571427, 0.21428571428571427, 0.35714285714285715, 0.21428571428571427, 0.2857142857142857, 0.6428571428571429, 0.2857142857142857, 0.2857142857142857, 0.5714285714285714, 3.4285714285714284], "S": [0.8571428571428571, 0.45714285714285713, 0.17142857142857143, 0.2857142857142857, 0.4, 0.5142857142857142, 0.4, 0.5142857142857142, 0.4, 0.2857142857142857, 0.05714285714285714, 0.11428571428571428, 0.11428571428571428], "V": [0.17142857142857143, 1.2, 0.05714285714285714, 0.17142857142857143, 0.5714285714285714, 0.22857142857142856, 0.2857142857142857, 0.17142857142857143, 0.11428571428571428, 0.34285714285714286, 0.2857142857142857, 0.17142857142857143, 0.17142857142857143], "L": [0.11428571428571428, 0.17142857142857143, 0.6857142857142857, 0.22857142857142856, 0.17142857142857143, 0.17142857142857143, 0.4, 0.22857142857142856, 0.17142857142857143, 0.4, 0.8571428571428571, 0.6285714285714286, 0.17142857142857143], "A": [0.9142857142857143, 0.2857142857142857, 0.22857142857142856, 0.2857142857142857, 0.4, 0.6285714285714286, 0.34285714285714286, 0.34285714285714286, 0.2857142857142857, 0.45714285714285713, 0.22857142857142856, 0.45714285714285713, 0.0], "H": [0.34285714285714286, 0.0, 0.0, 0.0, 0.0, 0.11428571428571428, 0.22857142857142856, 0.22857142857142856, 0.22857142857142856, 0.22857142857142856, 0.22857142857142856, 0.11428571428571428, 0.0]}