{"R": [1.5833333333333333, 4.75, 0.0, 0.3333333333333333, 0.0, 0.25, 0.0, 0.08333333333333333, 0.08333333333333333, 0.08333333333333333, 0.16666666666666666, 0.08333333333333333, 0.25], "Q": [0.16666666666666666, 0.0, 0.0, 0.16666666666666666, 0.25, 0.08333333333333333, 0.4166666666666667, 0.16666666666666666, 0.16666666666666666, 0.4166666666666667, 0.25, 0.5833333333333334, 0.08333333333333333], "G": [0.7, 0.1, 0.0, 0.9, 0.6, 0.3, 1.0, 0.8, 0.6, 0.6, 0.3, 0.5, 0.1], "Y": [0.11666666666666667, 0.0, 0.4666666666666667, 0.23333333333333334, 0.11666666666666667, 0.23333333333333334, 0.11666666666666667, 0.11666666666666667, 0.0, 0.0, 0.11666666666666667, 0.23333333333333334, 0.7], "E": [0.0, 0.0, 0.08333333333333333, 0.08333333333333333, 0.4166666666666667, 0.6666666666666666, 0.25, 0.25, 0.8333333333333334, 0.4166666666666667, 0.0, 0.75, 0.0], "P": [0.0, 0.0, 0.11666666666666667, 0.35, 1.5166666666666666, 0.23333333333333334, 1.05, 0.4666666666666667, 0.35, 0.7, 0.11666666666666667, 0.23333333333333334, 0.0], "T": [0.16666666666666666, 0.0, 0.0, 0.25, 0.0, 0.25, 0.08333333333333333, 0.16666666666666666, 0.4166666666666667, 0.08333333333333333, 0.3333333333333333, 0.3333333333333333, 0.0], "F": [0.1, 0.0, 1.8, 0.4, 0.4, 0.1, 0.1, 0.3, 0.1, 0.5, 0.2, 0.0, 0.9], "I": [0.06666666666666667, 0.0, 0.2, 0.06666666666666667, 0.13333333333333333, 0.3333333333333333, 0.0, 0.2, 0.06666666666666667, 0.2, 0.4, 0.2, 0.0], "C": [0.15, 0.0, 0.0, 0.0, 0.0, 0.0, 0.0, 0.0, 0.0, 0.0, 0.15, 0.0, 0.0], "D": [0.0, 0.0, 0.1, 0.5, 0.4, 0.7, 0.5, 0.8, 0.8, 0.5, 0.1, 0.1, 0.0], "M": [0.16666666666666666, 0.08333333333333333, 0.3333333333333333, 0.25, 0.08333333333333333, 0.08333333333333333, 0.08333333333333333, 0.0, 0.08333333333333333, 0.08333333333333333, 0.4166666666666667, 0.08333333333333333, 0.4166666666666667], "W": [0.0, 0.0, 1.8333333333333333, 0.18333333333333332, 0.36666666666666664, 0.0, 0.0, 0.0, 0.0, 0.0, 0.18333333333333332, 0.18333333333333332, 0.18333333333333332], "N": [0.0, 0.0, 0.1, 0.1, 0.2, 0.2, 0.3, 0.1, 0.1, 0.2, 0.0, 0.0, 0.0], "K": [0.3333333333333333, 0.0, 0.0, 0.08333333333333333, 0.0, 0.08333333333333333, 0.0, 0.16666666666666666, 0.4166666666666667, 0.0, 0.08333333333333333, 0.0, 0.4166666666666667], "S": [0.2, 0.0, 0.0, 0.4, 0.26666666666666666, 0.3333333333333333, 0.4666666666666667, 0.5333333333333333, 0.6, 0.3333333333333333, 0.13333333333333333, 0.4, 0.0], "V": [0.2, 0.0, 0.26666666666666666, 0.0, 0.2, 0.4, 0.3333333333333333, 0.2, 0.0, 0.0, 0.3333333333333333, 0.6666666666666666, 0.06666666666666667], "L": [0.06666666666666667, 0.0, 0.6666666666666666, 0.6, 0.4666666666666667, 0.4, 0.3333333333333333, 0.26666666666666666, 0.13333333333333333, 0.5333333333333333, 1.0, 0.13333333333333333, 1.4], "A": [0.7333333333333333, 0.06666666666666667, 0.13333333333333333, 0.3333333333333333, 0.2, 0.26666666666666666, 0.2, 0.4, 0.3333333333333333, 0.4, 0.3333333333333333, 0.4, 0.3333333333333333], "H": [0.26666666666666666, 0.0, 0.13333333333333333, 0.0, 0.0, 0.0, 0.13333333333333333, 0.13333333333333333, 0.0, 0.13333333333333333, 0.26666666666666666, 0.0, 0.26666666666666666]}