{"R": [0.018726591760299626, 0.018726591760299626, 0.09363295880149813, 0.31835205992509363, 0.20599250936329588, 0.13108614232209737, 0.41198501872659177, 0.09363295880149813], "Q": [0.0749063670411985, 0.03745318352059925, 0.018726591760299626, 0.16853932584269662, 0.16853932584269662, 0.2247191011235955, 0.2247191011235955, 0.0749063670411985], "G": [0.06741573033707865, 0.0, 0.0898876404494382, 0.15730337078651685, 0.2696629213483146, 0.38202247191011235, 0.06741573033707865, 0.06741573033707865], "Y": [0.9176029962546817, 0.026217228464419477, 0.13108614232209737, 0.15730337078651685, 0.18352059925093633, 0.26217228464419473, 0.550561797752809, 3.8277153558052435], "E": [0.18726591760299627, 0.26217228464419473, 0.7865168539325843, 0.37453183520599254, 0.16853932584269662, 0.2247191011235955, 0.5056179775280899, 0.0749063670411985], "P": [0.07865168539325842, 0.026217228464419477, 0.07865168539325842, 0.5243445692883895, 0.5767790262172284, 0.26217228464419473, 0.10486891385767791, 0.0], "T": [0.6179775280898876, 1.3857677902621723, 0.0749063670411985, 0.13108614232209737, 0.149812734082397, 0.31835205992509363, 0.0749063670411985, 0.09363295880149813], "F": [0.6292134831460674, 0.06741573033707865, 0.1797752808988764, 0.4943820224719101, 0.5393258426966292, 0.29213483146067415, 0.5393258426966292, 0.5842696629213483], "I": [0.1647940074906367, 0.2397003745318352, 0.0449438202247191, 0.3445692883895131, 0.3146067415730337, 0.3146067415730337, 0.1198501872659176, 0.0599250936329588], "C": [0.0, 0.0, 0.0, 0.10112359550561797, 0.0, 0.0, 0.06741573033707865, 0.0], "D": [0.24719101123595505, 0.8314606741573034, 3.258426966292135, 0.42696629213483145, 0.2696629213483146, 0.449438202247191, 0.06741573033707865, 0.0449438202247191], "M": [0.18726591760299627, 0.13108614232209737, 0.03745318352059925, 0.09363295880149813, 0.056179775280898875, 0.11235955056179775, 0.13108614232209737, 0.09363295880149813], "W": [0.04119850187265917, 0.0, 0.08239700374531835, 0.08239700374531835, 0.04119850187265917, 0.08239700374531835, 0.20599250936329588, 0.1647940074906367], "N": [0.1797752808988764, 0.02247191011235955, 0.1348314606741573, 0.2247191011235955, 0.2696629213483146, 0.2696629213483146, 0.20224719101123595, 0.02247191011235955], "K": [0.0749063670411985, 0.018726591760299626, 0.13108614232209737, 0.33707865168539325, 0.26217228464419473, 0.09363295880149813, 0.5617977528089888, 0.13108614232209737], "S": [0.3595505617977528, 0.7340823970037453, 0.1647940074906367, 0.1947565543071161, 0.2846441947565543, 0.2696629213483146, 0.0749063670411985, 0.0898876404494382], "V": [0.2397003745318352, 0.2546816479400749, 0.0749063670411985, 0.20973782771535582, 0.2846441947565543, 0.2247191011235955, 0.0898876404494382, 0.1348314606741573], "L": [0.599250936329588, 0.46441947565543074, 0.0898876404494382, 0.4943820224719101, 0.4344569288389513, 0.7191011235955056, 0.8389513108614233, 0.5243445692883895], "A": [0.3295880149812734, 0.1797752808988764, 0.0749063670411985, 0.1198501872659176, 0.2696629213483146, 0.0898876404494382, 0.1198501872659176, 0.0149812734082397], "H": [0.0898876404494382, 0.0, 0.0898876404494382, 0.3295880149812734, 0.5093632958801498, 0.4794007490636704, 0.3295880149812734, 0.0]}