{"R": [0.10101010101010101, 2.0202020202020203, 0.050505050505050504, 0.20202020202020202, 0.050505050505050504, 0.20202020202020202, 0.050505050505050504, 0.0], "Q": [0.20202020202020202, 1.4141414141414141, 0.30303030303030304, 0.15151515151515152, 0.40404040404040403, 0.30303030303030304, 0.10101010101010101, 0.0], "G": [0.06060606060606061, 0.06060606060606061, 0.24242424242424243, 0.24242424242424243, 0.24242424242424243, 0.0, 0.18181818181818182, 0.0], "Y": [0.35353535353535354, 0.0, 0.0707070707070707, 0.21212121212121213, 0.1414141414141414, 0.35353535353535354, 0.0, 0.0], "E": [0.5555555555555556, 0.0, 0.0, 0.10101010101010101, 0.0, 0.15151515151515152, 0.5050505050505051, 0.0], "P": [0.0, 0.5656565656565656, 0.35353535353535354, 0.35353535353535354, 0.1414141414141414, 0.42424242424242425, 0.2828282828282828, 0.0], "T": [0.45454545454545453, 0.0, 0.25252525252525254, 0.15151515151515152, 0.8585858585858586, 0.5555555555555556, 0.7070707070707071, 0.0], "F": [0.30303030303030304, 0.0, 0.48484848484848486, 0.12121212121212122, 0.0, 0.30303030303030304, 0.0, 0.0], "I": [0.12121212121212122, 0.04040404040404041, 0.2828282828282828, 0.5252525252525253, 0.2828282828282828, 0.24242424242424243, 0.0, 0.04040404040404041], "C": [0.0, 0.0, 0.0, 0.0, 0.0, 0.09090909090909091, 0.0, 0.0], "D": [0.5454545454545454, 0.0, 0.12121212121212122, 0.0, 0.0, 0.0, 0.0, 0.0], "M": [0.050505050505050504, 0.0, 0.050505050505050504, 0.0, 0.0, 0.050505050505050504, 0.0, 0.10101010101010101], "W": [0.0, 0.0, 0.2222222222222222, 0.1111111111111111, 0.0, 0.3333333333333333, 0.0, 0.0], "N": [0.6060606060606061, 0.0, 0.06060606060606061, 0.06060606060606061, 0.48484848484848486, 0.42424242424242425, 0.0, 0.0], "K": [0.0, 0.0, 0.15151515151515152, 0.7070707070707071, 0.20202020202020202, 0.10101010101010101, 0.15151515151515152, 0.0], "S": [0.20202020202020202, 0.0, 0.12121212121212122, 0.12121212121212122, 0.4444444444444444, 0.2828282828282828, 0.7676767676767676, 0.0], "V": [0.08080808080808081, 0.0, 0.5656565656565656, 0.32323232323232326, 0.32323232323232326, 0.32323232323232326, 0.36363636363636365, 0.2828282828282828], "L": [0.16161616161616163, 0.0, 0.48484848484848486, 1.0101010101010102, 0.6060606060606061, 0.20202020202020202, 0.16161616161616163, 3.595959595959596], "A": [0.12121212121212122, 0.04040404040404041, 0.7676767676767676, 0.32323232323232326, 0.24242424242424243, 0.20202020202020202, 1.2121212121212122, 0.0], "H": [2.0202020202020203, 1.6161616161616161, 0.40404040404040403, 0.0, 0.48484848484848486, 1.1313131313131313, 0.0, 0.0]}