{"R": [0.0641025641025641, 0.0641025641025641, 0.44871794871794873, 0.1282051282051282, 0.1282051282051282, 0.0641025641025641, 0.0641025641025641, 0.0], "Q": [0.1282051282051282, 0.5128205128205128, 0.0641025641025641, 0.1282051282051282, 0.1282051282051282, 0.2564102564102564, 0.0641025641025641, 0.0641025641025641], "G": [0.15384615384615385, 0.15384615384615385, 0.23076923076923078, 0.23076923076923078, 0.8461538461538461, 0.15384615384615385, 0.0, 0.0], "Y": [0.2692307692307692, 0.1794871794871795, 0.44871794871794873, 0.08974358974358974, 0.08974358974358974, 0.0, 0.2692307692307692, 3.141025641025641], "E": [0.0, 0.0, 0.1282051282051282, 0.5128205128205128, 0.0641025641025641, 0.19230769230769232, 1.2179487179487178, 0.0], "P": [0.1794871794871795, 0.08974358974358974, 0.358974358974359, 0.2692307692307692, 0.2692307692307692, 1.1666666666666667, 0.08974358974358974, 0.08974358974358974], "T": [0.19230769230769232, 0.19230769230769232, 0.1282051282051282, 0.0, 0.38461538461538464, 0.19230769230769232, 0.2564102564102564, 0.0641025641025641], "F": [1.0769230769230769, 0.23076923076923078, 0.8461538461538461, 0.38461538461538464, 0.07692307692307693, 0.07692307692307693, 0.07692307692307693, 1.7692307692307692], "I": [0.5641025641025641, 0.358974358974359, 0.0, 0.46153846153846156, 0.3076923076923077, 0.46153846153846156, 0.05128205128205128, 0.05128205128205128], "C": [0.11538461538461539, 0.11538461538461539, 0.0, 0.11538461538461539, 0.11538461538461539, 0.0, 0.23076923076923078, 0.0], "D": [0.0, 0.07692307692307693, 0.3076923076923077, 0.15384615384615385, 0.07692307692307693, 0.0, 0.07692307692307693, 0.07692307692307693], "M": [0.0, 0.38461538461538464, 0.32051282051282054, 0.0, 0.19230769230769232, 0.19230769230769232, 0.0641025641025641, 0.38461538461538464], "W": [0.0, 0.0, 0.5641025641025641, 0.0, 2.1153846153846154, 0.0, 0.0, 0.0], "N": [0.07692307692307693, 0.07692307692307693, 0.15384615384615385, 0.38461538461538464, 0.15384615384615385, 0.3076923076923077, 0.07692307692307693, 0.07692307692307693], "K": [0.1282051282051282, 0.32051282051282054, 0.9615384615384616, 0.19230769230769232, 0.1282051282051282, 0.5128205128205128, 0.0, 0.0641025641025641], "S": [0.3076923076923077, 0.6153846153846154, 0.0, 0.05128205128205128, 0.2564102564102564, 0.2564102564102564, 0.5641025641025641, 0.0], "V": [0.2564102564102564, 0.10256410256410256, 0.05128205128205128, 0.6153846153846154, 0.15384615384615385, 0.10256410256410256, 0.5641025641025641, 0.05128205128205128], "L": [0.8205128205128205, 0.5641025641025641, 0.15384615384615385, 0.8717948717948718, 0.2564102564102564, 0.358974358974359, 0.10256410256410256, 0.20512820512820512], "A": [0.41025641025641024, 0.6153846153846154, 0.20512820512820512, 0.05128205128205128, 0.20512820512820512, 0.3076923076923077, 0.8717948717948718, 0.0], "H": [0.10256410256410256, 0.0, 0.5128205128205128, 0.3076923076923077, 0.41025641025641024, 0.717948717948718, 0.10256410256410256, 0.20512820512820512]}