{"R": [0.02403846153846154, 0.0, 0.5168269230769231, 0.4206730769230769, 0.02403846153846154, 0.28846153846153844, 0.4206730769230769, 0.0], "Q": [0.08413461538461539, 0.02403846153846154, 0.3004807692307692, 0.3125, 0.1201923076923077, 0.3245192307692308, 0.3245192307692308, 0.01201923076923077], "G": [0.028846153846153848, 0.0, 0.23076923076923078, 0.10096153846153846, 0.30288461538461536, 0.014423076923076924, 0.15865384615384615, 0.0], "Y": [0.31971153846153844, 0.0, 0.16826923076923078, 0.11778846153846154, 0.05048076923076923, 0.3870192307692308, 0.0673076923076923, 2.389423076923077], "E": [0.4807692307692308, 4.903846153846154, 0.13221153846153846, 0.625, 0.01201923076923077, 0.33653846153846156, 0.49278846153846156, 0.0], "P": [0.0, 0.016826923076923076, 0.03365384615384615, 0.5552884615384616, 0.05048076923076923, 0.4375, 0.08413461538461539, 0.0], "T": [0.2644230769230769, 0.0, 0.21634615384615385, 0.18028846153846154, 0.33653846153846156, 0.38461538461538464, 0.39663461538461536, 0.02403846153846154], "F": [0.11538461538461539, 0.0, 0.3173076923076923, 0.17307692307692307, 0.6346153846153846, 0.23076923076923078, 0.07211538461538461, 1.7740384615384615], "I": [0.20192307692307693, 0.0, 0.25, 0.3942307692307692, 0.46153846153846156, 0.21153846153846154, 0.0673076923076923, 0.0673076923076923], "C": [0.04326923076923077, 0.0, 0.0, 0.021634615384615384, 0.0, 0.04326923076923077, 0.15144230769230768, 0.0], "D": [2.1201923076923075, 0.04326923076923077, 0.14423076923076922, 0.12980769230769232, 0.0, 0.12980769230769232, 0.028846153846153848, 0.0], "M": [0.13221153846153846, 0.0, 0.15625, 0.07211538461538461, 0.06009615384615385, 0.04807692307692308, 0.06009615384615385, 0.3605769230769231], "W": [0.0, 0.0, 0.13221153846153846, 0.0, 0.052884615384615384, 0.07932692307692307, 0.026442307692307692, 0.026442307692307692], "N": [0.47596153846153844, 0.0, 0.3894230769230769, 0.12980769230769232, 0.14423076923076922, 0.30288461538461536, 0.1875, 0.014423076923076924], "K": [0.02403846153846154, 0.01201923076923077, 0.44471153846153844, 0.6009615384615384, 0.06009615384615385, 0.28846153846153844, 0.7451923076923077, 0.01201923076923077], "S": [0.1346153846153846, 0.0, 0.11538461538461539, 0.11538461538461539, 0.3173076923076923, 0.25, 0.33653846153846156, 0.0], "V": [0.25, 0.0, 0.5, 0.23076923076923078, 0.9423076923076923, 0.3269230769230769, 0.4423076923076923, 0.14423076923076922], "L": [0.3076923076923077, 0.009615384615384616, 0.25961538461538464, 0.4519230769230769, 0.3076923076923077, 0.16346153846153846, 0.14423076923076922, 0.6346153846153846], "A": [0.04807692307692308, 0.0, 0.3269230769230769, 0.14423076923076922, 0.6153846153846154, 0.375, 0.3942307692307692, 0.057692307692307696], "H": [0.4423076923076923, 0.0, 0.5, 0.28846153846153844, 0.1346153846153846, 0.7307692307692307, 0.40384615384615385, 0.40384615384615385]}