{"R": [0.11942675159235669, 0.03184713375796178, 0.01592356687898089, 0.25477707006369427, 0.15127388535031847, 0.21496815286624205, 0.3503184713375796, 0.007961783439490446], "Q": [0.03184713375796178, 0.04777070063694268, 0.03184713375796178, 0.2070063694267516, 0.14331210191082802, 0.2229299363057325, 0.25477707006369427, 0.0], "G": [0.07643312101910828, 0.07643312101910828, 0.03821656050955414, 0.34394904458598724, 0.2961783439490446, 0.6592356687898089, 0.1624203821656051, 0.01910828025477707], "Y": [0.7691082802547771, 1.4156050955414012, 0.06687898089171974, 0.08917197452229299, 0.2898089171974522, 0.1337579617834395, 0.5127388535031847, 0.05573248407643312], "E": [0.05573248407643312, 0.07165605095541401, 0.42197452229299365, 0.660828025477707, 0.3343949044585987, 0.23089171974522293, 0.4697452229299363, 0.02388535031847134], "P": [0.08917197452229299, 0.21178343949044587, 0.16719745222929935, 0.5907643312101911, 0.4681528662420382, 0.2229299363057325, 0.11146496815286625, 0.022292993630573247], "T": [0.27070063694267515, 0.39012738853503187, 0.03980891719745223, 0.2627388535031847, 0.3184713375796178, 0.3184713375796178, 0.30254777070063693, 0.07165605095541401], "F": [1.1178343949044587, 2.1496815286624202, 0.04777070063694268, 0.14331210191082802, 0.39171974522292996, 0.11464968152866242, 0.23885350318471338, 1.1369426751592357], "I": [0.4713375796178344, 0.07006369426751592, 0.044585987261146494, 0.2484076433121019, 0.24203821656050956, 0.3057324840764331, 0.08280254777070063, 0.3184713375796178], "C": [0.014331210191082803, 0.0, 0.014331210191082803, 0.0, 0.08598726114649681, 0.028662420382165606, 0.05732484076433121, 0.0], "D": [0.06687898089171974, 0.18152866242038215, 4.5, 0.42038216560509556, 0.10509554140127389, 0.1910828025477707, 0.1910828025477707, 0.009554140127388535], "M": [0.11942675159235669, 0.09554140127388536, 0.03980891719745223, 0.05573248407643312, 0.09554140127388536, 0.09554140127388536, 0.07961783439490445, 0.6130573248407644], "W": [0.052547770700636945, 0.2627388535031847, 0.03503184713375796, 0.10509554140127389, 0.052547770700636945, 0.01751592356687898, 0.03503184713375796, 0.03503184713375796], "N": [0.2961783439490446, 0.1337579617834395, 0.06687898089171974, 0.34394904458598724, 0.17197452229299362, 0.21019108280254778, 0.34394904458598724, 0.0], "K": [0.15127388535031847, 0.03184713375796178, 0.05573248407643312, 0.28662420382165604, 0.1751592356687898, 0.1592356687898089, 0.6130573248407644, 0.007961783439490446], "S": [0.27388535031847133, 0.1910828025477707, 0.050955414012738856, 0.19745222929936307, 0.3248407643312102, 0.25477707006369427, 0.18471337579617833, 0.03184713375796178], "V": [0.43312101910828027, 0.1464968152866242, 0.050955414012738856, 0.40764331210191085, 0.28662420382165604, 0.802547770700637, 0.20382165605095542, 0.42038216560509556], "L": [0.3184713375796178, 0.17197452229299362, 0.044585987261146494, 0.21019108280254778, 0.12101910828025478, 0.16560509554140126, 0.39490445859872614, 1.802547770700637], "A": [0.19745222929936307, 0.14012738853503184, 0.03184713375796178, 0.1592356687898089, 0.45222929936305734, 0.2929936305732484, 0.17834394904458598, 0.006369426751592357], "H": [0.3057324840764331, 0.050955414012738856, 0.07643312101910828, 0.267515923566879, 0.9299363057324841, 0.35668789808917195, 0.5605095541401274, 0.012738853503184714]}