{"R": [0.05401234567901234, 0.0, 0.0, 0.25462962962962965, 0.030864197530864196, 0.45524691358024694, 0.37808641975308643, 0.0], "Q": [0.015432098765432098, 0.25462962962962965, 0.0, 0.20833333333333334, 0.21604938271604937, 0.4243827160493827, 0.4398148148148148, 0.0], "G": [0.07407407407407407, 0.42592592592592593, 0.0, 0.3888888888888889, 0.5370370370370371, 0.28703703703703703, 0.1574074074074074, 0.0], "Y": [0.5077160493827161, 0.0, 0.0, 0.15123456790123457, 0.05401234567901234, 0.06481481481481481, 0.05401234567901234, 0.0], "E": [0.038580246913580245, 0.0, 0.3395061728395062, 0.5864197530864198, 0.1697530864197531, 0.23919753086419754, 0.6095679012345679, 0.0], "P": [0.0, 0.06481481481481481, 0.0, 0.32407407407407407, 0.3888888888888889, 0.12962962962962962, 0.11882716049382716, 0.0], "T": [0.30092592592592593, 0.4012345679012346, 0.0, 0.31635802469135804, 0.2854938271604938, 0.5478395061728395, 0.3395061728395062, 0.0], "F": [0.7777777777777778, 0.10185185185185185, 0.009259259259259259, 0.14814814814814814, 0.09259259259259259, 0.1111111111111111, 0.07407407407407407, 0.2222222222222222], "I": [0.5555555555555556, 0.345679012345679, 0.0, 0.30246913580246915, 0.1728395061728395, 0.10493827160493827, 0.09876543209876543, 0.345679012345679], "C": [0.013888888888888888, 0.06944444444444445, 0.0, 0.0, 0.05555555555555555, 0.013888888888888888, 0.041666666666666664, 0.0], "D": [0.027777777777777776, 0.027777777777777776, 5.546296296296297, 0.2777777777777778, 0.12037037037037036, 0.18518518518518517, 0.1388888888888889, 0.0], "M": [0.10030864197530864, 0.10030864197530864, 0.007716049382716049, 0.05401234567901234, 0.06944444444444445, 0.08487654320987655, 0.08487654320987655, 0.17746913580246915], "W": [0.06790123456790123, 0.06790123456790123, 0.0, 0.06790123456790123, 0.033950617283950615, 0.05092592592592592, 0.033950617283950615, 0.0], "N": [0.4074074074074074, 0.12037037037037036, 0.009259259259259259, 0.19444444444444445, 0.8055555555555556, 0.39814814814814814, 0.14814814814814814, 0.0], "K": [0.2006172839506173, 0.015432098765432098, 0.0, 0.4783950617283951, 0.030864197530864196, 0.23919753086419754, 0.7098765432098766, 0.0], "S": [0.38271604938271603, 0.6419753086419753, 0.0, 0.1728395061728395, 0.654320987654321, 0.5617283950617284, 0.3271604938271605, 0.0], "V": [0.5679012345679012, 0.35802469135802467, 0.006172839506172839, 0.3148148148148148, 0.16666666666666666, 0.22839506172839505, 0.3333333333333333, 0.3888888888888889], "L": [0.41358024691358025, 0.4012345679012346, 0.006172839506172839, 0.43209876543209874, 0.08024691358024691, 0.2222222222222222, 0.15432098765432098, 2.9753086419753085], "A": [0.19753086419753085, 1.0925925925925926, 0.0, 0.15432098765432098, 0.47530864197530864, 0.18518518518518517, 0.36419753086419754, 0.0], "H": [0.2716049382716049, 0.0, 0.0, 0.2716049382716049, 0.9629629629629629, 0.6296296296296297, 0.3950617283950617, 0.0]}