{"R": [0.2138157894736842, 0.01644736842105263, 0.3618421052631579, 0.32894736842105265, 0.01644736842105263, 0.7730263157894737, 0.2631578947368421, 0.0], "Q": [0.6085526315789473, 3.4703947368421053, 0.19736842105263158, 0.34539473684210525, 0.3618421052631579, 0.27960526315789475, 0.4440789473684211, 0.01644736842105263], "G": [0.35526315789473684, 0.21710526315789475, 0.019736842105263157, 0.039473684210526314, 0.21710526315789475, 0.039473684210526314, 0.09868421052631579, 0.0], "Y": [0.1611842105263158, 0.046052631578947366, 1.3355263157894737, 0.27631578947368424, 0.023026315789473683, 0.046052631578947366, 0.06907894736842106, 0.0], "E": [0.27960526315789475, 0.32894736842105265, 0.049342105263157895, 0.3782894736842105, 0.11513157894736842, 0.09868421052631579, 0.4934210526315789, 0.0], "P": [0.023026315789473683, 0.023026315789473683, 0.23026315789473684, 0.3684210526315789, 0.27631578947368424, 0.9671052631578947, 0.023026315789473683, 0.023026315789473683], "T": [0.3618421052631579, 0.0, 0.19736842105263158, 0.3618421052631579, 0.32894736842105265, 0.3125, 0.6743421052631579, 0.01644736842105263], "F": [0.15789473684210525, 0.15789473684210525, 0.7697368421052632, 0.19736842105263158, 0.27631578947368424, 0.019736842105263157, 0.019736842105263157, 0.019736842105263157], "I": [0.13157894736842105, 0.0, 0.4342105263157895, 0.5789473684210527, 0.6710526315789473, 0.06578947368421052, 0.05263157894736842, 1.513157894736842], "C": [0.20723684210526316, 0.0, 0.0, 0.0, 0.0, 0.0, 0.05921052631578947, 0.0], "D": [0.0, 0.0, 0.05921052631578947, 0.039473684210526314, 0.039473684210526314, 0.05921052631578947, 0.019736842105263157, 0.0], "M": [0.049342105263157895, 0.29605263157894735, 0.08223684210526316, 0.01644736842105263, 0.18092105263157895, 0.03289473684210526, 0.049342105263157895, 0.03289473684210526], "W": [0.0, 0.0, 0.2894736842105263, 0.03618421052631579, 0.03618421052631579, 0.0, 0.03618421052631579, 0.0], "N": [0.07894736842105263, 0.0, 0.039473684210526314, 0.05921052631578947, 0.0, 0.35526315789473684, 0.17763157894736842, 0.0], "K": [0.13157894736842105, 0.0, 0.2138157894736842, 0.5098684210526315, 0.06578947368421052, 0.805921052631579, 0.9046052631578947, 0.01644736842105263], "S": [0.42105263157894735, 0.32894736842105265, 0.11842105263157894, 0.15789473684210525, 0.13157894736842105, 0.35526315789473684, 0.34210526315789475, 0.0], "V": [0.42105263157894735, 0.0, 0.34210526315789475, 0.3157894736842105, 0.8157894736842105, 0.17105263157894737, 0.40789473684210525, 2.1578947368421053], "L": [0.15789473684210525, 0.013157894736842105, 0.4605263157894737, 0.5263157894736842, 0.6052631578947368, 0.2894736842105263, 0.27631578947368424, 0.23684210526315788], "A": [0.35526315789473684, 0.07894736842105263, 0.039473684210526314, 0.23684210526315788, 0.2236842105263158, 0.18421052631578946, 0.2894736842105263, 0.0], "H": [1.2105263157894737, 0.0, 0.2631578947368421, 0.05263157894736842, 0.3157894736842105, 0.39473684210526316, 0.13157894736842105, 0.0]}