{"R": [0.1187648456057007, 2.838479809976247, 0.047505938242280284, 0.32066508313539194, 0.9619952494061758, 0.2850356294536817, 0.023752969121140142, 0.0], "Q": [0.166270783847981, 1.163895486935867, 0.09501187648456057, 0.2494061757719715, 0.023752969121140142, 0.40380047505938244, 0.17814726840855108, 0.0], "G": [0.028503562945368172, 0.11401425178147269, 0.0997624703087886, 0.18527315914489312, 0.42755344418052255, 0.15676959619952494, 0.0855106888361045, 0.0], "Y": [0.3657957244655582, 0.0332541567695962, 0.6484560570071259, 0.166270783847981, 0.0332541567695962, 0.1828978622327791, 0.0166270783847981, 0.0], "E": [0.26128266033254155, 0.05938242280285035, 0.0, 0.166270783847981, 0.011876484560570071, 0.19002375296912113, 0.40380047505938244, 0.0], "P": [0.0, 0.4655581947743468, 0.0665083135391924, 0.3159144893111639, 0.2161520190023753, 0.2327790973871734, 0.1330166270783848, 0.0], "T": [0.2375296912114014, 0.011876484560570071, 0.26128266033254155, 0.4513064133016627, 0.19002375296912113, 0.4750593824228028, 0.5819477434679335, 0.0], "F": [0.171021377672209, 0.014251781472684086, 0.8836104513064132, 0.1995249406175772, 0.07125890736342043, 0.14251781472684086, 0.04275534441805225, 0.171021377672209], "I": [0.14251781472684086, 0.0, 0.2660332541567696, 0.3515439429928741, 0.10451306413301663, 0.2375296912114014, 0.14251781472684086, 0.07600950118764846], "C": [0.0, 0.0, 0.04275534441805225, 0.0, 0.0, 0.06413301662707839, 0.04275534441805225, 0.0], "D": [1.9382422802850356, 0.0, 0.014251781472684086, 0.11401425178147269, 0.0, 0.057007125890736345, 0.057007125890736345, 0.0], "M": [0.32066508313539194, 0.047505938242280284, 0.2375296912114014, 0.07125890736342043, 0.023752969121140142, 0.19002375296912113, 0.10688836104513064, 0.13064133016627077], "W": [0.052256532066508314, 0.0, 0.1828978622327791, 0.052256532066508314, 0.13064133016627077, 0.026128266033254157, 0.0, 0.0], "N": [0.8693586698337292, 0.0, 0.0997624703087886, 0.12826603325415678, 0.12826603325415678, 0.24228028503562946, 0.04275534441805225, 0.0], "K": [0.0, 0.023752969121140142, 0.011876484560570071, 0.42755344418052255, 0.14251781472684086, 0.10688836104513064, 0.05938242280285035, 0.0], "S": [0.24703087885985747, 0.028503562945368172, 0.14251781472684086, 0.24703087885985747, 0.22802850356294538, 0.5890736342042755, 0.6080760095011877, 0.0], "V": [0.07600950118764846, 0.019002375296912115, 0.5795724465558195, 0.4180522565320665, 0.12351543942992874, 0.1995249406175772, 0.7410926365795725, 0.15201900237529692], "L": [0.171021377672209, 0.009501187648456057, 0.7030878859857482, 0.6460807600950119, 0.057007125890736345, 0.5130641330166271, 0.2755344418052256, 3.553444180522565], "A": [0.047505938242280284, 0.0665083135391924, 0.45605700712589076, 0.19002375296912113, 0.171021377672209, 0.332541567695962, 0.8836104513064132, 0.0], "H": [0.3990498812351544, 0.38004750593824227, 0.20902612826603326, 0.171021377672209, 3.2494061757719717, 0.2660332541567696, 0.019002375296912115, 0.0]}