{"R": [0.8990318118948825, 0.06224066390041494, 0.7330567081604425, 0.18672199170124482, 0.8852005532503457, 0.3112033195020747, 0.1590594744121715, 0.013831258644536652], "Q": [0.14522821576763487, 0.006915629322268326, 0.2074688796680498, 0.2351313969571231, 0.13831258644536654, 0.2074688796680498, 0.25587828492392806, 0.02074688796680498], "G": [0.0995850622406639, 0.016597510373443983, 0.34024896265560167, 0.23236514522821577, 0.995850622406639, 0.34854771784232363, 0.3983402489626556, 0.0], "Y": [0.15491009681881052, 0.0, 0.23236514522821577, 0.15491009681881052, 0.048409405255878286, 0.03872752420470263, 0.058091286307053944, 0.029045643153526972], "E": [0.006915629322268326, 0.006915629322268326, 0.11756569847856155, 0.1798063623789765, 0.04149377593360996, 0.1313969571230982, 0.35269709543568467, 0.013831258644536652], "P": [0.2033195020746888, 6.622406639004149, 0.07745504840940526, 1.1715076071922546, 0.5228215767634855, 1.1908713692946058, 0.4260027662517289, 0.019363762102351315], "T": [0.25587828492392806, 0.0, 0.3457814661134163, 0.22821576763485477, 0.17289073305670816, 0.318118948824343, 0.49100968188105115, 0.1037344398340249], "F": [0.16597510373443983, 0.0, 0.3070539419087137, 0.2074688796680498, 0.13278008298755187, 0.0995850622406639, 0.008298755186721992, 0.2157676348547718], "I": [0.19363762102351315, 0.016597510373443983, 0.18810511756569848, 0.18810511756569848, 0.08298755186721991, 0.20470262793914246, 0.15491009681881052, 0.19363762102351315], "C": [0.0, 0.0, 0.012448132780082987, 0.03734439834024896, 0.0, 0.012448132780082987, 0.04979253112033195, 0.0], "D": [0.0, 0.0, 0.1078838174273859, 0.0912863070539419, 0.016597510373443983, 0.0995850622406639, 0.04979253112033195, 0.024896265560165973], "M": [0.1313969571230982, 0.013831258644536652, 0.13831258644536654, 0.048409405255878286, 0.04149377593360996, 0.07607192254495158, 0.04149377593360996, 0.29045643153526973], "W": [0.030428769017980636, 0.0, 0.04564315352697095, 0.10650069156293222, 0.07607192254495158, 0.07607192254495158, 0.015214384508990318, 0.015214384508990318], "N": [0.06639004149377593, 0.024896265560165973, 0.1825726141078838, 0.17427385892116182, 0.07468879668049792, 0.27385892116182575, 0.04979253112033195, 0.008298755186721992], "K": [0.359612724757953, 0.0, 0.19363762102351315, 0.35269709543568467, 0.4149377593360996, 0.1798063623789765, 0.11065006915629322, 0.0], "S": [0.8354080221300139, 0.005532503457814661, 0.343015214384509, 0.2600276625172891, 0.32088520055325037, 0.3706777316735823, 0.47579529737206083, 0.027662517289073305], "V": [0.2157676348547718, 0.027662517289073305, 0.2821576763485477, 0.2710926694329184, 0.1272475795297372, 0.2710926694329184, 0.5421853388658368, 0.22130013831258644], "L": [0.21023513139695713, 0.016597510373443983, 0.18810511756569848, 0.6307053941908713, 0.4094052558782849, 0.3651452282157676, 0.343015214384509, 2.9432918395574], "A": [0.6141078838174274, 0.04979253112033195, 0.65283540802213, 0.26556016597510373, 0.23789764868603042, 0.3983402489626556, 0.6915629322268326, 0.06085753803596127], "H": [0.11065006915629322, 0.0, 0.26556016597510373, 0.23236514522821577, 0.5975103734439834, 0.2544951590594744, 0.04426002766251729, 0.0]}