{"R": [0.19911504424778761, 0.13274336283185842, 0.5088495575221239, 0.28761061946902655, 0.22123893805309736, 0.11061946902654868, 0.6637168141592921, 0.06637168141592921], "Q": [0.15486725663716813, 0.08849557522123894, 0.22123893805309736, 0.30973451327433627, 0.15486725663716813, 0.33185840707964603, 0.28761061946902655, 0.06637168141592921], "G": [0.23893805309734514, 0.10619469026548672, 0.39823008849557523, 0.4247787610619469, 0.3185840707964602, 0.05309734513274336, 0.10619469026548672, 0.0], "Y": [0.12389380530973451, 0.27876106194690264, 0.12389380530973451, 0.2168141592920354, 0.09292035398230089, 0.3407079646017699, 0.18584070796460178, 0.12389380530973451], "E": [0.06637168141592921, 0.15486725663716813, 0.24336283185840707, 0.28761061946902655, 0.17699115044247787, 0.24336283185840707, 0.33185840707964603, 0.08849557522123894], "P": [0.27876106194690264, 0.27876106194690264, 0.37168141592920356, 0.5265486725663717, 1.0221238938053097, 0.37168141592920356, 0.061946902654867256, 0.0], "T": [0.7300884955752213, 1.3274336283185841, 0.33185840707964603, 0.17699115044247787, 0.19911504424778761, 0.19911504424778761, 0.30973451327433627, 0.08849557522123894], "F": [0.18584070796460178, 0.3185840707964602, 0.34513274336283184, 0.13274336283185842, 0.07964601769911504, 0.6637168141592921, 0.26548672566371684, 1.6194690265486726], "I": [0.3893805309734513, 0.1592920353982301, 0.24778761061946902, 0.35398230088495575, 0.2831858407079646, 0.26548672566371684, 0.10619469026548672, 0.4778761061946903], "C": [0.03982300884955752, 0.03982300884955752, 0.0, 0.0, 0.03982300884955752, 0.03982300884955752, 0.07964601769911504, 0.0], "D": [0.05309734513274336, 0.18584070796460178, 0.4247787610619469, 0.2920353982300885, 0.21238938053097345, 0.18584070796460178, 0.13274336283185842, 0.02654867256637168], "M": [0.15486725663716813, 0.0, 0.08849557522123894, 0.04424778761061947, 0.022123893805309734, 0.06637168141592921, 0.06637168141592921, 0.08849557522123894], "W": [0.048672566371681415, 0.14601769911504425, 0.3407079646017699, 0.19469026548672566, 0.0, 0.48672566371681414, 0.0, 3.163716814159292], "N": [0.0, 0.13274336283185842, 0.07964601769911504, 0.05309734513274336, 0.18584070796460178, 0.07964601769911504, 0.21238938053097345, 0.02654867256637168], "K": [0.26548672566371684, 0.06637168141592921, 0.30973451327433627, 0.7079646017699115, 0.35398230088495575, 0.24336283185840707, 0.4424778761061947, 0.022123893805309734], "S": [0.49557522123893805, 0.7433628318584071, 0.1415929203539823, 0.17699115044247787, 0.3008849557522124, 0.07079646017699115, 0.24778761061946902, 0.017699115044247787], "V": [0.49557522123893805, 0.17699115044247787, 0.17699115044247787, 0.26548672566371684, 0.3008849557522124, 0.4778761061946903, 0.3008849557522124, 0.05309734513274336], "L": [0.3008849557522124, 0.19469026548672566, 0.3185840707964602, 0.37168141592920356, 0.37168141592920356, 0.4424778761061947, 0.7079646017699115, 0.7256637168141593], "A": [0.37168141592920356, 0.37168141592920356, 0.3008849557522124, 0.1592920353982301, 0.4424778761061947, 0.19469026548672566, 0.12389380530973451, 0.035398230088495575], "H": [0.21238938053097345, 0.10619469026548672, 0.4247787610619469, 0.24778761061946902, 0.4247787610619469, 0.672566371681416, 0.35398230088495575, 0.035398230088495575]}