{"R": [0.0, 0.8173076923076923, 0.0, 0.14423076923076922, 0.0, 0.0, 0.09615384615384616, 0.0], "Q": [0.0, 0.04807692307692308, 0.14423076923076922, 0.2403846153846154, 0.28846153846153844, 0.19230769230769232, 0.2403846153846154, 0.0], "G": [0.0, 0.0, 0.46153846153846156, 0.28846153846153844, 0.6346153846153846, 0.057692307692307696, 0.0, 0.0], "Y": [0.6730769230769231, 0.0673076923076923, 0.1346153846153846, 0.0, 0.0, 0.0673076923076923, 0.0, 0.0], "E": [0.33653846153846156, 0.04807692307692308, 0.28846153846153844, 0.19230769230769232, 0.28846153846153844, 0.14423076923076922, 0.04807692307692308, 0.0], "P": [0.0673076923076923, 0.0673076923076923, 0.1346153846153846, 0.9423076923076923, 1.0096153846153846, 0.8076923076923077, 0.1346153846153846, 0.0], "T": [0.28846153846153844, 0.0, 0.19230769230769232, 0.04807692307692308, 0.33653846153846156, 0.14423076923076922, 0.5288461538461539, 0.04807692307692308], "F": [0.28846153846153844, 0.0, 0.46153846153846156, 0.23076923076923078, 0.23076923076923078, 0.40384615384615385, 0.0, 0.11538461538461539], "I": [0.15384615384615385, 0.0, 0.34615384615384615, 0.4230769230769231, 0.2692307692307692, 0.4230769230769231, 0.34615384615384615, 0.34615384615384615], "C": [0.0, 0.0, 0.08653846153846154, 0.0, 0.0, 0.0, 0.08653846153846154, 0.0], "D": [0.8653846153846154, 0.0, 0.6923076923076923, 0.057692307692307696, 0.057692307692307696, 0.11538461538461539, 0.0, 0.0], "M": [0.4326923076923077, 0.0, 0.04807692307692308, 0.04807692307692308, 0.04807692307692308, 0.09615384615384616, 0.14423076923076922, 0.19230769230769232], "W": [0.3173076923076923, 0.0, 0.10576923076923077, 0.3173076923076923, 0.0, 0.10576923076923077, 0.10576923076923077, 0.0], "N": [0.5769230769230769, 0.0, 0.23076923076923078, 0.28846153846153844, 0.28846153846153844, 0.46153846153846156, 0.0, 0.0], "K": [0.0, 0.14423076923076922, 0.0, 0.4807692307692308, 0.04807692307692308, 0.09615384615384616, 0.2403846153846154, 0.0], "S": [0.4230769230769231, 0.0, 0.19230769230769232, 0.038461538461538464, 0.38461538461538464, 0.23076923076923078, 0.46153846153846156, 0.0], "V": [0.11538461538461539, 0.038461538461538464, 0.38461538461538464, 0.5, 0.38461538461538464, 0.6538461538461539, 0.6923076923076923, 0.7692307692307693], "L": [0.23076923076923078, 0.0, 0.5769230769230769, 0.6923076923076923, 0.34615384615384615, 0.5, 0.6153846153846154, 2.3461538461538463], "A": [0.11538461538461539, 0.038461538461538464, 0.4230769230769231, 0.19230769230769232, 0.4230769230769231, 0.34615384615384615, 0.6538461538461539, 0.2692307692307692], "H": [0.8461538461538461, 6.0, 0.15384615384615385, 0.0, 0.0, 0.15384615384615385, 0.07692307692307693, 0.0]}