{"R": [0.5147058823529411, 0.0, 0.22058823529411764, 0.29411764705882354, 0.14705882352941177, 0.29411764705882354, 0.07352941176470588, 0.29411764705882354], "Q": [0.07352941176470588, 0.07352941176470588, 0.29411764705882354, 0.0, 0.29411764705882354, 0.14705882352941177, 0.29411764705882354, 0.0], "G": [0.2647058823529412, 0.08823529411764706, 0.5294117647058824, 0.35294117647058826, 0.6176470588235294, 0.2647058823529412, 0.35294117647058826, 0.0], "Y": [0.10294117647058823, 0.0, 0.7205882352941176, 0.6176470588235294, 0.0, 0.10294117647058823, 0.3088235294117647, 0.20588235294117646], "E": [0.0, 0.14705882352941177, 0.07352941176470588, 0.0, 0.14705882352941177, 0.14705882352941177, 0.36764705882352944, 0.14705882352941177], "P": [0.3088235294117647, 0.0, 0.20588235294117646, 0.8235294117647058, 0.4117647058823529, 0.3088235294117647, 0.7205882352941176, 0.0], "T": [0.5882352941176471, 1.1029411764705883, 0.36764705882352944, 0.6617647058823529, 0.4411764705882353, 0.14705882352941177, 0.07352941176470588, 0.0], "F": [0.4411764705882353, 0.2647058823529412, 0.2647058823529412, 0.4411764705882353, 0.4411764705882353, 0.7941176470588235, 0.4411764705882353, 0.0], "I": [0.17647058823529413, 0.47058823529411764, 0.29411764705882354, 0.17647058823529413, 0.29411764705882354, 0.4117647058823529, 0.058823529411764705, 0.0], "C": [0.1323529411764706, 0.1323529411764706, 0.0, 0.2647058823529412, 0.0, 0.0, 0.0, 0.0], "D": [0.0, 0.35294117647058826, 0.5294117647058824, 0.17647058823529413, 0.17647058823529413, 0.0, 0.08823529411764706, 0.0], "M": [0.14705882352941177, 0.0, 0.14705882352941177, 0.07352941176470588, 0.14705882352941177, 0.07352941176470588, 0.07352941176470588, 0.07352941176470588], "W": [0.0, 0.0, 0.3235294117647059, 0.0, 0.16176470588235295, 0.3235294117647059, 0.3235294117647059, 0.0], "N": [0.0, 0.08823529411764706, 0.4411764705882353, 0.08823529411764706, 0.17647058823529413, 0.6176470588235294, 0.17647058823529413, 0.0], "K": [0.5882352941176471, 0.0, 0.22058823529411764, 0.29411764705882354, 0.07352941176470588, 0.14705882352941177, 0.36764705882352944, 4.117647058823529], "S": [0.5294117647058824, 0.35294117647058826, 0.29411764705882354, 0.11764705882352941, 0.11764705882352941, 0.058823529411764705, 0.23529411764705882, 0.0], "V": [0.35294117647058826, 0.8823529411764706, 0.11764705882352941, 0.35294117647058826, 0.7647058823529411, 0.47058823529411764, 0.058823529411764705, 0.0], "L": [0.058823529411764705, 0.29411764705882354, 0.11764705882352941, 0.29411764705882354, 0.4117647058823529, 0.8235294117647058, 0.6470588235294118, 0.058823529411764705], "A": [0.5294117647058824, 0.35294117647058826, 0.23529411764705882, 0.29411764705882354, 0.11764705882352941, 0.0, 0.5294117647058824, 0.0], "H": [0.11764705882352941, 0.0, 0.11764705882352941, 0.11764705882352941, 0.11764705882352941, 0.0, 0.11764705882352941, 0.23529411764705882]}