{"R": [0.156794425087108, 0.0, 0.0, 0.35714285714285715, 0.06097560975609756, 0.13937282229965156, 0.6881533101045296, 0.0], "Q": [0.02613240418118467, 0.20905923344947736, 0.008710801393728223, 0.20034843205574912, 0.18292682926829268, 0.5662020905923345, 0.25261324041811845, 0.0], "G": [0.0627177700348432, 0.2926829268292683, 0.020905923344947737, 0.44947735191637633, 0.28222996515679444, 0.17770034843205576, 0.11498257839721254, 0.0], "Y": [0.5975609756097561, 0.0, 0.0, 0.13414634146341464, 0.12195121951219512, 0.036585365853658534, 0.18292682926829268, 0.036585365853658534], "E": [0.008710801393728223, 0.0, 0.156794425087108, 0.5052264808362369, 0.4181184668989547, 0.23519163763066203, 0.5139372822299652, 0.0], "P": [0.012195121951219513, 0.036585365853658534, 0.024390243902439025, 0.10975609756097561, 0.8658536585365854, 0.25609756097560976, 0.012195121951219513, 0.0], "T": [0.2613240418118467, 0.313588850174216, 0.0, 0.17421602787456447, 0.25261324041811845, 0.4965156794425087, 0.1916376306620209, 0.0], "F": [0.8153310104529616, 0.041811846689895474, 0.0, 0.1254355400696864, 0.1672473867595819, 0.020905923344947737, 0.13588850174216027, 0.794425087108014], "I": [0.43902439024390244, 0.45993031358885017, 0.0, 0.2229965156794425, 0.29965156794425085, 0.24390243902439024, 0.04878048780487805, 0.43205574912891986], "C": [0.0, 0.0156794425087108, 0.0, 0.0, 0.0313588850174216, 0.0627177700348432, 0.0313588850174216, 0.0], "D": [0.010452961672473868, 0.0313588850174216, 5.696864111498257, 0.43902439024390244, 0.4076655052264808, 0.0313588850174216, 0.09407665505226481, 0.0], "M": [0.08710801393728224, 0.05226480836236934, 0.0, 0.008710801393728223, 0.06968641114982578, 0.13066202090592335, 0.03484320557491289, 0.2264808362369338], "W": [0.07665505226480836, 0.0, 0.0, 0.03832752613240418, 0.05749128919860627, 0.0, 0.09581881533101046, 0.0], "N": [0.30313588850174217, 0.07317073170731707, 0.010452961672473868, 0.18815331010452963, 0.1986062717770035, 0.041811846689895474, 0.1672473867595819, 0.0], "K": [0.3832752613240418, 0.02613240418118467, 0.008710801393728223, 0.7665505226480837, 0.10452961672473868, 0.02613240418118467, 1.289198606271777, 0.0], "S": [0.3832752613240418, 0.7038327526132404, 0.006968641114982578, 0.15331010452961671, 0.2926829268292683, 0.627177700348432, 0.1951219512195122, 0.0], "V": [0.5087108013937283, 0.3902439024390244, 0.0, 0.30662020905923343, 0.37630662020905925, 0.7804878048780488, 0.1672473867595819, 0.5156794425087108], "L": [0.34843205574912894, 0.445993031358885, 0.006968641114982578, 0.3554006968641115, 0.1951219512195122, 0.2229965156794425, 0.29965156794425085, 2.3205574912891986], "A": [0.20905923344947736, 1.1916376306620209, 0.006968641114982578, 0.22996515679442509, 0.37630662020905925, 0.3693379790940767, 0.13937282229965156, 0.0], "H": [0.40418118466898956, 0.013937282229965157, 0.013937282229965157, 0.3344947735191638, 0.5714285714285714, 0.20905923344947736, 0.5435540069686411, 0.0]}