{"R": [0.47540983606557374, 0.08196721311475409, 0.2459016393442623, 0.18032786885245902, 0.08196721311475409, 0.13114754098360656, 0.6557377049180327, 0.03278688524590164], "Q": [0.14754098360655737, 0.03278688524590164, 0.09836065573770492, 0.18032786885245902, 0.16393442622950818, 0.2459016393442623, 0.3770491803278688, 0.06557377049180328], "G": [0.03934426229508197, 0.25573770491803277, 1.0819672131147542, 0.19672131147540983, 0.31475409836065577, 0.019672131147540985, 0.09836065573770492, 0.0], "Y": [0.22950819672131148, 0.09180327868852459, 0.06885245901639345, 0.06885245901639345, 0.06885245901639345, 0.6885245901639344, 0.16065573770491803, 0.45901639344262296], "E": [0.04918032786885246, 0.11475409836065574, 0.09836065573770492, 0.2786885245901639, 0.11475409836065574, 0.4262295081967213, 0.32786885245901637, 0.0], "P": [0.3901639344262295, 0.04590163934426229, 0.20655737704918034, 0.7573770491803279, 0.5508196721311476, 0.2754098360655738, 0.0, 0.0], "T": [0.4426229508196721, 0.8360655737704918, 0.5409836065573771, 0.26229508196721313, 0.639344262295082, 0.11475409836065574, 0.36065573770491804, 0.01639344262295082], "F": [0.19672131147540983, 0.21639344262295082, 0.2754098360655738, 0.15737704918032788, 0.1180327868852459, 1.0032786885245901, 0.19672131147540983, 1.0032786885245901], "I": [0.45901639344262296, 0.14426229508196722, 0.19672131147540983, 0.34098360655737703, 0.1180327868852459, 0.15737704918032788, 0.14426229508196722, 0.22295081967213115], "C": [0.0, 0.05901639344262295, 0.0, 0.0, 0.05901639344262295, 0.0, 0.05901639344262295, 0.0], "D": [0.019672131147540985, 0.19672131147540983, 0.31475409836065577, 0.39344262295081966, 0.29508196721311475, 0.17704918032786884, 0.019672131147540985, 0.03934426229508197], "M": [0.09836065573770492, 0.06557377049180328, 0.04918032786885246, 0.06557377049180328, 0.03278688524590164, 0.03278688524590164, 0.16393442622950818, 0.06557377049180328], "W": [0.036065573770491806, 0.10819672131147541, 0.28852459016393445, 0.18032786885245902, 0.036065573770491806, 0.43278688524590164, 0.07213114754098361, 6.311475409836065], "N": [0.019672131147540985, 0.1377049180327869, 0.17704918032786884, 0.07868852459016394, 0.19672131147540983, 0.09836065573770492, 0.09836065573770492, 0.0], "K": [0.7049180327868853, 0.04918032786885246, 0.18032786885245902, 0.639344262295082, 0.06557377049180328, 0.09836065573770492, 0.4262295081967213, 0.01639344262295082], "S": [0.36721311475409835, 1.062295081967213, 0.2754098360655738, 0.15737704918032788, 0.8, 0.1180327868852459, 0.26229508196721313, 0.0], "V": [0.36721311475409835, 0.17049180327868851, 0.26229508196721313, 0.39344262295081966, 0.3016393442622951, 0.34098360655737703, 0.22295081967213115, 0.02622950819672131], "L": [0.3540983606557377, 0.24918032786885247, 0.14426229508196722, 0.380327868852459, 0.18360655737704917, 0.4065573770491803, 0.7737704918032787, 0.3016393442622951], "A": [0.24918032786885247, 0.7344262295081967, 0.5770491803278689, 0.17049180327868851, 0.6163934426229508, 0.17049180327868851, 0.15737704918032788, 0.0], "H": [0.2360655737704918, 0.02622950819672131, 0.15737704918032788, 0.36721311475409835, 0.18360655737704917, 0.7868852459016393, 0.34098360655737703, 0.07868852459016394]}