{"R": [0.32894736842105265, 0.8552631578947368, 0.19736842105263158, 0.2631578947368421, 0.06578947368421052, 0.13157894736842105, 0.19736842105263158, 0.06578947368421052], "Q": [0.39473684210526316, 0.0, 0.13157894736842105, 0.13157894736842105, 0.19736842105263158, 0.2631578947368421, 0.32894736842105265, 0.06578947368421052], "G": [0.3157894736842105, 0.0, 0.07894736842105263, 0.39473684210526316, 0.47368421052631576, 0.7105263157894737, 0.5526315789473685, 0.07894736842105263], "Y": [0.27631578947368424, 0.7368421052631579, 0.0, 0.27631578947368424, 0.09210526315789473, 0.27631578947368424, 0.18421052631578946, 0.09210526315789473], "E": [0.32894736842105265, 0.19736842105263158, 0.2631578947368421, 0.6578947368421053, 0.2631578947368421, 0.32894736842105265, 0.2631578947368421, 0.0], "P": [0.0, 0.18421052631578946, 0.27631578947368424, 0.3684210526315789, 1.4736842105263157, 0.18421052631578946, 0.09210526315789473, 0.18421052631578946], "T": [0.06578947368421052, 0.32894736842105265, 0.0, 0.32894736842105265, 0.13157894736842105, 0.32894736842105265, 0.32894736842105265, 0.0], "F": [0.5526315789473685, 2.0526315789473686, 0.3157894736842105, 0.3157894736842105, 0.47368421052631576, 0.47368421052631576, 0.3157894736842105, 1.0263157894736843], "I": [0.5789473684210527, 0.05263157894736842, 0.10526315789473684, 0.15789473684210525, 0.10526315789473684, 0.05263157894736842, 0.05263157894736842, 0.3684210526315789], "C": [0.0, 0.0, 0.0, 0.0, 0.0, 0.0, 0.0, 0.0], "D": [0.15789473684210525, 0.15789473684210525, 3.473684210526316, 0.3157894736842105, 0.23684210526315788, 0.23684210526315788, 0.15789473684210525, 0.0], "M": [0.06578947368421052, 0.0, 0.06578947368421052, 0.06578947368421052, 0.06578947368421052, 0.19736842105263158, 0.06578947368421052, 0.39473684210526316], "W": [0.0, 0.4342105263157895, 0.14473684210526316, 0.14473684210526316, 0.0, 0.0, 0.0, 0.0], "N": [0.07894736842105263, 0.15789473684210525, 0.15789473684210525, 0.47368421052631576, 0.15789473684210525, 0.3157894736842105, 0.3157894736842105, 0.0], "K": [0.0, 0.06578947368421052, 0.13157894736842105, 0.19736842105263158, 0.13157894736842105, 0.13157894736842105, 0.39473684210526316, 0.13157894736842105], "S": [0.5263157894736842, 0.15789473684210525, 0.15789473684210525, 0.15789473684210525, 0.631578947368421, 0.3157894736842105, 0.3684210526315789, 0.0], "V": [0.5263157894736842, 0.15789473684210525, 0.05263157894736842, 0.3157894736842105, 0.10526315789473684, 0.5789473684210527, 0.21052631578947367, 0.3157894736842105], "L": [0.2631578947368421, 0.15789473684210525, 0.15789473684210525, 0.47368421052631576, 0.10526315789473684, 0.21052631578947367, 0.5789473684210527, 1.894736842105263], "A": [0.10526315789473684, 0.05263157894736842, 0.0, 0.10526315789473684, 0.3684210526315789, 0.2631578947368421, 0.15789473684210525, 0.0], "H": [0.3157894736842105, 0.0, 0.0, 0.10526315789473684, 0.42105263157894735, 0.10526315789473684, 0.631578947368421, 0.0]}