{"R": [0.4780530204259018, 0.008691873098652759, 0.26510212950890916, 0.1977401129943503, 0.10647544545849631, 0.20208604954367665, 0.1738374619730552, 0.2325076053889613, 0.5432420686657975, 0.2737940026075619, 0.06301607996523251], "Q": [0.22598870056497175, 0.03259452411994785, 0.10212950890916993, 0.20860495436766624, 0.20425901781833986, 0.1933941764450239, 0.2151238591916558, 0.22598870056497175, 0.4324206866579748, 0.33681008257279443, 0.017383746197305518], "G": [0.2138200782268579, 0.258148631029987, 0.15645371577574968, 0.33116036505867014, 0.32073011734028684, 0.5241199478487614, 0.500651890482399, 0.37809647979139505, 0.1694915254237288, 0.26597131681877445, 0.01303780964797914], "Y": [0.1703607127335941, 0.048674489352455455, 0.31029986962190353, 0.1338548457192525, 0.10343328987396784, 0.07909604519774012, 0.14602346805736635, 0.15514993481095177, 0.21903520208604954, 0.3285528031290743, 0.6358105171664493], "E": [0.07170795306388526, 0.034767492394611035, 0.11951325510647545, 0.41938287700999566, 0.5041286397218601, 0.3802694480660582, 0.3455019556714472, 0.23468057366362452, 0.297696653628857, 0.2846588439808779, 0.02607561929595828], "P": [0.048674489352455455, 0.10343328987396784, 0.05780095610604085, 1.1255975662755324, 0.4350282485875706, 0.5202086049543677, 0.34984789222077356, 0.24033029117774882, 0.1794871794871795, 0.054758800521512385, 0.012168622338113864], "T": [0.2955236853541938, 1.21251629726206, 0.13255106475445458, 0.32159930465015213, 0.2737940026075619, 0.23468057366362452, 0.3020425901781834, 0.2390265102129509, 0.26727509778357234, 0.4671881790525858, 0.01303780964797914], "F": [0.1590612777053455, 0.054758800521512385, 0.46153846153846156, 0.14602346805736635, 0.1408083441981747, 0.15384615384615385, 0.14341590612777053, 0.2711864406779661, 0.29986962190352023, 0.3076923076923077, 1.1108213820078228], "I": [0.384180790960452, 0.1338548457192525, 0.28683181225554105, 0.1477618426770969, 0.1703607127335941, 0.2242503259452412, 0.2816166883963494, 0.3876575401999131, 0.21903520208604954, 0.13559322033898305, 0.07475010864841374], "C": [0.03129074315514994, 0.1681877444589309, 0.24641460234680573, 0.05867014341590613, 0.06258148631029987, 0.054758800521512385, 0.10560625814863103, 0.09778357235984354, 0.13298565840938723, 0.11342894393741851, 0.007822685788787484], "D": [0.054758800521512385, 0.02346805736636245, 0.2920469361147327, 0.516297262059974, 0.8500651890482399, 0.4041720990873533, 0.3494132985658409, 0.27640156453715775, 0.24771838331160365, 0.09647979139504563, 0.03650586701434159], "M": [0.1694915254237288, 0.0217296827466319, 0.14993481095176012, 0.04563233376792699, 0.07170795306388526, 0.06301607996523251, 0.06953498478922207, 0.09995654063450674, 0.14993481095176012, 0.10212950890916993, 0.0434593654932638], "W": [0.03346371142981312, 0.028683181225554105, 0.267709691438505, 0.0812690134724033, 0.0812690134724033, 0.06692742285962625, 0.08604954367666232, 0.09083007388092133, 0.20078226857887874, 0.11951325510647545, 6.444154715341156], "N": [0.04954367666232073, 0.01303780964797914, 0.19035202086049544, 0.16166883963494133, 0.27640156453715775, 0.16688396349413298, 0.1981747066492829, 0.3050847457627119, 0.17470664928292046, 0.2320730117340287, 0.010430247718383311], "K": [0.7692307692307693, 0.015210777922642329, 0.3237722729248153, 0.2846588439808779, 0.1521077792264233, 0.3324641460234681, 0.2607561929595828, 0.3411560191221208, 0.2542372881355932, 0.2585832246849196, 0.05867014341590613], "S": [0.32333767926988266, 1.237722729248153, 0.5076053889613211, 0.34245980008691873, 0.29726205997392435, 0.30247718383311606, 0.3876575401999131, 0.26249456757931333, 0.19991308126901347, 0.3372446762277271, 0.01564537157757497], "V": [0.3511516731855715, 0.4085180356366797, 0.22946544980443284, 0.14254671881790526, 0.27640156453715775, 0.267709691438505, 0.3163841807909605, 0.32159930465015213, 0.26597131681877445, 0.30247718383311606, 0.012168622338113864], "L": [0.38939591481964364, 0.15993046501521077, 0.5580182529335072, 0.318122555410691, 0.36679704476314645, 0.43633202955236855, 0.3737505432420687, 0.49369839200347676, 0.44676227727075185, 0.632768361581921, 0.20165145588874403], "A": [0.3146458061712299, 0.5893089960886571, 0.34593654932637985, 0.2607561929595828, 0.33029117774880484, 0.2572794437201217, 0.29900043459365494, 0.22598870056497175, 0.20512820512820512, 0.1773142112125163, 0.010430247718383311], "H": [0.31986093003042154, 0.010430247718383311, 0.0938722294654498, 0.12168622338113863, 0.1703607127335941, 0.3268144285093438, 0.1842677096914385, 0.1738374619730552, 0.3059539330725771, 0.24337244676227726, 0.020860495436766623]}