{"R": [0.6838565022421524, 0.0, 0.31390134529147984, 0.1289237668161435, 0.13452914798206278, 0.20739910313901344, 0.10650224215246637, 0.14013452914798205, 0.08408071748878924, 0.1625560538116592, 0.011210762331838564], "Q": [0.18497757847533633, 1.8721973094170403, 0.17376681614349776, 0.27466367713004486, 0.3307174887892377, 0.26345291479820626, 0.2242152466367713, 0.15695067264573992, 0.40919282511210764, 0.31390134529147984, 0.016816143497757848], "G": [0.5515695067264574, 0.06053811659192825, 0.09417040358744394, 0.6188340807174888, 0.4641255605381166, 0.57847533632287, 0.6860986547085202, 0.7331838565022422, 0.5717488789237668, 0.31614349775784756, 0.013452914798206279], "Y": [0.3845291479820628, 0.007847533632286996, 0.5336322869955157, 0.1726457399103139, 0.10201793721973094, 0.10986547085201794, 0.10986547085201794, 0.07847533632286996, 0.03923766816143498, 0.21973094170403587, 4.096412556053812], "E": [0.03923766816143498, 0.06726457399103139, 0.07286995515695067, 0.4484304932735426, 0.476457399103139, 0.3923766816143498, 0.4484304932735426, 0.3419282511210762, 0.2914798206278027, 0.31390134529147984, 0.005605381165919282], "P": [0.023542600896860985, 0.023542600896860985, 0.1647982062780269, 0.5807174887892377, 0.6278026905829597, 0.40022421524663676, 0.42376681614349776, 0.3295964125560538, 0.1804932735426009, 0.25112107623318386, 0.01569506726457399], "T": [0.257847533632287, 0.17937219730941703, 0.028026905829596414, 0.14573991031390135, 0.26345291479820626, 0.4147982062780269, 0.2522421524663677, 0.26345291479820626, 0.4876681614349776, 0.5885650224215246, 0.0], "F": [0.2556053811659193, 0.020179372197309416, 0.8609865470852018, 0.2085201793721973, 0.1681614349775785, 0.18161434977578475, 0.1681614349775785, 0.2757847533632287, 0.10089686098654709, 0.20179372197309417, 2.0515695067264574], "I": [0.3183856502242152, 0.242152466367713, 0.5201793721973094, 0.11210762331838565, 0.18385650224215247, 0.17937219730941703, 0.21076233183856502, 0.24663677130044842, 0.3183856502242152, 0.08520179372197309, 0.004484304932735426], "C": [0.09080717488789238, 0.0, 0.030269058295964126, 0.04035874439461883, 0.04035874439461883, 0.06053811659192825, 0.1109865470852018, 0.030269058295964126, 0.07062780269058296, 0.08071748878923767, 0.0], "D": [0.033632286995515695, 0.026905829596412557, 0.033632286995515695, 0.7130044843049327, 0.336322869955157, 0.5044843049327354, 0.3968609865470852, 0.29596412556053814, 0.12780269058295965, 0.14798206278026907, 0.033632286995515695], "M": [0.10089686098654709, 0.35874439461883406, 0.1961883408071749, 0.07847533632286996, 0.033632286995515695, 0.03923766816143498, 0.10089686098654709, 0.08968609865470852, 0.05605381165919283, 0.07286995515695067, 0.06726457399103139], "W": [0.03699551569506727, 0.0, 0.07399103139013453, 0.08632286995515695, 0.08632286995515695, 0.07399103139013453, 0.04932735426008968, 0.07399103139013453, 0.02466367713004484, 0.03699551569506727, 0.01233183856502242], "N": [0.04708520179372197, 0.026905829596412557, 0.2556053811659193, 0.242152466367713, 0.34977578475336324, 0.2085201793721973, 0.2623318385650224, 0.32286995515695066, 0.242152466367713, 0.14798206278026907, 0.006726457399103139], "K": [0.6053811659192825, 0.011210762331838564, 0.7959641255605381, 0.23542600896860988, 0.12331838565022421, 0.2858744394618834, 0.218609865470852, 0.2522421524663677, 0.11210762331838565, 0.15695067264573992, 0.005605381165919282], "S": [0.30493273542600896, 0.13004484304932734, 0.13452914798206278, 0.336322869955157, 0.43946188340807174, 0.452914798206278, 0.33183856502242154, 0.3901345291479821, 0.515695067264574, 0.5022421524663677, 0.004484304932735426], "V": [0.29596412556053814, 0.4349775784753363, 0.16143497757847533, 0.16143497757847533, 0.24663677130044842, 0.21524663677130046, 0.23318385650224216, 0.2242152466367713, 0.37668161434977576, 0.484304932735426, 0.02242152466367713], "L": [0.2242152466367713, 0.968609865470852, 0.17040358744394618, 0.2914798206278027, 0.22869955156950672, 0.17937219730941703, 0.33183856502242154, 0.37668161434977576, 0.3452914798206278, 0.27802690582959644, 0.08520179372197309], "A": [0.4349775784753363, 0.1210762331838565, 0.34977578475336324, 0.28699551569506726, 0.3452914798206278, 0.3004484304932735, 0.34080717488789236, 0.31390134529147984, 0.3452914798206278, 0.3811659192825112, 0.017937219730941704], "H": [0.08968609865470852, 0.008968609865470852, 0.2600896860986547, 0.18834080717488788, 0.242152466367713, 0.12556053811659193, 0.17937219730941703, 0.18834080717488788, 0.17040358744394618, 0.242152466367713, 0.04484304932735426]}