{"R": [0.38333333333333336, 0.0, 0.016666666666666666, 0.016666666666666666, 0.06666666666666667, 0.13333333333333333, 0.2833333333333333, 0.11666666666666667, 0.08333333333333333, 0.35, 0.15], "Q": [0.08333333333333333, 0.03333333333333333, 0.05, 0.08333333333333333, 0.08333333333333333, 0.1, 0.25, 0.15, 0.43333333333333335, 0.35, 0.016666666666666666], "G": [0.14, 0.02, 0.02, 0.22, 0.3, 0.46, 0.22, 0.54, 0.2, 0.36, 0.04], "Y": [0.4666666666666667, 0.0, 0.04666666666666667, 0.0, 0.023333333333333334, 0.18666666666666668, 0.16333333333333333, 0.11666666666666667, 0.28, 0.30333333333333334, 0.023333333333333334], "E": [0.016666666666666666, 0.0, 0.05, 1.4, 0.5333333333333333, 0.4, 0.3333333333333333, 0.31666666666666665, 0.2833333333333333, 0.35, 0.016666666666666666], "P": [0.07, 0.0, 2.683333333333333, 1.19, 1.2833333333333334, 0.25666666666666665, 0.63, 0.21, 0.28, 0.14, 0.023333333333333334], "T": [0.21666666666666667, 0.05, 0.016666666666666666, 0.2, 0.36666666666666664, 0.3333333333333333, 0.2, 0.3, 0.2833333333333333, 0.4666666666666667, 0.05], "F": [0.72, 0.0, 0.2, 0.02, 0.02, 0.2, 0.06, 0.32, 0.06, 0.2, 0.4], "I": [0.5066666666666667, 0.49333333333333335, 0.17333333333333334, 0.05333333333333334, 0.22666666666666666, 0.37333333333333335, 0.29333333333333333, 0.41333333333333333, 0.44, 0.04, 0.30666666666666664], "C": [0.0, 0.0, 0.0, 0.0, 0.0, 0.0, 0.0, 0.0, 0.0, 0.03, 0.0], "D": [0.0, 0.08, 2.06, 1.42, 0.26, 0.44, 0.38, 0.2, 0.22, 0.2, 0.04], "M": [0.1, 0.26666666666666666, 0.06666666666666667, 0.08333333333333333, 0.05, 0.08333333333333333, 0.06666666666666667, 0.11666666666666667, 0.25, 0.11666666666666667, 0.2], "W": [0.0, 0.0, 0.33, 0.0, 0.0, 0.07333333333333333, 0.07333333333333333, 0.03666666666666667, 0.18333333333333332, 0.03666666666666667, 0.0], "N": [0.18, 0.02, 0.04, 0.22, 0.1, 0.34, 0.2, 0.4, 0.1, 0.4, 0.02], "K": [0.4166666666666667, 0.016666666666666666, 0.0, 0.11666666666666667, 0.05, 0.18333333333333332, 0.38333333333333336, 0.3, 0.03333333333333333, 0.3333333333333333, 0.03333333333333333], "S": [0.32, 0.013333333333333334, 0.02666666666666667, 0.21333333333333335, 0.4, 0.49333333333333335, 0.30666666666666664, 0.25333333333333335, 0.18666666666666668, 0.3466666666666667, 0.05333333333333334], "V": [0.3466666666666667, 0.5866666666666667, 0.12, 0.09333333333333334, 0.5333333333333333, 0.32, 0.32, 0.3466666666666667, 0.4666666666666667, 0.16, 1.2], "L": [0.37333333333333335, 2.3733333333333335, 0.2, 0.06666666666666667, 0.25333333333333335, 0.25333333333333335, 0.30666666666666664, 0.48, 0.56, 0.37333333333333335, 1.5466666666666666], "A": [0.38666666666666666, 0.13333333333333333, 0.06666666666666667, 0.09333333333333334, 0.4266666666666667, 0.2, 0.4, 0.2, 0.24, 0.3466666666666667, 0.16], "H": [0.18666666666666668, 0.05333333333333334, 0.05333333333333334, 0.05333333333333334, 0.08, 0.26666666666666666, 0.21333333333333335, 0.18666666666666668, 0.48, 0.21333333333333335, 0.0]}