{"R": [0.04310344827586207, 0.0, 0.04310344827586207, 0.04310344827586207, 0.12931034482758622, 0.1724137931034483, 0.3017241379310345, 0.1724137931034483, 0.0, 0.0, 0.0], "Q": [0.08620689655172414, 0.12931034482758622, 0.0, 0.21551724137931033, 0.12931034482758622, 0.08620689655172414, 0.1724137931034483, 0.12931034482758622, 0.3879310344827586, 0.08620689655172414, 0.0], "G": [0.10344827586206896, 0.0, 0.05172413793103448, 0.9827586206896551, 0.8793103448275862, 0.6724137931034483, 0.41379310344827586, 0.8275862068965517, 0.3620689655172414, 0.15517241379310345, 0.0], "Y": [0.9655172413793104, 0.0, 0.1206896551724138, 0.0603448275862069, 0.0603448275862069, 0.0, 0.1810344827586207, 0.3017241379310345, 0.0603448275862069, 0.1810344827586207, 0.0], "E": [0.0, 0.0, 0.7758620689655172, 0.603448275862069, 0.25862068965517243, 0.43103448275862066, 0.1724137931034483, 0.04310344827586207, 0.3448275862068966, 0.5172413793103449, 0.0], "P": [0.0, 0.0603448275862069, 0.0, 0.7241379310344828, 1.206896551724138, 0.3017241379310345, 0.3620689655172414, 0.3620689655172414, 0.0603448275862069, 0.1206896551724138, 0.0], "T": [0.43103448275862066, 0.21551724137931033, 0.0, 0.25862068965517243, 0.1724137931034483, 0.5603448275862069, 0.5172413793103449, 0.5603448275862069, 0.25862068965517243, 0.43103448275862066, 0.0], "F": [1.396551724137931, 0.05172413793103448, 0.15517241379310345, 0.0, 0.0, 0.0, 0.15517241379310345, 0.0, 0.10344827586206896, 0.15517241379310345, 0.5172413793103449], "I": [0.4827586206896552, 0.3793103448275862, 0.034482758620689655, 0.20689655172413793, 0.10344827586206896, 0.13793103448275862, 0.06896551724137931, 0.2413793103448276, 0.4482758620689655, 0.20689655172413793, 0.0], "C": [0.0, 0.15517241379310345, 0.0, 0.07758620689655173, 0.07758620689655173, 0.0, 0.0, 0.0, 0.0, 0.0, 0.0], "D": [0.0, 0.0, 4.086206896551724, 0.8793103448275862, 0.46551724137931033, 0.8275862068965517, 0.5172413793103449, 0.20689655172413793, 0.15517241379310345, 0.0, 0.0], "M": [0.04310344827586207, 0.08620689655172414, 0.0, 0.04310344827586207, 0.0, 0.04310344827586207, 0.04310344827586207, 0.08620689655172414, 0.04310344827586207, 0.0, 0.3017241379310345], "W": [0.0, 0.0, 0.1896551724137931, 0.0, 0.0, 0.0, 0.0, 0.09482758620689655, 0.09482758620689655, 0.09482758620689655, 0.0], "N": [0.3620689655172414, 0.0, 0.05172413793103448, 0.20689655172413793, 0.3103448275862069, 0.46551724137931033, 0.3103448275862069, 0.41379310344827586, 0.5172413793103449, 0.15517241379310345, 0.0], "K": [0.08620689655172414, 0.0, 0.0, 0.04310344827586207, 0.04310344827586207, 0.21551724137931033, 0.5603448275862069, 0.25862068965517243, 0.12931034482758622, 0.04310344827586207, 0.0], "S": [0.2413793103448276, 0.4482758620689655, 0.10344827586206896, 0.27586206896551724, 0.6206896551724138, 0.41379310344827586, 0.1724137931034483, 0.4827586206896552, 0.7586206896551724, 0.7931034482758621, 0.0], "V": [0.3793103448275862, 0.5172413793103449, 0.0, 0.20689655172413793, 0.3103448275862069, 0.13793103448275862, 0.27586206896551724, 0.1724137931034483, 0.3448275862068966, 0.4482758620689655, 0.2413793103448276], "L": [0.10344827586206896, 0.4482758620689655, 0.10344827586206896, 0.3103448275862069, 0.13793103448275862, 0.10344827586206896, 0.4482758620689655, 0.3103448275862069, 0.27586206896551724, 0.10344827586206896, 3.1724137931034484], "A": [0.3793103448275862, 1.7241379310344827, 0.034482758620689655, 0.13793103448275862, 0.3103448275862069, 0.3793103448275862, 0.3103448275862069, 0.20689655172413793, 0.3103448275862069, 1.0, 0.0], "H": [0.13793103448275862, 0.0, 0.06896551724137931, 0.06896551724137931, 0.13793103448275862, 0.27586206896551724, 0.13793103448275862, 0.41379310344827586, 0.13793103448275862, 0.13793103448275862, 0.0]}