{"R": [0.6506849315068494, 0.0, 0.07990867579908675, 0.045662100456621, 0.07990867579908675, 0.2511415525114155, 0.17123287671232876, 0.2511415525114155, 0.228310502283105, 0.23972602739726026, 0.0], "Q": [0.19406392694063926, 0.0228310502283105, 0.091324200913242, 0.3082191780821918, 0.17123287671232876, 0.2511415525114155, 0.19406392694063926, 0.365296803652968, 0.4452054794520548, 0.3082191780821918, 0.0], "G": [0.9315068493150684, 0.0, 0.0410958904109589, 0.4794520547945205, 0.4383561643835616, 0.5342465753424658, 0.7123287671232876, 0.6438356164383562, 0.1095890410958904, 0.1095890410958904, 0.0], "Y": [0.3356164383561644, 0.0, 0.5114155251141552, 0.17579908675799086, 0.07990867579908675, 0.1278538812785388, 0.23972602739726026, 0.07990867579908675, 0.3356164383561644, 0.1278538812785388, 0.01598173515981735], "E": [0.01141552511415525, 4.908675799086758, 0.3424657534246575, 0.7077625570776256, 0.6621004566210046, 0.4680365296803653, 0.5136986301369864, 0.319634703196347, 0.547945205479452, 0.3995433789954338, 0.0], "P": [0.0, 0.0, 0.14383561643835616, 0.6073059360730594, 0.8310502283105022, 0.5114155251141552, 0.3835616438356164, 0.319634703196347, 0.14383561643835616, 0.0, 0.0], "T": [0.2853881278538813, 0.0, 0.136986301369863, 0.19406392694063926, 0.2054794520547945, 0.2054794520547945, 0.3538812785388128, 0.182648401826484, 0.4794520547945205, 0.6050228310502284, 0.0], "F": [0.1232876712328767, 0.0, 0.7534246575342466, 0.2054794520547945, 0.2054794520547945, 0.1643835616438356, 0.136986301369863, 0.2054794520547945, 0.2602739726027397, 0.1506849315068493, 0.5068493150684932], "I": [0.1187214611872146, 0.0, 0.3744292237442922, 0.1461187214611872, 0.2009132420091324, 0.1461187214611872, 0.136986301369863, 0.365296803652968, 0.2374429223744292, 0.1278538812785388, 0.136986301369863], "C": [0.0, 0.0, 0.0, 0.02054794520547945, 0.02054794520547945, 0.0, 0.02054794520547945, 0.02054794520547945, 0.0, 0.0, 0.0], "D": [0.0, 0.0684931506849315, 0.3424657534246575, 0.821917808219178, 0.4794520547945205, 0.589041095890411, 0.2465753424657534, 0.1643835616438356, 0.2191780821917808, 0.0684931506849315, 0.0], "M": [0.05707762557077625, 0.01141552511415525, 0.1598173515981735, 0.03424657534246575, 0.1141552511415525, 0.0228310502283105, 0.045662100456621, 0.10273972602739725, 0.14840182648401826, 0.045662100456621, 0.182648401826484], "W": [0.1506849315068493, 0.0, 0.4018264840182648, 0.0, 0.1004566210045662, 0.07534246575342465, 0.02511415525114155, 0.0502283105022831, 0.0502283105022831, 0.0502283105022831, 0.02511415525114155], "N": [0.0273972602739726, 0.0, 0.3013698630136986, 0.3150684931506849, 0.1780821917808219, 0.2465753424657534, 0.410958904109589, 0.3150684931506849, 0.273972602739726, 0.136986301369863, 0.0], "K": [0.7876712328767124, 0.0, 0.136986301369863, 0.21689497716894976, 0.1598173515981735, 0.3082191780821918, 0.4452054794520548, 0.410958904109589, 0.10273972602739725, 0.3538812785388128, 0.0], "S": [0.3105022831050228, 0.0, 0.228310502283105, 0.2009132420091324, 0.319634703196347, 0.365296803652968, 0.3378995433789954, 0.2648401826484018, 0.2009132420091324, 0.6027397260273972, 0.0], "V": [0.2100456621004566, 0.0, 0.3013698630136986, 0.1095890410958904, 0.1643835616438356, 0.182648401826484, 0.1643835616438356, 0.2100456621004566, 0.3470319634703196, 0.45662100456621, 0.1461187214611872], "L": [0.1187214611872146, 0.0, 0.410958904109589, 0.3744292237442922, 0.3926940639269406, 0.2465753424657534, 0.2557077625570776, 0.3287671232876712, 0.3013698630136986, 0.3835616438356164, 3.077625570776256], "A": [0.5114155251141552, 0.0, 0.3561643835616438, 0.2557077625570776, 0.3287671232876712, 0.3287671232876712, 0.2648401826484018, 0.3470319634703196, 0.3013698630136986, 0.3835616438356164, 0.136986301369863], "H": [0.3470319634703196, 0.0, 0.182648401826484, 0.0730593607305936, 0.091324200913242, 0.2191780821917808, 0.1643835616438356, 0.0730593607305936, 0.365296803652968, 0.1643835616438356, 0.0]}