{"R": [0.32435129740518964, 0.00499001996007984, 0.03992015968063872, 0.07734530938123753, 0.09481037924151696, 0.13223552894211577, 0.15469061876247506, 0.17964071856287425, 0.1122754491017964, 0.22954091816367264, 0.10229540918163672], "Q": [0.062375249500998, 0.15219560878243513, 0.20209580838323354, 0.13972055888223553, 0.1721556886227545, 0.14471057884231536, 0.20958083832335328, 0.21956087824351297, 0.2245508982035928, 0.27694610778443113, 0.0249500998003992], "G": [0.5958083832335329, 0.03293413173652695, 0.2694610778443114, 0.5568862275449101, 0.47604790419161674, 0.5658682634730539, 0.5778443113772455, 0.4281437125748503, 0.17964071856287425, 0.3532934131736527, 0.041916167664670656], "Y": [0.5169660678642715, 0.05588822355289421, 0.3248502994011976, 0.08383233532934131, 0.17115768463073852, 0.08732534930139721, 0.15718562874251496, 0.18163672654690619, 0.23053892215568864, 0.3213572854291417, 0.18512974051896208], "E": [0.04740518962075848, 0.19211576846307385, 0.10728542914171657, 0.9605788423153693, 0.5513972055888223, 0.37924151696606784, 0.4416167664670659, 0.2719560878243513, 0.2744510978043912, 0.39421157684630737, 0.01746506986027944], "P": [0.02445109780439122, 0.05588822355289421, 0.22355289421157684, 0.750998003992016, 0.49600798403193613, 0.5658682634730539, 0.38772455089820357, 0.3213572854291417, 0.39820359281437123, 0.3283433133732535, 0.05588822355289421], "T": [0.2345309381237525, 0.1497005988023952, 0.09231536926147704, 0.17714570858283432, 0.249500998003992, 0.32435129740518964, 0.25449101796407186, 0.2869261477045908, 0.3093812375249501, 0.3717564870259481, 0.14471057884231536], "F": [0.7964071856287425, 0.014970059880239521, 0.5029940119760479, 0.16766467065868262, 0.26047904191616766, 0.17664670658682635, 0.2754491017964072, 0.20059880239520958, 0.2964071856287425, 0.3203592814371258, 0.08083832335329341], "I": [0.24750499001996007, 0.249500998003992, 0.2874251497005988, 0.08582834331337326, 0.21357285429141717, 0.2634730538922156, 0.18562874251497005, 0.2954091816367265, 0.34930139720558884, 0.09181636726546906, 0.33532934131736525], "C": [0.04940119760479042, 0.004491017964071856, 0.05389221556886228, 0.08982035928143713, 0.0718562874251497, 0.09431137724550898, 0.05389221556886228, 0.02694610778443114, 0.07634730538922156, 0.05389221556886228, 0.01347305389221557], "D": [0.03293413173652695, 0.005988023952095809, 0.39820359281437123, 0.9970059880239521, 0.4880239520958084, 0.4101796407185629, 0.3712574850299401, 0.30538922155688625, 0.11676646706586827, 0.12275449101796407, 0.014970059880239521], "M": [0.09730538922155689, 0.32934131736526945, 0.2944111776447106, 0.0499001996007984, 0.062375249500998, 0.07235528942115768, 0.059880239520958084, 0.09231536926147704, 0.17714570858283432, 0.10229540918163672, 0.10479041916167664], "W": [0.07684630738522955, 0.021956087824351298, 0.4116766467065868, 0.07135728542914171, 0.1317365269461078, 0.09880239520958084, 0.08233532934131736, 0.09880239520958084, 0.14271457085828343, 0.054890219560878244, 0.021956087824351298], "N": [0.11077844311377245, 0.008982035928143712, 0.1437125748502994, 0.25149700598802394, 0.25149700598802394, 0.27245508982035926, 0.2275449101796407, 0.24850299401197604, 0.15868263473053892, 0.19461077844311378, 0.014970059880239521], "K": [0.4291417165668663, 0.0074850299401197605, 0.08233532934131736, 0.1122754491017964, 0.19710578842315368, 0.18463073852295409, 0.24201596806387227, 0.22954091816367264, 0.0998003992015968, 0.36177644710578843, 0.03493013972055888], "S": [0.38323353293413176, 0.07584830339321358, 0.17964071856287425, 0.2834331337325349, 0.2834331337325349, 0.35129740518962077, 0.3313373253493014, 0.21756487025948104, 0.23552894211576847, 0.36327345309381237, 0.04590818363273453], "V": [0.2754491017964072, 0.2315369261477046, 0.20159680638722555, 0.09381237524950099, 0.3153692614770459, 0.2634730538922156, 0.2834331337325349, 0.25948103792415167, 0.4351297405189621, 0.22954091816367264, 1.2095808383233533], "L": [0.2994011976047904, 2.586826347305389, 0.7904191616766467, 0.17964071856287425, 0.3413173652694611, 0.3413173652694611, 0.3393213572854291, 0.7105788423153693, 0.6387225548902196, 0.4550898203592814, 1.4231536926147705], "A": [0.3772455089820359, 0.06387225548902195, 0.47305389221556887, 0.22554890219560877, 0.23353293413173654, 0.29740518962075846, 0.34331337325349304, 0.26147704590818366, 0.27345309381237526, 0.28542914171656686, 0.3872255489021956], "H": [0.15568862275449102, 0.015968063872255488, 0.0998003992015968, 0.11976047904191617, 0.21157684630738524, 0.18363273453093812, 0.18762475049900199, 0.2155688622754491, 0.3273453093812375, 0.21956087824351297, 0.003992015968063872]}