{"R": [0.6749555950266429, 3.91651865008881, 0.05328596802841918, 0.13321492007104796, 0.05328596802841918, 0.05328596802841918, 0.14209591474245115, 0.15097690941385436, 0.06216696269982238, 0.3108348134991119, 0.05328596802841918], "Q": [0.4351687388987567, 0.3197158081705151, 0.07992895204262877, 0.29307282415630553, 0.41740674955595025, 0.24866785079928952, 0.24866785079928952, 0.3108348134991119, 0.49733570159857904, 0.45293072824156305, 0.08880994671403197], "G": [0.9911190053285968, 0.04262877442273535, 0.03197158081705151, 0.6074600355239786, 0.33037300177619894, 0.5328596802841918, 0.7779751332149201, 0.6074600355239786, 0.2557726465364121, 0.5861456483126111, 0.04262877442273535], "Y": [0.28596802841918295, 0.06216696269982238, 0.6216696269982238, 0.1492007104795737, 0.08703374777975133, 0.08703374777975133, 0.16163410301953818, 0.11190053285968028, 0.1989342806394316, 0.3481349911190053, 0.17406749555950266], "E": [0.08880994671403197, 0.05328596802841918, 0.09769094138543517, 0.45293072824156305, 0.48845470692717585, 0.5683836589698046, 0.3907637655417407, 0.25754884547069273, 0.2841918294849023, 0.15985790408525755, 0.04440497335701599], "P": [0.07460035523978685, 0.13676731793960922, 0.17406749555950266, 0.6216696269982238, 1.019538188277087, 0.6465364120781527, 0.5595026642984015, 0.5719360568383659, 0.28596802841918295, 0.1492007104795737, 0.0497335701598579], "T": [0.07992895204262877, 0.04440497335701599, 0.07992895204262877, 0.23978685612788633, 0.21314387211367672, 0.25754884547069273, 0.22202486678507993, 0.3552397868561279, 0.29307282415630553, 0.5950266429840142, 0.04440497335701599], "F": [0.1172291296625222, 0.05328596802841918, 0.9378330373001776, 0.1172291296625222, 0.12788632326820604, 0.10657193605683836, 0.19182948490230906, 0.13854351687388988, 0.2984014209591474, 0.22380106571936056, 1.4387211367673178], "I": [0.0994671403197158, 0.014209591474245116, 0.3552397868561279, 0.0994671403197158, 0.2344582593250444, 0.2699822380106572, 0.16341030195381884, 0.2699822380106572, 0.3410301953818828, 0.0497335701598579, 0.2202486678507993], "C": [0.0, 0.0, 0.03197158081705151, 0.047957371225577264, 0.06394316163410302, 0.0, 0.047957371225577264, 0.03197158081705151, 0.015985790408525755, 0.03197158081705151, 0.015985790408525755], "D": [0.021314387211367674, 0.04262877442273535, 0.1705150976909414, 0.7246891651865008, 0.27708703374777977, 0.4369449378330373, 0.3623445825932504, 0.2557726465364121, 0.13854351687388988, 0.1705150976909414, 0.021314387211367674], "M": [0.15985790408525755, 0.035523978685612786, 0.25754884547069273, 0.11545293072824156, 0.04440497335701599, 0.04440497335701599, 0.05328596802841918, 0.04440497335701599, 0.11545293072824156, 0.09769094138543517, 0.3463587921847247], "W": [0.1172291296625222, 0.019538188277087035, 0.5079928952042628, 0.07815275310834814, 0.0586145648312611, 0.0, 0.03907637655417407, 0.09769094138543517, 0.2344582593250444, 0.03907637655417407, 0.019538188277087035], "N": [0.06394316163410302, 0.04262877442273535, 0.33037300177619894, 0.2344582593250444, 0.30905861456483125, 0.2344582593250444, 0.3836589698046181, 0.2984014209591474, 0.2557726465364121, 0.21314387211367672, 0.03197158081705151], "K": [0.5595026642984015, 0.02664298401420959, 0.10657193605683836, 0.2841918294849023, 0.19538188277087035, 0.22202486678507993, 0.23978685612788633, 0.25754884547069273, 0.15097690941385436, 0.29307282415630553, 0.05328596802841918], "S": [0.5257548845470693, 0.0497335701598579, 0.12788632326820604, 0.3481349911190053, 0.2912966252220249, 0.46181172291296624, 0.3481349911190053, 0.2984014209591474, 0.30550621669627, 0.5115452930728241, 0.028419182948490232], "V": [0.11367673179396093, 0.028419182948490232, 0.1989342806394316, 0.14209591474245115, 0.2699822380106572, 0.22735346358792186, 0.2344582593250444, 0.2699822380106572, 0.3339253996447602, 0.0852575488454707, 0.22735346358792186], "L": [0.17761989342806395, 0.07815275310834814, 0.8241563055062167, 0.3552397868561279, 0.2557726465364121, 0.3623445825932504, 0.22735346358792186, 0.4191829484902309, 0.6323268206039077, 0.4191829484902309, 1.8188277087033748], "A": [0.3481349911190053, 0.07104795737122557, 0.17761989342806395, 0.19182948490230906, 0.30550621669627, 0.2202486678507993, 0.3410301953818828, 0.2912966252220249, 0.19182948490230906, 0.2344582593250444, 0.035523978685612786], "H": [0.1847246891651865, 0.0, 0.2841918294849023, 0.07104795737122557, 0.2699822380106572, 0.0994671403197158, 0.11367673179396093, 0.0852575488454707, 0.14209591474245115, 0.12788632326820604, 0.0]}