{"R": [0.12658227848101267, 2.3417721518987342, 0.25316455696202533, 0.189873417721519, 0.189873417721519, 0.06329113924050633, 0.12658227848101267, 0.25316455696202533, 0.4430379746835443, 0.189873417721519, 0.06329113924050633], "Q": [0.12658227848101267, 0.0, 0.25316455696202533, 0.0, 0.12658227848101267, 0.379746835443038, 0.06329113924050633, 0.06329113924050633, 0.12658227848101267, 0.06329113924050633, 0.0], "G": [0.0759493670886076, 0.1518987341772152, 0.3037974683544304, 0.1518987341772152, 0.45569620253164556, 0.6835443037974683, 0.3037974683544304, 0.6075949367088608, 0.45569620253164556, 0.45569620253164556, 0.0], "Y": [1.4177215189873418, 1.7721518987341771, 0.7088607594936709, 0.35443037974683544, 0.26582278481012656, 0.0, 0.7974683544303798, 0.620253164556962, 0.35443037974683544, 0.08860759493670886, 1.860759493670886], "E": [0.0, 0.06329113924050633, 0.06329113924050633, 0.25316455696202533, 0.31645569620253167, 0.379746835443038, 0.379746835443038, 0.12658227848101267, 0.25316455696202533, 0.379746835443038, 0.0], "P": [0.0, 0.17721518987341772, 0.7974683544303798, 0.9746835443037974, 0.5316455696202531, 0.7088607594936709, 0.35443037974683544, 0.8860759493670886, 0.35443037974683544, 0.17721518987341772, 0.08860759493670886], "T": [0.0, 0.0, 0.06329113924050633, 0.25316455696202533, 0.31645569620253167, 0.12658227848101267, 0.379746835443038, 0.12658227848101267, 0.25316455696202533, 0.6329113924050633, 0.0], "F": [0.9113924050632911, 0.1518987341772152, 0.6835443037974683, 0.0759493670886076, 0.3037974683544304, 0.1518987341772152, 0.1518987341772152, 0.1518987341772152, 0.1518987341772152, 0.0, 1.5949367088607596], "I": [0.10126582278481013, 0.05063291139240506, 0.10126582278481013, 0.05063291139240506, 0.3037974683544304, 0.20253164556962025, 0.10126582278481013, 0.4050632911392405, 0.20253164556962025, 0.1518987341772152, 0.0], "C": [0.0, 0.0, 0.0, 0.0, 0.0, 0.0, 0.0, 0.0, 0.0, 0.0, 0.0], "D": [0.0759493670886076, 0.0, 0.22784810126582278, 1.8987341772151898, 0.1518987341772152, 0.45569620253164556, 0.9873417721518988, 0.1518987341772152, 0.3037974683544304, 0.22784810126582278, 0.0], "M": [0.0, 0.06329113924050633, 0.0, 0.06329113924050633, 0.0, 0.0, 0.06329113924050633, 0.0, 0.06329113924050633, 0.0, 0.189873417721519], "W": [0.27848101265822783, 0.0, 0.0, 0.0, 0.13924050632911392, 0.0, 0.0, 0.0, 0.13924050632911392, 0.13924050632911392, 0.13924050632911392], "N": [0.45569620253164556, 0.0, 0.1518987341772152, 0.1518987341772152, 0.22784810126582278, 0.22784810126582278, 0.0759493670886076, 0.379746835443038, 0.0759493670886076, 0.1518987341772152, 0.0759493670886076], "K": [0.189873417721519, 0.379746835443038, 0.4430379746835443, 0.06329113924050633, 0.189873417721519, 0.25316455696202533, 0.12658227848101267, 0.189873417721519, 0.06329113924050633, 0.25316455696202533, 0.0], "S": [0.3037974683544304, 0.10126582278481013, 0.3037974683544304, 0.1518987341772152, 0.20253164556962025, 0.45569620253164556, 0.20253164556962025, 0.35443037974683544, 0.25316455696202533, 0.6075949367088608, 0.0], "V": [0.35443037974683544, 0.05063291139240506, 0.3037974683544304, 0.10126582278481013, 0.4050632911392405, 0.1518987341772152, 0.25316455696202533, 0.25316455696202533, 0.35443037974683544, 0.7088607594936709, 0.0], "L": [0.4050632911392405, 0.10126582278481013, 0.20253164556962025, 0.3037974683544304, 0.4050632911392405, 0.3037974683544304, 0.45569620253164556, 0.3037974683544304, 0.4050632911392405, 0.3037974683544304, 1.4177215189873418], "A": [0.35443037974683544, 0.10126582278481013, 0.4050632911392405, 0.35443037974683544, 0.3037974683544304, 0.5063291139240507, 0.4050632911392405, 0.20253164556962025, 0.35443037974683544, 0.1518987341772152, 0.05063291139240506], "H": [0.4050632911392405, 0.0, 0.10126582278481013, 0.20253164556962025, 0.4050632911392405, 0.0, 0.0, 0.3037974683544304, 0.7088607594936709, 0.20253164556962025, 0.10126582278481013]}