{"R": [0.22900763358778625, 0.3053435114503817, 1.3740458015267176, 0.5343511450381679, 1.0687022900763359, 0.19083969465648856, 0.648854961832061, 0.4961832061068702, 0.5343511450381679, 0.07633587786259542, 0.0], "Q": [0.19083969465648856, 0.07633587786259542, 0.15267175572519084, 0.3816793893129771, 0.19083969465648856, 0.22900763358778625, 0.19083969465648856, 0.15267175572519084, 0.3435114503816794, 0.22900763358778625, 0.03816793893129771], "G": [0.04580152671755725, 0.0916030534351145, 0.04580152671755725, 0.22900763358778625, 0.0916030534351145, 0.4122137404580153, 0.22900763358778625, 0.2748091603053435, 0.0916030534351145, 0.183206106870229, 0.0], "Y": [0.48091603053435117, 0.05343511450381679, 0.16030534351145037, 0.32061068702290074, 0.26717557251908397, 0.10687022900763359, 0.21374045801526717, 0.16030534351145037, 0.37404580152671757, 0.05343511450381679, 0.05343511450381679], "E": [0.19083969465648856, 0.11450381679389313, 0.03816793893129771, 0.3053435114503817, 0.11450381679389313, 0.3053435114503817, 0.26717557251908397, 0.3435114503816794, 0.11450381679389313, 0.15267175572519084, 0.0], "P": [0.0, 1.0687022900763359, 0.0, 0.21374045801526717, 0.10687022900763359, 0.37404580152671757, 0.48091603053435117, 0.26717557251908397, 0.16030534351145037, 0.6946564885496184, 0.05343511450381679], "T": [0.22900763358778625, 0.03816793893129771, 0.03816793893129771, 0.07633587786259542, 0.19083969465648856, 0.3053435114503817, 0.26717557251908397, 0.15267175572519084, 0.3435114503816794, 0.3816793893129771, 0.0], "F": [1.099236641221374, 0.32061068702290074, 0.183206106870229, 0.32061068702290074, 0.366412213740458, 0.6870229007633588, 0.2748091603053435, 0.5954198473282443, 0.183206106870229, 0.183206106870229, 0.916030534351145], "I": [0.12213740458015267, 0.183206106870229, 0.030534351145038167, 0.24427480916030533, 0.12213740458015267, 0.2748091603053435, 0.12213740458015267, 0.21374045801526717, 0.21374045801526717, 0.2748091603053435, 0.3969465648854962], "C": [0.13740458015267176, 0.06870229007633588, 0.0, 0.2748091603053435, 0.20610687022900764, 0.2748091603053435, 0.0, 0.0, 0.0, 0.2748091603053435, 0.0], "D": [0.183206106870229, 0.04580152671755725, 0.0, 0.0916030534351145, 0.0, 0.22900763358778625, 0.04580152671755725, 0.13740458015267176, 0.0, 0.0916030534351145, 0.0], "M": [0.3816793893129771, 0.4961832061068702, 0.5343511450381679, 0.15267175572519084, 0.07633587786259542, 0.07633587786259542, 0.03816793893129771, 0.11450381679389313, 0.0, 0.11450381679389313, 0.26717557251908397], "W": [0.16793893129770993, 0.0, 0.16793893129770993, 0.25190839694656486, 0.0, 0.08396946564885496, 0.16793893129770993, 0.0, 0.08396946564885496, 0.0, 0.0], "N": [0.2748091603053435, 0.13740458015267176, 0.0, 0.4122137404580153, 0.2748091603053435, 0.22900763358778625, 0.366412213740458, 0.13740458015267176, 0.4122137404580153, 0.0916030534351145, 0.0], "K": [0.03816793893129771, 0.11450381679389313, 1.1450381679389312, 0.3816793893129771, 0.916030534351145, 0.22900763358778625, 0.3816793893129771, 0.3435114503816794, 0.4198473282442748, 0.07633587786259542, 0.03816793893129771], "S": [0.5801526717557252, 0.24427480916030533, 0.21374045801526717, 0.21374045801526717, 0.21374045801526717, 0.4580152671755725, 0.33587786259541985, 0.5190839694656488, 0.48854961832061067, 0.549618320610687, 0.030534351145038167], "V": [0.0916030534351145, 0.183206106870229, 0.0916030534351145, 0.2748091603053435, 0.030534351145038167, 0.24427480916030533, 0.15267175572519084, 0.12213740458015267, 0.12213740458015267, 0.366412213740458, 0.3053435114503817], "L": [0.6412213740458015, 1.1297709923664123, 0.5190839694656488, 0.21374045801526717, 0.2748091603053435, 0.24427480916030533, 0.3053435114503817, 0.366412213740458, 0.42748091603053434, 0.21374045801526717, 2.045801526717557], "A": [0.061068702290076333, 0.2748091603053435, 0.12213740458015267, 0.21374045801526717, 0.15267175572519084, 0.183206106870229, 0.2748091603053435, 0.2748091603053435, 0.3053435114503817, 0.7938931297709924, 0.2748091603053435], "H": [0.061068702290076333, 0.0, 0.183206106870229, 0.3053435114503817, 0.732824427480916, 0.12213740458015267, 0.6106870229007634, 0.42748091603053434, 0.48854961832061067, 0.12213740458015267, 0.0]}