{"R": [0.08403361344537816, 0.028011204481792718, 0.09803921568627451, 0.11204481792717087, 0.15406162464985995, 0.19607843137254902, 0.15406162464985995, 0.1400560224089636, 0.4341736694677871, 0.23809523809523808, 0.19607843137254902], "Q": [0.23809523809523808, 0.0700280112044818, 0.16806722689075632, 0.29411764705882354, 0.21008403361344538, 0.32212885154061627, 0.18207282913165265, 0.15406162464985995, 0.3641456582633053, 0.18207282913165265, 0.014005602240896359], "G": [0.11764705882352941, 0.16806722689075632, 0.11764705882352941, 0.15126050420168066, 0.25210084033613445, 0.48739495798319327, 0.6554621848739496, 0.4369747899159664, 0.18487394957983194, 0.2689075630252101, 0.03361344537815126], "Y": [0.37254901960784315, 0.058823529411764705, 0.8627450980392157, 0.27450980392156865, 0.1568627450980392, 0.1568627450980392, 0.13725490196078433, 0.19607843137254902, 0.1568627450980392, 0.27450980392156865, 0.43137254901960786], "E": [0.49019607843137253, 1.638655462184874, 0.11204481792717087, 0.39215686274509803, 0.33613445378151263, 0.5042016806722689, 0.32212885154061627, 0.2801120448179272, 0.2661064425770308, 0.3641456582633053, 0.04201680672268908], "P": [0.0784313725490196, 2.0980392156862746, 0.21568627450980393, 0.7058823529411765, 0.8823529411764706, 0.7058823529411765, 0.5098039215686274, 0.49019607843137253, 0.3137254901960784, 0.35294117647058826, 0.0], "T": [0.1400560224089636, 0.04201680672268908, 0.15406162464985995, 0.23809523809523808, 0.16806722689075632, 0.25210084033613445, 0.18207282913165265, 0.23809523809523808, 0.23809523809523808, 0.5882352941176471, 0.056022408963585436], "F": [0.5546218487394958, 0.13445378151260504, 0.8067226890756303, 0.33613445378151263, 0.3025210084033613, 0.15126050420168066, 0.33613445378151263, 0.48739495798319327, 0.20168067226890757, 0.23529411764705882, 0.9915966386554622], "I": [0.32492997198879553, 0.03361344537815126, 0.3473389355742297, 0.20168067226890757, 0.2801120448179272, 0.22408963585434175, 0.3025210084033613, 0.2689075630252101, 0.1568627450980392, 0.11204481792717087, 0.9187675070028011], "C": [0.05042016806722689, 0.025210084033613446, 0.025210084033613446, 0.025210084033613446, 0.07563025210084033, 0.07563025210084033, 0.10084033613445378, 0.0, 0.0, 0.10084033613445378, 0.025210084033613446], "D": [0.3697478991596639, 0.08403361344537816, 0.18487394957983194, 0.7058823529411765, 0.33613445378151263, 0.2184873949579832, 0.2184873949579832, 0.03361344537815126, 0.2184873949579832, 0.06722689075630252, 0.0], "M": [0.22408963585434175, 0.014005602240896359, 0.12605042016806722, 0.056022408963585436, 0.04201680672268908, 0.04201680672268908, 0.04201680672268908, 0.028011204481792718, 0.11204481792717087, 0.056022408963585436, 0.11204481792717087], "W": [0.15406162464985995, 0.03081232492997199, 0.2773109243697479, 0.06162464985994398, 0.09243697478991597, 0.03081232492997199, 0.12324929971988796, 0.12324929971988796, 0.12324929971988796, 0.03081232492997199, 1.8795518207282913], "N": [0.2184873949579832, 0.03361344537815126, 0.2184873949579832, 0.15126050420168066, 0.31932773109243695, 0.2184873949579832, 0.3025210084033613, 0.20168067226890757, 0.3865546218487395, 0.23529411764705882, 0.0], "K": [0.08403361344537816, 0.04201680672268908, 0.0700280112044818, 0.15406162464985995, 0.12605042016806722, 0.18207282913165265, 0.21008403361344538, 0.2801120448179272, 0.32212885154061627, 0.37815126050420167, 0.0700280112044818], "S": [0.2689075630252101, 0.20168067226890757, 0.22408963585434175, 0.3697478991596639, 0.21288515406162464, 0.41456582633053224, 0.2801120448179272, 0.24649859943977592, 0.20168067226890757, 0.2689075630252101, 0.03361344537815126], "V": [0.21288515406162464, 0.1568627450980392, 0.33613445378151263, 0.23529411764705882, 0.22408963585434175, 0.25770308123249297, 0.33613445378151263, 0.4369747899159664, 0.2689075630252101, 0.32492997198879553, 0.4257703081232493], "L": [0.6274509803921569, 0.011204481792717087, 0.5378151260504201, 0.3585434173669468, 0.45938375350140054, 0.33613445378151263, 0.3585434173669468, 0.5602240896358543, 0.5826330532212886, 0.40336134453781514, 0.5154061624649859], "A": [0.32492997198879553, 0.5714285714285714, 0.23529411764705882, 0.2689075630252101, 0.45938375350140054, 0.2801120448179272, 0.2913165266106443, 0.3025210084033613, 0.21288515406162464, 0.39215686274509803, 0.056022408963585436], "H": [0.11204481792717087, 0.04481792717086835, 0.24649859943977592, 0.1568627450980392, 0.13445378151260504, 0.06722689075630252, 0.1792717086834734, 0.1568627450980392, 0.4257703081232493, 0.20168067226890757, 0.06722689075630252]}