{"R": [0.21331058020477817, 0.008532423208191127, 0.051194539249146756, 0.10238907849829351, 0.15358361774744028, 0.18771331058020477, 0.1962457337883959, 0.23037542662116042, 0.810580204778157, 0.4351535836177474, 0.017064846416382253], "Q": [0.5887372013651877, 0.0, 0.2901023890784983, 0.2986348122866894, 0.2901023890784983, 0.2815699658703072, 0.11945392491467577, 0.23037542662116042, 0.4863481228668942, 0.36689419795221845, 0.017064846416382253], "G": [0.1945392491467577, 0.010238907849829351, 0.18430034129692832, 0.34812286689419797, 0.3993174061433447, 0.4812286689419795, 0.5119453924914675, 0.6245733788395904, 0.13310580204778158, 0.3993174061433447, 0.0], "Y": [0.059726962457337884, 0.0, 0.17918088737201365, 0.22696245733788395, 0.17918088737201365, 0.08361774744027303, 0.17918088737201365, 0.09556313993174062, 0.11945392491467577, 0.2508532423208191, 2.1621160409556315], "E": [0.7935153583617748, 4.906143344709897, 0.25597269624573377, 0.5887372013651877, 0.5119453924914675, 0.4863481228668942, 0.3839590443686007, 0.22184300341296928, 0.21331058020477817, 0.3242320819112628, 0.0], "P": [0.023890784982935155, 0.023890784982935155, 0.19112627986348124, 0.5972696245733788, 0.6450511945392492, 0.4778156996587031, 0.3464163822525597, 0.3225255972696246, 0.14334470989761092, 0.023890784982935155, 0.0], "T": [0.33276450511945393, 0.0, 0.059726962457337884, 0.2815699658703072, 0.33276450511945393, 0.3412969283276451, 0.24744027303754265, 0.1962457337883959, 0.20477815699658702, 0.46075085324232085, 0.017064846416382253], "F": [0.020477815699658702, 0.010238907849829351, 0.36860068259385664, 0.11262798634812286, 0.13310580204778158, 0.13310580204778158, 0.16382252559726962, 0.1945392491467577, 0.11262798634812286, 0.12286689419795221, 1.484641638225256], "I": [0.040955631399317405, 0.0, 0.5255972696245734, 0.10921501706484642, 0.17747440273037543, 0.2935153583617747, 0.3412969283276451, 0.27303754266211605, 0.13651877133105803, 0.034129692832764506, 0.09556313993174062], "C": [0.015358361774744027, 0.030716723549488054, 0.0, 0.0, 0.030716723549488054, 0.09215017064846416, 0.07679180887372014, 0.06143344709897611, 0.030716723549488054, 0.06143344709897611, 0.015358361774744027], "D": [0.16382252559726962, 0.010238907849829351, 0.36860068259385664, 0.9010238907849829, 0.5119453924914675, 0.3890784982935154, 0.32764505119453924, 0.10238907849829351, 0.18430034129692832, 0.08191126279863481, 0.0], "M": [0.059726962457337884, 0.0, 0.12798634812286688, 0.025597269624573378, 0.06825938566552901, 0.025597269624573378, 0.042662116040955635, 0.051194539249146756, 0.017064846416382253, 0.06825938566552901, 0.025597269624573378], "W": [0.09385665529010238, 0.0, 0.18771331058020477, 0.03754266211604096, 0.01877133105802048, 0.01877133105802048, 0.05631399317406143, 0.03754266211604096, 0.13139931740614336, 0.03754266211604096, 3.453924914675768], "N": [0.18430034129692832, 0.020477815699658702, 0.29692832764505117, 0.25597269624573377, 0.3174061433447099, 0.1945392491467577, 0.3378839590443686, 0.30716723549488056, 0.28668941979522183, 0.2354948805460751, 0.0], "K": [0.1962457337883959, 0.0, 0.10238907849829351, 0.22184300341296928, 0.12798634812286688, 0.2645051194539249, 0.42662116040955633, 0.4180887372013652, 0.9215017064846417, 0.6313993174061433, 0.0], "S": [0.5119453924914675, 0.0, 0.17747440273037543, 0.23890784982935154, 0.24573378839590443, 0.34812286689419797, 0.2593856655290102, 0.23890784982935154, 0.21843003412969283, 0.32764505119453924, 0.0], "V": [0.17747440273037543, 0.0, 0.41638225255972694, 0.10238907849829351, 0.14334470989761092, 0.27986348122866894, 0.2935153583617747, 0.40955631399317405, 0.18430034129692832, 0.23208191126279865, 0.006825938566552901], "L": [0.05460750853242321, 0.0, 0.3890784982935154, 0.43686006825938567, 0.37542662116040953, 0.27986348122866894, 0.32764505119453924, 0.4232081911262799, 0.2525597269624573, 0.34812286689419797, 0.32764505119453924], "A": [0.9146757679180887, 0.0, 0.5051194539249146, 0.28668941979522183, 0.39590443686006827, 0.28668941979522183, 0.3003412969283277, 0.39590443686006827, 0.20477815699658702, 0.32081911262798635, 0.013651877133105802], "H": [0.17747440273037543, 0.013651877133105802, 0.36860068259385664, 0.09556313993174062, 0.15017064846416384, 0.15017064846416384, 0.19112627986348124, 0.16382252559726962, 0.3822525597269625, 0.3003412969283277, 0.013651877133105802]}