{"R": [0.6146926536731634, 0.0074962518740629685, 0.11244377811094453, 0.20239880059970014, 0.08245877061469266, 0.12743628185907047, 0.1199400299850075, 0.1874062968515742, 0.12743628185907047, 0.36731634182908546, 0.0074962518740629685], "Q": [0.22488755622188905, 0.0074962518740629685, 0.044977511244377814, 0.14992503748125938, 0.21739130434782608, 0.19490254872563717, 0.1724137931034483, 0.2698650674662669, 0.4572713643178411, 0.4122938530734633, 0.0074962518740629685], "G": [0.22488755622188905, 0.17091454272863568, 0.09895052473763119, 0.41379310344827586, 0.28785607196401797, 0.5307346326836582, 0.7556221889055472, 0.3598200899550225, 0.09895052473763119, 0.17991004497751126, 0.0], "Y": [0.10494752623688156, 0.020989505247376312, 0.3148425787106447, 0.0734632683658171, 0.05247376311844078, 0.041979010494752625, 0.08395802098950525, 0.17841079460269865, 0.23088455772113944, 0.38830584707646176, 0.1889055472263868], "E": [0.05247376311844078, 0.0074962518740629685, 0.014992503748125937, 0.4047976011994003, 0.4572713643178411, 0.3373313343328336, 0.2623688155922039, 0.25487256371814093, 0.2623688155922039, 0.24737631184407796, 0.0], "P": [0.0, 0.020989505247376312, 0.12593703148425786, 1.542728635682159, 0.5037481259370314, 0.6401799100449775, 0.3568215892053973, 0.1679160419790105, 0.2098950524737631, 0.031484257871064465, 0.010494752623688156], "T": [0.19490254872563717, 1.6116941529235382, 0.08245877061469266, 0.3073463268365817, 0.22488755622188905, 0.3073463268365817, 0.29985007496251875, 0.2623688155922039, 0.2848575712143928, 0.5322338830584707, 0.0], "F": [0.10794602698650675, 0.008995502248875561, 0.6836581709145427, 0.07196401799100449, 0.13493253373313344, 0.13493253373313344, 0.11694152923538231, 0.2608695652173913, 0.2518740629685157, 0.29685157421289354, 2.4557721139430284], "I": [0.44377811094452774, 0.08395802098950525, 0.34782608695652173, 0.06596701649175413, 0.14392803598200898, 0.32983508245877063, 0.2818590704647676, 0.39580209895052476, 0.28785607196401797, 0.17391304347826086, 0.2698650674662669], "C": [0.0, 0.04047976011994003, 0.29685157421289354, 0.013493253373313344, 0.0, 0.04047976011994003, 0.04047976011994003, 0.026986506746626688, 0.10794602698650675, 0.13493253373313344, 0.0], "D": [0.026986506746626688, 0.0, 0.29685157421289354, 0.431784107946027, 0.8185907046476761, 0.36881559220389803, 0.42278860569715143, 0.24287856071964017, 0.17091454272863568, 0.06296851574212893, 0.0], "M": [0.08245877061469266, 0.0074962518740629685, 0.13493253373313344, 0.044977511244377814, 0.07496251874062969, 0.044977511244377814, 0.05247376311844078, 0.09745127436281859, 0.1724137931034483, 0.13493253373313344, 0.09745127436281859], "W": [0.0, 0.0, 0.2638680659670165, 0.03298350824587706, 0.06596701649175413, 0.01649175412293853, 0.06596701649175413, 0.03298350824587706, 0.280359820089955, 0.09895052473763119, 3.47976011994003], "N": [0.044977511244377814, 0.008995502248875561, 0.1619190404797601, 0.13493253373313344, 0.3238380809595202, 0.1889055472263868, 0.24287856071964017, 0.42278860569715143, 0.2158920539730135, 0.27886056971514245, 0.008995502248875561], "K": [1.1319340329835081, 0.0, 0.08995502248875563, 0.36731634182908546, 0.14992503748125938, 0.20239880059970014, 0.36731634182908546, 0.29235382308845576, 0.06746626686656672, 0.32233883058470764, 0.0074962518740629685], "S": [0.2518740629685157, 1.4452773613193404, 0.6176911544227887, 0.32983508245877063, 0.31784107946026985, 0.22788605697151423, 0.3598200899550225, 0.29985007496251875, 0.2158920539730135, 0.3058470764617691, 0.005997001499250375], "V": [0.335832083958021, 0.4017991004497751, 0.20389805097451275, 0.19790104947526238, 0.37181409295352325, 0.38980509745127434, 0.239880059970015, 0.3058470764617691, 0.4077961019490255, 0.25787106446776614, 0.005997001499250375], "L": [0.25787106446776614, 0.08395802098950525, 0.6776611694152923, 0.22188905547226387, 0.335832083958021, 0.545727136431784, 0.31784107946026985, 0.527736131934033, 0.6536731634182908, 0.5217391304347826, 0.5997001499250375], "A": [0.34782608695652173, 0.5037481259370314, 0.4197901049475262, 0.2698650674662669, 0.4017991004497751, 0.2158920539730135, 0.4077961019490255, 0.23388305847076463, 0.2518740629685157, 0.13193403298350825, 0.0], "H": [0.383808095952024, 0.0, 0.08395802098950525, 0.17991004497751126, 0.15592203898050974, 0.17991004497751126, 0.10794602698650675, 0.13193403298350825, 0.383808095952024, 0.22788605697151423, 0.0]}