{"R": [0.8763837638376384, 0.00922509225092251, 1.4621771217712176, 0.1752767527675277, 0.26752767527675275, 0.8071955719557196, 0.2767527675276753, 0.4289667896678967, 0.2859778597785978, 0.15682656826568267, 0.013837638376383764], "Q": [0.1937269372693727, 0.00922509225092251, 0.11992619926199262, 0.23985239852398524, 0.23985239852398524, 0.235239852398524, 0.235239852398524, 0.23985239852398524, 0.3274907749077491, 0.29981549815498154, 0.004612546125461255], "G": [0.21033210332103322, 0.016605166051660517, 0.12730627306273062, 0.5811808118081181, 0.4261992619926199, 0.5701107011070111, 0.5479704797047971, 0.6088560885608856, 0.3376383763837638, 0.2933579335793358, 0.04428044280442804], "Y": [0.20018450184501846, 0.006457564575645757, 0.24538745387453875, 0.12915129151291513, 0.11623616236162361, 0.1033210332103321, 0.13560885608856088, 0.2066420664206642, 0.07103321033210332, 0.09686346863468635, 0.006457564575645757], "E": [0.013837638376383764, 0.01845018450184502, 0.08302583025830258, 0.3274907749077491, 0.17988929889298894, 0.253690036900369, 0.21678966789667897, 0.16143911439114392, 0.19833948339483395, 0.2629151291512915, 0.013837638376383764], "P": [0.05166051660516605, 6.36070110701107, 0.238929889298893, 1.0525830258302582, 1.1107011070110702, 0.477859778597786, 0.6974169741697417, 0.5488929889298892, 0.3422509225092251, 0.4584870848708487, 0.06457564575645756], "T": [0.2444649446494465, 0.03228782287822878, 0.09225092250922509, 0.20756457564575645, 0.28136531365313655, 0.272140221402214, 0.29981549815498154, 0.29981549815498154, 0.4289667896678967, 0.525830258302583, 0.055350553505535055], "F": [0.10516605166051661, 0.016605166051660517, 0.14944649446494465, 0.16051660516605165, 0.13837638376383765, 0.17158671586715868, 0.14944649446494465, 0.26014760147601473, 0.06642066420664207, 0.12177121771217712, 0.4317343173431734], "I": [0.17343173431734318, 0.03690036900369004, 0.17712177121771217, 0.1070110701107011, 0.09225092250922509, 0.07749077490774908, 0.2140221402214022, 0.11808118081180811, 0.22878228782287824, 0.16605166051660517, 0.17343173431734318], "C": [0.024907749077490774, 0.0, 0.008302583025830259, 0.04981549815498155, 0.008302583025830259, 0.016605166051660517, 0.024907749077490774, 0.016605166051660517, 0.058118081180811805, 0.04151291512915129, 0.008302583025830259], "D": [0.0, 0.005535055350553505, 0.37084870848708484, 0.2933579335793358, 0.2158671586715867, 0.2158671586715867, 0.15498154981549817, 0.16051660516605165, 0.16051660516605165, 0.10516605166051661, 0.016605166051660517], "M": [0.12453874538745388, 0.004612546125461255, 0.20756457564575645, 0.055350553505535055, 0.05996309963099631, 0.03690036900369004, 0.06918819188191883, 0.11992619926199262, 0.07841328413284133, 0.06457564575645756, 0.43357933579335795], "W": [0.04059040590405904, 0.0, 0.04059040590405904, 0.11162361623616236, 0.08118081180811808, 0.07103321033210332, 0.02029520295202952, 0.06088560885608856, 0.03044280442804428, 0.01014760147601476, 0.02029520295202952], "N": [0.11623616236162361, 0.005535055350553505, 0.25461254612546125, 0.23800738007380073, 0.1992619926199262, 0.15498154981549817, 0.2158671586715867, 0.18265682656826568, 0.2047970479704797, 0.08302583025830258, 0.005535055350553505], "K": [0.32287822878228783, 0.013837638376383764, 0.21678966789667897, 0.1706642066420664, 0.13376383763837638, 0.3643911439114391, 0.22140221402214022, 0.21678966789667897, 0.12915129151291513, 0.14760147601476015, 0.0], "S": [0.7047970479704797, 0.014760147601476014, 0.4981549815498155, 0.4354243542435424, 0.5018450184501845, 0.43911439114391143, 0.47601476014760147, 0.3505535055350554, 0.6014760147601476, 0.6457564575645757, 0.014760147601476014], "V": [0.21033210332103322, 0.08487084870848709, 0.06273062730627306, 0.11439114391143912, 0.2952029520295203, 0.15498154981549817, 0.31365313653136534, 0.1992619926199262, 0.36531365313653136, 0.3948339483394834, 0.26199261992619927], "L": [0.26199261992619927, 0.033210332103321034, 0.13284132841328414, 0.2730627306273063, 0.28413284132841327, 0.25830258302583026, 0.2767527675276753, 0.4575645756457565, 0.35793357933579334, 0.2656826568265683, 2.6088560885608856], "A": [0.6900369003690037, 0.08856088560885608, 0.4280442804428044, 0.4575645756457565, 0.4575645756457565, 0.23247232472324722, 0.3837638376383764, 0.33579335793357934, 0.3948339483394834, 0.5682656826568265, 0.13653136531365315], "H": [0.16236162361623616, 0.007380073800738007, 0.11808118081180811, 0.16974169741697417, 0.1033210332103321, 0.30996309963099633, 0.14760147601476015, 0.1918819188191882, 0.2140221402214022, 0.1033210332103321, 0.007380073800738007]}