{"R": [0.36363636363636365, 0.0, 0.0, 0.09090909090909091, 0.2727272727272727, 0.09090909090909091, 0.18181818181818182, 0.0, 0.2727272727272727, 0.0, 0.0], "Q": [0.18181818181818182, 0.09090909090909091, 0.09090909090909091, 0.09090909090909091, 0.18181818181818182, 0.0, 0.2727272727272727, 0.2727272727272727, 0.5454545454545454, 0.18181818181818182, 0.0], "G": [0.6545454545454545, 0.0, 0.10909090909090909, 0.32727272727272727, 0.5454545454545454, 0.7636363636363637, 0.8727272727272727, 0.5454545454545454, 0.0, 0.21818181818181817, 0.0], "Y": [0.509090909090909, 0.0, 0.7636363636363637, 0.12727272727272726, 0.38181818181818183, 0.0, 0.0, 0.2545454545454545, 0.0, 0.12727272727272726, 0.0], "E": [0.0, 4.454545454545454, 0.18181818181818182, 1.0, 0.2727272727272727, 0.36363636363636365, 0.18181818181818182, 0.09090909090909091, 0.18181818181818182, 0.09090909090909091, 0.0], "P": [0.0, 0.0, 0.12727272727272726, 0.7636363636363637, 0.509090909090909, 0.2545454545454545, 0.2545454545454545, 0.2545454545454545, 0.2545454545454545, 0.2545454545454545, 0.0], "T": [0.18181818181818182, 0.0, 0.0, 0.09090909090909091, 0.36363636363636365, 0.2727272727272727, 0.36363636363636365, 0.09090909090909091, 0.36363636363636365, 1.2727272727272727, 0.0], "F": [0.5454545454545454, 0.0, 0.7636363636363637, 0.32727272727272727, 0.32727272727272727, 0.10909090909090909, 0.21818181818181817, 0.10909090909090909, 0.0, 0.32727272727272727, 0.43636363636363634], "I": [0.14545454545454545, 0.07272727272727272, 0.8727272727272727, 0.21818181818181817, 0.2909090909090909, 0.21818181818181817, 0.21818181818181817, 0.36363636363636365, 0.07272727272727272, 0.21818181818181817, 1.8181818181818181], "C": [0.0, 0.0, 0.0, 0.0, 0.0, 0.0, 0.0, 0.0, 0.0, 0.0, 0.0], "D": [0.0, 0.10909090909090909, 0.0, 0.6545454545454545, 0.32727272727272727, 0.6545454545454545, 0.43636363636363634, 0.0, 0.10909090909090909, 0.0, 0.0], "M": [0.09090909090909091, 0.0, 0.18181818181818182, 0.0, 0.0, 0.0, 0.09090909090909091, 0.18181818181818182, 0.0, 0.09090909090909091, 0.0], "W": [0.0, 0.0, 0.0, 0.0, 0.0, 0.0, 0.0, 0.0, 0.0, 0.0, 0.0], "N": [0.0, 0.0, 0.10909090909090909, 0.43636363636363634, 0.10909090909090909, 0.5454545454545454, 0.32727272727272727, 0.10909090909090909, 0.21818181818181817, 0.0, 0.0], "K": [0.6363636363636364, 0.0, 0.0, 0.0, 0.0, 0.45454545454545453, 0.2727272727272727, 0.18181818181818182, 0.0, 0.2727272727272727, 0.0], "S": [0.43636363636363634, 0.0, 0.07272727272727272, 0.43636363636363634, 0.2909090909090909, 0.6545454545454545, 0.43636363636363634, 0.6545454545454545, 0.509090909090909, 0.36363636363636365, 0.0], "V": [0.07272727272727272, 0.14545454545454545, 0.43636363636363634, 0.07272727272727272, 0.2909090909090909, 0.2909090909090909, 0.14545454545454545, 0.36363636363636365, 0.6545454545454545, 0.5818181818181818, 1.018181818181818], "L": [0.2909090909090909, 0.07272727272727272, 0.6545454545454545, 0.36363636363636365, 0.509090909090909, 0.2909090909090909, 0.36363636363636365, 0.5818181818181818, 0.8, 0.2909090909090909, 0.8727272727272727], "A": [0.8, 0.0, 0.2909090909090909, 0.21818181818181817, 0.2909090909090909, 0.07272727272727272, 0.36363636363636365, 0.509090909090909, 0.36363636363636365, 0.2909090909090909, 0.0], "H": [0.0, 0.0, 0.2909090909090909, 0.0, 0.14545454545454545, 0.0, 0.0, 0.14545454545454545, 0.2909090909090909, 0.2909090909090909, 0.0]}