{"R": [0.4716981132075472, 0.0, 0.0, 0.09433962264150944, 0.2830188679245283, 0.18867924528301888, 0.09433962264150944, 0.2830188679245283, 0.7547169811320755, 0.37735849056603776, 0.0], "Q": [0.0, 0.0, 0.09433962264150944, 0.09433962264150944, 0.09433962264150944, 0.09433962264150944, 0.18867924528301888, 0.37735849056603776, 0.4716981132075472, 0.18867924528301888, 0.0], "G": [0.22641509433962265, 0.11320754716981132, 0.22641509433962265, 0.6792452830188679, 0.6792452830188679, 0.4528301886792453, 0.4528301886792453, 0.9056603773584906, 0.33962264150943394, 0.0, 0.0], "Y": [1.1886792452830188, 0.0, 0.7924528301886793, 0.1320754716981132, 0.39622641509433965, 0.2641509433962264, 0.1320754716981132, 0.39622641509433965, 0.0, 0.1320754716981132, 1.320754716981132], "E": [0.09433962264150944, 0.0, 0.0, 0.2830188679245283, 0.0, 0.18867924528301888, 0.2830188679245283, 0.0, 0.18867924528301888, 0.4716981132075472, 0.0], "P": [0.0, 0.0, 0.1320754716981132, 0.9245283018867925, 0.660377358490566, 0.39622641509433965, 0.660377358490566, 0.2641509433962264, 0.39622641509433965, 0.1320754716981132, 0.0], "T": [0.18867924528301888, 0.660377358490566, 0.2830188679245283, 0.18867924528301888, 0.0, 0.2830188679245283, 0.09433962264150944, 0.5660377358490566, 0.37735849056603776, 0.7547169811320755, 0.0], "F": [0.4528301886792453, 0.0, 0.22641509433962265, 0.11320754716981132, 0.22641509433962265, 0.11320754716981132, 0.22641509433962265, 0.22641509433962265, 0.22641509433962265, 0.0, 1.471698113207547], "I": [0.37735849056603776, 0.22641509433962265, 0.5283018867924528, 0.07547169811320754, 0.1509433962264151, 0.1509433962264151, 0.1509433962264151, 0.07547169811320754, 0.6037735849056604, 0.1509433962264151, 0.07547169811320754], "C": [0.0, 0.0, 0.16981132075471697, 0.0, 0.0, 0.0, 0.0, 0.16981132075471697, 0.16981132075471697, 0.0, 0.0], "D": [0.11320754716981132, 0.0, 0.11320754716981132, 1.3584905660377358, 0.4528301886792453, 0.22641509433962265, 0.9056603773584906, 0.22641509433962265, 0.22641509433962265, 0.11320754716981132, 0.0], "M": [0.18867924528301888, 0.2830188679245283, 0.09433962264150944, 0.0, 0.0, 0.09433962264150944, 0.18867924528301888, 0.0, 0.09433962264150944, 0.0, 0.37735849056603776], "W": [0.0, 0.0, 0.20754716981132076, 0.0, 0.20754716981132076, 0.0, 0.0, 0.0, 0.0, 0.0, 0.0], "N": [0.0, 0.0, 0.11320754716981132, 0.22641509433962265, 0.22641509433962265, 0.6792452830188679, 0.11320754716981132, 0.33962264150943394, 0.22641509433962265, 0.11320754716981132, 0.0], "K": [0.37735849056603776, 0.0, 0.18867924528301888, 0.09433962264150944, 0.4716981132075472, 0.660377358490566, 0.37735849056603776, 0.37735849056603776, 0.37735849056603776, 0.09433962264150944, 0.0], "S": [0.1509433962264151, 0.6792452830188679, 0.6037735849056604, 0.37735849056603776, 0.4528301886792453, 0.3018867924528302, 0.3018867924528302, 0.22641509433962265, 0.1509433962264151, 0.3018867924528302, 0.0], "V": [0.5283018867924528, 0.0, 0.4528301886792453, 0.22641509433962265, 0.3018867924528302, 0.22641509433962265, 0.1509433962264151, 0.22641509433962265, 0.1509433962264151, 0.6792452830188679, 0.22641509433962265], "L": [0.1509433962264151, 0.0, 0.22641509433962265, 0.3018867924528302, 0.0, 0.37735849056603776, 0.5283018867924528, 0.22641509433962265, 0.3018867924528302, 0.1509433962264151, 1.6603773584905661], "A": [0.5283018867924528, 2.2641509433962264, 0.37735849056603776, 0.22641509433962265, 0.6037735849056604, 0.1509433962264151, 0.07547169811320754, 0.3018867924528302, 0.0, 0.8301886792452831, 0.0], "H": [0.0, 0.0, 0.3018867924528302, 0.0, 0.1509433962264151, 0.4528301886792453, 0.4528301886792453, 0.1509433962264151, 0.0, 0.1509433962264151, 0.0]}