{"R": [0.09433962264150944, 0.0, 0.0, 0.04716981132075472, 0.04716981132075472, 0.04716981132075472, 0.2358490566037736, 0.18867924528301888, 0.0, 0.09433962264150944, 0.0], "Q": [0.04716981132075472, 0.0, 0.09433962264150944, 0.14150943396226415, 0.14150943396226415, 0.0, 0.14150943396226415, 0.14150943396226415, 0.18867924528301888, 0.09433962264150944, 0.0], "G": [0.05660377358490566, 0.0, 0.11320754716981132, 1.471698113207547, 0.16981132075471697, 0.6792452830188679, 0.4528301886792453, 0.5094339622641509, 0.11320754716981132, 0.0, 0.0], "Y": [0.19811320754716982, 0.330188679245283, 0.2641509433962264, 0.0, 0.0, 0.0660377358490566, 0.0, 1.4528301886792452, 0.0, 0.0660377358490566, 3.7641509433962264], "E": [0.14150943396226415, 0.14150943396226415, 0.42452830188679247, 0.5188679245283019, 1.650943396226415, 0.14150943396226415, 0.4716981132075472, 0.2358490566037736, 0.42452830188679247, 1.4150943396226414, 0.0], "P": [0.19811320754716982, 5.216981132075472, 0.39622641509433965, 1.2547169811320755, 0.5943396226415094, 0.46226415094339623, 0.39622641509433965, 0.46226415094339623, 0.2641509433962264, 0.2641509433962264, 0.0], "T": [0.18867924528301888, 0.04716981132075472, 0.09433962264150944, 0.14150943396226415, 0.18867924528301888, 0.6132075471698113, 0.330188679245283, 0.330188679245283, 0.18867924528301888, 0.330188679245283, 0.0], "F": [0.9622641509433962, 0.11320754716981132, 0.22641509433962265, 0.16981132075471697, 0.05660377358490566, 0.11320754716981132, 0.16981132075471697, 0.05660377358490566, 1.3018867924528301, 0.0, 1.8113207547169812], "I": [0.18867924528301888, 0.07547169811320754, 0.37735849056603776, 0.0, 0.1509433962264151, 0.07547169811320754, 0.22641509433962265, 0.11320754716981132, 0.2641509433962264, 0.22641509433962265, 0.0], "C": [0.0, 0.0, 0.0, 0.0, 0.0, 0.0, 0.0, 0.0, 0.0, 0.0, 0.0], "D": [0.0, 0.0, 0.7924528301886793, 0.5094339622641509, 0.39622641509433965, 0.4528301886792453, 1.4150943396226414, 0.2830188679245283, 1.4150943396226414, 0.05660377358490566, 0.0], "M": [0.6132075471698113, 0.09433962264150944, 0.14150943396226415, 0.0, 0.0, 0.0, 0.0, 0.09433962264150944, 0.0, 0.04716981132075472, 0.2830188679245283], "W": [0.0, 0.0, 0.10377358490566038, 0.10377358490566038, 0.0, 0.0, 0.0, 0.0, 0.0, 0.0, 0.0], "N": [0.22641509433962265, 0.05660377358490566, 0.16981132075471697, 0.22641509433962265, 0.22641509433962265, 0.22641509433962265, 0.11320754716981132, 0.2830188679245283, 0.05660377358490566, 0.11320754716981132, 0.0], "K": [0.04716981132075472, 0.04716981132075472, 0.0, 0.2358490566037736, 0.18867924528301888, 0.14150943396226415, 0.2358490566037736, 0.37735849056603776, 0.0, 0.18867924528301888, 0.14150943396226415], "S": [0.03773584905660377, 0.0, 0.1509433962264151, 0.1509433962264151, 0.18867924528301888, 0.5660377358490566, 0.1509433962264151, 0.22641509433962265, 0.1509433962264151, 0.33962264150943394, 0.0], "V": [0.11320754716981132, 0.07547169811320754, 0.9811320754716981, 0.18867924528301888, 0.22641509433962265, 0.22641509433962265, 0.1509433962264151, 0.11320754716981132, 0.3018867924528302, 0.6037735849056604, 0.0], "L": [0.5660377358490566, 0.0, 0.2641509433962264, 0.3018867924528302, 0.0, 0.07547169811320754, 0.18867924528301888, 0.3018867924528302, 0.1509433962264151, 0.3018867924528302, 0.3018867924528302], "A": [0.03773584905660377, 0.3018867924528302, 0.2641509433962264, 0.11320754716981132, 0.6792452830188679, 1.0188679245283019, 0.49056603773584906, 0.2641509433962264, 0.3018867924528302, 0.4528301886792453, 0.0], "H": [2.188679245283019, 0.0, 0.1509433962264151, 0.07547169811320754, 0.1509433962264151, 0.0, 0.0, 0.07547169811320754, 0.22641509433962265, 0.07547169811320754, 0.0]}