{"R": [0.4968944099378882, 2.857142857142857, 0.3416149068322981, 0.4658385093167702, 0.5279503105590062, 0.18633540372670807, 0.4658385093167702, 0.3416149068322981, 0.3416149068322981, 0.15527950310559005, 0.0], "Q": [0.062111801242236024, 0.09316770186335403, 0.15527950310559005, 0.15527950310559005, 0.12422360248447205, 0.21739130434782608, 0.12422360248447205, 0.2795031055900621, 0.40372670807453415, 0.21739130434782608, 0.0], "G": [0.2236024844720497, 0.037267080745341616, 0.18633540372670807, 0.18633540372670807, 0.37267080745341613, 0.2981366459627329, 0.2608695652173913, 0.40993788819875776, 0.2981366459627329, 0.2981366459627329, 0.0], "Y": [0.782608695652174, 0.9130434782608695, 0.6956521739130435, 0.13043478260869565, 0.2608695652173913, 0.13043478260869565, 0.21739130434782608, 0.21739130434782608, 0.21739130434782608, 0.34782608695652173, 0.391304347826087], "E": [0.031055900621118012, 0.031055900621118012, 0.031055900621118012, 0.5590062111801242, 0.062111801242236024, 0.2795031055900621, 0.40372670807453415, 0.2484472049689441, 0.15527950310559005, 0.2795031055900621, 0.0], "P": [0.0, 0.043478260869565216, 0.21739130434782608, 0.7391304347826086, 0.43478260869565216, 0.4782608695652174, 0.391304347826087, 0.391304347826087, 0.5217391304347826, 0.34782608695652173, 0.0], "T": [0.12422360248447205, 0.21739130434782608, 0.09316770186335403, 0.09316770186335403, 0.12422360248447205, 0.3416149068322981, 0.4968944099378882, 0.3105590062111801, 0.2484472049689441, 0.5279503105590062, 0.0], "F": [1.2298136645962734, 0.2981366459627329, 0.8944099378881988, 0.2236024844720497, 0.5590062111801242, 0.2608695652173913, 0.4472049689440994, 0.33540372670807456, 0.14906832298136646, 0.2981366459627329, 0.968944099378882], "I": [0.19875776397515527, 0.049689440993788817, 0.2732919254658385, 0.19875776397515527, 0.17391304347826086, 0.14906832298136646, 0.17391304347826086, 0.2484472049689441, 0.19875776397515527, 0.2236024844720497, 0.39751552795031053], "C": [0.055900621118012424, 0.0, 0.055900621118012424, 0.11180124223602485, 0.055900621118012424, 0.33540372670807456, 0.055900621118012424, 0.16770186335403728, 0.11180124223602485, 0.11180124223602485, 0.0], "D": [0.037267080745341616, 0.0, 0.18633540372670807, 0.2608695652173913, 0.11180124223602485, 0.33540372670807456, 0.14906832298136646, 0.18633540372670807, 0.14906832298136646, 0.11180124223602485, 0.0], "M": [0.15527950310559005, 0.031055900621118012, 0.15527950310559005, 0.031055900621118012, 0.15527950310559005, 0.15527950310559005, 0.09316770186335403, 0.062111801242236024, 0.12422360248447205, 0.18633540372670807, 0.3416149068322981], "W": [0.13664596273291926, 0.0, 0.20496894409937888, 0.3416149068322981, 0.2732919254658385, 0.2732919254658385, 0.06832298136645963, 0.06832298136645963, 0.06832298136645963, 0.0, 0.06832298136645963], "N": [0.14906832298136646, 0.0, 0.2981366459627329, 0.2981366459627329, 0.5590062111801242, 0.33540372670807456, 0.18633540372670807, 0.2608695652173913, 0.2608695652173913, 0.07453416149068323, 0.0], "K": [0.15527950310559005, 0.0, 0.2795031055900621, 0.2795031055900621, 0.2795031055900621, 0.18633540372670807, 0.2484472049689441, 0.18633540372670807, 0.2484472049689441, 0.09316770186335403, 0.0], "S": [0.546583850931677, 0.2236024844720497, 0.37267080745341613, 0.37267080745341613, 0.34782608695652173, 0.4968944099378882, 0.39751552795031053, 0.34782608695652173, 0.32298136645962733, 0.37267080745341613, 0.0], "V": [0.09937888198757763, 0.024844720496894408, 0.2484472049689441, 0.17391304347826086, 0.2981366459627329, 0.2236024844720497, 0.17391304347826086, 0.19875776397515527, 0.2236024844720497, 0.37267080745341613, 0.4720496894409938], "L": [0.5714285714285714, 0.12422360248447205, 0.2484472049689441, 0.37267080745341613, 0.2236024844720497, 0.34782608695652173, 0.4472049689440994, 0.34782608695652173, 0.6708074534161491, 0.5217391304347826, 1.937888198757764], "A": [0.07453416149068323, 0.19875776397515527, 0.2236024844720497, 0.14906832298136646, 0.32298136645962733, 0.19875776397515527, 0.19875776397515527, 0.2981366459627329, 0.19875776397515527, 0.2484472049689441, 0.024844720496894408], "H": [0.14906832298136646, 0.049689440993788817, 0.2484472049689441, 0.2981366459627329, 0.049689440993788817, 0.14906832298136646, 0.09937888198757763, 0.34782608695652173, 0.19875776397515527, 0.2484472049689441, 0.0]}