{"R": [0.09025270758122744, 0.036101083032490974, 0.05415162454873646, 0.09025270758122744, 0.09025270758122744, 0.1263537906137184, 0.10830324909747292, 0.018050541516245487, 0.07220216606498195, 0.18050541516245489, 0.5776173285198556], "Q": [0.1444043321299639, 0.1444043321299639, 0.05415162454873646, 0.19855595667870035, 0.1624548736462094, 0.1263537906137184, 0.18050541516245489, 0.21660649819494585, 0.30685920577617326, 0.27075812274368233, 0.018050541516245487], "G": [0.259927797833935, 0.19494584837545126, 0.21660649819494585, 0.6714801444043321, 0.47653429602888087, 0.5631768953068592, 0.6064981949458483, 0.6714801444043321, 0.4548736462093863, 0.4981949458483754, 0.04332129963898917], "Y": [0.35379061371841153, 0.02527075812274368, 0.4043321299638989, 0.17689530685920576, 0.15162454873646208, 0.2527075812274368, 0.2527075812274368, 0.20216606498194944, 0.2527075812274368, 0.48014440433212996, 0.02527075812274368], "E": [1.407942238267148, 0.21660649819494585, 0.3249097472924188, 0.5595667870036101, 0.34296028880866425, 0.4332129963898917, 0.30685920577617326, 0.30685920577617326, 0.37906137184115524, 0.48736462093862815, 0.09025270758122744], "P": [0.05054151624548736, 0.22743682310469315, 0.4296028880866426, 1.036101083032491, 0.9602888086642599, 0.30324909747292417, 0.5054151624548736, 0.35379061371841153, 0.30324909747292417, 0.5306859205776173, 0.05054151624548736], "T": [0.37906137184115524, 1.227436823104693, 0.18050541516245489, 0.23465703971119134, 0.36101083032490977, 0.3249097472924188, 0.21660649819494585, 0.27075812274368233, 0.27075812274368233, 0.19855595667870035, 0.05415162454873646], "F": [0.30324909747292417, 0.10830324909747292, 0.7364620938628159, 0.15162454873646208, 0.17328519855595667, 0.2815884476534296, 0.2815884476534296, 0.3249097472924188, 0.1299638989169675, 0.36823104693140796, 0.17328519855595667], "I": [0.1588447653429603, 0.2743682310469314, 0.5631768953068592, 0.1299638989169675, 0.34657039711191334, 0.30324909747292417, 0.1588447653429603, 0.259927797833935, 0.21660649819494585, 0.05776173285198556, 0.34657039711191334], "C": [0.0, 0.0, 0.032490974729241874, 0.032490974729241874, 0.0, 0.0, 0.032490974729241874, 0.0, 0.0, 0.0, 0.0], "D": [0.4548736462093863, 0.10830324909747292, 0.10830324909747292, 0.5631768953068592, 0.23826714801444043, 0.41155234657039713, 0.2815884476534296, 0.259927797833935, 0.34657039711191334, 0.17328519855595667, 0.08664259927797834], "M": [0.1263537906137184, 0.018050541516245487, 0.05415162454873646, 0.0, 0.018050541516245487, 0.018050541516245487, 0.10830324909747292, 0.10830324909747292, 0.07220216606498195, 0.05415162454873646, 0.036101083032490974], "W": [0.0, 0.039711191335740074, 0.0, 0.039711191335740074, 0.11913357400722022, 0.11913357400722022, 0.07942238267148015, 0.0, 0.11913357400722022, 0.0, 0.0], "N": [0.23826714801444043, 0.08664259927797834, 0.08664259927797834, 0.259927797833935, 0.23826714801444043, 0.19494584837545126, 0.15162454873646208, 0.19494584837545126, 0.2815884476534296, 0.23826714801444043, 0.021660649819494584], "K": [0.1624548736462094, 0.09025270758122744, 0.10830324909747292, 0.1263537906137184, 0.18050541516245489, 0.2888086642599278, 0.1263537906137184, 0.21660649819494585, 0.036101083032490974, 0.23465703971119134, 0.4693140794223827], "S": [0.36101083032490977, 0.21660649819494585, 0.3176895306859206, 0.3176895306859206, 0.33212996389891697, 0.33212996389891697, 0.259927797833935, 0.2743682310469314, 0.4187725631768953, 0.33212996389891697, 0.07220216606498195], "V": [0.1299638989169675, 1.0541516245487366, 0.37545126353790614, 0.20216606498194944, 0.3176895306859206, 0.2743682310469314, 0.36101083032490977, 0.36101083032490977, 0.33212996389891697, 0.24548736462093862, 1.184115523465704], "L": [0.11552346570397112, 0.18772563176895307, 0.17328519855595667, 0.21660649819494585, 0.18772563176895307, 0.259927797833935, 0.4187725631768953, 0.6064981949458483, 0.24548736462093862, 0.4187725631768953, 0.8086642599277978], "A": [0.1299638989169675, 0.2888086642599278, 0.6498194945848376, 0.259927797833935, 0.36101083032490977, 0.33212996389891697, 0.5054151624548736, 0.23104693140794225, 0.51985559566787, 0.3176895306859206, 0.33212996389891697], "H": [0.37545126353790614, 0.20216606498194944, 0.08664259927797834, 0.17328519855595667, 0.20216606498194944, 0.23104693140794225, 0.20216606498194944, 0.1444043321299639, 0.37545126353790614, 0.11552346570397112, 0.0]}