{"R": [0.33707865168539325, 0.0, 0.056179775280898875, 0.11235955056179775, 0.16853932584269662, 0.11235955056179775, 0.056179775280898875, 0.056179775280898875, 0.33707865168539325, 0.16853932584269662, 0.0], "Q": [0.056179775280898875, 0.0, 0.056179775280898875, 0.11235955056179775, 0.056179775280898875, 0.11235955056179775, 0.33707865168539325, 0.16853932584269662, 0.6179775280898876, 0.16853932584269662, 0.0], "G": [0.8764044943820225, 0.06741573033707865, 0.20224719101123595, 0.4044943820224719, 0.47191011235955055, 0.7415730337078652, 1.0786516853932584, 0.8089887640449438, 0.20224719101123595, 0.1348314606741573, 0.0], "Y": [0.23595505617977527, 0.0, 1.0224719101123596, 0.0, 0.39325842696629215, 0.0, 0.15730337078651685, 0.15730337078651685, 0.0, 0.15730337078651685, 0.0], "E": [0.0, 4.775280898876405, 0.11235955056179775, 0.7303370786516854, 0.2808988764044944, 0.33707865168539325, 0.2808988764044944, 0.11235955056179775, 0.16853932584269662, 0.11235955056179775, 0.0], "P": [0.0, 0.07865168539325842, 0.07865168539325842, 1.101123595505618, 0.8651685393258427, 0.15730337078651685, 0.3146067415730337, 0.3146067415730337, 0.07865168539325842, 0.0, 0.0], "T": [0.2808988764044944, 0.0, 0.056179775280898875, 0.11235955056179775, 0.2247191011235955, 0.2808988764044944, 0.449438202247191, 0.2247191011235955, 0.33707865168539325, 1.1235955056179776, 0.0], "F": [0.33707865168539325, 0.0, 0.8089887640449438, 0.2696629213483146, 0.33707865168539325, 0.06741573033707865, 0.20224719101123595, 0.4044943820224719, 0.0, 0.20224719101123595, 0.33707865168539325], "I": [0.1348314606741573, 0.0449438202247191, 0.8089887640449438, 0.1348314606741573, 0.1348314606741573, 0.3146067415730337, 0.3146067415730337, 0.2247191011235955, 0.1348314606741573, 0.1797752808988764, 1.8876404494382022], "C": [0.0, 0.0, 0.0, 0.0, 0.0, 0.0, 0.0, 0.0, 0.0, 0.0, 0.0], "D": [0.0, 0.0, 0.2696629213483146, 1.0112359550561798, 0.4044943820224719, 0.6741573033707865, 0.2696629213483146, 0.06741573033707865, 0.1348314606741573, 0.06741573033707865, 0.0], "M": [0.11235955056179775, 0.0, 0.11235955056179775, 0.0, 0.0, 0.0, 0.11235955056179775, 0.16853932584269662, 0.056179775280898875, 0.11235955056179775, 0.0], "W": [0.0, 0.0, 0.0, 0.0, 0.12359550561797752, 0.0, 0.0, 0.0, 0.0, 0.0, 0.0], "N": [0.0, 0.0, 0.06741573033707865, 0.47191011235955055, 0.06741573033707865, 0.47191011235955055, 0.2696629213483146, 0.2696629213483146, 0.33707865168539325, 0.06741573033707865, 0.0], "K": [0.39325842696629215, 0.0, 0.0, 0.056179775280898875, 0.16853932584269662, 0.39325842696629215, 0.2808988764044944, 0.16853932584269662, 0.0, 0.2808988764044944, 0.0], "S": [0.4044943820224719, 0.0, 0.0449438202247191, 0.4044943820224719, 0.3595505617977528, 0.6292134831460674, 0.2696629213483146, 0.4943820224719101, 0.3595505617977528, 0.4044943820224719, 0.0], "V": [0.2247191011235955, 0.0449438202247191, 0.4044943820224719, 0.0449438202247191, 0.2696629213483146, 0.2247191011235955, 0.1797752808988764, 0.3595505617977528, 0.6292134831460674, 0.4044943820224719, 1.2584269662921348], "L": [0.3146067415730337, 0.0, 0.4044943820224719, 0.2247191011235955, 0.3146067415730337, 0.2696629213483146, 0.3595505617977528, 0.4943820224719101, 0.6292134831460674, 0.4943820224719101, 0.5393258426966292], "A": [0.9887640449438202, 0.0, 0.3146067415730337, 0.1797752808988764, 0.449438202247191, 0.1797752808988764, 0.1797752808988764, 0.3146067415730337, 0.449438202247191, 0.3146067415730337, 0.0898876404494382], "H": [0.0898876404494382, 0.0, 0.3595505617977528, 0.0898876404494382, 0.2696629213483146, 0.0, 0.0, 0.1797752808988764, 0.1797752808988764, 0.449438202247191, 0.0]}