{"R": [0.07352941176470588, 1.5808823529411764, 0.0, 0.11029411764705882, 0.07352941176470588, 0.11029411764705882, 0.03676470588235294, 0.07352941176470588, 0.03676470588235294, 0.0, 0.0], "Q": [0.36764705882352944, 0.07352941176470588, 0.25735294117647056, 0.18382352941176472, 0.22058823529411764, 0.29411764705882354, 0.14705882352941177, 0.40441176470588236, 0.36764705882352944, 0.14705882352941177, 0.0], "G": [0.0, 0.0, 0.08823529411764706, 0.3088235294117647, 0.39705882352941174, 0.9264705882352942, 0.8382352941176471, 0.75, 0.1323529411764706, 0.1323529411764706, 0.0], "Y": [0.5661764705882353, 0.051470588235294115, 0.4117647058823529, 0.25735294117647056, 0.051470588235294115, 0.15441176470588236, 0.051470588235294115, 0.25735294117647056, 0.15441176470588236, 0.15441176470588236, 0.0], "E": [0.36764705882352944, 0.0, 0.18382352941176472, 0.25735294117647056, 0.625, 0.4411764705882353, 0.47794117647058826, 0.11029411764705882, 0.40441176470588236, 0.29411764705882354, 0.0], "P": [0.0, 0.10294117647058823, 0.10294117647058823, 1.286764705882353, 1.1838235294117647, 0.5661764705882353, 0.5661764705882353, 0.20588235294117646, 0.10294117647058823, 0.0, 0.051470588235294115], "T": [0.8823529411764706, 0.0, 0.07352941176470588, 0.22058823529411764, 0.25735294117647056, 0.22058823529411764, 0.36764705882352944, 0.29411764705882354, 0.47794117647058826, 0.7352941176470589, 0.0], "F": [0.75, 0.0, 1.0147058823529411, 0.1323529411764706, 0.1323529411764706, 0.04411764705882353, 0.0, 0.17647058823529413, 0.2647058823529412, 0.08823529411764706, 0.22058823529411764], "I": [0.029411764705882353, 0.0, 0.5588235294117647, 0.17647058823529413, 0.08823529411764706, 0.14705882352941177, 0.08823529411764706, 0.38235294117647056, 0.29411764705882354, 0.14705882352941177, 0.08823529411764706], "C": [0.0, 0.0, 0.0661764705882353, 0.0, 0.0, 0.0, 0.0, 0.0661764705882353, 0.0661764705882353, 0.0661764705882353, 0.0], "D": [0.17647058823529413, 0.0, 0.4852941176470588, 1.0588235294117647, 0.2647058823529412, 0.5735294117647058, 0.3088235294117647, 0.2647058823529412, 0.3088235294117647, 0.04411764705882353, 0.0], "M": [0.36764705882352944, 0.0, 0.25735294117647056, 0.07352941176470588, 0.03676470588235294, 0.0, 0.14705882352941177, 0.07352941176470588, 0.18382352941176472, 0.07352941176470588, 0.18382352941176472], "W": [0.2426470588235294, 0.0, 0.0, 0.0, 0.0, 0.0, 0.16176470588235295, 0.08088235294117647, 0.08088235294117647, 0.0, 0.0], "N": [0.2647058823529412, 0.0, 0.04411764705882353, 0.2647058823529412, 0.3088235294117647, 0.2647058823529412, 0.2647058823529412, 0.35294117647058826, 0.35294117647058826, 0.0, 0.0], "K": [0.03676470588235294, 0.0, 0.0, 0.22058823529411764, 0.07352941176470588, 0.25735294117647056, 0.25735294117647056, 0.18382352941176472, 0.07352941176470588, 0.14705882352941177, 0.0], "S": [0.23529411764705882, 0.0, 0.14705882352941177, 0.29411764705882354, 0.5, 0.2647058823529412, 0.47058823529411764, 0.35294117647058826, 0.20588235294117646, 0.5588235294117647, 0.0], "V": [0.08823529411764706, 0.0, 0.17647058823529413, 0.058823529411764705, 0.29411764705882354, 0.17647058823529413, 0.2647058823529412, 0.23529411764705882, 0.35294117647058826, 0.7941176470588235, 0.3235294117647059], "L": [0.11764705882352941, 0.0, 0.47058823529411764, 0.17647058823529413, 0.14705882352941177, 0.35294117647058826, 0.3235294117647059, 0.3235294117647059, 0.4411764705882353, 0.17647058823529413, 3.1176470588235294], "A": [0.17647058823529413, 0.029411764705882353, 0.47058823529411764, 0.29411764705882354, 0.4411764705882353, 0.29411764705882354, 0.3235294117647059, 0.3235294117647059, 0.4411764705882353, 0.8823529411764706, 0.14705882352941177], "H": [0.9411764705882353, 5.117647058823529, 0.29411764705882354, 0.17647058823529413, 0.11764705882352941, 0.17647058823529413, 0.058823529411764705, 0.23529411764705882, 0.23529411764705882, 0.058823529411764705, 0.0]}