{"R": [0.13157894736842105, 0.0, 0.0, 0.0, 0.13157894736842105, 0.2631578947368421, 0.13157894736842105, 0.13157894736842105, 0.2631578947368421, 0.0, 0.0], "Q": [0.0, 0.0, 0.19736842105263158, 0.19736842105263158, 0.19736842105263158, 0.0, 0.19736842105263158, 0.13157894736842105, 0.39473684210526316, 0.19736842105263158, 0.0], "G": [0.07894736842105263, 0.07894736842105263, 0.07894736842105263, 0.7894736842105263, 1.0263157894736843, 0.7105263157894737, 0.631578947368421, 1.105263157894737, 0.3157894736842105, 0.15789473684210525, 0.0], "Y": [1.2894736842105263, 0.0, 0.9210526315789473, 0.09210526315789473, 0.18421052631578946, 0.27631578947368424, 0.0, 0.4605263157894737, 0.0, 0.27631578947368424, 0.09210526315789473], "E": [0.06578947368421052, 0.06578947368421052, 0.0, 0.4605263157894737, 0.2631578947368421, 0.32894736842105265, 0.13157894736842105, 0.32894736842105265, 0.2631578947368421, 0.5263157894736842, 0.13157894736842105], "P": [0.09210526315789473, 0.18421052631578946, 0.09210526315789473, 1.381578947368421, 1.2894736842105263, 0.4605263157894737, 0.6447368421052632, 0.6447368421052632, 0.09210526315789473, 0.4605263157894737, 0.0], "T": [0.13157894736842105, 0.13157894736842105, 0.19736842105263158, 0.19736842105263158, 0.2631578947368421, 0.19736842105263158, 0.39473684210526316, 0.19736842105263158, 0.13157894736842105, 0.2631578947368421, 0.0], "F": [2.6052631578947367, 0.0, 0.7894736842105263, 0.07894736842105263, 0.0, 0.15789473684210525, 0.15789473684210525, 0.07894736842105263, 0.3157894736842105, 0.07894736842105263, 0.868421052631579], "I": [0.10526315789473684, 0.42105263157894735, 0.3684210526315789, 0.0, 0.05263157894736842, 0.21052631578947367, 0.3157894736842105, 0.21052631578947367, 0.3684210526315789, 0.21052631578947367, 0.0], "C": [0.0, 0.0, 0.11842105263157894, 0.11842105263157894, 0.0, 0.0, 0.0, 0.0, 0.0, 0.11842105263157894, 0.0], "D": [0.07894736842105263, 0.0, 0.39473684210526316, 1.263157894736842, 0.15789473684210525, 0.5526315789473685, 0.5526315789473685, 0.39473684210526316, 0.07894736842105263, 0.15789473684210525, 0.15789473684210525], "M": [0.0, 0.0, 0.13157894736842105, 0.0, 0.0, 0.0, 0.06578947368421052, 0.06578947368421052, 0.0, 0.06578947368421052, 0.19736842105263158], "W": [0.0, 0.0, 0.2894736842105263, 0.14473684210526316, 0.0, 0.0, 0.0, 0.0, 0.0, 0.0, 0.0], "N": [0.07894736842105263, 0.0, 0.07894736842105263, 0.0, 0.3157894736842105, 0.39473684210526316, 0.0, 0.23684210526315788, 0.3157894736842105, 0.15789473684210525, 0.0], "K": [0.13157894736842105, 0.06578947368421052, 0.06578947368421052, 0.39473684210526316, 0.13157894736842105, 0.4605263157894737, 0.2631578947368421, 0.13157894736842105, 0.0, 0.06578947368421052, 0.0], "S": [0.2631578947368421, 0.47368421052631576, 0.21052631578947367, 0.15789473684210525, 0.3157894736842105, 0.42105263157894735, 0.3157894736842105, 0.21052631578947367, 0.7368421052631579, 0.47368421052631576, 0.05263157894736842], "V": [0.2631578947368421, 0.10526315789473684, 0.3684210526315789, 0.15789473684210525, 0.2631578947368421, 0.21052631578947367, 0.21052631578947367, 0.3157894736842105, 0.3157894736842105, 0.2631578947368421, 0.05263157894736842], "L": [0.15789473684210525, 0.21052631578947367, 0.5263157894736842, 0.0, 0.21052631578947367, 0.15789473684210525, 0.42105263157894735, 0.2631578947368421, 0.5263157894736842, 0.3684210526315789, 2.6842105263157894], "A": [0.15789473684210525, 2.3684210526315788, 0.21052631578947367, 0.21052631578947367, 0.47368421052631576, 0.3684210526315789, 0.3684210526315789, 0.3157894736842105, 0.3684210526315789, 0.8947368421052632, 0.21052631578947367], "H": [0.0, 0.10526315789473684, 0.42105263157894735, 0.21052631578947367, 0.10526315789473684, 0.0, 0.3157894736842105, 0.10526315789473684, 0.21052631578947367, 0.10526315789473684, 0.0]}