{"L": [0.5056179775280899, 0.21290322580645163, 1.0, 0.40196078431372556, 0.7349397590361446, 0.696629213483146, 0.8918918918918919, 0.8160919540229885, 0.6666666666666666, 1.0, 1.0, 1.0, 0.0728862973760933], "G": [0.3707865168539326, 0.19354838709677422, 0.3584905660377358, 0.6862745098039216, 0.5662650602409639, 0.6179775280898877, 0.8918918918918919, 1.0, 1.0, 0.5185185185185185, 0.5362318840579711, 0.2818181818181818, 0.026239067055393587], "K": [1.0, 0.038709677419354833, 0.37735849056603776, 0.2450980392156863, 0.20481927710843376, 0.3370786516853933, 0.33783783783783783, 0.3793103448275862, 0.6190476190476191, 0.2839506172839506, 0.391304347826087, 0.2727272727272727, 0.09620991253644316], "M": [0.21348314606741572, 0.025806451612903226, 0.11320754716981131, 0.06862745098039216, 0.13253012048192772, 0.10112359550561797, 0.06756756756756757, 0.10344827586206896, 0.12698412698412698, 0.1728395061728395, 0.18840579710144928, 0.08181818181818182, 0.01749271137026239], "F": [0.23595505617977527, 0.11612903225806452, 0.5943396226415095, 0.12745098039215688, 0.10843373493975904, 0.14606741573033707, 0.14864864864864866, 0.1839080459770115, 0.2857142857142857, 0.23456790123456786, 0.4927536231884058, 0.23636363636363636, 0.23906705539358603], "R": [0.8426966292134831, 0.038709677419354833, 0.2358490566037736, 0.18627450980392157, 0.12048192771084337, 0.15730337078651685, 0.20270270270270271, 0.22988505747126436, 0.2857142857142857, 0.14814814814814814, 0.7971014492753623, 0.21818181818181817, 0.07871720116618076], "W": [0.02247191011235955, 0.019354838709677417, 0.1981132075471698, 0.0196078431372549, 0.04819277108433735, 0.0449438202247191, 0.05405405405405405, 0.04597701149425287, 0.07936507936507936, 0.09876543209876543, 0.10144927536231883, 0.07272727272727272, 1.0], "H": [0.24719101123595508, 0.012903225806451613, 0.0660377358490566, 0.11764705882352941, 0.1686746987951807, 0.14606741573033707, 0.13513513513513514, 0.0689655172413793, 0.2698412698412698, 0.18518518518518517, 0.42028985507246375, 0.1, 0.008746355685131196], "S": [0.43820224719101125, 1.0, 0.34905660377358494, 0.6176470588235294, 1.0, 1.0, 0.6891891891891891, 0.5977011494252873, 0.7301587301587302, 0.48148148148148145, 0.7391304347826086, 0.43636363636363634, 0.03498542274052478], "C": [0.011235955056179775, 0.012903225806451613, 0.07547169811320754, 0.0392156862745098, 0.10843373493975904, 0.056179775280898875, 0.08108108108108107, 0.03448275862068965, 0.1111111111111111, 0.06172839506172839, 0.08695652173913043, 0.03636363636363636, 0.0029154518950437317], "V": [0.6629213483146067, 0.33548387096774196, 0.4622641509433963, 0.3235294117647059, 0.7710843373493976, 0.449438202247191, 0.4594594594594595, 0.43678160919540227, 0.6349206349206349, 0.6666666666666666, 0.8405797101449275, 0.46363636363636357, 0.01749271137026239], "N": [0.0898876404494382, 0.11612903225806452, 0.14150943396226418, 0.1568627450980392, 0.2891566265060241, 0.1910112359550562, 0.5135135135135135, 0.28735632183908044, 0.7142857142857142, 0.49382716049382713, 0.36231884057971014, 0.15454545454545454, 0.026239067055393587], "P": [0.24719101123595508, 0.14193548387096774, 0.1320754716981132, 1.0, 0.5060240963855421, 0.4044943820224719, 0.5945945945945946, 0.5517241379310344, 0.6190476190476191, 0.4444444444444444, 0.34782608695652173, 0.10909090909090909, 0.023323615160349854], "Q": [0.1910112359550562, 0.07096774193548387, 0.1320754716981132, 0.26470588235294124, 0.21686746987951808, 0.3258426966292135, 0.35135135135135137, 0.26436781609195403, 0.5873015873015873, 0.4444444444444444, 0.6231884057971016, 0.46363636363636357, 0.02915451895043732], "T": [0.348314606741573, 0.8580645161290322, 0.24528301886792456, 0.3921568627450981, 0.4096385542168675, 0.3595505617977528, 0.5945945945945946, 0.39080459770114945, 0.6507936507936508, 0.4444444444444444, 0.34782608695652173, 0.5363636363636364, 0.01457725947521866], "I": [0.5730337078651685, 0.1032258064516129, 0.5754716981132075, 0.27450980392156865, 0.4216867469879518, 0.42696629213483145, 0.4324324324324324, 0.3448275862068966, 0.38095238095238093, 0.6172839506172839, 0.40579710144927533, 0.2909090909090909, 0.023323615160349854], "E": [0.15730337078651685, 0.12258064516129032, 0.169811320754717, 0.5490196078431373, 0.6506024096385543, 0.5955056179775281, 0.6216216216216216, 0.5172413793103448, 0.873015873015873, 0.4444444444444444, 0.5362318840579711, 0.4, 0.023323615160349854], "D": [0.14606741573033707, 0.11612903225806452, 0.21698113207547173, 0.4411764705882353, 0.5903614457831325, 0.4606741573033708, 1.0, 0.5172413793103448, 0.6825396825396826, 0.25925925925925924, 0.36231884057971014, 0.11818181818181818, 0.037900874635568516], "A": [0.8202247191011236, 0.5806451612903225, 0.339622641509434, 0.3431372549019608, 0.6144578313253012, 0.449438202247191, 0.5, 0.5632183908045977, 0.7936507936507936, 0.7530864197530863, 0.4927536231884058, 0.3454545454545454, 0.03206997084548105], "Y": [0.14606741573033707, 0.05806451612903226, 0.3207547169811321, 0.08823529411764706, 0.13253012048192772, 0.30337078651685395, 0.17567567567567569, 0.10344827586206896, 0.15873015873015872, 0.23456790123456786, 0.3043478260869565, 0.2636363636363636, 0.0816326530612245]}