{"L": [0.125, 0.14285714285714288, 1.0, 0.36363636363636365, 0.23076923076923075, 0.27272727272727276, 1.0, 0.4444444444444445, 0.30000000000000004, 0.8750000000000001, 1.0, 1.0, 0.0625], "G": [0.5, 0.19047619047619047, 0.25, 0.8181818181818181, 0.6153846153846153, 0.7272727272727273, 0.7142857142857142, 0.888888888888889, 0.4, 0.625, 0.3333333333333333, 0.18181818181818182, 0.0625], "K": [0.43750000000000006, 0.0, 0.5, 0.27272727272727276, 0.23076923076923075, 0.45454545454545453, 0.42857142857142855, 0.4444444444444445, 0.8999999999999999, 0.5, 0.26666666666666666, 0.7272727272727273, 1.0], "M": [0.0625, 0.047619047619047616, 0.25, 0.0, 0.0, 0.0, 0.0, 0.22222222222222224, 0.0, 0.375, 0.26666666666666666, 0.09090909090909091, 0.0], "F": [0.0, 0.0, 0.9166666666666666, 0.45454545454545453, 0.07692307692307691, 0.0, 0.0, 0.4444444444444445, 0.5, 0.5, 0.2, 0.45454545454545453, 0.0], "R": [0.125, 0.047619047619047616, 0.25, 0.09090909090909091, 0.07692307692307691, 0.09090909090909091, 0.2857142857142857, 0.5555555555555556, 0.2, 0.25, 0.06666666666666667, 0.09090909090909091, 0.0625], "W": [0.0, 0.047619047619047616, 0.0, 0.0, 0.0, 0.0, 0.0, 0.22222222222222224, 0.0, 0.125, 0.0, 0.0, 0.0], "H": [0.1875, 0.0, 0.0, 0.0, 0.0, 0.09090909090909091, 0.2857142857142857, 0.22222222222222224, 0.2, 0.25, 0.13333333333333333, 0.09090909090909091, 0.0], "S": [0.9375, 0.38095238095238093, 0.25, 0.45454545454545453, 0.5384615384615384, 0.8181818181818181, 1.0, 1.0, 0.7000000000000001, 0.625, 0.06666666666666667, 0.18181818181818182, 0.041666666666666664], "C": [0.0, 0.0, 0.0, 0.09090909090909091, 0.0, 0.0, 0.14285714285714285, 0.11111111111111112, 0.0, 0.0, 0.06666666666666667, 0.09090909090909091, 0.0], "V": [0.1875, 1.0, 0.08333333333333333, 0.27272727272727276, 0.7692307692307692, 0.36363636363636365, 0.7142857142857142, 0.33333333333333337, 0.2, 0.75, 0.3333333333333333, 0.27272727272727276, 0.0625], "N": [0.0625, 0.09523809523809523, 0.25, 0.09090909090909091, 0.07692307692307691, 0.27272727272727276, 0.5714285714285714, 0.33333333333333337, 0.1, 0.25, 0.13333333333333333, 0.27272727272727276, 0.0], "P": [0.0, 0.14285714285714288, 0.25, 1.0, 1.0, 0.18181818181818182, 0.8571428571428571, 0.4444444444444445, 0.7000000000000001, 0.75, 0.2, 0.36363636363636365, 0.041666666666666664], "Q": [0.3125, 0.09523809523809523, 0.16666666666666666, 0.27272727272727276, 0.07692307692307691, 0.27272727272727276, 0.7142857142857142, 0.22222222222222224, 0.1, 0.5, 0.2, 0.5454545454545455, 0.0], "T": [0.25, 0.5238095238095238, 0.41666666666666663, 0.0, 0.23076923076923075, 0.45454545454545453, 0.5714285714285714, 0.4444444444444445, 0.8, 0.25, 0.46666666666666673, 0.45454545454545453, 0.020833333333333332], "I": [0.0625, 0.23809523809523808, 0.5833333333333334, 0.27272727272727276, 0.30769230769230765, 0.27272727272727276, 0.2857142857142857, 0.33333333333333337, 0.1, 0.625, 0.4, 0.0, 0.0], "E": [0.0625, 0.09523809523809523, 0.08333333333333333, 0.5454545454545455, 0.3846153846153846, 0.27272727272727276, 0.42857142857142855, 0.22222222222222224, 1.0, 0.125, 0.13333333333333333, 0.27272727272727276, 0.041666666666666664], "D": [0.0, 0.0, 0.08333333333333333, 0.8181818181818181, 0.23076923076923075, 0.8181818181818181, 0.8571428571428571, 0.11111111111111112, 0.30000000000000004, 0.25, 0.13333333333333333, 0.27272727272727276, 0.041666666666666664], "A": [1.0, 0.23809523809523808, 0.3333333333333333, 0.45454545454545453, 0.5384615384615384, 1.0, 0.8571428571428571, 0.6666666666666667, 0.5, 1.0, 0.26666666666666666, 0.7272727272727273, 0.0], "Y": [0.0625, 0.047619047619047616, 0.16666666666666666, 0.09090909090909091, 0.0, 0.0, 0.2857142857142857, 0.11111111111111112, 0.0, 0.125, 0.0, 0.27272727272727276, 0.020833333333333332]}