{"L": [0.12903225806451613, 0.24242424242424243, 0.19354838709677422, 0.23076923076923078, 0.02631578947368421, 0.17142857142857143, 0.20689655172413793, 0.09999999999999999, 0.35714285714285715, 0.07317073170731708, 0.07692307692307693, 0.14814814814814814, 0.782608695652174], "G": [0.6774193548387096, 1.0, 1.0, 1.0, 1.0, 1.0, 0.9310344827586207, 1.0, 1.0, 1.0, 1.0, 0.8518518518518519, 0.8695652173913044], "K": [0.32258064516129037, 0.09090909090909091, 0.22580645161290325, 0.15384615384615385, 0.15789473684210525, 0.28571428571428575, 0.31034482758620685, 0.32499999999999996, 0.3214285714285714, 0.24390243902439027, 0.2692307692307693, 0.5185185185185185, 0.47826086956521735], "M": [0.06451612903225806, 0.12121212121212122, 0.0, 0.0, 0.0, 0.05714285714285715, 0.0, 0.0, 0.0, 0.04878048780487805, 0.0, 0.037037037037037035, 0.043478260869565216], "F": [0.16129032258064518, 0.06060606060606061, 0.06451612903225806, 0.07692307692307693, 0.05263157894736842, 0.08571428571428572, 0.034482758620689655, 0.09999999999999999, 0.2857142857142857, 0.12195121951219513, 0.15384615384615385, 0.11111111111111112, 0.34782608695652173], "R": [0.32258064516129037, 0.2727272727272727, 0.38709677419354843, 0.15384615384615385, 0.15789473684210525, 0.14285714285714288, 0.20689655172413793, 0.049999999999999996, 0.17857142857142858, 0.17073170731707318, 0.5769230769230769, 0.11111111111111112, 0.30434782608695654], "W": [0.0, 0.0, 0.0, 0.0, 0.0, 0.0, 0.034482758620689655, 0.0, 0.0, 0.0, 0.0, 0.0, 0.0], "H": [0.22580645161290325, 0.24242424242424243, 0.2903225806451613, 0.1794871794871795, 0.13157894736842105, 0.2, 0.1724137931034483, 0.175, 0.2142857142857143, 0.07317073170731708, 0.3076923076923077, 0.3703703703703704, 0.13043478260869565], "S": [1.0, 0.5151515151515151, 0.8709677419354839, 0.4871794871794872, 0.631578947368421, 0.8285714285714286, 1.0, 0.6749999999999999, 0.8928571428571429, 0.5609756097560976, 0.9615384615384617, 1.0, 1.0], "C": [0.0, 0.0, 0.0, 0.0, 0.0, 0.028571428571428574, 0.0, 0.0, 0.0, 0.024390243902439025, 0.0, 0.0, 0.0], "V": [0.38709677419354843, 0.24242424242424243, 0.16129032258064518, 0.07692307692307693, 0.18421052631578946, 0.14285714285714288, 0.27586206896551724, 0.125, 0.14285714285714285, 0.0975609756097561, 0.3076923076923077, 0.25925925925925924, 0.2173913043478261], "N": [0.03225806451612903, 0.12121212121212122, 0.09677419354838711, 0.10256410256410257, 0.15789473684210525, 0.17142857142857143, 0.10344827586206896, 0.024999999999999998, 0.17857142857142858, 0.04878048780487805, 0.2692307692307693, 0.11111111111111112, 0.34782608695652173], "P": [0.09677419354838711, 0.48484848484848486, 0.22580645161290325, 0.25641025641025644, 0.13157894736842105, 0.2285714285714286, 0.20689655172413793, 0.25, 0.17857142857142858, 0.17073170731707318, 0.15384615384615385, 0.1851851851851852, 0.13043478260869565], "Q": [0.0, 0.18181818181818182, 0.16129032258064518, 0.15384615384615385, 0.28947368421052627, 0.1142857142857143, 0.20689655172413793, 0.125, 0.25, 0.24390243902439027, 0.3846153846153847, 0.4444444444444445, 0.34782608695652173], "T": [0.2903225806451613, 0.21212121212121213, 0.19354838709677422, 0.20512820512820515, 0.18421052631578946, 0.14285714285714288, 0.27586206896551724, 0.125, 0.25, 0.12195121951219513, 0.34615384615384615, 0.22222222222222224, 0.08695652173913043], "I": [0.19354838709677422, 0.21212121212121213, 0.22580645161290325, 0.07692307692307693, 0.05263157894736842, 0.08571428571428572, 0.10344827586206896, 0.09999999999999999, 0.14285714285714285, 0.0975609756097561, 0.038461538461538464, 0.25925925925925924, 0.2173913043478261], "E": [0.0, 0.2727272727272727, 0.2903225806451613, 0.20512820512820515, 0.3684210526315789, 0.2285714285714286, 0.3448275862068966, 0.15, 0.14285714285714285, 0.14634146341463417, 0.3846153846153847, 0.48148148148148145, 0.5217391304347826], "D": [0.2903225806451613, 0.18181818181818182, 0.19354838709677422, 0.25641025641025644, 0.21052631578947367, 0.14285714285714288, 0.27586206896551724, 0.19999999999999998, 0.25, 0.07317073170731708, 0.19230769230769235, 0.11111111111111112, 0.17391304347826086], "A": [0.48387096774193544, 0.09090909090909091, 0.22580645161290325, 0.12820512820512822, 0.18421052631578946, 0.2285714285714286, 0.3793103448275862, 0.125, 0.46428571428571425, 0.1951219512195122, 0.2692307692307693, 0.3703703703703704, 0.2173913043478261], "Y": [0.19354838709677422, 0.030303030303030304, 0.06451612903225806, 0.12820512820512822, 0.05263157894736842, 0.028571428571428574, 0.13793103448275862, 0.125, 0.14285714285714285, 0.17073170731707318, 0.11538461538461539, 0.0, 0.34782608695652173]}