{"L": [0.6428571428571428, 0.4285714285714286, 0.8333333333333334, 0.9230769230769231, 0.6153846153846153, 1.0, 1.0, 0.5384615384615384, 0.5, 0.368421052631579, 0.4, 1.0, 0.823529411764706], "G": [1.0, 0.5714285714285714, 0.7499999999999999, 0.30769230769230765, 0.9230769230769231, 0.5714285714285714, 0.4375, 1.0, 1.0, 1.0, 0.7333333333333334, 0.4375, 0.2941176470588236], "K": [0.7142857142857143, 0.5, 1.0, 0.6923076923076923, 0.46153846153846156, 0.7142857142857143, 0.6875000000000001, 0.6923076923076923, 0.5, 0.10526315789473685, 0.6, 0.6250000000000001, 1.0], "M": [0.0, 0.07142857142857142, 0.0, 0.07692307692307691, 0.15384615384615383, 0.2142857142857143, 0.1875, 0.30769230769230765, 0.0, 0.052631578947368425, 0.2, 0.0, 0.0], "F": [0.2857142857142857, 0.2142857142857143, 0.7499999999999999, 0.7692307692307693, 0.38461538461538464, 0.2857142857142857, 0.1875, 0.30769230769230765, 0.2857142857142857, 0.26315789473684215, 0.26666666666666666, 0.1875, 0.23529411764705882], "R": [0.2857142857142857, 0.8571428571428572, 0.4166666666666667, 0.23076923076923078, 0.0, 0.0, 0.31250000000000006, 0.38461538461538464, 0.4285714285714286, 0.15789473684210528, 1.0, 0.25, 0.411764705882353], "W": [0.0, 0.0, 0.08333333333333333, 0.07692307692307691, 0.07692307692307691, 0.14285714285714285, 0.0625, 0.07692307692307691, 0.0, 0.0, 0.0, 0.0, 0.11764705882352941], "H": [0.2142857142857143, 0.07142857142857142, 0.25, 0.15384615384615383, 0.15384615384615383, 0.2142857142857143, 0.0625, 0.38461538461538464, 0.07142857142857142, 0.10526315789473685, 0.26666666666666666, 0.1875, 0.35294117647058826], "S": [0.9285714285714286, 0.5, 0.3333333333333333, 0.38461538461538464, 1.0, 0.35714285714285715, 0.5, 0.8461538461538461, 0.7142857142857143, 0.31578947368421056, 0.6, 0.6875000000000001, 0.47058823529411764], "C": [0.0, 0.0, 0.0, 0.0, 0.0, 0.0, 0.0, 0.0, 0.0, 0.0, 0.0, 0.0, 0.0], "V": [0.7857142857142858, 1.0, 0.5833333333333333, 0.15384615384615383, 0.6923076923076923, 0.7857142857142858, 0.375, 0.38461538461538464, 0.6428571428571428, 0.4210526315789474, 0.5333333333333333, 0.9375, 0.23529411764705882], "N": [0.2142857142857143, 0.5, 0.4166666666666667, 0.46153846153846156, 0.23076923076923078, 0.4285714285714286, 0.5, 0.6153846153846153, 0.5714285714285714, 0.31578947368421056, 0.33333333333333337, 0.1875, 0.2941176470588236], "P": [0.14285714285714285, 0.5714285714285714, 0.4166666666666667, 0.46153846153846156, 0.30769230769230765, 0.14285714285714285, 0.5, 0.7692307692307693, 0.7857142857142858, 0.26315789473684215, 0.4666666666666667, 0.125, 0.17647058823529413], "Q": [0.0, 0.6428571428571428, 0.4166666666666667, 0.15384615384615383, 0.38461538461538464, 0.6428571428571428, 0.6250000000000001, 0.30769230769230765, 0.2857142857142857, 0.5789473684210527, 0.26666666666666666, 0.375, 0.2941176470588236], "T": [0.35714285714285715, 0.35714285714285715, 0.4166666666666667, 1.0, 0.6153846153846153, 0.14285714285714285, 0.125, 0.30769230769230765, 0.4285714285714286, 0.26315789473684215, 0.7333333333333334, 0.31250000000000006, 0.11764705882352941], "I": [0.4285714285714286, 0.2857142857142857, 0.6666666666666666, 0.6153846153846153, 0.6923076923076923, 0.5, 0.31250000000000006, 0.07692307692307691, 0.2857142857142857, 0.15789473684210528, 0.33333333333333337, 0.31250000000000006, 0.35294117647058826], "E": [0.35714285714285715, 0.4285714285714286, 0.9166666666666667, 0.7692307692307693, 0.46153846153846156, 0.6428571428571428, 0.31250000000000006, 0.46153846153846156, 0.35714285714285715, 0.736842105263158, 0.4, 0.31250000000000006, 0.7647058823529412], "D": [1.0, 0.6428571428571428, 0.25, 0.7692307692307693, 0.9230769230769231, 0.5714285714285714, 0.4375, 0.6153846153846153, 0.5714285714285714, 0.4736842105263158, 0.26666666666666666, 0.5, 0.35294117647058826], "A": [0.7857142857142858, 0.5714285714285714, 0.7499999999999999, 0.5384615384615384, 0.6923076923076923, 0.7142857142857143, 0.6250000000000001, 0.8461538461538461, 0.9285714285714286, 0.6842105263157895, 0.2, 0.6875000000000001, 0.2941176470588236], "Y": [0.35714285714285715, 0.2857142857142857, 0.6666666666666666, 0.6153846153846153, 0.38461538461538464, 0.4285714285714286, 0.1875, 0.23076923076923078, 0.14285714285714285, 0.0, 0.33333333333333337, 0.31250000000000006, 0.411764705882353]}