{"L": [0.043478260869565216, 0.0, 0.9130434782608695, 0.7777777777777778, 0.75, 0.4615384615384615, 0.6666666666666667, 0.4375, 0.35294117647058826, 0.6875, 1.0, 0.7, 0.12244897959183673], "G": [1.0, 0.0101010101010101, 0.043478260869565216, 1.0, 1.0, 0.3846153846153846, 1.0, 1.0, 1.0, 1.0, 0.2608695652173913, 0.45, 0.0], "K": [0.4782608695652174, 0.0101010101010101, 0.08695652173913043, 0.0, 0.25, 0.4615384615384615, 0.06666666666666667, 0.4375, 0.23529411764705882, 0.1875, 0.17391304347826086, 0.25, 0.04081632653061224], "M": [0.13043478260869565, 0.0101010101010101, 0.08695652173913043, 0.05555555555555555, 0.08333333333333333, 0.07692307692307691, 0.13333333333333333, 0.0625, 0.0, 0.1875, 0.13043478260869565, 0.09999999999999999, 0.04081632653061224], "F": [0.08695652173913043, 0.0, 1.0, 0.5, 0.5, 0.15384615384615383, 0.13333333333333333, 0.25, 0.058823529411764705, 0.1875, 0.3043478260869565, 0.25, 0.5510204081632653], "R": [0.8695652173913043, 1.0, 0.0, 0.16666666666666669, 0.16666666666666666, 0.4615384615384615, 0.06666666666666667, 0.125, 0.11764705882352941, 0.0, 0.17391304347826086, 0.15, 0.04081632653061224], "W": [0.0, 0.0, 0.43478260869565216, 0.1111111111111111, 0.16666666666666666, 0.07692307692307691, 0.0, 0.0, 0.0, 0.125, 0.0, 0.0, 0.32653061224489793], "H": [0.21739130434782608, 0.0, 0.08695652173913043, 0.0, 0.0, 0.15384615384615383, 0.13333333333333333, 0.125, 0.058823529411764705, 0.0, 0.0, 0.09999999999999999, 0.0], "S": [0.3913043478260869, 0.0101010101010101, 0.17391304347826086, 0.6111111111111112, 0.8333333333333333, 0.6923076923076923, 0.7333333333333334, 0.6875, 0.4117647058823529, 0.375, 0.43478260869565216, 1.0, 0.0], "C": [0.0, 0.0, 0.0, 0.05555555555555555, 0.16666666666666666, 0.0, 0.0, 0.0, 0.0, 0.0, 0.0, 0.0, 0.0], "V": [0.21739130434782608, 0.0, 0.2608695652173913, 0.33333333333333337, 0.75, 0.6153846153846153, 0.6, 0.3125, 0.29411764705882354, 0.5, 0.2608695652173913, 0.09999999999999999, 0.02040816326530612], "N": [0.0, 0.0, 0.21739130434782608, 0.05555555555555555, 0.3333333333333333, 0.30769230769230765, 0.5333333333333333, 0.25, 0.17647058823529413, 0.4375, 0.34782608695652173, 0.09999999999999999, 0.0], "P": [0.043478260869565216, 0.0202020202020202, 0.0, 0.3888888888888889, 0.9166666666666666, 0.5384615384615384, 0.8, 0.8125000000000001, 0.29411764705882354, 0.375, 0.043478260869565216, 0.049999999999999996, 0.0], "Q": [0.13043478260869565, 0.0, 0.08695652173913043, 0.5, 0.08333333333333333, 0.07692307692307691, 0.26666666666666666, 0.0625, 0.4117647058823529, 0.4375, 0.13043478260869565, 0.39999999999999997, 0.0], "T": [0.17391304347826086, 0.0, 0.043478260869565216, 0.2222222222222222, 0.16666666666666666, 0.4615384615384615, 0.13333333333333333, 0.5, 0.11764705882352941, 0.25, 0.3913043478260869, 0.55, 0.0], "I": [0.13043478260869565, 0.0101010101010101, 0.34782608695652173, 0.05555555555555555, 0.75, 0.6923076923076923, 0.13333333333333333, 0.1875, 0.35294117647058826, 0.6875, 0.21739130434782608, 0.09999999999999999, 0.0], "E": [0.08695652173913043, 0.0, 0.08695652173913043, 0.5, 0.75, 1.0, 0.6, 0.3125, 0.8823529411764706, 0.625, 0.13043478260869565, 0.45, 0.0], "D": [0.0, 0.0, 0.043478260869565216, 0.33333333333333337, 0.8333333333333333, 0.6923076923076923, 0.6666666666666667, 0.625, 0.8235294117647058, 0.1875, 0.17391304347826086, 0.09999999999999999, 0.0], "A": [0.608695652173913, 0.0, 0.21739130434782608, 0.16666666666666669, 0.3333333333333333, 0.6153846153846153, 0.33333333333333337, 0.5, 0.7058823529411765, 0.375, 0.2608695652173913, 0.25, 0.04081632653061224], "Y": [0.043478260869565216, 0.0101010101010101, 0.5217391304347826, 0.1111111111111111, 0.08333333333333333, 0.30769230769230765, 0.13333333333333333, 0.0, 0.0, 0.0625, 0.21739130434782608, 0.25, 1.0]}