{"L": [0.005463803167825013, -0.5965961881601373, -0.2955661924961561, -0.11947493344047495, 0.005463803167825013, -0.11947493344047495, 0.056616325615206284, -0.11947493344047495, 0.005463803167825013, -0.11947493344047495, 0.5495318475181006], "G": [-0.7152899489159458, -0.41425995325196463, -0.11322995758798342, -0.41425995325196463, 0.06286130146769779, 0.23895256052337896, -0.11322995758798342, 0.18780003807599774, 0.06286130146769779, 0.06286130146769779, -0.7152899489159458], "K": [-0.12653428027493785, 0.1744957153890433, 0.24144250501965647, -0.6036555349946002, -0.12653428027493785, -0.0015955436666379456, -0.30262553933061914, -0.12653428027493785, -0.6036555349946002, -0.0015955436666379456, -0.6036555349946002], "M": [-0.26500871661802206, -0.26500871661802206, -0.26500871661802206, -0.26500871661802206, -0.26500871661802206, -0.26500871661802206, -0.26500871661802206, -0.26500871661802206, -0.26500871661802206, -0.26500871661802206, 0.2121125381016404], "F": [0.6120109114556846, -0.16614033892795882, 0.4870721748473848, -0.46717033459193996, 0.13488965673602235, -0.16614033892795882, -0.16614033892795882, -0.16614033892795882, -0.16614033892795882, -0.46717033459193996, 0.8550489601419792], "R": [-0.36959795067566714, 0.8975737777273465, -0.06856795501168597, -0.1935066916199859, -0.1935066916199859, -0.6706279463396483, -0.36959795067566714, -0.06856795501168597, 0.1744700936746085, -0.1935066916199859, -0.6706279463396483], "W": [0.2166313219696828, -0.08439867369429838, -0.08439867369429838, -0.08439867369429838, -0.08439867369429838, -0.08439867369429838, -0.08439867369429838, -0.08439867369429838, -0.08439867369429838, -0.08439867369429838, -0.08439867369429838], "H": [0.29247690080647704, -0.30958309052148525, -0.30958309052148525, -0.008553094857504101, 0.29247690080647704, -0.30958309052148525, -0.30958309052148525, 0.16753816419817716, 0.5355149494927716, -0.008553094857504101, -0.30958309052148525], "S": [-0.023263309157710972, -0.5003845638773734, -0.023263309157710972, -0.32429330482169216, -0.19935456821339223, 0.1528279498979702, -0.19935456821339223, 0.04368348047290223, -0.10244455520533581, 0.2777666865062702, -0.8014145595413545], "C": [-0.20334963670106518, -0.20334963670106518, -0.20334963670106518, -0.20334963670106518, -0.20334963670106518, -0.20334963670106518, -0.20334963670106518, -0.20334963670106518, -0.20334963670106518, -0.20334963670106518, -0.20334963670106518], "V": [0.18299734460384728, -0.6621006954104095, 0.11605055497323405, -0.36107069974642836, 0.24098929158153398, -0.18497944069074712, 0.03686930892560927, 0.03686930892560927, 0.18299734460384728, 0.48402734026782845, -0.6621006954104095], "N": [0.33432989834371174, -0.44382135203993184, -0.14279135637595064, -0.14279135637595064, 0.03329990267973054, 0.03329990267973054, -0.44382135203993184, 0.25514865229608696, -0.44382135203993184, -0.14279135637595064, -0.44382135203993184], "P": [-0.673212315141166, -0.3721823194771849, 0.28103019429815873, 0.36818037001705894, 0.10493893524247755, 0.2298776718507775, -0.07115232381320367, 0.32678768485883386, -0.07115232381320367, -0.3721823194771849, -0.673212315141166], "Q": [-0.2725852272399008, -0.573615222903882, 0.028444768424080374, -0.573615222903882, -0.2725852272399008, 0.2045360274797616, -0.573615222903882, -0.573615222903882, -0.2725852272399008, -0.573615222903882, -0.573615222903882], "T": [-0.6673903766194265, -0.6673903766194265, -0.6673903766194265, -0.06533038529146407, 0.03157962771659234, -0.3663603809554452, 0.11076087376421721, -0.3663603809554452, -0.06533038529146407, 0.33260962338057354, -0.6673903766194265], "I": [-0.24047097120938318, -0.5415009668733644, -0.24047097120938318, -0.5415009668733644, 0.2366502835102792, 0.06055902445459795, -0.24047097120938318, 0.36158902011857913, 0.06055902445459795, -0.06437971215370199, -0.5415009668733644], "E": [-0.7298426434014912, -0.7298426434014912, -0.7298426434014912, -0.12778265207352887, -0.03087263906547244, 0.04830860698215236, 0.04830860698215236, -0.42881264773751004, -0.12778265207352887, 0.04830860698215236, -0.7298426434014912], "D": [-0.5750880261916121, -0.5750880261916121, -0.09796677147194979, 0.8228519824804253, -0.274058030527631, 0.20306322419203138, 0.5388553261152244, -0.274058030527631, 0.026971965136350147, -0.09796677147194979, -0.5750880261916121], "A": [0.09362806442094593, -0.45043997992932966, 0.15162001139863265, 0.09362806442094593, 0.026681274790332686, 0.24853002440668906, 0.15162001139863265, -0.14940998426534852, 0.09362806442094593, -0.2743487208736485, -0.7514699755933109], "Y": [0.817898814660812, 0.9148088276688685, 0.5168688189968309, 0.21583882333284973, 0.09090008672454984, -0.3862211679951126, 0.5680213414442121, 0.4588768720191442, 0.21583882333284973, -0.3862211679951126, 0.9359981267388066]}