{"L": [-0.10429105916433312, -0.9493890991785899, 0.004853410260734929, -0.25041909484257113, -0.10429105916433312, -0.1712378487949463, -0.04629911218664639, 0.09200358597963505, 0.19673893649964805, 0.09200358597963505, 0.12979214686903487], "G": [0.3468904880364195, -0.7670528642704172, -0.28993160955075475, 0.011098386113226432, 0.07804517574383964, 0.27433982088780784, 0.4370671183855075, 0.31212838177720764, -0.28993160955075475, -0.466022868606436, -0.7670528642704172], "K": [0.1896795896651851, -0.6554184503490716, -0.6554184503490716, -0.6554184503490716, -0.1782971956294092, 0.1896795896651851, 0.043551553986947156, -0.1782971956294092, -0.6554184503490716, 0.043551553986947156, -0.6554184503490716], "M": [-0.015741636308512188, -0.31677163197249336, -0.015741636308512188, -0.31677163197249336, -0.31677163197249336, -0.31677163197249336, -0.015741636308512188, 0.16034962274716905, -0.31677163197249336, -0.015741636308512188, -0.31677163197249336], "F": [0.18003675438960742, -0.5189332499464113, 0.5602479961012135, 0.08312674138155103, 0.18003675438960742, -0.5189332499464113, -0.04181199522674895, 0.2592180004372322, -0.5189332499464113, -0.04181199522674895, 0.18003675438960742], "R": [0.05576038868952389, -0.7223908616941196, -0.7223908616941196, -0.4213608660301385, -0.24526960697445727, -0.4213608660301385, -0.7223908616941196, -0.7223908616941196, 0.05576038868952389, -0.24526960697445727, -0.7223908616941196], "W": [-0.1361615890487697, -0.1361615890487697, -0.1361615890487697, -0.1361615890487697, -0.1361615890487697, -0.1361615890487697, -0.1361615890487697, -0.1361615890487697, -0.1361615890487697, -0.1361615890487697, -0.1361615890487697], "H": [-0.3613460058759566, -0.3613460058759566, 0.2407139854520057, -0.3613460058759566, 0.11577524884370581, -0.3613460058759566, -0.3613460058759566, -0.060316010211975454, -0.060316010211975454, 0.33762399846006214, -0.3613460058759566], "S": [0.10106503454349887, -0.8531774748958258, -0.8531774748958258, 0.10106503454349887, 0.04991251209611755, 0.292950560782412, -0.07502622451218237, 0.18821521026239907, 0.04991251209611755, 0.10106503454349887, -0.8531774748958258], "C": [-0.25511255205553657, -0.25511255205553657, -0.25511255205553657, -0.25511255205553657, -0.25511255205553657, -0.25511255205553657, -0.25511255205553657, -0.25511255205553657, -0.25511255205553657, -0.25511255205553657, -0.25511255205553657], "V": [-0.014893606428862121, -0.7138636107648809, 0.24037889867444392, -0.7138636107648809, 0.06428763961876272, -0.014893606428862121, -0.11180361943691854, 0.18922637622706262, 0.43226442491335704, 0.24037889867444392, 0.7332944205773382], "N": [-0.49558426739440326, -0.49558426739440326, -0.49558426739440326, 0.34951377261985356, -0.49558426739440326, 0.34951377261985356, 0.1064757239335591, 0.1064757239335591, 0.20338573694161557, -0.49558426739440326, -0.49558426739440326], "P": [-0.7249752304956374, -0.7249752304956374, -0.7249752304956374, 0.42115280518260056, 0.3164174546625876, -0.42394523483165625, -0.12291523916767504, -0.12291523916767504, -0.7249752304956374, -0.7249752304956374, -0.7249752304956374], "Q": [-0.6253781382583533, -0.6253781382583533, -0.6253781382583533, -0.3243481425943721, -0.6253781382583533, -0.3243481425943721, 0.1527731121252902, -0.14825688353869093, 0.4160145468998716, -0.14825688353869093, -0.6253781382583533], "T": [-0.020183287637879, -0.7191532919738977, -0.7191532919738977, -0.41812329630991657, -0.1170933006459354, -0.020183287637879, 0.18393669501804574, -0.1170933006459354, 0.058997958409745824, 0.5818767036900833, -0.7191532919738977], "I": [-0.11614262750817338, -0.5932638822278357, 0.6620086228754702, -0.11614262750817338, -0.11614262750817338, 0.251834157786421, 0.251834157786421, 0.10570612210818295, -0.11614262750817338, 0.008796109100126605, 1.0299854081700646], "E": [-0.7816055587559625, 1.1478133669583301, -0.4805755630919814, 0.3323377935508741, -0.08263555441994383, -0.003454308372319005, -0.08263555441994383, -0.4805755630919814, -0.30448430403630017, -0.4805755630919814, -0.7816055587559625], "D": [-0.6268509415460837, -0.6268509415460837, -0.02479095021812124, 0.5492403175095976, 0.15130030883755996, 0.37314905845391627, -0.02479095021812124, -0.6268509415460837, -0.3258209458821024, -0.6268509415460837, -0.6268509415460837], "A": [0.5391897898744239, -0.8032328909477822, 0.04186514906647453, -0.2011728996198199, 0.19676710905221767, -0.2011728996198199, -0.2011728996198199, 0.04186514906647453, 0.19676710905221767, 0.04186514906647453, -0.5022028952838011], "Y": [0.03913717137007842, -0.437984083349584, 0.6759592689572528, -0.437984083349584, 0.26098592098643475, -0.437984083349584, -0.1369540876856028, -0.1369540876856028, -0.437984083349584, -0.1369540876856028, -0.437984083349584]}