{"L": [-0.5141039135065095, -1.4683464229458345, 0.21289481442975272, -0.05337307497501651, -0.005948425046878408, -0.02118839160361525, -0.4269537377876094, 0.08795607782145275, 0.2798416040603659, -0.14612712821191523, 0.5690800749947891], "G": [0.46217783896853865, -1.2860101880376615, -0.9849801923736804, 0.21913979028224426, 0.03620910669625753, 0.17638780986129438, 0.3672023257376819, 0.2937734085791484, -0.4409121480234049, -0.08189020538173694, -0.8088889333179993], "K": [0.08089673098698988, -1.174375774116316, -1.174375774116316, -0.0604324218094794, -0.39622452373267253, -0.1743757741163161, -0.1743757741163161, -0.47540576978029725, -0.8733457784523349, -0.6972545193966537, -0.5723157827883537], "M": [0.11851355369958697, -0.8357289557397378, 0.2782143965670989, -0.23366896441177545, -0.5346989600757566, 0.009369084274518949, -0.5346989600757566, 0.009369084274518949, 0.06736103125220573, 0.009369084274518949, 0.44302464521309104], "F": [-0.338920569377637, -1.037890573713656, 0.8597365175767855, 0.10823746196458209, 0.10823746196458209, -0.338920569377637, -0.13480058672171233, -0.03789057371365585, 0.07605277859318091, -0.338920569377637, 0.6342072842220615], "R": [0.4990145040328796, 1.2180443022978664, -1.241348185461364, -0.4631969350777206, -0.6392881941334018, -0.940318189797383, -0.24134818546136413, -0.6392881941334018, -0.6392881941334018, -0.7642269307417017, -0.2871056760220393], "W": [-0.354088917152033, -0.6551189128160142, 0.7598544351548037, -0.354088917152033, -0.6551189128160142, -0.354088917152033, -0.6551189128160142, -0.354088917152033, 0.4588244394908225, -0.6551189128160142, -0.354088917152033], "H": [-0.10215207925955751, -0.880303329643201, -0.5792733339792199, -0.880303329643201, 0.11969667035679887, -0.5792733339792199, -0.5792733339792199, -0.880303329643201, -0.5792733339792199, -0.40318207492353864, -0.40318207492353864], "S": [0.1719332456872051, -1.3721347986630703, -0.14168587728479656, 0.21892980836342868, -0.07110480299908924, 0.05922896549591681, 0.025805210008967135, -0.2260067629848325, -0.19604353960738918, 0.34386854497172864, -1.3721347986630703], "C": [-0.774069875822781, -0.774069875822781, -0.2969486211031186, -0.774069875822781, -0.774069875822781, -0.774069875822781, -0.47303988015879983, -0.47303988015879983, -0.2969486211031186, -0.2969486211031186, -0.774069875822781], "V": [-0.3297309475401818, -1.2328209345321253, 0.14739030717948054, -0.2328209345321254, 0.08939836020179376, 0.04593266642070353, 0.12890690148546746, 0.12890690148546746, 0.24430032018753697, 0.28569300534576203, -0.08669289885388742], "N": [-0.7135115954976665, -1.0145415911616475, -0.11145160416970415, -0.23639034077800414, 0.064639654885977, -0.014541591161647712, 0.13158644451659027, 0.064639654885977, 0.1615496678940335, -0.3155715868256289, -0.5374203364419853], "P": [-1.2439325542628819, -1.2439325542628819, -1.2439325542628819, 0.20322547707933727, 0.46363762183505436, 0.24742913957139076, 0.21846544363607412, 0.17104079370793598, -0.16475130821525713, -0.7668112995432194, -1.2439325542628819], "Q": [0.17788383270832137, -0.6672142073059355, -0.6672142073059355, -0.10294277686737285, 0.03175579703008336, 0.08611345935267602, -0.190092952586273, 0.0017925736526400672, 0.08611345935267602, 0.059784520630326875, -0.8433054663616166], "T": [-0.9370806200771611, -1.2381106157411423, -1.2381106157411423, -0.0919825800629043, -0.2838681063018174, 0.10431206508106394, -0.03399063308521754, -0.1241672634343055, 0.10431206508106394, 0.4246472159404318, -0.5391406114051235], "I": [-0.2671231659808235, -1.1122212059950802, 0.26799003571652563, -0.07082852083685524, 0.14305129910822578, 0.1182277153831936, -0.15797869655575542, 0.3027521419757376, 0.319142558163907, 0.03390682968315772, -0.07082852083685524], "E": [-0.4554648425089503, -1.300562882523207, -0.9995328868592258, -0.021809281570378123, 0.061164953494385756, 0.061164953494385756, 0.09737712614883046, 0.021656412210712097, -0.12447162346752584, -0.07011396114493317, -1.300562882523207], "D": [-1.1458082653133281, -1.1458082653133281, -0.6686870105936656, 0.4669755914064073, -0.06662701926570333, 0.2344029763982778, 0.08464065606494575, -0.06662701926570333, -0.2427182783213845, -0.1458082653133281, -1.1458082653133281], "A": [0.2688743923114724, -1.3221902147150266, -0.20824686240819001, -0.20824686240819001, -0.06691770961172074, -0.14609895565934555, 0.12496781662719242, 0.07574979395701081, -0.2807975295568017, 0.15493104000463562, 0.07574979395701081], "Y": [0.1222398389307963, -0.9569414071168284, 0.4580319408539894, -0.3548814157888661, -0.11184336710257167, -0.3548814157888661, -0.0026988976775036587, -0.479820152397166, 0.18918662856140947, -0.17879015673318485, 0.5745375099254266]}