{"L": [-0.16260994158399647, -0.27947391338417393, 0.1266178473074096, -0.03188823694715882, -0.036218227769294224, -0.050371642641171964, -0.05127173515383453, 0.04743660125978479, 0.16055088335256845, 0.022317334853164, 0.2876969664250361], "G": [0.23689257729090532, -0.18649455359361167, -0.14886201730869345, 0.15728742249131938, 0.05547248473015723, 0.08350120833040069, 0.12744535812760752, 0.11640337820548884, -0.07631135016008173, 0.07126675191338903, -0.539145313779339], "K": [0.23543021711091922, -0.31001435606815964, -0.010595844560757874, 0.11715907734249212, 0.09747097051010832, 0.10495899190265828, 0.11353490208070852, 0.10123111938341509, 0.1382910854049065, 0.30237700674153245, 0.4818581528758506], "M": [-0.19321628730793775, -0.3023607567330057, -0.0013307610690245896, -0.2566032661723306, -0.22664004279488745, -0.21521058101410562, -0.18788745380287084, -0.2691923934803511, -0.10170130618658751, -0.19321628730793775, 0.06265154959784958], "F": [-0.22831596276797475, -0.3643436715418869, 0.37007907447358224, -0.11353122599021402, -0.13360120876554812, -0.19665295451263712, -0.060824875474211136, 0.010004296208647859, 0.01420041080225598, -0.10796327175127181, 0.5630148901769932], "R": [0.3700508099615602, 0.9286829997616826, -0.09570082994498368, -0.06641145384299611, -0.22176322690044006, -0.13810467849807098, -0.13996461488219483, -0.12892263496007617, -0.05553410038392362, 0.09473945541974851, 0.27371640271291797], "W": [-0.5408800215512578, -0.5061179152920459, 0.028298743382048915, -0.31903127193490144, -0.3647887624955766, -0.42972956942859114, -0.37702321891258816, -0.2583334315812898, -0.2776385867766764, -0.5988719685289446, -0.716971280606939], "H": [0.2585580365298873, -0.2829528199695948, 0.009060357375010989, -0.13343845538487856, 0.01807717569438637, -0.11285192460310108, -0.03906571044218241, -0.07072871869752002, -0.015941911595044645, -0.13343845538487856, -0.1209698148252805], "S": [0.2001120727977057, -0.2976630342698018, -0.05490837514129738, 0.061730576757325614, -0.022157097453519112, 0.04403792726391159, -0.011766781734877801, -0.05718217343430083, -0.0770057654608641, 0.0869873719715489, -0.5110023507451125], "C": [-0.9260988739627939, -0.7847697211663246, -0.7390122306056495, -0.7612886253168017, -0.6976195454474243, -0.6421022175975931, -0.7612886253168017, -0.6783143902520378, -1.0400422262696305, -1.0400422262696305, -1.3410722219336118], "V": [-0.18072995001621353, -0.14276742778585239, 0.004997398078205978, -0.13330530008807542, 0.015754467681310967, 0.037765157592555075, 0.031406413224107026, 0.07291554682971252, 0.16490764041067307, -0.05318908170537753, -0.34043079288372546], "N": [-0.28051394160849735, -0.38841933891801694, 0.13612656572978354, 0.03335327876065603, 0.05993017323162093, 0.01615124865303378, 0.04786566183024029, 0.01615124865303378, 0.007287788321728647, 0.12772602370335218, -0.1941541109337491], "P": [-0.6710558139724762, -0.19393455925281386, -0.22660367600618195, 0.012539328796588249, 0.1442716371682289, 0.1081431920023611, 0.029171194083045, 0.08227185268613518, -0.16551263102462088, -0.21543867854813864, -0.6122778134192901], "Q": [-0.25194532037719786, -0.12927444522472, -0.08192820903370984, 0.027442750347940425, 0.07541361400913241, 0.007993478847297881, -0.04481982758154785, -0.008907271690903431, 0.09484216584745844, 0.08662183560076739, -0.3347608510799167], "T": [0.0337361288852822, -0.37374919769298576, -0.18393668007693792, -0.06160319712354339, -0.040189977202084656, -0.05537664628291204, -0.025516470594148594, -0.04469047842876111, -0.031326516870779565, 0.1529728866691119, -0.5695845149444241], "I": [-0.04373980529099906, -0.19634996849715738, 0.23140085278329006, -0.08815894507941192, 0.06428621262251857, 0.0674106468316676, 0.009196269896799482, 0.15962553863134418, 0.20273141923368931, -0.03184058199129132, 0.04505231749487794], "E": [-0.47311354780782167, -0.2590391950568438, -0.2361214596208659, 0.11741189778145539, 0.14273472800577394, 0.13503275208587062, 0.1384727263632792, 0.0004911331890035622, -0.03505631592780167, -0.19546737069832046, -0.26987004270852555], "D": [-0.5666825757459208, -0.30797689480422086, -0.05384576875972396, 0.2031166002729568, 0.04911722699637012, 0.17368011374832282, 0.12224549029595724, -0.07332412215557299, -0.14460888735716393, -0.3011909054609288, -0.7683279392739903], "A": [0.21392669271985618, -0.350116462033081, 0.010627941601238602, -0.0367125671890013, -0.05160412259034631, -0.09123291708866156, -0.01761962527997898, -0.02113619900281613, -0.10815562220472577, -0.03186006439458911, -0.5467698800036513], "Y": [-0.15103175025755272, -0.4167337835797909, 0.16625232680085428, -0.16221591721006642, -0.12254321244611523, -0.2544308090097431, -0.16221591721006642, -0.14373251151605335, -0.15845576833675964, -0.10564246190791388, 0.4922536002847797]}