{"L": [-0.7263187046444524, -0.7263187046444524, -0.8512574412527524, -0.483280655958158, -0.02734870030843372, -0.1822506602941768, -0.09792977459414096, -0.07310619086910881, 0.033349140045177986, 0.14874255874724757, -1.0273487003084334], "G": [-0.6689212063445796, -1.1460424610642421, -0.8450124654002609, 0.43374113555256794, -0.06686121501661732, 0.1761768336696771, 0.3724714788136453, 0.35910751725566376, -0.06686121501661732, 0.08440646031403178, -1.1460424610642421], "K": [-0.7333780514789153, -1.0344080471428965, -0.4323480558149342, -0.5572867924232341, -0.0801655377035717, -0.03440804714289661, -0.03440804714289661, -0.4323480558149342, -0.4323480558149342, 0.11171998853534144, 0.7437432032407469], "M": [-0.0937012374383559, -0.6957612287663182, 0.20732875822562527, -0.6957612287663182, -0.6957612287663182, -0.6957612287663182, 0.003208775569700472, -0.6957612287663182, 0.003208775569700472, -0.6957612287663182, -0.6957612287663182], "F": [-0.1989528424042175, -0.8979228467402363, 0.7041371445877259, -0.2958628554122739, -0.05282480672597946, -0.05282480672597946, -0.11977159635659268, 0.056319662699088564, 0.056319662699088564, 0.056319662699088564, -0.8979228467402363], "R": [-0.6242592037682821, -1.1013804584879445, -1.1013804584879445, -0.4993204671599822, -0.4993204671599822, -0.25628241847368777, -0.6242592037682821, -0.8003504628239634, -0.4993204671599822, -0.10138045848794465, 1.0747108005677364], "W": [-0.5151511858425947, -0.5151511858425947, -0.21412119017861345, -0.5151511858425947, -0.5151511858425947, -0.5151511858425947, -0.5151511858425947, -0.5151511858425947, -0.5151511858425947, -0.5151511858425947, -0.5151511858425947], "H": [0.2139069067695433, -0.7403356026697814, -0.7403356026697814, -0.2632143479501191, -0.2632143479501191, -0.04136559833376277, -0.2632143479501191, -0.2632143479501191, 0.2596643973302184, -0.13827561134181912, -0.7403356026697814], "S": [0.18280627628116702, 0.09005222304426831, -0.028047089033726113, 0.2591946221446217, -0.08603903601141284, 0.11025560913255535, 0.1480441700219551, 0.04658652926317803, 0.023105433413655146, -0.15298582564202606, -1.2321670716896507], "C": [-0.6341021488493614, -0.6341021488493614, -0.6341021488493614, -0.6341021488493614, -0.6341021488493614, -0.6341021488493614, -0.6341021488493614, -0.6341021488493614, -0.6341021488493614, -0.6341021488493614, -0.6341021488493614], "V": [-0.3147019571750622, 0.793637517613776, 0.35430482378351336, 0.02109014474813087, 0.43862570948354923, 0.13759571381956803, 0.268874628458887, 0.11126677509721895, 0.5303960828391945, -0.09285320755870588, -1.0928532075587056], "N": [0.16681882096999687, -0.8745738641882281, -0.27251387286026574, 0.1254261358117718, -0.029475824173971276, -0.27251387286026574, 0.07966864525109667, -0.17560385985220936, -0.0964226138045845, 0.20460738185939667, -0.8745738641882281], "P": [-1.1039648272894622, -0.8029348316254811, -0.6268435725698, 0.1513076778138437, 0.23845785353274387, 0.009978525017374368, -0.02478358124183752, 0.10015515536646243, -1.1039648272894622, 0.009978525017374368, -1.1039648272894622], "Q": [-0.40230774372421585, -1.0043677350521782, -0.40230774372421585, -0.3053977307161595, -0.3053977307161595, -0.15926969503792146, -0.3053977307161595, 0.19975224760374646, -0.004367735052178341, -0.05012522561285347, -1.0043677350521782], "T": [0.24427979205448352, 0.7147704678751328, -0.31999163838407907, -0.05675020360949768, 0.07794837028795852, 0.07794837028795852, 0.10597709388820203, 0.04798514691051534, -0.018961642720097874, -0.05675020360949768, -1.0981428887677225], "I": [-0.4951322243019982, 0.10692776702596406, 0.6509958113762396, -0.9722534790216607, 0.14168987328517602, 0.17387455665657728, 0.06913920613656435, 0.3894743569959322, 0.3701692018005455, -0.3701934876936983, -0.9722534790216607], "E": [0.6317965339484662, -1.1605951555497875, -1.1605951555497875, -0.08141390950216269, -0.08141390950216269, 0.06985376582848635, -0.31549711553553067, -0.38244390516614385, -0.16059515554978754, 0.09467734955351848, -1.1605951555497875], "D": [0.5504619624273787, -1.0058405383399083, -1.0058405383399083, 0.4565574595590474, -0.40378054701194616, 0.3743707033716974, -0.30687053400388975, -0.30687053400388975, -0.40378054701194616, -0.40378054701194616, -1.0058405383399083], "A": [-0.22797997830228234, 0.2327508602292107, 0.3618455566086684, 0.09653111321122172, 0.2327508602292107, -0.06827913543477046, 0.19798875396999877, 0.04822643363666669, -0.0061312286859259435, 0.04822643363666669, -1.1822224877416072], "Y": [-0.2149136888154465, -0.8169736801434089, 0.3591175789122723, -0.3398524254237465, -0.3398524254237465, -0.5159436844794276, -0.8169736801434089, -0.038822429759765305, -0.11800367580739016, 0.41347524123486495, -0.8169736801434089]}