{"L": [-0.05007795687699488, 0.7199554032844693, 0.22612845506195417, -0.4022604749883573, 0.03707221884190532, -0.4022604749883573, 0.199799516339605, 0.31789882841759953, -0.10123047932437616, 0.22612845506195417, 0.2509520387869863], "G": [-0.1230142270721282, -0.8219842314081469, -0.21992424008018463, -0.34486297668848453, 0.21940845375007806, -0.1230142270721282, 0.08110575558379655, -0.04383298102450336, -0.21992424008018463, 0.13225827803117782, -0.8219842314081469], "K": [0.2896501825131985, -0.7103498174868014, -0.40931982182282023, -0.233228562767139, -0.10828982615883906, -0.011379813150782615, -0.10828982615883906, -0.233228562767139, 0.06780143289684219, -0.10828982615883906, -0.7103498174868014], "M": [-0.37170299911022314, 0.6282970008897768, 0.23035699221773925, -0.07067300344624193, 0.3272670052257956, -0.37170299911022314, -0.07067300344624193, 0.23035699221773925, -0.07067300344624193, -0.37170299911022314, -0.37170299911022314], "F": [0.4675280680740838, -0.573864617084141, 0.72716537857984, 0.38037789235518366, -0.27283462142015996, -0.573864617084141, 0.028195374243821212, -0.27283462142015996, -0.09674336236447872, -0.573864617084141, -0.573864617084141], "R": [0.45312669254642446, -0.7773222288318494, -0.17526223750388703, -0.7773222288318494, -0.7773222288318494, 0.0008290215517940976, -0.17526223750388703, -0.47629223316786823, -0.47629223316786823, -0.07835222449583062, -0.7773222288318494], "W": [-0.19109295618649944, -0.19109295618649944, -0.19109295618649944, 0.10993703947748171, -0.19109295618649944, -0.19109295618649944, -0.19109295618649944, -0.19109295618649944, 0.10993703947748171, -0.19109295618649944, -0.19109295618649944], "H": [-0.41627737301368634, -0.41627737301368634, -0.41627737301368634, -0.41627737301368634, 0.36187387736995713, 0.18578261831427598, 0.18578261831427598, -0.41627737301368634, -0.1152473773497052, -0.41627737301368634, -0.41627737301368634], "S": [-0.06301080201929887, 0.09189115796644427, -0.9081088420335556, -0.4309875873138933, -0.12995759164991214, 0.205834510273281, -0.30604885070559334, -0.12995759164991214, -0.005018855041612175, 0.13328384312466926, -0.9081088420335556], "C": [-0.3100439191932663, -0.3100439191932663, -0.3100439191932663, -0.3100439191932663, -0.3100439191932663, -0.3100439191932663, -0.3100439191932663, -0.3100439191932663, -0.3100439191932663, -0.3100439191932663, -0.3100439191932663], "V": [-0.06982497356659188, 0.07630306211164616, -0.1667349865746483, -0.2916737231829483, -0.2916737231829483, -0.1667349865746483, 0.13429500908933287, -0.1667349865746483, 0.345148374404226, 0.23120502209738927, 0.9472083657321884], "N": [-0.07339437981247061, -0.5505156345321329, -0.07339437981247061, -0.5505156345321329, 0.5634277177747037, 0.29458240548212383, 0.051544356795829416, -0.5505156345321329, 0.14845436980388577, -0.24948563886815175, -0.5505156345321329], "P": [-0.7799065976333671, -0.7799065976333671, 0.06519144238088961, 0.39618466142231396, -0.3027853429137048, -0.0017553472497236118, 0.06519144238088961, -0.478876601969386, 0.12318338935857638, -0.478876601969386, -0.7799065976333671], "Q": [-0.07824951406812077, -0.6803095053960831, -0.20318825067642077, -0.20318825067642077, -0.6803095053960831, 0.16478853461817367, -0.37927950973210195, 0.018660498939935672, 0.0978417449875604, 0.22278048159586042, -0.6803095053960831], "T": [0.22591534088837242, 0.004066591272016019, -0.7740846591116276, -0.47305466344764635, -0.47305466344764635, 0.37204337656661046, -0.2969634043919651, -0.07511465477560875, 0.26730802604659737, 0.18015785032769724, -0.7740846591116276], "I": [0.05077475497045324, 0.12995600101807797, 0.3060472600737592, -0.17107399464590317, 0.05077475497045324, 0.3060472600737592, 0.46574810294127117, 0.6070772557377404, -0.34716525370158435, -0.17107399464590317, 0.19690279064869126], "E": [-0.8365369258936923, -0.8365369258936923, -0.8365369258936923, 0.3675830567622323, 0.33955433316198874, 0.008561114120564506, 0.20485575926453262, -0.13756692155767355, -0.23447693456573, 0.06655306109825115, -0.8365369258936923], "D": [-0.6817823086838134, -0.6817823086838134, -0.6817823086838134, 0.7161576999882241, 0.1633157313304434, -0.20466105396415102, -0.3807523130198322, -0.20466105396415102, -0.3807523130198322, -0.6817823086838134, -0.6817823086838134], "A": [0.04492572890643148, -0.1591942537494932, 0.0960782513538128, -0.1591942537494932, -0.1591942537494932, -0.1591942537494932, -0.3810430033658496, 0.22101698796211272, 0.18322842707271295, -0.1591942537494932, 0.0960782513538128], "Y": [-0.015794195767651356, -0.4929154504873138, 0.5484772346709113, -0.015794195767651356, -0.4929154504873138, -0.4929154504873138, -0.4929154504873138, -0.4929154504873138, -0.19188545482333258, 0.10914454084064858, 0.461327058952011]}