{"L": [-0.8325080052399134, 0.4897112894940057, 0.07058198175203005, -0.5314780095759323, -0.35538675052025104, -0.05435675485626984, 0.2814353470669232, 0.12173450419941136, -0.13353800090389467, 0.012590034774343277, 0.6860059346379739], "G": [-0.1730505156120783, -0.6501717703317407, -0.6501717703317407, 0.048798234004278074, 0.19492626968251606, 0.2529182166602028, 0.2529182166602028, 0.19492626968251606, -0.34914177466775953, 0.048798234004278074, -0.6501717703317407], "K": [0.23961389397324845, -0.5385373564103951, -0.06141610169073274, -0.06141610169073274, -0.23750736074641396, -0.06141610169073274, -0.5385373564103951, -0.5385373564103951, -0.06141610169073274, -0.06141610169073274, -0.5385373564103951], "M": [-0.1998905380338169, -0.1998905380338169, -0.1998905380338169, -0.1998905380338169, -0.1998905380338169, -0.1998905380338169, -0.1998905380338169, 0.10113945763016428, -0.1998905380338169, -0.1998905380338169, -0.1998905380338169], "F": [0.9596756800098578, -0.40205215600773486, 0.5521903534315898, -0.40205215600773486, -0.1010221603437537, -0.40205215600773486, -0.40205215600773486, 0.44304588400652184, -0.40205215600773486, -0.40205215600773486, -0.40205215600773486], "R": [-0.30447977209146204, -0.6055097677554432, -0.6055097677554432, -0.6055097677554432, -0.6055097677554432, -0.6055097677554432, -0.6055097677554432, -0.6055097677554432, -0.30447977209146204, -0.30447977209146204, -0.6055097677554432], "W": [-0.019280495110093273, -0.019280495110093273, -0.019280495110093273, -0.019280495110093273, -0.019280495110093273, -0.019280495110093273, -0.019280495110093273, -0.019280495110093273, -0.019280495110093273, -0.019280495110093273, -0.019280495110093273], "H": [-0.24446491193728018, -0.24446491193728018, -0.24446491193728018, -0.24446491193728018, 0.056565083726701, -0.24446491193728018, -0.24446491193728018, -0.24446491193728018, 0.056565083726701, 0.4545050923987386, -0.24446491193728018], "S": [0.166793606034794, -0.7362963809571494, -0.43526638529316836, -0.259175126237487, 0.166793606034794, 0.30509630420107553, 0.10880165905710731, 0.041854869426494155, -0.43526638529316836, 0.041854869426494155, -0.7362963809571494], "C": [-0.13823145811686008, -0.13823145811686008, -0.13823145811686008, -0.13823145811686008, -0.13823145811686008, -0.13823145811686008, -0.13823145811686008, -0.13823145811686008, -0.13823145811686008, -0.13823145811686008, -0.13823145811686008], "V": [-0.2959525211622233, 0.6817710841266245, 0.10198748750981436, -0.5969825168262044, -0.11986126210654195, 0.10198748750981436, 0.10198748750981436, 0.1811687335574392, 0.3061074701657391, -0.5969825168262044, 0.7454401639960018], "N": [-0.37870317345572674, -0.37870317345572674, -0.37870317345572674, 0.0984180812639357, -0.07767317779174555, 0.22335681787223557, -0.07767317779174555, 0.320266830880292, 0.39944807692791684, 0.0984180812639357, -0.37870317345572674], "P": [-0.608094136556961, -0.608094136556961, -0.006034145228998574, 0.5058492157498757, 0.2949958504349826, 0.2949958504349826, -0.13097288183729847, -0.13097288183729847, -0.13097288183729847, -0.13097288183729847, -0.608094136556961], "Q": [-0.5084970443196769, 0.532895640838548, -0.5084970443196769, -0.5084970443196769, -0.5084970443196769, -0.5084970443196769, -0.03137578960001445, -0.03137578960001445, 0.09356294700828549, -0.03137578960001445, -0.5084970443196769], "T": [-0.00021220670725894788, -0.6022721980352213, -0.30124220237124016, -0.30124220237124016, 0.0966978063007975, -0.00021220670725894788, 0.1758790523484223, -0.6022721980352213, 0.3519703114041035, -0.00021220670725894788, -0.6022721980352213], "I": [0.0007384664305031361, 0.36871525172509745, 0.6697452473890787, -0.47638278828915925, -0.47638278828915925, 0.0007384664305031361, 0.0007384664305031361, 0.42670719870278423, -0.17535279262517808, -0.47638278828915925, -0.47638278828915925], "E": [-0.6647244648172861, -0.6647244648172861, -0.6647244648172861, 0.3766682203409389, 0.3352755351827138, 0.1134267855663575, -0.06266447348932375, -0.36369446915330494, -0.06266447348932375, 0.18037357519697061, -0.6647244648172861], "D": [-0.509969847607407, -0.509969847607407, -0.509969847607407, 0.791060148056574, 0.09209014372055523, 0.18900015672861162, 0.09209014372055523, -0.20893985194342593, 0.09209014372055523, -0.509969847607407, -0.509969847607407], "A": [-0.38532180134512456, 0.012618207326913032, 0.4597762386691321, -0.38532180134512456, 0.26789071243021906, -0.0842918056811434, 0.21673818998283775, 0.09179945337453783, 0.3136482029908942, 0.3136482029908942, 0.15874624300515097], "Y": [0.7202896957473175, -0.3211029894109075, 0.1560182653087549, -0.3211029894109075, -0.3211029894109075, -0.3211029894109075, -0.3211029894109075, -0.3211029894109075, -0.020072993746926334, 0.5239950506033493, -0.3211029894109075]}