{"L": [-0.3648626424041286, -0.10162120762954725, 0.003114142890465804, -0.2979158527735154, -0.029070540480935474, -0.06383264674014738, -0.029070540480935474, -0.029070540480935474, 0.13573970816505673, 0.003114142890465804, 0.5004387836984151], "G": [0.03932234212040043, -0.1155796178653427, -0.1155796178653427, 0.3180759430732295, 0.11850358816802535, 0.15326569442723728, 0.18545037779863846, 0.15326569442723728, -0.05758767088765589, 0.03932234212040043, -0.9606776578795994], "K": [0.29708479171998403, -0.24698325263029153, 0.05404674303368965, -0.003945203943997158, -0.07089199357461032, 0.05404674303368965, 0.23013800208937085, 0.1051992654810709, -0.24698325263029153, 0.05404674303368965, -0.003945203943997158], "M": [-0.5103964255816756, -0.5103964255816756, -0.5103964255816756, -0.5103964255816756, -0.2093664299176944, -0.5103964255816756, -0.5103964255816756, -0.5103964255816756, -0.0332751708620132, -0.5103964255816756, 0.3347016144325812], "F": [0.4915619391003311, -0.7125580435555936, 0.5661955573972353, 0.1325399964586631, -0.2354367888359312, -0.4115280478916124, -0.11049805222763123, 0.1325399964586631, -0.2354367888359312, 0.1325399964586631, 0.6096612511783256], "R": [0.19792769700353477, 0.8082602142974871, -0.43889440058363943, -0.3139556639753395, -0.3139556639753395, -0.3139556639753395, -0.012925668311358355, -0.13786440491965832, 0.339256849800004, -0.012925668311358355, -0.43889440058363943], "W": [-0.028756386993970807, -0.329786382657952, -0.329786382657952, -0.329786382657952, -0.028756386993970807, -0.329786382657952, -0.329786382657952, -0.329786382657952, -0.028756386993970807, -0.329786382657952, -0.329786382657952], "H": [-0.07784954476547647, -0.5549707994851389, 0.04708919184282345, -0.2539408038211577, -0.07784954476547647, -0.5549707994851389, -0.5549707994851389, -0.5549707994851389, 0.04708919184282345, 0.2901272405291179, -0.5549707994851389], "S": [0.12928899055067294, -1.0468022685050082, -0.20170422849075145, -0.046802268505008265, -0.09255975906568341, -0.09255975906568341, -0.046802268505008265, -0.09255975906568341, -0.20170422849075145, -0.20170422849075145, -0.44474227717704584], "C": [-0.44873734566471885, -0.44873734566471885, -0.44873734566471885, -0.44873734566471885, -0.44873734566471885, -0.44873734566471885, -0.44873734566471885, -0.44873734566471885, -0.44873734566471885, -0.44873734566471885, -0.44873734566471885], "V": [0.09251159562593675, 0.04675410506526163, -0.1293371539904196, -0.004398417382119619, 0.04675410506526163, 0.2386396313041748, 0.04675410506526163, 0.20645494793277355, 0.1716928416735616, 0.1716928416735616, 0.2386396313041748], "N": [0.009760943332433264, -0.212087806283923, 0.1558889790106713, 0.009760943332433264, 0.1558889790106713, 0.3107909389964144, 0.3899721850440393, 0.08894218938005816, 0.08894218938005816, -0.212087806283923, -0.6892090610035855], "P": [-0.21963001976880092, -0.07350198409056292, -0.015510037112876131, 0.31184889727345416, 0.0356424853345051, -0.21963001976880092, -0.3165400327768573, 0.08139997589518025, -0.015510037112876131, -0.3165400327768573, -0.9186000241048198], "Q": [-0.34188167714787315, -0.1200329275315169, -0.21694294053957322, 0.026095108146721127, -0.21694294053957322, 0.13523957757178923, -0.5179729362035543, -0.040851681483892, 0.026095108146721127, -0.34188167714787315, -0.21694294053957322], "T": [-0.6117480899190988, -0.21380808124706133, -0.1346268351994364, -0.21380808124706133, 0.04146442385624477, -0.31071809425511765, -0.009688098591136467, -0.009688098591136467, -0.1346268351994364, 0.3176708357951938, -0.91277808558308], "I": [0.05820936417723869, -0.18482868450905568, 0.21311132416298187, -0.48585868017303685, 0.25450400932120687, -0.0879186715009993, -0.0879186715009993, 0.25450400932120687, 0.21311132416298187, -0.18482868450905568, -0.18482868450905568], "E": [-0.9752303523651448, -0.020987842925820024, -0.6742003567011636, -0.19707910198150125, -0.020987842925820024, 0.2008609066905363, -0.2762603480291261, -0.0721403653732013, -0.13013231235088807, 0.06616233279308009, 0.06616233279308009], "D": [-0.042324484771622255, -0.042324484771622255, -0.042324484771622255, 0.4347967699480401, 0.13376677428405895, 0.25870551089235894, 0.3836442475006588, -0.12150573081924712, -0.8204757351552658, -0.34335448043560346, -0.12150573081924712], "A": [-0.6958276888929833, -0.09376769756502096, 0.14927035112127346, 0.08232356149066027, 0.14927035112127346, 0.08232356149066027, 0.0031423154430354414, 0.044535000601260394, -0.04261517511763968, 0.08232356149066027, -0.6958276888929833], "Y": [0.6471447239940626, 0.06736112737725249, 0.4823344753480704, -0.15448762223910378, -0.029548885630803864, -0.15448762223910378, -0.029548885630803864, -0.15448762223910378, 0.06736112737725249, 0.21348916305549048, 0.36839112304123367]}