{"L": [-0.13830179069995863, -0.7403617820279209, 0.2138807274114038, -0.041391777691902214, 0.10473625798633576, -0.13830179069995863, -0.041391777691902214, 0.16272820496402254, 0.30103090313030395, -0.13830179069995863, 0.33881946401970375], "G": [0.22012570326389533, -0.5580255471197482, -0.5580255471197482, -0.08090429240008584, 0.14094445721627055, 0.2870724928945085, 0.34506443987219526, 0.14094445721627055, -0.5580255471197482, -0.256995551455767, -0.5580255471197482], "K": [0.398706906815854, -0.4463911331984027, -0.4463911331984027, -0.4463911331984027, -0.4463911331984027, 0.25257887113761607, 0.030730121521259705, -0.14536113753442154, -0.4463911331984027, 0.030730121521259705, -0.4463911331984027], "M": [-0.10774431482182442, -0.10774431482182442, 0.19328568084215672, -0.10774431482182442, -0.10774431482182442, -0.10774431482182442, -0.10774431482182442, 0.19328568084215672, -0.10774431482182442, -0.10774431482182442, -0.10774431482182442], "F": [0.38906407154027633, -0.30990593279574247, 0.5351921072185143, 0.1672153219239199, 0.1672153219239199, -0.30990593279574247, -0.00887593713176129, -0.30990593279574247, -0.30990593279574247, 0.1672153219239199, 0.2921540585322199], "R": [0.08869644678451159, -0.5133635445434507, -0.5133635445434507, -0.5133635445434507, -0.03624228982378832, -0.5133635445434507, -0.21233354887946956, -0.5133635445434507, -0.03624228982378832, -0.5133635445434507, -0.5133635445434507], "W": [0.07286572810189923, 0.07286572810189923, 0.07286572810189923, 0.07286572810189923, 0.07286572810189923, 0.07286572810189923, 0.07286572810189923, 0.07286572810189923, 0.07286572810189923, 0.07286572810189923, 0.07286572810189923], "H": [-0.15231868872528773, -0.15231868872528773, 0.14871130693869344, -0.15231868872528773, -0.15231868872528773, -0.15231868872528773, -0.15231868872528773, -0.15231868872528773, 0.14871130693869344, 0.14871130693869344, -0.15231868872528773], "S": [0.13400109263848659, -0.6441501577451569, -0.6441501577451569, 0.13400109263848659, -0.042090166417194666, 0.31009235169416777, 0.13400109263848659, 0.31009235169416777, 0.20094788226909974, 0.05481984659086181, -0.6441501577451569], "C": [-0.04608523490486764, -0.04608523490486764, -0.04608523490486764, -0.04608523490486764, -0.04608523490486764, -0.04608523490486764, -0.04608523490486764, -0.04608523490486764, -0.04608523490486764, -0.04608523490486764, -0.04608523490486764], "V": [-0.504836293614212, -0.20380629795023084, 0.2733149567694316, -0.504836293614212, 0.09722369771375033, 0.09722369771375033, -0.20380629795023084, 0.1941337107218068, 0.4494062158251128, 0.3982536933777315, 0.641291742064026], "N": [-0.2865569502437343, -0.2865569502437343, -0.2865569502437343, 0.31550304108422805, -0.2865569502437343, 0.41241305409228446, 0.1905643044759281, -0.2865569502437343, 0.014473045420246881, -0.2865569502437343, -0.2865569502437343], "P": [-0.5159479133449685, -0.5159479133449685, -0.5159479133449685, 0.2622033370386751, 0.08611207798299382, -0.21491791768098734, -0.21491791768098734, -0.21491791768098734, -0.21491791768098734, -0.21491791768098734, -0.5159479133449685], "Q": [-0.11532082544370323, -0.4163508211076844, -0.4163508211076844, -0.4163508211076844, -0.11532082544370323, -0.4163508211076844, 0.06077043361197795, 0.06077043361197795, 0.3618004292759591, -0.11532082544370323, -0.4163508211076844], "T": [-0.20909597915924766, -0.5101259748232289, -0.5101259748232289, -0.5101259748232289, 0.09193401650473348, -0.033004720103566455, 0.09193401650473348, -0.5101259748232289, 0.09193401650473348, 0.6360020608550091, -0.5101259748232289], "I": [-0.08320656941318569, -0.38423656507716686, 0.6949446809704578, 0.09288468964249555, 0.21782342625079548, 0.09288468964249555, 0.09288468964249555, 0.31473343925885194, -0.38423656507716686, 0.09288468964249555, 1.0137034435948706], "E": [-0.5725782416052936, 1.1176178384232198, -0.27154824594131244, 0.4688144435529314, -0.09545698688563126, 0.029481749722668715, -0.27154824594131244, -0.5725782416052936, -0.27154824594131244, -0.5725782416052936, -0.5725782416052936], "D": [-0.4178236243954147, -0.4178236243954147, -0.4178236243954147, 0.36032762598822893, 0.05929763032424775, 0.36032762598822893, 0.18423636693254766, -0.4178236243954147, -0.4178236243954147, -0.4178236243954147, -0.4178236243954147], "A": [0.4471871113611117, -0.5942055737971133, 0.007854417530849025, -0.11708431907745091, 0.007854417530849025, -0.5942055737971133, 0.10476443053890543, 0.25089246621714345, 0.10476443053890543, 0.007854417530849025, -0.5942055737971133], "Y": [0.37310322512904726, -0.22895676619891503, 0.5491944841847286, -0.22895676619891503, 0.24816448852074735, -0.22895676619891503, -0.22895676619891503, 0.07207322946506611, -0.22895676619891503, -0.22895676619891503, -0.22895676619891503]}