{"L": [0.1434230497686359, -1.0606969328872888, 0.11539432616839237, -0.4586369415593265, -0.10645442344796394, -0.10645442344796394, -0.21559889287303202, -0.06069693288728887, 0.1434230497686359, -0.019304247729063792, 0.8423930541046546], "G": [-0.878360697979116, -0.878360697979116, -0.878360697979116, 0.024729289012827525, -0.10020944759547247, 0.35208822339915785, 0.1216393020208839, 0.40039290297371277, -0.878360697979116, -0.5773307023151348, -0.878360697979116], "K": [-0.7667262840577704, -0.7667262840577704, -0.7667262840577704, -0.7667262840577704, -0.2896050293381081, -0.06775627972175174, -0.2896050293381081, 0.07837175595648624, 0.011424966325873063, -0.16466629272980812, -0.7667262840577704], "M": [0.5261630437581326, -0.42807946568119215, 0.17398052564677013, -0.42807946568119215, -0.127049470017211, -0.42807946568119215, -0.42807946568119215, -0.42807946568119215, -0.42807946568119215, -0.42807946568119215, 0.5261630437581326], "F": [0.9012378333871447, -0.6302410836551101, 0.3240014257842146, -0.028181092327147866, -0.028181092327147866, -0.15311982893544782, 0.06872892068090847, -0.6302410836551101, 0.14791016672853333, -0.6302410836551101, 0.41115160150311475], "R": [-0.8336986954028185, -0.8336986954028185, -0.8336986954028185, -0.8336986954028185, -0.3565774406831561, -0.23163870407485615, -0.055547445019174954, -0.055547445019174954, -0.13472869106679977, -0.8336986954028185, -0.8336986954028185], "W": [-0.2474694227574686, -0.2474694227574686, -0.2474694227574686, -0.2474694227574686, -0.2474694227574686, -0.2474694227574686, -0.2474694227574686, -0.2474694227574686, -0.2474694227574686, -0.2474694227574686, -0.2474694227574686], "H": [0.004467415135006917, -0.4726538395846555, -0.4726538395846555, -0.1716238439206743, -0.4726538395846555, -0.1716238439206743, -0.1716238439206743, -0.4726538395846555, -0.4726538395846555, -0.4726538395846555, -0.4726538395846555], "S": [-0.36242531727656246, -0.9644853086045249, -0.26551530426850606, -0.010242799165199983, 0.11469593744309992, 0.1494580437023119, -0.010242799165199983, -0.06139532161258127, -0.06139532161258127, 0.07690737655370015, -0.9644853086045249], "C": [-0.3664203857642354, -0.3664203857642354, -0.3664203857642354, -0.3664203857642354, -0.3664203857642354, -0.3664203857642354, -0.3664203857642354, -0.3664203857642354, -0.3664203857642354, -0.3664203857642354, -0.3664203857642354], "V": [0.019926595540676984, -0.8251714444735797, 0.17482855552642018, -0.22311145314561742, 0.019926595540676984, -0.5241414488095987, -0.12620144013756102, 0.07791854251836373, 0.2162212406846452, 0.536556391544013, -0.22311145314561742], "N": [-0.3058621054391209, -0.6068921011031021, 0.09207790323291667, -0.3058621054391209, -0.12977084638343972, -0.6068921011031021, -0.004832109775139739, -0.004832109775139739, 0.09207790323291667, -0.3058621054391209, -0.6068921011031021], "P": [-0.8362830642043362, 1.0722019546743131, -0.13731305986831757, 0.7547815428221628, 0.06680692278760729, 0.06680692278760729, 0.3398081948513449, -0.2342230728763739, -0.13731305986831757, -0.3591618094846739, -0.8362830642043362], "Q": [-0.7366859719670522, -0.7366859719670522, 0.04146527841659136, 0.04146527841659136, 0.04146527841659136, -0.7366859719670522, -0.03771596763103351, -0.43565597630307107, 0.16640401502489133, 0.04146527841659136, -0.7366859719670522], "T": [-0.1314911213465779, -0.8304611256825967, -0.8304611256825967, 0.12378138375672822, -0.0523098752989531, 0.28348222662424, 0.21093155947562833, 0.21093155947562833, 0.014636914331660162, 0.24872012036502808, -0.8304611256825967], "I": [0.4415563197417033, -0.7045717159365347, 0.5741818850162942, -0.4035417202725535, -0.1025117246085723, 0.07357953444710887, -0.1025117246085723, -0.4035417202725535, 0.40937163637030205, 0.2954282840634653, 0.07357953444710887], "E": [-0.19394338812864273, -0.29085340113669905, 0.2210299598421752, 0.14847929269356355, 0.10708660753533845, 0.18626785358296327, -0.11476214208101787, 0.10708660753533845, 0.0613291169746634, 0.25321464321357656, -0.8929133924646614], "D": [-0.7381587752547825, -0.7381587752547825, 0.3410224707928422, 0.16493121173716102, 0.4079692604234555, 0.16493121173716102, 0.1069392647594743, 0.16493121173716102, 0.03999247512886105, -0.7381587752547825, -0.7381587752547825], "A": [-0.9145407246564811, 0.23158731102175684, -0.3124807333285187, -0.3124807333285187, 0.2895792579994436, 0.03970178478284375, 0.2895792579994436, 0.12685196050174388, -0.21557072032046234, 0.19940262765035557, -0.3124807333285187], "Y": [0.5298893289893418, 0.45070808294171705, 0.22885933332536065, -0.0721706623386205, -0.24826192139430167, -0.5492919170582828, -0.5492919170582828, 0.05276807426967947, -0.24826192139430167, -0.5492919170582828, -0.5492919170582828]}