{"L": [-0.7132095359843061, -1.667452045423631, 0.13188850402995067, 0.040118130674305245, 0.12493964407462274, 0.004645812512086405, -0.044202755025730664, -0.06539205409566864, 0.21336154685716027, -0.07638743839713187, 0.09597594813930613], "G": [0.47867201683009686, -1.485115810515458, -0.4437231253572333, 0.33442812502641034, -0.022717812616502273, 0.14835264506412812, 0.29303543986818525, 0.24727794930751015, -0.22984330541215225, 0.046363106526796795, -1.0079945557957957], "K": [0.14503254328377468, -1.3734813965941128, -0.595330146210469, -0.09472779564128378, -0.16936141393818802, -0.07245140093013157, -0.1430324752158388, -0.19739013753843151, -0.5283833565798558, -0.22735336091587469, -1.0724514009301316], "M": [-0.18973653820327763, -1.0348345782175343, 0.07910877408930231, -0.18973653820327763, -0.18973653820327763, -0.08059206877820961, 0.006558106940690497, -0.33586457388151564, 0.1692854044383903, -0.33586457388151564, -0.13174459122559087], "F": [-0.4588449458078089, -1.2369961961914524, 0.6872830898704291, -0.23699619619145243, -0.060904937135771275, -0.03287621353552773, -0.1578149501438277, -0.006547274813178559, 0.22540180170750357, -0.006547274813178559, 0.9533355019788389], "R": [0.23164404999655663, 1.2175575887179515, -0.7414838036031419, -0.39906112278093575, -0.39906112278093575, -0.662302557555517, -0.36127256189153595, -0.36127256189153595, -0.5373638209472172, -0.23633382528323604, -0.662302557555517], "W": [-0.155254530957792, -0.8542245352938108, 0.5259867064177951, -0.009126495279554, -0.2521645439658485, -0.5531945396298297, -0.5531945396298297, 0.04886545169813273, 0.14577546470618916, -0.2521645439658485, 0.9381671542044429], "H": [0.06671908355724025, -1.0794089521209975, -0.23431091210674093, -0.6022876974013353, -0.12516644268167287, -1.0794089521209975, -0.6022876974013353, -0.23431091210674093, -0.47734896079303535, -0.3012577017373541, -1.0794089521209975], "S": [0.2738576188733897, -1.571240421140867, -0.1562670731700491, 0.06222803443871941, -0.0660904428209611, -0.05272648126297965, 0.04154343557886836, -0.12408238979864789, -0.09411916642120466, 0.2548343815599593, -1.571240421140867], "C": [-0.9731754983005777, -0.9731754983005777, -0.9731754983005777, -0.9731754983005777, -0.9731754983005777, -0.9731754983005777, -0.37111550697261525, -0.6721455026365964, -0.9731754983005777, -0.2742054939645588, -0.9731754983005777], "V": [-0.17665405190661596, -1.4319265570099218, 0.2115261194762653, -0.15317295605709305, 0.05943513682435063, 0.07322342130998388, 0.030471440889034015, 0.15913805001657713, 0.24017130092579536, 0.07322342130998388, -1.130896561345941], "N": [-0.36854917362518747, -1.2136472136394443, 0.08738278202453689, -0.0997038613326076, 0.08738278202453689, -0.13446596759181953, -0.009527230983519592, 0.06510638731338463, 0.016801707738829542, -0.009527230983519592, -1.2136472136394443], "P": [-1.1420081810766973, -1.4430381767406784, -0.8409781854127161, 0.20041449974550882, 0.3051498502655219, 0.20041449974550882, -0.12081888200675932, 0.08844074030157656, -0.08131034072308567, -1.1420081810766973, -1.4430381767406784], "Q": [0.13368017021626788, -0.44035109751145085, -0.5652898341197509, -0.30204839934516947, -0.021221789769475276, -0.1393211018474697, -0.001018403681188285, -0.06468748355056553, 0.13368017021626788, 0.16170889381651143, -1.3434410845033944], "T": [-0.2611249791632577, -1.4372162382189388, -0.5341262512269952, -0.005852474059951597, -0.43721623821893885, -0.11499694348501968, 0.025181759680017114, 0.00994179312328035, 0.06793374010096707, 0.3952926744872973, -1.4372162382189388], "I": [-0.010296832808895708, -1.311326828472877, 0.3514310032086971, -0.010296832808895708, 0.2071871114050105, 0.15107116942607915, -0.010296832808895708, 0.2568748955941181, 0.103646519497941, -0.3113268284728769, -0.5331755780892332], "E": [-0.22091490404817477, -1.4996685050010035, -0.3535404693227656, -0.05251047365878448, -0.008306811166731074, 0.10239148632695863, 0.20790167109693264, 0.08011509161580643, 0.01884543487688374, 0.05663399576628357, -1.1986385093370224], "D": [-1.0438838921271436, -1.3449138877911246, -0.3449138877911247, 0.4032741392150756, 0.19915415655915086, 0.31784394389044923, 0.19915415655915086, 0.053026120880912825, -0.11446496641285081, -0.08964138268781864, -1.3449138877911246], "A": [0.2110979226301451, -1.5212958371928234, -0.058897839293867334, -0.34520457813714217, -0.02993414335855074, 0.04690588687417155, -0.08993207303383606, -0.08993207303383606, -0.1595680011752305, -0.17887315637061718, -1.220265841528842], "Y": [-0.009918993916387068, -1.156047029594625, 0.4971654841807185, -0.009918993916387068, -0.1146543444364001, -0.15604702959462513, -0.1146543444364001, -0.1146543444364001, 0.09922547550868098, 0.18637565122758107, 1.0398526228146086]}