{"L": [-0.5357150625191869, -1.0128363172388493, 0.24243618786445667, 0.0663449288087755, -0.16773827722459256, 0.0663449288087755, -0.05859380779952447, -0.16773827722459256, 0.4343217141033697, -0.01283631723884941, 0.24243618786445667], "G": [0.37361990032524806, -0.8305000823306765, -0.8305000823306765, 0.42477242277262944, 0.2108926028275484, 0.0725899046612669, 0.3455911767250046, 0.3455911767250046, -0.2284400910027143, 0.2108926028275484, -0.35337882761101413], "K": [0.4572255906463501, -0.7188656684093311, -0.4178356727453499, -0.019895664073312305, -0.019895664073312305, -0.019895664073312305, -0.4178356727453499, 0.05928558197431254, -0.11680567708136873, -0.4178356727453499, -0.7188656684093311], "M": [-0.3802188500327528, -0.3802188500327528, 0.22184114129520957, 0.31875115430326595, -0.3802188500327528, -0.3802188500327528, -0.3802188500327528, 0.0969024046869097, 0.22184114129520957, 0.0969024046869097, 0.46487918998150396], "F": [-0.5823804680066708, -0.5823804680066708, 0.8800175298922851, -0.10525921328700831, -0.5823804680066708, -0.2813504723426896, 0.019679523321291567, 0.19577078237697285, -0.10525921328700831, -0.2813504723426896, 1.0196795233212916], "R": [0.556584601067827, 1.2097971148431708, -0.785838079754379, -0.3087168250347166, -0.484808084090398, -0.785838079754379, -0.484808084090398, -0.785838079754379, -0.484808084090398, -0.484808084090398, -0.785838079754379], "W": [0.4024511842189331, -0.1996088071090292, 0.4993611972269896, 0.10142118855495197, -0.1996088071090292, -0.1996088071090292, -0.1996088071090292, 0.27751244761063326, -0.1996088071090292, -0.1996088071090292, 0.10142118855495197], "H": [-0.12376322827223488, -0.42479322393621605, -0.42479322393621605, -0.42479322393621605, 0.3533580264474276, -0.42479322393621605, -0.42479322393621605, -0.42479322393621605, -0.12376322827223488, -0.42479322393621605, -0.42479322393621605], "S": [0.1247679922021396, -0.9166246929560854, -0.2176546886200666, 0.037617816483239454, -0.2176546886200666, 0.19731865935075135, 0.19731865935075135, -0.6155946972921041, -0.6155946972921041, 0.3386478121472206, -0.9166246929560854], "C": [-0.318559770115796, -0.318559770115796, -0.318559770115796, -0.318559770115796, -0.318559770115796, -0.318559770115796, -0.318559770115796, -0.318559770115796, -0.318559770115796, -0.318559770115796, -0.318559770115796], "V": [-0.47628083316115916, -0.7773108288251404, -0.47628083316115916, -0.175250837497178, 0.06778721118911646, -0.175250837497178, 0.0008404215585033274, 0.0008404215585033274, 0.22268917117485965, -0.175250837497178, 0.0008404215585033274], "N": [-0.5590314854546626, -0.5590314854546626, -0.5590314854546626, 0.13993851888135614, 0.04302850587329971, 0.04302850587329971, 0.13993851888135614, -0.0819102307350002, 0.13993851888135614, -0.5590314854546626, -0.5590314854546626], "P": [-0.7884224485558968, -0.7884224485558968, -0.7884224485558968, -0.08945244421987802, 0.5733053874616959, -0.08945244421987802, 0.1146675384360467, 0.25297023660232815, -0.31130119383623434, -0.48739245289191563, -0.7884224485558968], "Q": [0.0893258940650308, -0.6888253563186127, -0.6888253563186127, 0.010144648017405961, 0.010144648017405961, 0.156272683695644, -0.08676536499065043, 0.010144648017405961, 0.156272683695644, -0.6888253563186127, -0.6888253563186127], "T": [-0.7826005100341572, -0.7826005100341572, -0.30547925531449477, -0.08363050569813844, -0.7826005100341572, 0.06249752998009961, 0.06249752998009961, -0.004449259650513596, -0.18054051870619486, 0.4215194726217674, -0.7826005100341572], "I": [-0.6567111002880952, -0.6567111002880952, -0.35568110462411406, -0.6567111002880952, 0.34328889971190474, -0.17958984556843272, -0.054651108960132866, 0.2463788867038483, 0.2463788867038483, -0.17958984556843272, -0.054651108960132866], "E": [-0.8450527768162219, -0.8450527768162219, -0.8450527768162219, -0.36793152209655955, -0.24299278548825967, 0.10918973262310282, 0.05803721017572151, 0.05803721017572151, -0.1460827724802032, 4.526319803474014e-05, -0.8450527768162219], "D": [-0.690298159606343, -0.690298159606343, -0.690298159606343, 0.35109452555188186, -0.38926816394236186, 0.3888830864412817, 0.0878530907773006, -0.2131769048866806, -0.690298159606343, 0.008671844729675705, -0.690298159606343], "A": [0.21250113703958315, -0.8666801090080416, -0.16771010467202285, -0.16771010467202285, -0.08852885862439802, 0.1333198909919583, -0.08852885862439802, 0.036409877983901884, -0.021582068993784877, 0.08756240043128315, -0.5656501133440605], "Y": [0.19753870292617534, -0.5014313014098435, 0.8965087072621941, -0.5014313014098435, -0.20040130574586223, -0.5014313014098435, -0.024310046690180956, -0.5014313014098435, -0.20040130574586223, 0.2767199489738002, 0.7538412036934626]}