{"L": [-0.5271992115966573, -1.0043204663163197, -0.5271992115966573, -0.4022604749883573, -0.7032904706523385, -0.5271992115966573, 0.07486077973130506, 0.14180756936191832, -0.15922242630206285, 0.22612845506195417, 0.4428375650258995], "G": [-0.34486297668848453, -0.8219842314081469, -0.1230142270721282, 0.17801576859185297, 0.17801576859185297, -0.21992424008018463, 0.17801576859185297, 0.3821357512477777, -0.1230142270721282, -0.1230142270721282, -0.8219842314081469], "K": [-0.10828982615883906, -0.7103498174868014, 0.33104286767142355, 0.1927401695051421, -0.7103498174868014, 0.13474822252745536, -0.10828982615883906, -0.011379813150782615, -0.233228562767139, -0.233228562767139, -0.7103498174868014], "M": [-0.37170299911022314, -0.37170299911022314, 0.10541825560943924, -0.37170299911022314, -0.07067300344624193, -0.37170299911022314, -0.37170299911022314, 0.10541825560943924, -0.07067300344624193, -0.37170299911022314, 0.5313869878817205], "F": [0.8885333808148149, -0.27283462142015996, 0.5053166289634836, -0.573864617084141, -0.09674336236447872, -0.09674336236447872, -0.27283462142015996, 0.20428663329950245, 0.028195374243821212, 0.4261353829158588, 1.0059189795326688], "R": [-0.47629223316786823, -0.7773222288318494, -0.47629223316786823, -0.47629223316786823, -0.47629223316786823, 0.0008290215517940976, -0.7773222288318494, -0.47629223316786823, -0.47629223316786823, -0.07835222449583062, -0.7773222288318494], "W": [-0.19109295618649944, -0.19109295618649944, -0.19109295618649944, -0.19109295618649944, -0.19109295618649944, -0.19109295618649944, -0.19109295618649944, -0.19109295618649944, -0.19109295618649944, -0.19109295618649944, -0.19109295618649944], "H": [-0.1152473773497052, -0.41627737301368634, 0.06084388170597599, -0.41627737301368634, 0.18578261831427598, -0.1152473773497052, 0.18578261831427598, -0.1152473773497052, -0.41627737301368634, -0.41627737301368634, -0.41627737301368634], "S": [0.17107240401406903, 0.2380191936446823, -0.4309875873138933, 0.13328384312466926, -0.06301080201929887, -0.4309875873138933, 0.09189115796644427, -0.06301080201929887, 0.296011140622369, 0.09189115796644427, -0.9081088420335556], "C": [-0.3100439191932663, -0.3100439191932663, -0.3100439191932663, -0.3100439191932663, -0.3100439191932663, -0.3100439191932663, -0.3100439191932663, -0.3100439191932663, -0.3100439191932663, -0.3100439191932663, -0.3100439191932663], "V": [0.009356272481032865, 0.1854475315367141, 0.1854475315367141, -0.2916737231829483, -0.1667349865746483, 0.23120502209738927, -0.1667349865746483, -0.2916737231829483, 0.07630306211164616, 0.07630306211164616, 0.13429500908933287], "N": [-0.24948563886815175, -0.5505156345321329, 0.14845436980388577, 0.49087705062609194, -0.5505156345321329, 0.051544356795829416, 0.29458240548212383, -0.24948563886815175, 0.22763561585151054, 0.14845436980388577, -0.5505156345321329], "P": [-0.7799065976333671, -0.7799065976333671, -0.478876601969386, 0.12318338935857638, 0.7252433806865387, 0.06519144238088961, 0.17433591180595762, -0.1778466063054048, -0.478876601969386, -0.478876601969386, -0.7799065976333671], "Q": [-0.37927950973210195, -0.37927950973210195, -0.6803095053960831, 0.018660498939935672, -0.6803095053960831, -0.37927950973210195, -0.07824951406812077, -0.20318825067642077, 0.3610831797621418, 0.018660498939935672, -0.6803095053960831], "T": [-0.7740846591116276, 0.30509658693599717, -0.47305466344764635, -0.7740846591116276, 0.12900532788031596, 0.30509658693599717, 0.004066591272016019, 0.07101338090262929, 0.26730802604659737, -0.07511465477560875, -0.7740846591116276], "I": [0.3518047506344344, 0.43098599668205917, 0.5559247332903592, -0.34716525370158435, -0.34716525370158435, -0.34716525370158435, -0.34716525370158435, 0.3518047506344344, 0.254894737626378, -0.34716525370158435, -0.6481952493655655], "E": [-0.8365369258936923, -0.8365369258936923, -0.8365369258936923, 0.06655306109825115, 0.06655306109825115, 0.20485575926453262, -0.35941567117402995, -0.5355069302297112, 0.008561114120564506, -0.13756692155767355, -0.8365369258936923], "D": [-0.6817823086838134, -0.6817823086838134, -0.20466105396415102, 0.5969712922690155, 0.017187695652205355, 0.3182176913161865, 0.2213076783081301, -0.07972231735585102, -0.6817823086838134, -0.3807523130198322, -0.6817823086838134], "A": [-0.08001300770186846, 0.8320318219430014, 0.14183574191448794, -0.1591942537494932, 0.14183574191448794, 0.25577909422132467, 0.22101698796211272, -0.013066218071255223, 0.14183574191448794, 0.04492572890643148, -0.858164258085512], "Y": [0.7623570546159922, -0.4929154504873138, 0.5070845495126862, -0.19188545482333258, -0.19188545482333258, -0.4929154504873138, -0.19188545482333258, 0.10914454084064858, -0.4929154504873138, 0.41017453650462976, 0.7623570546159922]}