{"L": [-0.12909378891313486, 0.3367464553968385, 0.03571645973285735, -0.01258821984169769, -0.01258821984169769, -0.12909378891313486, -0.06694588216429037, 0.11869069479762126, 0.057992854444009534, -0.16385589517234672, 0.81766069913364], "G": [-1.060700906311799, -0.21560286629754202, -0.4586409149838364, 0.1434190763441259, 0.08542712936643913, 0.05324244599503791, 0.05324244599503791, 0.05324244599503791, -0.2825496559281551, -0.7596709106478177, -1.060700906311799], "K": [-0.2500964880544346, -0.9490664923904533, -0.9490664923904533, -0.2500964880544346, -0.2500964880544346, -0.17091524200680963, -0.1039684523761965, -0.2500964880544346, -0.4719452376707908, -0.6480364967264721, -0.1039684523761965], "M": [-0.008359682685912617, 0.3438228354254498, 0.3438228354254498, -0.13329841929421254, -0.610419674013875, -0.3093896783498938, -0.008359682685912617, -0.610419674013875, 0.08855033032214377, -0.3093896783498938, 0.5656715850418061], "F": [0.7059326478900944, 0.14166121745153185, 0.33354674369044496, 0.09050869500415051, -0.03443004160414938, 0.22881139317043203, 0.03251674802646378, 0.14166121745153185, 0.03251674802646378, -0.5115512963238118, 0.44269121311551307], "R": [-0.016038903735501365, -1.0160389037355013, -0.5389176490158388, -0.41397891240753887, -0.17094086372124448, -0.11294891674355773, -0.17094086372124448, -0.0617963942961765, -0.0617963942961765, -1.0160389037355013, -1.0160389037355013], "W": [-0.42980963109015136, -0.42980963109015136, -0.12877963542617019, -0.12877963542617019, 0.04731162362951104, -0.12877963542617019, -0.12877963542617019, 0.2691603732458674, -0.12877963542617019, -0.42980963109015136, -0.42980963109015136], "H": [-0.1778727931976758, -0.6549940479173382, 0.2480959390746053, -0.1778727931976758, -0.3539640522533571, -0.3539640522533571, 0.34500595208266166, 0.04397595641868047, -0.1778727931976758, -0.3539640522533571, -0.6549940479173382], "S": [0.3003325144050116, 0.05729446571871717, 0.029265742118473652, 0.05729446571871717, 0.10844698816609845, -0.0006974812589695965, 0.2149023190803852, 0.029265742118473652, 0.2845382472217796, 0.35832446138269836, -1.1468255169372075], "C": [-0.5487605940969182, -0.5487605940969182, -0.5487605940969182, -0.247730598432937, 0.15020941023910062, 0.05329939723104419, -0.247730598432937, -0.247730598432937, -0.247730598432937, -0.5487605940969182, -0.5487605940969182], "V": [0.3147076419276567, 0.13861638287197542, -0.40545166147830014, 0.10643169950057421, 0.10643169950057421, 0.0338810323519625, -0.2293604024226189, 0.19660832984966217, -0.10442166581431898, 0.13861638287197542, -0.00751165280626258], "N": [-0.7892323094357848, -0.7892323094357848, -0.3121110547161224, 0.11385767755615872, 0.3247110428710519, 0.3247110428710519, 0.25216037572244016, -0.011081059052141247, 0.11385767755615872, -0.7892323094357848, -0.7892323094357848], "P": [-1.018623272537019, 0.09532007976981771, 0.5495784515299759, 0.06055797351060577, 0.1275047631412189, 0.21182564884125485, 0.1275047631412189, 0.09532007976981771, 0.02276941262120596, 0.41274049162196813, -1.018623272537019], "Q": [-0.4419049255800725, -0.9190261802997349, -0.14087492991609135, -0.14087492991609135, -0.14087492991609135, 0.08097381970026495, -0.015936193307791467, -0.015936193307791467, 0.1949171720071017, -0.4419049255800725, -0.9190261802997349], "T": [-0.23465008363163575, 0.06637991203234539, -0.3138313296792606, -0.23465008363163575, 0.1333267016629586, 0.06637991203234539, -0.05855882457595458, 0.06637991203234539, 0.2882286616487017, 0.3094179607186397, -1.0128013340152793], "I": [0.15448076088900758, 0.06733058517010738, 0.15448076088900758, 0.06733058517010738, -0.1087606738855738, -0.1087606738855738, 0.15448076088900758, 0.15448076088900758, 0.15448076088900758, 0.1130880757307825, 0.01617806272272611], "E": [-0.774223605133363, -1.0752536007973441, -1.0752536007973441, 0.12886638185858054, -0.2971023504137006, -0.17216361380540066, -0.2971023504137006, -0.12101109135801937, -0.3762835964613254, 0.07087443488089372, -1.0752536007973441], "D": [-0.22152897925144652, -0.619468987923484, -0.017408996595521708, 0.12089370157075975, -0.1423477332038216, -0.07540094357320846, -0.4433777288678028, -0.619468987923484, -0.4433777288678028, -0.9204989835874651, -0.9204989835874651], "A": [-0.19379094599722035, 0.4216330068887235, -0.19379094599722035, -0.017699686941539103, 0.0492471026890741, -0.05548824783093886, 0.0492471026890741, -0.09688093298916393, -0.14263842354983902, 0.3344828311698233, -1.096880932989164], "Y": [0.5693978702730154, 0.2683678746090343, 0.49881679598730827, 0.04651912499267801, -0.032662121054946876, -0.032662121054946876, -0.2545108706713032, -0.4306021297269845, -0.2545108706713032, -0.2545108706713032, -0.7316321253909656]}