{"L": [0.02771389533335532, -0.4573762890575824, 0.16816479811990284, -0.3147087854888509, -0.23552753944122612, -0.2976754461900706, -0.194134854283001, -0.013678789824869718, -0.18116987711863333, 0.0033545494739106083, -0.03140755678530133], "G": [-0.6272225722607722, -0.9282525679247533, -0.5303125592527157, 0.28923137628915285, -0.08315452791049657, 0.35617816591976603, 0.19396331034807326, 0.11314011723347166, -0.20809326451879645, -0.2750400541494097, -1.5303125592527158], "K": [-0.3772854601731452, -1.117648149667389, -0.3394968992837454, -0.18822922395309627, -0.21455816267544547, -0.3772854601731452, -0.13992454437854127, 0.11280077171088491, -0.27255010965313214, -0.07625546450916403, -0.24258688627568895], "M": [0.4384826129230956, -0.3018800765711483, 0.033912025352044815, -0.3810613226187731, -0.6029100722351294, -0.7790013312908106, -0.3810613226187731, -1.0800313269547919, -0.6029100722351294, -0.3018800765711483, 0.3513324372041954], "F": [0.5373509906131587, -0.6801329536007475, 0.3990482924468772, -0.10610168587302872, -0.24080025977048491, -0.051744023550435954, -0.16824959262187314, -0.2821929449287099, 0.38990491300700747, -0.16824959262187314, 0.7264072268332075], "R": [-0.4064693106287934, -1.4856505566764182, -0.5825605696844746, -0.44425787151819324, -0.5825605696844746, -0.5314080472370933, -0.4856505566764182, -0.3395225209981802, -0.12392272065882533, -0.5314080472370933, -0.16343126194249893], "W": [-0.20045127969504947, -0.8994212840310682, 0.17975996201655653, -0.4223000293114058, -0.8994212840310682, -0.598391288367087, -0.8994212840310682, -0.29736129270310585, -0.20045127969504947, -0.8994212840310682, 0.35585122107223777], "H": [0.6312691548142362, -1.124605700858255, -0.12460570085825518, -0.2795076608439983, -0.22151571386631158, -0.5225457095302928, -0.1703631914189303, 0.021522334819982853, 0.1976135938756641, -0.22151571386631158, -0.8235757051942739], "S": [-0.08495825283586937, -0.5024938175712877, -0.08495825283586937, 0.0995661737566746, 0.11595658994484394, 0.13175085712807585, 0.04632066180344956, -0.01437717855016216, -0.13931591515846212, 0.0995661737566746, -1.6164371698781244], "C": [-0.41631225570987274, -1.0183722470378351, -0.7173422513738539, -0.5412509923181726, -0.5412509923181726, -0.7173422513738539, -0.5412509923181726, -1.0183722470378351, -0.5412509923181726, -0.5412509923181726, -1.0183722470378351], "V": [-0.045759541588192176, -0.11539546972958657, 0.42050378554326184, -0.24667438436890549, 0.15634514983240702, -0.07918329707514186, 0.04139063413070801, -0.15490401101326018, 0.29372870589496464, 0.28630468781575774, -0.7781533014111607], "N": [-0.003571457273395723, -0.9578139667127206, -0.17966271632907696, -0.05472397972077703, 0.06337533235721747, 0.08357871844550442, -0.028395040998427847, 0.20355403552225426, -0.003571457273395723, -0.25884396237670176, -1.2588439623767018], "P": [-0.6431368854636792, 1.0114521571404675, -0.23296242037462989, 0.5287984138208444, 0.06806757528935126, 0.0915486711388742, -0.04107689413571679, 0.04324399156431915, -0.10802368376632997, -0.07326157750711806, -1.488234925477936], "Q": [-0.15818891186237802, -0.15818891186237802, -0.6104865828570083, -0.2746944809338152, 0.2134221580873104, -0.13336532813734586, 0.16766466752663528, 0.026335514730165988, 0.05852019810156723, -0.10988423228782294, -1.3886378332406517], "T": [0.09737060966061384, -0.5793229999642527, -0.3362849512779583, -0.16019369222227708, -0.2519640655779224, 0.18968487097952108, -0.06743963898537841, 0.061655057394079234, 0.18968487097952108, 0.16103968952999104, -0.7834429826201775], "I": [0.04141643146190324, -0.35652357721013433, 0.42162767317350924, -0.24258022490329753, -0.10125107210682828, -0.03430428247621507, 0.09063445413208482, 0.17495533983212078, 0.04141643146190324, -0.10125107210682828, -0.6575535728741155], "E": [-0.06774399901859875, -0.5034725685800361, -0.16465401202665517, 0.057194737589701165, 0.3794140323236205, 0.034918342878549016, 0.034918342878549016, 0.04619935328823798, -0.12989190576744322, 0.2876436589679751, -1.0677439990185986], "D": [-0.24398260085014417, -0.5450125965141254, -0.08908064086440104, 0.28198722140733523, 0.30885936780763656, 0.12840330334950528, 0.3580773904778181, -0.11135703557555321, 0.29113060084720493, -0.4870206495364386, -0.9129893818087197], "A": [-0.26546259026609964, 0.2847657627889944, 0.01329101068672932, -0.02242454157980524, 0.024572021096418366, 0.22589910356817305, 0.15778328367070818, 0.0017091381369141643, -0.04797864605219334, 0.27235650480717444, -0.9644325946021184], "Y": [0.342824266018393, -1.2012437783318826, 0.09978621733209861, -0.42309252794823893, -0.35614573831762575, -0.42309252794823893, -0.20124377833188253, 0.2758774763877798, -0.35614573831762575, -0.12206253228425773, 1.208689344999412]}