{"R": [0.2813067150635209, 0.009074410163339383, 0.09074410163339383, 0.09074410163339383, 0.24047186932849365, 0.04083484573502722, 0.12704174228675136, 0.4537205081669691, 0.018148820326678767], "Q": [0.18602540834845735, 0.14519056261343014, 0.48548094373865697, 0.1996370235934664, 0.2631578947368421, 0.0998185117967332, 0.29945553539019965, 0.5353901996370236, 0.0], "G": [0.41379310344827586, 0.032667876588021776, 0.1306715063520871, 0.33212341197822143, 0.22323049001814882, 0.0925589836660617, 0.02722323049001815, 0.29945553539019965, 0.016333938294010888], "Y": [0.5653357531760436, 0.03176043557168784, 0.26678765880217786, 0.07622504537205081, 0.3938294010889292, 0.04446460980036298, 0.28584392014519056, 0.3176043557168784, 0.0], "E": [0.04083484573502722, 0.004537205081669692, 0.05898366606170599, 1.0480943738656987, 0.3448275862068966, 0.05898366606170599, 0.3811252268602541, 0.4809437386569873, 0.0], "P": [0.012704174228675136, 0.012704174228675136, 0.06352087114337568, 0.8765880217785844, 0.14609800362976408, 0.37477313974591653, 0.9401088929219601, 0.050816696914700546, 0.012704174228675136], "T": [0.3448275862068966, 0.13157894736842105, 0.1588021778584392, 0.1724137931034483, 0.19509981851179672, 0.12250453720508167, 0.24954627949183303, 0.4537205081669691, 0.03176043557168784], "F": [0.4029038112522686, 0.02722323049001815, 0.3157894736842105, 0.08711433756805807, 0.4192377495462795, 0.14156079854809436, 0.5444646098003629, 0.2613430127041742, 0.05989110707803993], "I": [0.2577132486388385, 0.33030852994555354, 0.33030852994555354, 0.07622504537205081, 0.32667876588021777, 1.1651542649727769, 0.2395644283121597, 0.050816696914700546, 0.27586206896551724], "C": [0.0, 0.0, 0.0, 0.0, 0.0, 0.008166969147005444, 0.0, 0.008166969147005444, 0.0], "D": [0.0, 0.010889292196007259, 0.032667876588021776, 1.1270417422867514, 0.19056261343012704, 0.02722323049001815, 0.11978221415607986, 0.04900181488203267, 0.0054446460980036296], "M": [0.02722323049001815, 0.10435571687840291, 0.16787658802177857, 0.013611615245009074, 0.036297640653357534, 0.0499092558983666, 0.0544464609800363, 0.022686025408348458, 0.07713248638838476], "W": [0.0499092558983666, 0.0, 0.24954627949183303, 0.05989110707803993, 0.6887477313974592, 0.039927404718693285, 0.35934664246823955, 0.0499092558983666, 0.0], "N": [0.1306715063520871, 0.0, 0.44101633393829404, 0.33212341197822143, 0.17422867513611615, 0.1088929219600726, 0.22867513611615245, 0.3157894736842105, 0.0], "K": [0.308529945553539, 0.004537205081669692, 0.0998185117967332, 0.14519056261343014, 0.31306715063520874, 0.045372050816696916, 0.08620689655172414, 0.39473684210526316, 0.004537205081669692], "S": [0.617059891107078, 0.029038112522686024, 0.3121597096188748, 0.3411978221415608, 0.15245009074410162, 0.032667876588021776, 0.1705989110707804, 0.33756805807622503, 0.0], "V": [0.23593466424682397, 0.3121597096188748, 0.16333938294010888, 0.07622504537205081, 0.3629764065335753, 0.6206896551724138, 0.3811252268602541, 0.12341197822141561, 0.9437386569872959], "L": [0.279491833030853, 2.867513611615245, 0.9764065335753176, 0.09437386569872959, 0.4283121597096189, 1.1978221415607986, 0.2395644283121597, 0.29038112522686027, 2.573502722323049], "A": [0.6061705989110708, 0.06896551724137931, 0.38838475499092556, 0.18148820326678766, 0.20326678765880218, 0.07985480943738657, 0.22867513611615245, 0.2867513611615245, 0.039927404718693285], "H": [0.14519056261343014, 0.0, 0.17422867513611615, 0.15245009074410162, 0.3629764065335753, 0.1306715063520871, 0.6751361161524501, 0.37749546279491836, 0.0]}