{"R": [0.12775842044134728, 0.2613240418118467, 0.4819976771196283, 0.12195121951219512, 0.12195121951219512, 0.16260162601626016, 0.23809523809523808, 0.2264808362369338, 0.0], "Q": [0.35423925667828104, 0.4355400696864111, 0.1916376306620209, 0.2961672473867596, 0.23809523809523808, 0.2961672473867596, 0.31939605110336816, 0.313588850174216, 0.0], "G": [0.4181184668989547, 0.020905923344947737, 0.24390243902439024, 0.4250871080139373, 0.4878048780487805, 0.794425087108014, 0.13937282229965156, 0.3693379790940767, 0.0], "Y": [0.34959349593495936, 0.016260162601626018, 0.7723577235772358, 0.12195121951219512, 0.06504065040650407, 0.17886178861788618, 0.17073170731707318, 0.14634146341463414, 3.5284552845528454], "E": [0.3310104529616725, 0.08710801393728224, 0.03484320557491289, 0.5574912891986062, 0.23228803716608595, 0.14518002322880372, 0.2961672473867596, 0.44715447154471544, 0.0], "P": [0.0, 0.3170731707317073, 0.10569105691056911, 1.1869918699186992, 0.926829268292683, 0.3252032520325203, 0.25203252032520324, 0.032520325203252036, 0.0], "T": [0.6387921022067363, 0.0, 0.14518002322880372, 0.24390243902439024, 0.44715447154471544, 0.3600464576074332, 0.5574912891986062, 0.6562137049941928, 0.011614401858304297], "F": [0.13937282229965156, 0.0, 0.43205574912891986, 0.13937282229965156, 0.34146341463414637, 0.18815331010452963, 0.06968641114982578, 0.09059233449477352, 1.9442508710801394], "I": [0.15795586527293845, 0.0, 0.28339140534262486, 0.18118466898954705, 0.1440185830429733, 0.31126596980255516, 0.28339140534262486, 0.148664343786295, 0.013937282229965157], "C": [0.0, 0.0, 0.0, 0.0, 0.0, 0.0, 0.0, 0.0, 0.0], "D": [0.313588850174216, 0.0, 0.06968641114982578, 0.5435540069686411, 0.2857142857142857, 0.09059233449477352, 0.07665505226480836, 0.08362369337979095, 0.0], "M": [0.12195121951219512, 0.005807200929152149, 0.14518002322880372, 0.06387921022067364, 0.03484320557491289, 0.08710801393728224, 0.06387921022067364, 0.023228803716608595, 0.156794425087108], "W": [0.025551684088269456, 0.0, 0.08943089430894309, 0.025551684088269456, 0.06387921022067364, 0.05110336817653891, 0.012775842044134728, 0.0, 0.10220673635307782], "N": [0.578397212543554, 0.020905923344947737, 0.18815331010452963, 0.1951219512195122, 0.23693379790940766, 0.20209059233449478, 0.41114982578397213, 0.15331010452961671, 0.0], "K": [0.04065040650406504, 0.05807200929152149, 0.27293844367015097, 0.33681765389082463, 0.20905923344947736, 0.23809523809523808, 0.156794425087108, 0.2148664343786295, 0.0], "S": [0.4692218350754936, 0.004645760743321719, 0.29732868757259, 0.2229965156794425, 0.4831591173054588, 0.3623693379790941, 0.4924506387921022, 0.710801393728223, 0.0], "V": [0.0975609756097561, 0.0, 0.3344947735191638, 0.16260162601626016, 0.2694541231126597, 0.3716608594657375, 0.40418118466898956, 0.4181184668989547, 0.07897793263646923], "L": [0.08826945412311266, 0.03716608594657375, 0.3159117305458769, 0.20441347270615565, 0.18583042973286876, 0.3670150987224158, 0.3995354239256678, 0.1718931475029036, 0.3344947735191638], "A": [0.3530778164924506, 0.004645760743321719, 0.34843205574912894, 0.21370499419279906, 0.23228803716608595, 0.2508710801393728, 0.2601626016260163, 0.4181184668989547, 0.018583042973286876], "H": [0.7340301974448316, 6.1138211382113825, 0.4924506387921022, 0.18583042973286876, 0.3344947735191638, 0.29732868757259, 0.2880371660859466, 0.1207897793263647, 0.13937282229965156]}