{"R": [0.0, 0.0390625, 0.3125, 0.1953125, 0.546875, 0.234375, 0.4296875, 0.1171875, 0.0], "Q": [0.1171875, 0.15625, 0.15625, 0.3515625, 0.390625, 0.15625, 0.390625, 0.3125, 0.0], "G": [0.0, 0.234375, 0.0, 0.1875, 0.046875, 0.0, 0.0, 0.09375, 0.0], "Y": [0.21875, 0.109375, 0.875, 0.109375, 0.546875, 0.21875, 0.3828125, 0.0, 1.2578125], "E": [0.46875, 3.59375, 0.0, 1.1328125, 0.078125, 0.078125, 0.78125, 0.3125, 0.0], "P": [0.0, 0.0546875, 0.0, 0.6015625, 0.0, 1.3125, 0.0, 0.0546875, 0.0], "T": [0.15625, 0.1171875, 0.1171875, 0.1171875, 0.15625, 0.3125, 0.3125, 0.78125, 0.0], "F": [0.046875, 0.09375, 1.03125, 0.0, 0.890625, 0.1875, 0.140625, 0.09375, 1.6875], "I": [0.0625, 0.03125, 0.25, 0.3125, 0.28125, 0.46875, 0.34375, 0.0, 0.15625], "C": [0.0, 0.0, 0.0, 0.0703125, 0.0, 0.140625, 0.0703125, 0.0703125, 0.0], "D": [3.9375, 0.09375, 0.0, 0.140625, 0.140625, 0.046875, 0.046875, 0.0, 0.0], "M": [0.078125, 0.0390625, 0.078125, 0.0, 0.0390625, 0.0, 0.0, 0.0, 0.078125], "W": [0.0, 0.0, 0.515625, 0.0, 0.0, 0.0, 0.0859375, 0.0, 0.0], "N": [0.28125, 0.0, 0.375, 0.09375, 0.609375, 0.328125, 0.234375, 0.140625, 0.0], "K": [0.0, 0.0, 0.2734375, 0.3125, 0.3515625, 0.5078125, 0.0390625, 0.15625, 0.0], "S": [0.125, 0.0625, 0.03125, 0.0, 0.21875, 0.09375, 0.15625, 1.125, 0.0], "V": [0.0, 0.0, 0.25, 0.5625, 0.125, 0.46875, 0.625, 0.25, 0.25], "L": [0.0625, 0.0625, 0.625, 0.40625, 0.40625, 0.53125, 0.28125, 0.0625, 1.28125], "A": [0.0, 0.28125, 0.21875, 0.3125, 0.0625, 0.09375, 0.15625, 0.90625, 0.15625], "H": [0.25, 0.0625, 0.5, 0.0, 0.4375, 0.0, 0.625, 0.0625, 0.5]}