{"R": [0.04436860068259386, 0.030716723549488054, 0.015358361774744027, 0.14846416382252559, 0.1621160409556314, 0.11433447098976109, 0.09897610921501707, 0.14675767918088736, 0.008532423208191127], "Q": [0.18430034129692832, 0.03924914675767918, 0.15358361774744028, 0.24914675767918087, 0.19112627986348124, 0.23208191126279865, 0.27474402730375425, 0.24232081911262798, 0.0017064846416382253], "G": [0.016382252559726963, 0.018430034129692834, 0.0962457337883959, 0.4955631399317406, 0.3849829351535836, 0.34197952218430033, 0.05324232081911263, 0.07372013651877134, 0.0], "Y": [0.5040955631399318, 0.028668941979522185, 0.2508532423208191, 0.0931740614334471, 0.22457337883959044, 0.08839590443686007, 0.231740614334471, 0.10511945392491467, 0.06928327645051195], "E": [0.17747440273037543, 0.0017064846416382253, 0.3174061433447099, 0.6194539249146758, 0.40273037542662116, 0.431740614334471, 0.39590443686006827, 0.5580204778156996, 0.0034129692832764505], "P": [0.0, 4.878498293515358, 0.02627986348122867, 1.1276450511945393, 0.4204778156996587, 0.4037542662116041, 0.8791808873720136, 0.11467576791808874, 0.007167235494880546], "T": [0.4522184300341297, 0.020477815699658702, 0.3703071672354949, 0.20477815699658702, 0.32764505119453924, 0.31399317406143346, 0.3464163822525597, 0.60580204778157, 0.010238907849829351], "F": [0.8907849829351536, 0.010238907849829351, 0.3296928327645051, 0.07781569965870307, 0.2273037542662116, 0.19658703071672354, 0.21706484641638224, 0.030716723549488054, 0.4341296928327645], "I": [0.2006825938566553, 0.032764505119453925, 0.41774744027303756, 0.08737201365187713, 0.22525597269624573, 0.24436860068259386, 0.23754266211604094, 0.21023890784982935, 0.08873720136518772], "C": [0.0, 0.0, 0.08600682593856655, 0.0, 0.021501706484641638, 0.021501706484641638, 0.012286689419795221, 0.018430034129692834, 0.012286689419795221], "D": [0.1167235494880546, 0.0, 0.39112627986348125, 0.5815699658703072, 0.4668941979522184, 0.7392491467576792, 0.19044368600682593, 0.08191126279863481, 0.0], "M": [0.3856655290102389, 0.008532423208191127, 0.08191126279863481, 0.03754266211604096, 0.05460750853242321, 0.04436860068259386, 0.05631399317406143, 0.04436860068259386, 0.5392491467576792], "W": [0.04880546075085324, 0.0037542662116040954, 0.04880546075085324, 0.04505119453924915, 0.03754266211604096, 0.01877133105802048, 0.0901023890784983, 0.0037542662116040954, 0.01877133105802048], "N": [0.2416382252559727, 0.0020477815699658703, 0.3849829351535836, 0.2129692832764505, 0.23959044368600682, 0.20477815699658702, 0.23754266211604094, 0.08600682593856655, 0.0020477815699658703], "K": [0.013651877133105802, 0.0017064846416382253, 0.011945392491467578, 0.2150170648464164, 0.16040955631399317, 0.10068259385665529, 0.09726962457337884, 0.19965870307167236, 0.0034129692832764505], "S": [0.3221843003412969, 0.030034129692832763, 0.5515358361774744, 0.43686006825938567, 0.3781569965870307, 0.4614334470989761, 0.24436860068259386, 0.520136518771331, 0.0013651877133105802], "V": [0.1597269624573379, 0.12832764505119454, 0.451877133105802, 0.10102389078498293, 0.49829351535836175, 0.3372013651877133, 0.4204778156996587, 0.604778156996587, 0.08600682593856655], "L": [0.6607508532423209, 0.021843003412969283, 0.28668941979522183, 0.15017064846416384, 0.24436860068259386, 0.15426621160409557, 0.3535836177474403, 0.2525597269624573, 2.9897610921501707], "A": [0.10511945392491467, 0.8327645051194539, 0.4109215017064846, 0.30580204778156994, 0.23208191126279865, 0.42457337883959045, 0.31399317406143346, 0.595221843003413, 0.032764505119453925], "H": [0.7918088737201365, 0.09283276450511946, 0.21023890784982935, 0.22662116040955632, 0.22389078498293516, 0.20477815699658702, 0.5515358361774744, 0.12559726962457338, 0.0027303754266211604]}