{"R": [0.3048780487804878, 0.3048780487804878, 0.18292682926829268, 0.18292682926829268, 0.3048780487804878, 0.3048780487804878, 0.18292682926829268, 0.24390243902439024, 0.0], "Q": [0.06097560975609756, 0.4268292682926829, 0.12195121951219512, 0.18292682926829268, 0.06097560975609756, 0.24390243902439024, 0.06097560975609756, 0.24390243902439024, 0.0], "G": [0.07317073170731707, 0.0, 0.07317073170731707, 0.7317073170731707, 0.9512195121951219, 0.8780487804878049, 0.2926829268292683, 0.21951219512195122, 0.0], "Y": [1.1097560975609757, 0.0, 0.7682926829268293, 0.17073170731707318, 0.0, 0.25609756097560976, 0.08536585365853659, 0.4268292682926829, 0.0], "E": [0.24390243902439024, 0.36585365853658536, 0.3048780487804878, 0.6707317073170732, 0.3048780487804878, 0.06097560975609756, 0.18292682926829268, 0.3048780487804878, 0.0], "P": [0.0, 1.2804878048780488, 0.08536585365853659, 1.1097560975609757, 0.5121951219512195, 0.34146341463414637, 0.4268292682926829, 0.4268292682926829, 0.0], "T": [0.36585365853658536, 0.0, 0.18292682926829268, 0.3048780487804878, 0.5487804878048781, 0.4268292682926829, 0.18292682926829268, 0.3048780487804878, 0.0], "F": [1.024390243902439, 0.07317073170731707, 0.2926829268292683, 0.21951219512195122, 0.14634146341463414, 0.14634146341463414, 0.21951219512195122, 0.14634146341463414, 0.8048780487804879], "I": [0.1951219512195122, 0.04878048780487805, 0.34146341463414637, 0.04878048780487805, 0.24390243902439024, 0.1951219512195122, 0.1951219512195122, 0.3902439024390244, 0.24390243902439024], "C": [0.10975609756097561, 0.0, 0.0, 0.21951219512195122, 0.10975609756097561, 0.0, 0.0, 0.10975609756097561, 0.0], "D": [0.0, 0.0, 0.5853658536585366, 0.43902439024390244, 0.36585365853658536, 0.2926829268292683, 0.07317073170731707, 0.0, 0.0], "M": [0.18292682926829268, 0.24390243902439024, 0.3048780487804878, 0.06097560975609756, 0.0, 0.24390243902439024, 0.12195121951219512, 0.0, 0.4268292682926829], "W": [0.5365853658536586, 0.0, 0.13414634146341464, 0.5365853658536586, 0.13414634146341464, 0.13414634146341464, 0.0, 0.0, 0.0], "N": [0.2926829268292683, 0.07317073170731707, 0.14634146341463414, 0.14634146341463414, 0.36585365853658536, 0.21951219512195122, 0.5853658536585366, 0.07317073170731707, 0.0], "K": [0.06097560975609756, 0.18292682926829268, 0.18292682926829268, 0.18292682926829268, 0.06097560975609756, 0.12195121951219512, 0.3048780487804878, 0.12195121951219512, 0.0], "S": [0.3902439024390244, 0.0, 0.14634146341463414, 0.14634146341463414, 0.0975609756097561, 0.4878048780487805, 0.43902439024390244, 0.2926829268292683, 0.0], "V": [0.0, 0.04878048780487805, 0.43902439024390244, 0.14634146341463414, 0.14634146341463414, 0.1951219512195122, 0.4878048780487805, 0.6341463414634146, 0.04878048780487805], "L": [0.0975609756097561, 0.14634146341463414, 0.14634146341463414, 0.14634146341463414, 0.1951219512195122, 0.1951219512195122, 0.1951219512195122, 0.0975609756097561, 2.682926829268293], "A": [0.1951219512195122, 0.1951219512195122, 0.5853658536585366, 0.14634146341463414, 0.3902439024390244, 0.2926829268292683, 0.5365853658536586, 0.7317073170731707, 0.0975609756097561], "H": [0.6829268292682927, 3.024390243902439, 0.0975609756097561, 0.0975609756097561, 0.5853658536585366, 0.1951219512195122, 0.4878048780487805, 0.0975609756097561, 0.0975609756097561]}