{"R": [1.5, 0.07142857142857142, 0.8571428571428571, 0.14285714285714285, 0.5, 0.42857142857142855, 0.2857142857142857, 0.0, 0.07142857142857142], "Q": [0.0, 0.7857142857142857, 0.0, 0.21428571428571427, 0.07142857142857142, 0.07142857142857142, 0.07142857142857142, 0.14285714285714285, 0.0], "G": [0.17142857142857143, 0.0, 0.0, 0.6, 0.42857142857142855, 0.17142857142857143, 0.0, 0.34285714285714286, 0.0], "Y": [1.0, 0.6, 0.8, 0.1, 0.1, 0.3, 0.6, 0.2, 0.5], "E": [0.14285714285714285, 0.14285714285714285, 0.0, 0.5714285714285714, 0.0, 0.0, 0.14285714285714285, 0.21428571428571427, 0.0], "P": [0.0, 0.1, 0.1, 0.8, 0.2, 0.4, 0.5, 2.1, 0.0], "T": [0.07142857142857142, 0.8571428571428571, 0.14285714285714285, 0.2857142857142857, 0.5, 0.35714285714285715, 0.14285714285714285, 0.35714285714285715, 0.0], "F": [0.17142857142857143, 0.0, 0.8571428571428571, 0.0, 0.34285714285714286, 0.7714285714285715, 0.5142857142857142, 0.17142857142857143, 1.8857142857142857], "I": [0.0, 0.11428571428571428, 0.05714285714285714, 0.11428571428571428, 0.22857142857142856, 0.17142857142857143, 0.22857142857142856, 0.0, 0.5714285714285714], "C": [0.0, 0.0, 0.0, 0.0, 0.0, 0.12857142857142856, 0.12857142857142856, 0.0, 0.0], "D": [0.0, 0.0, 0.0, 0.17142857142857143, 0.0, 0.17142857142857143, 0.0, 0.0, 0.0], "M": [0.8571428571428571, 0.8571428571428571, 1.0, 0.07142857142857142, 0.21428571428571427, 0.0, 0.35714285714285715, 0.0, 0.14285714285714285], "W": [0.3142857142857143, 0.0, 0.7857142857142857, 0.4714285714285714, 1.4142857142857144, 0.3142857142857143, 1.2571428571428571, 0.0, 0.3142857142857143], "N": [0.0, 0.0, 0.08571428571428572, 0.42857142857142855, 0.08571428571428572, 0.42857142857142855, 0.17142857142857143, 0.0, 0.0], "K": [0.2857142857142857, 0.0, 0.14285714285714285, 0.2857142857142857, 0.0, 0.07142857142857142, 0.0, 0.07142857142857142, 0.2857142857142857], "S": [0.5142857142857142, 0.22857142857142856, 0.05714285714285714, 0.34285714285714286, 0.4, 0.34285714285714286, 0.4, 0.4, 0.0], "V": [0.0, 0.5142857142857142, 0.0, 0.0, 0.4, 0.2857142857142857, 0.11428571428571428, 0.22857142857142856, 0.11428571428571428], "L": [0.05714285714285714, 0.22857142857142856, 0.5142857142857142, 0.11428571428571428, 0.2857142857142857, 0.5714285714285714, 0.2857142857142857, 0.17142857142857143, 1.2571428571428571], "A": [0.17142857142857143, 0.34285714285714286, 0.11428571428571428, 0.6285714285714286, 0.2857142857142857, 0.22857142857142856, 0.22857142857142856, 0.8571428571428571, 0.0], "H": [0.11428571428571428, 0.0, 0.22857142857142856, 0.11428571428571428, 0.22857142857142856, 0.11428571428571428, 0.6857142857142857, 0.11428571428571428, 0.0]}