{"R": [0.11046511627906977, 0.005813953488372093, 0.06976744186046512, 0.22674418604651161, 0.1686046511627907, 0.1569767441860465, 0.1511627906976744, 0.29651162790697677, 0.01744186046511628], "Q": [0.0755813953488372, 0.046511627906976744, 0.046511627906976744, 0.20348837209302326, 0.23255813953488372, 0.22674418604651161, 0.28488372093023256, 0.36627906976744184, 0.011627906976744186], "G": [0.12558139534883722, 0.020930232558139535, 0.09069767441860466, 0.5581395348837209, 0.38372093023255816, 0.25813953488372093, 0.12558139534883722, 0.4325581395348837, 0.013953488372093023], "Y": [0.5453488372093023, 0.056976744186046514, 0.4476744186046512, 0.12209302325581395, 0.2930232558139535, 0.12209302325581395, 0.26046511627906976, 0.36627906976744184, 0.19534883720930232], "E": [1.8488372093023255, 0.01744186046511628, 0.05813953488372093, 0.6627906976744186, 0.12790697674418605, 0.05232558139534884, 0.27325581395348836, 0.4418604651162791, 0.0], "P": [0.01627906976744186, 0.30930232558139537, 0.15465116279069768, 0.9116279069767442, 0.8790697674418605, 0.30116279069767443, 0.7406976744186047, 0.3174418604651163, 0.0], "T": [0.27325581395348836, 1.255813953488372, 0.11046511627906977, 0.10465116279069768, 0.18604651162790697, 0.37790697674418605, 0.20348837209302326, 0.3081395348837209, 0.046511627906976744], "F": [0.5023255813953489, 0.07674418604651163, 0.6, 0.16046511627906976, 0.45348837209302323, 0.6, 0.5232558139534884, 0.34186046511627904, 0.11162790697674418], "I": [0.10697674418604651, 0.24651162790697675, 0.4325581395348837, 0.08837209302325581, 0.2372093023255814, 0.586046511627907, 0.26046511627906976, 0.037209302325581395, 0.4744186046511628], "C": [0.0, 0.020930232558139535, 0.020930232558139535, 0.08372093023255814, 0.05232558139534884, 0.07325581395348837, 0.04186046511627907, 0.031395348837209305, 0.020930232558139535], "D": [0.39767441860465114, 0.0, 0.38372093023255816, 0.7116279069767442, 0.1813953488372093, 0.09069767441860466, 0.09767441860465116, 0.08372093023255814, 0.0], "M": [0.12790697674418605, 0.2558139534883721, 0.313953488372093, 0.08139534883720931, 0.06976744186046512, 0.1744186046511628, 0.11046511627906977, 0.0872093023255814, 0.16279069767441862], "W": [0.15348837209302327, 0.0, 0.20465116279069767, 0.24302325581395348, 0.2686046511627907, 0.11511627906976744, 0.42209302325581394, 0.08953488372093023, 0.03837209302325582], "N": [0.15348837209302327, 0.0069767441860465115, 0.1883720930232558, 0.2651162790697674, 0.27209302325581397, 0.1813953488372093, 0.1883720930232558, 0.4744186046511628, 0.0], "K": [0.05232558139534884, 0.011627906976744186, 0.09302325581395349, 0.3023255813953488, 0.16279069767441862, 0.11627906976744186, 0.09883720930232558, 0.2441860465116279, 0.0755813953488372], "S": [0.21395348837209302, 0.19069767441860466, 0.20930232558139536, 0.2558139534883721, 0.22325581395348837, 0.23255813953488372, 0.16744186046511628, 0.3627906976744186, 0.013953488372093023], "V": [0.10232558139534884, 1.130232558139535, 0.24651162790697675, 0.09767441860465116, 0.3953488372093023, 0.4, 0.27906976744186046, 0.16279069767441862, 1.7069767441860466], "L": [0.15348837209302327, 0.5255813953488372, 0.7255813953488373, 0.13023255813953488, 0.31627906976744186, 0.5302325581395348, 0.2837209302325581, 0.15813953488372093, 1.2093023255813953], "A": [0.15348837209302327, 0.3302325581395349, 0.4883720930232558, 0.21395348837209302, 0.3116279069767442, 0.20930232558139536, 0.4186046511627907, 0.40930232558139534, 0.12558139534883722], "H": [0.23255813953488372, 0.027906976744186046, 0.14883720930232558, 0.20465116279069767, 0.21395348837209302, 0.17674418604651163, 0.6511627906976745, 0.29767441860465116, 0.0]}