{"R": [0.054634146341463415, 0.002926829268292683, 0.033170731707317075, 0.2029268292682927, 0.1073170731707317, 0.1024390243902439, 0.25365853658536586, 0.3326829268292683, 3.377560975609756], "Q": [0.144390243902439, 0.03024390243902439, 0.13853658536585367, 0.24682926829268292, 0.18439024390243902, 0.22731707317073171, 0.23414634146341465, 0.47804878048780486, 0.001951219512195122], "G": [0.16273170731707318, 0.08078048780487805, 0.2224390243902439, 0.543219512195122, 0.42497560975609755, 0.36292682926829267, 0.1311219512195122, 0.33834146341463417, 0.0035121951219512196], "Y": [0.1324878048780488, 0.008195121951219513, 0.27590243902439027, 0.1488780487804878, 0.15707317073170732, 0.16526829268292684, 0.20214634146341465, 0.2417560975609756, 0.30048780487804877], "E": [1.2234146341463414, 0.002926829268292683, 0.10341463414634146, 0.4682926829268293, 0.2497560975609756, 0.19414634146341464, 0.16, 0.37658536585365854, 0.0], "P": [0.02321951219512195, 0.07512195121951219, 0.1215609756097561, 0.5722926829268292, 0.4739512195121951, 0.3605853658536585, 0.16117073170731708, 0.2868292682926829, 0.0013658536585365853], "T": [0.4926829268292683, 1.1853658536585365, 0.31609756097560976, 0.2848780487804878, 0.2946341463414634, 0.41268292682926827, 0.3882926829268293, 0.3541463414634146, 0.000975609756097561], "F": [0.1873170731707317, 0.05502439024390244, 0.5233170731707317, 0.17209756097560974, 0.2481951219512195, 0.4015609756097561, 0.29736585365853657, 0.1568780487804878, 0.007024390243902439], "I": [0.11785365853658536, 0.3090731707317073, 0.4027317073170732, 0.11941463414634146, 0.3855609756097561, 0.4027317073170732, 0.3777560975609756, 0.08819512195121951, 0.0023414634146341463], "C": [0.028097560975609757, 0.06146341463414634, 0.08429268292682927, 0.040390243902439026, 0.06848780487804879, 0.05970731707317073, 0.07902439024390244, 0.0544390243902439, 0.0], "D": [0.783219512195122, 0.01873170731707317, 0.07258536585365853, 0.5010731707317073, 0.17678048780487804, 0.13931707317073172, 0.10302439024390243, 0.09014634146341463, 0.0011707317073170731], "M": [0.09268292682926829, 0.05853658536585366, 0.1404878048780488, 0.045853658536585365, 0.07414634146341463, 0.09560975609756098, 0.1326829268292683, 0.08682926829268292, 0.003902439024390244], "W": [0.027902439024390244, 0.004292682926829269, 0.07726829268292683, 0.07082926829268292, 0.0686829268292683, 0.06439024390243903, 0.11375609756097561, 0.04078048780487805, 0.0021463414634146343], "N": [0.34653658536585363, 0.07492682926829268, 0.24936585365853658, 0.3055609756097561, 0.2833170731707317, 0.2048780487804878, 0.22946341463414635, 0.3313170731707317, 0.0], "K": [0.054634146341463415, 0.001951219512195122, 0.11219512195121951, 0.28, 0.25365853658536586, 0.17853658536585365, 0.24780487804878049, 0.4653658536585366, 1.3463414634146342], "S": [0.5174634146341464, 0.5354146341463415, 0.5424390243902439, 0.4417560975609756, 0.31609756097560976, 0.30048780487804877, 0.304390243902439, 0.3418536585365854, 0.0007804878048780488], "V": [0.0975609756097561, 0.9810731707317073, 0.39882926829268295, 0.13034146341463415, 0.4768780487804878, 0.4682926829268293, 0.5299512195121951, 0.1904390243902439, 0.006243902439024391], "L": [0.09990243902439025, 0.27551219512195124, 0.1459512195121951, 0.21073170731707316, 0.33326829268292685, 0.2958048780487805, 0.32702439024390245, 0.3886829268292683, 0.007804878048780488], "A": [0.24897560975609756, 0.6423414634146342, 0.7539512195121951, 0.3293658536585366, 0.3121951219512195, 0.39102439024390245, 0.3761951219512195, 0.271609756097561, 0.005463414634146341], "H": [0.3402926829268293, 0.0031219512195121953, 0.15297560975609756, 0.14985365853658536, 0.14673170731707316, 0.16702439024390245, 0.32, 0.1841951219512195, 0.023414634146341463]}