{"R": [0.0, 0.0, 0.10309278350515463, 0.09020618556701031, 0.18041237113402062, 0.0, 0.41237113402061853, 0.18041237113402062, 0.0], "Q": [0.16752577319587628, 0.0, 0.28350515463917525, 0.2190721649484536, 0.28350515463917525, 0.16752577319587628, 0.3479381443298969, 0.4639175257731959, 0.0], "G": [0.0, 0.0, 0.061855670103092786, 0.3711340206185567, 0.23195876288659795, 0.27835051546391754, 0.0, 0.09278350515463918, 0.0], "Y": [0.45103092783505155, 0.0, 0.36082474226804123, 0.07216494845360824, 0.2345360824742268, 0.2345360824742268, 0.19845360824742267, 0.10824742268041238, 0.0], "E": [0.20618556701030927, 0.0, 0.09020618556701031, 0.6443298969072165, 0.25773195876288657, 0.19329896907216496, 0.32216494845360827, 0.41237113402061853, 0.0], "P": [0.0, 2.9587628865979383, 0.7757731958762887, 0.6675257731958762, 0.5051546391752577, 0.6675257731958762, 0.45103092783505155, 0.0, 0.0], "T": [0.3479381443298969, 0.0, 0.10309278350515463, 0.25773195876288657, 0.4252577319587629, 0.37371134020618557, 0.28350515463917525, 1.1855670103092784, 0.0], "F": [0.27835051546391754, 0.0, 0.20103092783505155, 0.10824742268041238, 0.20103092783505155, 0.29381443298969073, 0.0, 0.04639175257731959, 0.0], "I": [0.29896907216494845, 0.0, 0.13402061855670103, 0.1958762886597938, 0.3711340206185567, 0.4329896907216495, 0.18556701030927836, 0.041237113402061855, 1.9793814432989691], "C": [0.0, 0.0, 0.0, 0.0, 0.0, 0.0, 0.0, 0.0, 0.0], "D": [1.2061855670103092, 0.0, 0.07731958762886598, 0.4484536082474227, 0.18556701030927836, 0.17010309278350516, 0.18556701030927836, 0.0, 0.0], "M": [0.2190721649484536, 0.0, 0.25773195876288657, 0.10309278350515463, 0.02577319587628866, 0.03865979381443299, 0.14175257731958762, 0.14175257731958762, 0.0], "W": [0.0, 0.0, 0.028350515463917526, 0.0, 0.0, 0.0, 0.05670103092783505, 0.0, 0.0], "N": [0.30927835051546393, 0.0, 0.30927835051546393, 0.27835051546391754, 0.20103092783505155, 0.13917525773195877, 0.4020618556701031, 0.21649484536082475, 0.0], "K": [0.05154639175257732, 0.0, 0.8118556701030928, 0.2190721649484536, 0.2963917525773196, 0.24484536082474226, 0.41237113402061853, 0.3479381443298969, 0.0], "S": [0.21649484536082475, 0.0, 0.3402061855670103, 0.35051546391752575, 0.23711340206185566, 0.28865979381443296, 0.24742268041237114, 0.5670103092783505, 0.0], "V": [0.4020618556701031, 0.0, 0.10309278350515463, 0.2268041237113402, 0.5670103092783505, 0.6288659793814433, 0.4639175257731959, 0.29896907216494845, 2.020618556701031], "L": [0.5979381443298969, 0.0, 0.422680412371134, 0.38144329896907214, 0.18556701030927836, 0.25773195876288657, 0.25773195876288657, 0.17525773195876287, 0.0], "A": [0.17525773195876287, 2.3092783505154637, 0.41237113402061853, 0.26804123711340205, 0.26804123711340205, 0.3402061855670103, 0.21649484536082475, 0.29896907216494845, 0.0], "H": [0.12371134020618557, 0.0, 0.35051546391752575, 0.24742268041237114, 0.4536082474226804, 0.26804123711340205, 0.6185567010309279, 0.26804123711340205, 0.0]}