{"R": [0.7772380291464261, 0.0, 0.09021512838306732, 0.12144344205412907, 0.3712699514226232, 0.1179736294240111, 0.35045107564191535, 0.28452463566967384, 0.0], "Q": [0.07633587786259542, 0.010409437890353921, 0.19777931991672448, 0.1596113809854268, 0.19777931991672448, 0.17002081887578072, 0.2498265093684941, 0.39208882720333105, 0.0], "G": [0.13740458015267176, 0.0, 0.11658570437196392, 0.5954198473282443, 0.34975711311589175, 0.1873698820263706, 0.033310201249132546, 0.0791117279666898, 0.0], "Y": [0.5392088827203331, 0.009715475364330326, 0.44691186675919503, 0.0922970159611381, 0.238029146426093, 0.13601665510062458, 0.11172796668979876, 0.4031922276197085, 0.009715475364330326], "E": [0.013879250520471894, 0.0, 0.0936849410131853, 0.4996530187369882, 0.17002081887578072, 0.13532269257460097, 0.048577376821651634, 0.7460097154753643, 0.0], "P": [0.004857737682165163, 0.004857737682165163, 0.02914642609299098, 1.1172796668979874, 0.24288688410825815, 0.6509368494101319, 0.13601665510062458, 0.05829285218598196, 0.0], "T": [0.2498265093684941, 1.0062456627342125, 0.3712699514226232, 0.19430950728660654, 0.263705759888966, 0.25676613462873005, 0.19083969465648856, 0.4163775156141568, 0.0], "F": [0.5537820957668286, 0.004163775156141568, 0.4038861901457321, 0.14989590562109645, 0.3789035392088827, 0.5995836224843858, 0.12491325468424705, 0.3331020124913255, 0.13324080499653018], "I": [0.24705065926439973, 0.3525329632199861, 0.549618320610687, 0.09437890353920889, 0.2886884108258154, 0.549618320610687, 0.263705759888966, 0.15267175572519084, 0.30811936155447606], "C": [0.0, 0.0, 0.062456627342123525, 0.012491325468424705, 0.018736988202637056, 0.018736988202637056, 0.02498265093684941, 0.04996530187369882, 0.0], "D": [0.004163775156141568, 0.0, 0.32061068702290074, 0.7453157529493407, 0.1040943789035392, 0.09993060374739764, 0.020818875780707843, 0.041637751561415685, 0.0], "M": [0.07286606523247745, 0.03469812630117974, 0.18043025676613464, 0.03469812630117974, 0.04510756419153366, 0.13532269257460097, 0.13879250520471895, 0.12838306731436502, 0.20471894517696043], "W": [0.061068702290076333, 0.0, 0.05343511450381679, 0.08396946564885496, 0.15267175572519084, 0.07633587786259542, 0.05343511450381679, 0.007633587786259542, 0.0], "N": [0.07078417765440666, 0.4871616932685635, 0.8868841082581541, 0.19569743233865372, 0.19153365718251214, 0.14156835530881332, 0.11658570437196392, 0.11658570437196392, 0.0], "K": [0.8882720333102012, 0.0, 0.1040943789035392, 0.3018736988202637, 0.5690492713393477, 0.131852879944483, 0.15614156835530882, 0.42331714087439276, 0.0], "S": [0.3164469118667592, 1.5988896599583622, 0.34420541290770296, 0.38584316446911865, 0.2220680083275503, 0.19986120749479527, 0.14712005551700208, 0.18598195697432338, 0.0], "V": [0.263705759888966, 0.33587786259541985, 0.1970853573907009, 0.19430950728660654, 0.38584316446911865, 0.5163081193615545, 0.263705759888966, 0.30811936155447606, 1.7820957668285913], "L": [0.1554476058292852, 0.02220680083275503, 0.30811936155447606, 0.13601665510062458, 0.1970853573907009, 0.40527411519777934, 1.7043719639139487, 0.5052047189451769, 1.6516308119361554], "A": [0.3830673143650243, 0.5135322692574601, 0.21651630811936157, 0.2109646079111728, 0.22761970853573907, 0.2886884108258154, 0.09715475364330327, 0.18043025676613464, 0.0], "H": [0.25537820957668284, 0.0, 0.16655100624566274, 0.1554476058292852, 0.7272727272727273, 0.2220680083275503, 0.49410131852879946, 0.17210270645385148, 0.0]}