{"R": [0.07042253521126761, 0.0, 0.07042253521126761, 0.0, 0.07042253521126761, 0.2112676056338028, 0.0, 0.4225352112676056, 0.0], "Q": [0.14084507042253522, 0.28169014084507044, 0.28169014084507044, 0.07042253521126761, 0.07042253521126761, 0.2112676056338028, 0.28169014084507044, 0.14084507042253522, 0.0], "G": [0.4225352112676056, 0.0, 0.3380281690140845, 0.9295774647887324, 0.8450704225352113, 0.5915492957746479, 0.2535211267605634, 0.5915492957746479, 0.0], "Y": [1.1830985915492958, 0.0, 0.7887323943661971, 0.19718309859154928, 0.5915492957746479, 0.49295774647887325, 0.0, 0.39436619718309857, 0.0], "E": [0.07042253521126761, 0.0, 0.07042253521126761, 0.8450704225352113, 0.2112676056338028, 0.07042253521126761, 0.0, 0.5633802816901409, 0.0], "P": [0.09859154929577464, 0.0, 0.49295774647887325, 0.7887323943661971, 0.19718309859154928, 0.19718309859154928, 0.49295774647887325, 0.49295774647887325, 0.0], "T": [0.14084507042253522, 0.28169014084507044, 0.07042253521126761, 0.07042253521126761, 0.4225352112676056, 0.07042253521126761, 0.14084507042253522, 0.2112676056338028, 0.4225352112676056], "F": [0.8450704225352113, 0.08450704225352113, 0.3380281690140845, 0.08450704225352113, 0.08450704225352113, 0.2535211267605634, 0.8450704225352113, 0.5915492957746479, 0.0], "I": [0.11267605633802817, 0.22535211267605634, 0.28169014084507044, 0.16901408450704225, 0.3380281690140845, 0.4507042253521127, 0.39436619718309857, 0.056338028169014086, 0.16901408450704225], "C": [0.0, 0.0, 0.0, 0.2535211267605634, 0.0, 0.1267605633802817, 0.6338028169014085, 0.0, 0.5070422535211268], "D": [0.0, 0.0, 0.5070422535211268, 1.0985915492957747, 0.5070422535211268, 0.2535211267605634, 0.2535211267605634, 0.4225352112676056, 0.0], "M": [0.352112676056338, 1.3380281690140845, 0.2112676056338028, 0.14084507042253522, 0.07042253521126761, 0.14084507042253522, 0.14084507042253522, 0.0, 0.07042253521126761], "W": [0.6197183098591549, 0.0, 0.15492957746478872, 0.7746478873239436, 0.6197183098591549, 0.0, 0.7746478873239436, 0.7746478873239436, 0.0], "N": [0.08450704225352113, 0.0, 0.08450704225352113, 0.08450704225352113, 0.4225352112676056, 0.16901408450704225, 0.16901408450704225, 0.2535211267605634, 0.0], "K": [0.28169014084507044, 0.0, 0.2112676056338028, 0.14084507042253522, 0.14084507042253522, 0.0, 0.14084507042253522, 0.14084507042253522, 0.0], "S": [0.056338028169014086, 0.056338028169014086, 0.056338028169014086, 0.056338028169014086, 0.11267605633802817, 0.7323943661971831, 0.056338028169014086, 0.22535211267605634, 0.22535211267605634], "V": [0.11267605633802817, 0.22535211267605634, 0.056338028169014086, 0.056338028169014086, 0.22535211267605634, 0.11267605633802817, 0.11267605633802817, 0.0, 1.971830985915493], "L": [0.39436619718309857, 1.9154929577464788, 0.39436619718309857, 0.11267605633802817, 0.3380281690140845, 0.39436619718309857, 0.11267605633802817, 0.3380281690140845, 0.5070422535211268], "A": [0.4507042253521127, 0.0, 0.676056338028169, 0.11267605633802817, 0.28169014084507044, 0.28169014084507044, 0.5633802816901409, 0.056338028169014086, 0.5070422535211268], "H": [0.3380281690140845, 0.0, 0.3380281690140845, 0.11267605633802817, 0.0, 0.3380281690140845, 0.676056338028169, 0.22535211267605634, 0.0]}