{"R": [0.06578947368421052, 0.03289473684210526, 0.06578947368421052, 0.09868421052631579, 0.16447368421052633, 0.09868421052631579, 0.06578947368421052, 0.16447368421052633, 0.03289473684210526], "Q": [0.09868421052631579, 0.3618421052631579, 0.16447368421052633, 0.23026315789473684, 0.13157894736842105, 0.13157894736842105, 0.23026315789473684, 0.16447368421052633, 0.13157894736842105], "G": [0.631578947368421, 0.07894736842105263, 0.5921052631578947, 0.6710526315789473, 0.7105263157894737, 0.35526315789473684, 0.35526315789473684, 0.6710526315789473, 0.039473684210526314], "Y": [0.5526315789473685, 0.046052631578947366, 0.7828947368421053, 0.13815789473684212, 0.4144736842105263, 0.3223684210526316, 0.4144736842105263, 0.506578947368421, 0.18421052631578946], "E": [0.09868421052631579, 0.03289473684210526, 0.16447368421052633, 0.6907894736842105, 0.23026315789473684, 0.2631578947368421, 0.03289473684210526, 0.32894736842105265, 0.0], "P": [0.046052631578947366, 0.0, 0.3684210526315789, 0.5526315789473685, 0.3684210526315789, 0.13815789473684212, 0.875, 0.4605263157894737, 0.0], "T": [0.2631578947368421, 0.29605263157894735, 0.09868421052631579, 0.06578947368421052, 0.19736842105263158, 0.32894736842105265, 0.23026315789473684, 0.39473684210526316, 0.2631578947368421], "F": [0.9868421052631579, 0.07894736842105263, 0.39473684210526316, 0.11842105263157894, 0.07894736842105263, 0.35526315789473684, 0.5131578947368421, 0.5921052631578947, 0.07894736842105263], "I": [0.15789473684210525, 0.2631578947368421, 0.15789473684210525, 0.15789473684210525, 0.21052631578947367, 0.5789473684210527, 0.42105263157894735, 0.02631578947368421, 0.5789473684210527], "C": [0.05921052631578947, 0.05921052631578947, 0.0, 0.17763157894736842, 0.11842105263157894, 0.17763157894736842, 0.4144736842105263, 0.17763157894736842, 0.0], "D": [0.07894736842105263, 0.0, 0.6710526315789473, 0.868421052631579, 0.5526315789473685, 0.35526315789473684, 0.11842105263157894, 0.23684210526315788, 0.0], "M": [0.23026315789473684, 0.9868421052631579, 0.16447368421052633, 0.09868421052631579, 0.09868421052631579, 0.19736842105263158, 0.09868421052631579, 0.09868421052631579, 0.09868421052631579], "W": [0.4342105263157895, 0.0, 0.4342105263157895, 0.2894736842105263, 0.9407894736842105, 0.21710526315789475, 0.3618421052631579, 0.3618421052631579, 0.14473684210526316], "N": [0.27631578947368424, 0.0, 0.19736842105263158, 0.3157894736842105, 0.11842105263157894, 0.07894736842105263, 0.23684210526315788, 0.15789473684210525, 0.0], "K": [0.4934210526315789, 0.0, 0.19736842105263158, 0.29605263157894735, 0.06578947368421052, 0.06578947368421052, 0.16447368421052633, 0.16447368421052633, 0.03289473684210526], "S": [0.3157894736842105, 0.05263157894736842, 0.13157894736842105, 0.23684210526315788, 0.34210526315789475, 0.3157894736842105, 0.13157894736842105, 0.2631578947368421, 0.07894736842105263], "V": [0.10526315789473684, 0.3157894736842105, 0.05263157894736842, 0.13157894736842105, 0.2631578947368421, 0.21052631578947367, 0.10526315789473684, 0.23684210526315788, 1.1578947368421053], "L": [0.23684210526315788, 1.763157894736842, 0.4473684210526316, 0.18421052631578946, 0.2631578947368421, 0.42105263157894735, 0.18421052631578946, 0.21052631578947367, 1.0263157894736843], "A": [0.2631578947368421, 0.07894736842105263, 0.4473684210526316, 0.15789473684210525, 0.3157894736842105, 0.23684210526315788, 0.3684210526315789, 0.15789473684210525, 0.47368421052631576], "H": [0.15789473684210525, 0.0, 0.05263157894736842, 0.10526315789473684, 0.15789473684210525, 0.3684210526315789, 0.5263157894736842, 0.3684210526315789, 0.0]}