{"R": [0.08387096774193549, 0.0, 0.06451612903225806, 0.2064516129032258, 0.17419354838709677, 0.11612903225806452, 0.07096774193548387, 0.13548387096774195, 0.0064516129032258064], "Q": [0.14838709677419354, 0.06451612903225806, 0.2064516129032258, 0.2645161290322581, 0.17419354838709677, 0.17419354838709677, 0.2838709677419355, 0.2838709677419355, 0.012903225806451613], "G": [0.015483870967741935, 0.10064516129032258, 0.11612903225806452, 0.34838709677419355, 0.3251612903225806, 0.20129032258064516, 0.07741935483870968, 0.1625806451612903, 0.0], "Y": [0.7677419354838709, 0.5148387096774194, 0.23483870967741935, 0.15354838709677418, 0.1896774193548387, 0.1896774193548387, 0.352258064516129, 0.11741935483870967, 2.6916129032258063], "E": [0.16774193548387098, 0.012903225806451613, 0.4645161290322581, 0.7290322580645161, 0.5548387096774193, 0.6709677419354839, 0.4645161290322581, 0.6193548387096774, 0.0], "P": [0.03612903225806452, 3.6129032258064515, 0.10838709677419354, 1.1290322580645162, 0.7767741935483871, 0.38838709677419353, 0.47870967741935483, 0.18064516129032257, 0.04516129032258064], "T": [0.3096774193548387, 0.07096774193548387, 0.16774193548387098, 0.18064516129032257, 0.27741935483870966, 0.2838709677419355, 0.24516129032258063, 0.7161290322580646, 0.0], "F": [0.9987096774193548, 0.20129032258064516, 0.2787096774193548, 0.10838709677419354, 0.20129032258064516, 0.2709677419354839, 0.2709677419354839, 0.12387096774193548, 2.2451612903225806], "I": [0.21161290322580645, 0.04645161290322581, 0.2735483870967742, 0.1032258064516129, 0.16, 0.25806451612903225, 0.29419354838709677, 0.09806451612903226, 0.02064516129032258], "C": [0.0, 0.0, 0.011612903225806452, 0.0, 0.0, 0.023225806451612905, 0.023225806451612905, 0.04645161290322581, 0.0], "D": [0.12387096774193548, 0.007741935483870968, 1.5638709677419356, 0.4103225806451613, 0.8129032258064516, 0.7509677419354839, 0.3096774193548387, 0.0696774193548387, 0.007741935483870968], "M": [0.2967741935483871, 0.012903225806451613, 0.17419354838709677, 0.01935483870967742, 0.03225806451612903, 0.05806451612903226, 0.03870967741935484, 0.04516129032258064, 0.4967741935483871], "W": [0.09935483870967741, 0.0567741935483871, 0.09935483870967741, 0.04258064516129032, 0.08516129032258064, 0.02838709677419355, 0.12774193548387097, 0.02838709677419355, 0.1703225806451613], "N": [0.3251612903225806, 0.007741935483870968, 0.1703225806451613, 0.2167741935483871, 0.2167741935483871, 0.18580645161290324, 0.20903225806451614, 0.08516129032258064, 0.0], "K": [0.07096774193548387, 0.0064516129032258064, 0.04516129032258064, 0.2838709677419355, 0.17419354838709677, 0.17419354838709677, 0.11612903225806452, 0.1870967741935484, 0.03870967741935484], "S": [0.28903225806451616, 0.08774193548387096, 0.2270967741935484, 0.3096774193548387, 0.31483870967741934, 0.28903225806451616, 0.23225806451612904, 0.5729032258064516, 0.0], "V": [0.1135483870967742, 0.2167741935483871, 0.16, 0.18580645161290324, 0.25290322580645164, 0.35096774193548386, 0.6709677419354839, 0.5161290322580645, 0.01032258064516129], "L": [0.48, 0.1032258064516129, 0.2167741935483871, 0.24258064516129033, 0.18064516129032257, 0.2787096774193548, 0.22193548387096773, 0.22193548387096773, 0.3716129032258065], "A": [0.09290322580645162, 0.8103225806451613, 0.4541935483870968, 0.25290322580645164, 0.26838709677419353, 0.21161290322580645, 0.24774193548387097, 0.4180645161290323, 0.0], "H": [0.96, 0.02064516129032258, 0.2270967741935484, 0.17548387096774193, 0.18580645161290324, 0.2787096774193548, 0.49548387096774194, 0.17548387096774193, 0.05161290322580645]}