{"R": [0.328132170720514, 0.16291877007801744, 0.16062413951353832, 0.1216154199173933, 0.5920146856356127, 0.18586507572280864, 0.135383203304268, 0.17668655346489215, 0.0], "Q": [0.06883891693437356, 0.4726938962826985, 0.19963285910968334, 0.23864157870582836, 0.20192748967416246, 0.21340064249655805, 0.3969710876548876, 0.37402478201009637, 0.0], "G": [0.13767783386874713, 0.12666360715924735, 0.05231757687012391, 0.3111519045433685, 0.28086278109224416, 0.20927030748049563, 0.03304268012849931, 0.1101422670949977, 0.0], "Y": [0.9219825608077099, 0.7131711794401101, 0.43689765947682424, 0.07709958696649839, 0.3051858650757228, 0.10922441486920606, 0.3822854520422212, 0.40798531436438734, 0.019274896741624598], "E": [0.10096374483708123, 0.07572280862781092, 0.06195502524093621, 0.8994951812758146, 0.15603487838458008, 0.13997246443322625, 0.2524093620927031, 0.6447911886186324, 0.0], "P": [0.006424965580541533, 0.15419917393299679, 0.2826984855438274, 1.0986691142726022, 0.1445617255621845, 0.4593850390087196, 0.38549793483249195, 0.03533731069297843, 0.0], "T": [0.26617714547957777, 0.13767783386874713, 0.1583295089490592, 0.20192748967416246, 0.20192748967416246, 0.46810463515374023, 0.34648921523634696, 0.6287287746672786, 0.002294630564479119], "F": [1.0243230839834787, 0.1156493804497476, 0.5094079853143644, 0.09362092703074805, 0.335933914639743, 0.35796236805874254, 0.39651216154199176, 0.23405231757687012, 0.7214318494722349], "I": [0.2221202386415787, 0.18357044515832951, 0.3340982101881597, 0.08811381367599816, 0.23680587425424507, 0.5250114731528224, 0.35979807251032586, 0.10096374483708123, 0.398347865993575], "C": [0.0, 0.004130335016062414, 0.0, 0.004130335016062414, 0.008260670032124828, 0.008260670032124828, 0.004130335016062414, 0.004130335016062414, 0.0], "D": [0.07434603028912345, 0.0, 0.4075263882514915, 0.8315741165672327, 0.10738871041762277, 0.07434603028912345, 0.08260670032124828, 0.05231757687012391, 0.0], "M": [0.09637448370812299, 0.21569527306103717, 0.3350160624139514, 0.03212482790270767, 0.05507113354749885, 0.06654428636989444, 0.15374024782010096, 0.048187241854061494, 0.1812758145938504], "W": [0.055530059660394676, 0.005048187241854061, 0.12115649380449747, 0.045433685176686556, 0.21202386415787058, 0.020192748967416244, 0.1564938044974759, 0.005048187241854061, 0.005048187241854061], "N": [0.19825608077099588, 0.04130335016062414, 0.4130335016062414, 0.3139054612207435, 0.2836163377696191, 0.2257916475447453, 0.21477742083524554, 0.20376319412574576, 0.0], "K": [0.3625516291877008, 0.02294630564479119, 0.3694355208811381, 0.21340064249655805, 0.6792106470858191, 0.1445617255621845, 0.08031206975676916, 0.1583295089490592, 0.011473152822395595], "S": [0.39651216154199176, 0.1156493804497476, 0.255162918770078, 0.28820559889857733, 0.19274896741624598, 0.23864157870582836, 0.1780633318035796, 0.5984396512161542, 0.0], "V": [0.2533272143184947, 0.2771913721890776, 0.12482790270766407, 0.10096374483708123, 0.31757687012391006, 0.5213400642496558, 0.4148692060578247, 0.25149150986691143, 0.7820100963744837], "L": [0.19825608077099588, 1.5511702615878844, 0.4075263882514915, 0.17622762735199632, 0.273519963285911, 0.4864616796695732, 0.4901330885727398, 0.25149150986691143, 2.142267094997705], "A": [0.3285910968334098, 0.29004130335016065, 0.3616337769619091, 0.18357044515832951, 0.17989903625516293, 0.24598439651216153, 0.2716842588343277, 0.42404772831574117, 0.023864157870582835], "H": [0.2312987608994952, 0.04772831574116567, 0.223955943093162, 0.14685635612666362, 0.5617255621844883, 0.1872418540614961, 0.42221202386415785, 0.18357044515832951, 0.0073428178063331805]}