{"R": [0.3573919107391911, 0.008716875871687587, 0.05404463040446304, 0.17608089260808926, 0.17259414225941422, 0.2859135285913529, 0.15690376569037656, 0.2859135285913529, 0.010460251046025104], "Q": [0.22140864714086472, 0.08193863319386332, 0.16387726638772665, 0.296373779637378, 0.24581589958158995, 0.2824267782426778, 0.33298465829846585, 0.346931659693166, 0.003486750348675035], "G": [0.5648535564853556, 0.012552301255230125, 0.2301255230125523, 0.5271966527196653, 0.5188284518828452, 0.3493723849372385, 0.16108786610878661, 0.2280334728033473, 0.010460251046025104], "Y": [0.2733612273361227, 0.0024407252440725243, 0.21478382147838215, 0.1195955369595537, 0.148884239888424, 0.1708507670850767, 0.2489539748953975, 0.19525801952580196, 0.029288702928870293], "E": [0.28068340306834033, 4.632147838214784, 0.4585076708507671, 0.6415620641562064, 0.45676429567642957, 0.29463040446304045, 0.43235704323570434, 0.4096931659693166, 0.01394700139470014], "P": [0.024407252440725245, 0.009762900976290097, 0.12447698744769875, 0.6199442119944212, 0.3978382147838215, 0.4393305439330544, 0.446652719665272, 0.12203626220362622, 0.021966527196652718], "T": [0.33472803347280333, 0.019177126917712693, 0.27719665271966526, 0.20746164574616457, 0.28068340306834033, 0.28417015341701535, 0.3905160390516039, 0.47594142259414224, 0.036610878661087864], "F": [0.18828451882845187, 0.010460251046025104, 0.3912133891213389, 0.18828451882845187, 0.2175732217573222, 0.27615062761506276, 0.23430962343096234, 0.15481171548117154, 0.4581589958158996], "I": [0.13389121338912133, 0.005578800557880056, 0.36401673640167365, 0.16736401673640167, 0.2719665271966527, 0.2914923291492329, 0.3598326359832636, 0.15620641562064155, 0.3319386331938633], "C": [0.034518828451882845, 0.0031380753138075313, 0.03765690376569038, 0.056485355648535567, 0.034518828451882845, 0.0502092050209205, 0.0502092050209205, 0.08786610878661087, 0.0], "D": [0.029288702928870293, 0.08158995815899582, 0.5418410041841004, 0.5397489539748954, 0.37656903765690375, 0.22594142259414227, 0.1506276150627615, 0.1401673640167364, 0.008368200836820083], "M": [0.10808926080892609, 0.015690376569037656, 0.12203626220362622, 0.05578800557880056, 0.08542538354253836, 0.09239888423988843, 0.09937238493723849, 0.08368200836820083, 0.22663877266387727], "W": [0.12656903765690378, 0.0, 0.19177126917712692, 0.09588563458856346, 0.06520223152022316, 0.049860529986053, 0.14191073919107391, 0.06903765690376569, 0.015341701534170154], "N": [0.15481171548117154, 0.006276150627615063, 0.2698744769874477, 0.23221757322175732, 0.2594142259414226, 0.22594142259414227, 0.19246861924686193, 0.15271966527196654, 0.0], "K": [0.5264993026499303, 0.0017433751743375174, 0.22489539748953974, 0.2859135285913529, 0.303347280334728, 0.4062064156206416, 0.20920502092050208, 0.3957461645746165, 0.012203626220362623], "S": [0.46443514644351463, 0.016736401673640166, 0.28312412831241285, 0.22873082287308227, 0.2412831241283124, 0.23709902370990238, 0.17433751743375175, 0.4295676429567643, 0.009762900976290097], "V": [0.17712691771269176, 0.011157601115760111, 0.301255230125523, 0.200836820083682, 0.29707112970711297, 0.299860529986053, 0.46582984658298465, 0.39330543933054396, 0.2105997210599721], "L": [0.20641562064156208, 0.03347280334728033, 0.2524407252440725, 0.2914923291492329, 0.301255230125523, 0.3389121338912134, 0.3068340306834031, 0.2914923291492329, 2.786610878661088], "A": [0.5244072524407253, 0.03626220362622036, 0.3682008368200837, 0.23430962343096234, 0.24546722454672246, 0.2705718270571827, 0.21896792189679218, 0.3333333333333333, 0.05718270571827057], "H": [0.3486750348675035, 0.01394700139470014, 0.30962343096234307, 0.14504881450488144, 0.28172942817294283, 0.27615062761506276, 0.42677824267782427, 0.20362622036262204, 0.016736401673640166]}