{"R": [0.198482194979568, 0.0, 0.18388791593695272, 0.21891418563922943, 0.3561004086398132, 0.19264448336252188, 0.2510215995329831, 0.1692936368943374, 0.008756567425569177], "Q": [0.38237011091652073, 0.002918855808523059, 0.5224751897256276, 0.28312901342673674, 0.2130764740221833, 0.3064798598949212, 0.23058960887332167, 0.3415061295971979, 0.0], "G": [0.17162872154115585, 0.0035026269702276708, 0.20665499124343256, 0.3922942206654991, 0.46935201401050786, 0.35376532399299476, 0.0595446584938704, 0.2381786339754816, 0.021015761821366025], "Y": [0.03677758318739054, 0.0, 0.22066549912434325, 0.12259194395796848, 0.1675423234092236, 0.15119673088149446, 0.36777583187390545, 0.04495037945125511, 0.024518388791593695], "E": [0.9486281377699942, 4.85697606538237, 0.4845300642148278, 0.7034442498540572, 0.28896672504378285, 0.1634559252772913, 0.29480443666082895, 0.48744892002335083, 0.002918855808523059], "P": [0.01634559252772913, 0.004086398131932283, 0.012259194395796848, 0.8213660245183888, 0.6579100992410974, 0.3269118505545826, 0.637478108581436, 0.31056625802685345, 1.3199065966141272], "T": [0.15178050204319907, 0.002918855808523059, 0.198482194979568, 0.15178050204319907, 0.2685347343841214, 0.4261529480443666, 0.2276707530647986, 0.4816112084063047, 0.1138353765323993], "F": [0.04553415061295972, 0.0, 0.10157618213660245, 0.18213660245183888, 0.38879159369527144, 0.4273204903677758, 0.28371278458844135, 0.05253940455341506, 0.03502626970227671], "I": [0.023350846468184472, 0.002335084646818447, 0.31056625802685345, 0.13543490951546994, 0.1587857559836544, 0.28488032691185056, 0.3222416812609457, 0.1587857559836544, 0.11675423234092236], "C": [0.03677758318739054, 0.0, 0.03677758318739054, 0.01576182136602452, 0.03152364273204904, 0.03152364273204904, 0.05779334500875657, 0.06304728546409807, 0.0840630472854641], "D": [0.03502626970227671, 0.10157618213660245, 0.2136602451838879, 0.4238178633975482, 0.24168126094570927, 0.05253940455341506, 0.10157618213660245, 0.09106830122591944, 0.0], "M": [0.10507880910683012, 0.0, 0.1780502043199066, 0.05253940455341506, 0.06129597197898424, 0.10507880910683012, 0.12259194395796848, 0.08172796263864565, 0.011675423234092236], "W": [0.01284296555750146, 0.0, 0.03852889667250438, 0.07705779334500876, 0.16695855224751896, 0.19264448336252188, 0.17980151780502043, 0.04495037945125511, 0.00642148277875073], "N": [0.18914185639229422, 0.0035026269702276708, 0.4168126094570928, 0.15411558669001751, 0.29071803852889666, 0.30122591943957966, 0.14711033274956217, 0.14711033274956217, 0.0035026269702276708], "K": [0.19556333917104496, 0.0, 0.3619381202568593, 0.3239929947460595, 0.43782837127845886, 0.21599532983070635, 0.2656158785755984, 0.30939871570344424, 0.0], "S": [0.5604203152364273, 0.002335084646818447, 0.2732049036777583, 0.28021015761821366, 0.2778750729713952, 0.3502626970227671, 0.1284296555750146, 0.4950379451255108, 0.053706946876824285], "V": [0.05837711617046118, 0.004670169293636894, 0.14477524810274373, 0.19614711033274956, 0.17046117921774664, 0.3502626970227671, 0.37594862813776997, 0.4296555750145943, 0.39462930531231755], "L": [0.046701692936368944, 0.002335084646818447, 0.2685347343841214, 0.28021015761821366, 0.2078225335668418, 0.38061879743140686, 0.44366608289550497, 0.19147694103911267, 0.12609457092819615], "A": [1.3309982486865148, 0.021015761821366025, 0.4997081144191477, 0.3175715119673088, 0.2568593111500292, 0.287215411558669, 0.31523642732049034, 0.5861062463514303, 2.349095154699358], "H": [0.09807355516637478, 0.004670169293636894, 0.3409223584354933, 0.12142440163455925, 0.30823117338003503, 0.21015761821366025, 0.4810274372446001, 0.0840630472854641, 0.004670169293636894]}