{"R": [1.1025562057283647, 0.021558361564521098, 0.29411764705882354, 0.2571604558053588, 0.42654758238373885, 0.28487834924545735, 0.2571604558053588, 0.2694795195565137, 3.7157376039421006], "Q": [0.1632275947028026, 0.3156760086233446, 0.32799507237449954, 0.21096396673852788, 0.1201108715737604, 0.16476747767169694, 0.2186633815829997, 0.39728980597474595, 0.003079765937788728], "G": [0.28826609177702495, 0.19956883276870957, 0.18109023714197722, 0.39728980597474595, 0.31967970434246995, 0.23283030489682785, 0.1053279950723745, 0.36772405297197414, 0.0], "Y": [0.12288266091777025, 0.43547890360332614, 0.5152448413920542, 0.1789344009855251, 0.29750538959039113, 0.34924545734524176, 0.32768709578072064, 0.4268555589775177, 0.22851863258392363], "E": [0.027717893440098552, 0.015398829688943641, 0.03233754234678164, 0.41114875269479517, 0.15090853095164766, 0.11703110563597166, 0.1154912226670773, 0.2956575300277179, 0.003079765937788728], "P": [0.023714197720973208, 0.023714197720973208, 0.07545426547582383, 0.5648290729904527, 0.5562057283646443, 0.3125962426855559, 0.1315060055435787, 0.34708962118878967, 0.0], "T": [0.22174314752078841, 0.8315368032029565, 0.12165075454265475, 0.2571604558053588, 0.19864490298737297, 0.25100092392978135, 0.36649214659685864, 0.29411764705882354, 0.004619648906683092], "F": [0.07945796119494919, 0.24946104096088698, 0.5192485371111796, 0.22359100708346166, 0.34370187865722207, 0.5931629196181091, 0.452725592854943, 0.2771789344009855, 0.04250076994148445], "I": [0.17862642439174622, 0.26239605789959963, 0.24391746227286726, 0.1539882968894364, 0.36094856790883895, 0.4619648906683092, 0.353557129658146, 0.08130582075762242, 0.01108715737603942], "C": [0.033261472128118266, 0.06929473360024638, 0.12195873113643363, 0.06929473360024638, 0.08592546966430552, 0.09424083769633508, 0.12473052048044349, 0.09701262704034494, 0.0], "D": [0.031413612565445025, 0.0018478595626732369, 0.08869725900831536, 0.4822913458577148, 0.17185093932861104, 0.09054511857098861, 0.08684939944564213, 0.06467508469356328, 0.0018478595626732369], "M": [0.13089005235602094, 0.2017246689251617, 0.17708654142285185, 0.06929473360024638, 0.07237449953803511, 0.1370495842315984, 0.10933169079149985, 0.0769941484447182, 0.009239297813366184], "W": [0.03726516784724361, 0.027101940252540806, 0.25408068986757004, 0.12195873113643363, 0.27440714505697567, 0.13889744379427163, 0.2676316599938405, 0.05420388050508161, 0.023714197720973208], "N": [0.06282722513089005, 0.07206652294425624, 0.5247921157991993, 0.29380967046504464, 0.24206960271019404, 0.17739451801663073, 0.22174314752078841, 0.5783800431167231, 0.0], "K": [0.8192177394518017, 0.004619648906683092, 0.7514628888204496, 0.29411764705882354, 0.37727132737911917, 0.22482291345857716, 0.16476747767169694, 0.3249153064367108, 0.8761934093008932], "S": [0.4878349245457345, 0.5506621496766245, 0.18109023714197722, 0.348629504157684, 0.2562365260240222, 0.1958731136433631, 0.23775793039728982, 0.3042808746535263, 0.0024638127502309825], "V": [0.1971050200184786, 0.6504465660609794, 0.10717585463504774, 0.20203264551894057, 0.31167231290421926, 0.3523252232830305, 0.5284878349245458, 0.16137973514012935, 0.03942100400369572], "L": [0.1416692331382815, 0.559285494302433, 0.42993532491530645, 0.31413612565445026, 0.3720357252848783, 0.55189405605174, 0.3363104404065291, 0.3781952571604558, 0.06036341238065907], "A": [0.5235602094240838, 0.20696027101940254, 0.19217739451801663, 0.28457037265167845, 0.16507545426547582, 0.18601786264243916, 0.3067446874037573, 0.21927933477055744, 0.0036957191253464737], "H": [0.15768401601478288, 0.012319063751154912, 0.24391746227286726, 0.13058207576224207, 0.22667077302125038, 0.21681552202032645, 0.5174006775485063, 0.33015090853095164, 0.04927625500461965]}