{"R": [0.341693929480189, 0.009087604507451835, 0.0945110868774991, 0.10178117048346055, 0.5761541257724464, 0.17993456924754633, 0.25081788440567065, 0.3035259905488913, 0.0], "Q": [0.20901490367139222, 0.021810250817884406, 0.15267175572519084, 0.29625590694292986, 0.27444565612504546, 0.3344238458742276, 0.37440930570701564, 0.36713922210105415, 0.0018175209014903672], "G": [0.5343511450381679, 0.0, 0.14612868047982552, 0.41657579062159217, 0.4514721919302072, 0.3053435114503817, 0.09814612868047982, 0.2835332606324973, 0.0], "Y": [0.32061068702290074, 0.0, 0.5318066157760815, 0.11959287531806616, 0.19083969465648856, 0.1272264631043257, 0.16793893129770993, 0.22900763358778625, 0.002544529262086514], "E": [0.0781533987640858, 4.543802253725918, 0.1672119229371138, 0.6306797528171574, 0.25627044711014174, 0.14358415121773901, 0.3198836786623046, 0.4271174118502363, 0.0], "P": [0.002544529262086514, 0.0, 0.06870229007633588, 0.8193384223918575, 0.5368956743002544, 0.40458015267175573, 0.4071246819338422, 0.030534351145038167, 0.007633587786259542], "T": [0.38349691021446747, 0.007270083605961469, 0.21992002908033442, 0.22537259178480554, 0.23991275899672845, 0.32351872046528535, 0.38894947291893855, 0.6543075245365322, 0.01272264631043257], "F": [0.2748091603053435, 0.0, 0.48636859323882226, 0.21155943293347873, 0.46673936750272627, 0.5474372955288986, 0.17884405670665213, 0.17448200654307525, 0.346782988004362], "I": [0.2093784078516903, 0.0, 0.40421664849145766, 0.22537259178480554, 0.12940748818611414, 0.3038894947291894, 0.26608505997818976, 0.07706288622319157, 1.6270447110141766], "C": [0.003271537622682661, 0.0, 0.006543075245365322, 0.0, 0.0, 0.009814612868047983, 0.009814612868047983, 0.013086150490730643, 0.0], "D": [0.004362050163576881, 0.4732824427480916, 0.37949836423118866, 0.5081788440567067, 0.18974918211559433, 0.07633587786259542, 0.12649945474372956, 0.03489640130861505, 0.0], "M": [0.08542348237004725, 0.0018175209014903672, 0.1326790258087968, 0.05270810614322065, 0.06543075245365322, 0.11995637949836423, 0.08724100327153762, 0.05089058524173028, 0.08178844056706652], "W": [0.11995637949836423, 0.0, 0.103962195565249, 0.04398400581606689, 0.07597237368229735, 0.07197382769901854, 0.04398400581606689, 0.023991275899672846, 0.0], "N": [0.04798255179934569, 0.008724100327153763, 0.32061068702290074, 0.19193020719738277, 0.2595419847328244, 0.17011995637949837, 0.3075245365321701, 0.2529989094874591, 0.0], "K": [0.4089422028353326, 0.0018175209014903672, 0.20901490367139222, 0.20719738276990185, 0.3253362413667757, 0.24718284260268994, 0.1672119229371138, 0.5161759360232643, 0.0], "S": [0.46673936750272627, 0.0014540167211922936, 0.2544529262086514, 0.24572882588149764, 0.26026899309342055, 0.2588149763722283, 0.2500908760450745, 0.4071246819338422, 0.0], "V": [0.2529989094874591, 0.0, 0.3489640130861505, 0.22537259178480554, 0.1672119229371138, 0.40567066521264994, 0.3940385314431116, 0.31842966194111233, 1.5674300254452926], "L": [0.2559069429298437, 0.0, 0.4536532170119956, 0.35914213013449653, 0.3024354780079971, 0.4914576517629953, 0.5786986550345329, 0.35768811341330425, 0.47110141766630315], "A": [0.6804798255179935, 0.008724100327153763, 0.37659033078880405, 0.24136677571792076, 0.19920029080334423, 0.3038894947291894, 0.3024354780079971, 0.2311886586695747, 0.020356234096692113], "H": [0.2500908760450745, 0.0, 0.21810250817884405, 0.10759723736822974, 0.3925845147219193, 0.18029807342784443, 0.22973464194838242, 0.18611414031261359, 0.0]}