{"R": [0.234375, 0.078125, 0.0, 0.078125, 0.078125, 0.46875, 0.078125, 0.15625, 0.46875], "Q": [0.0, 0.15625, 0.0, 0.078125, 0.0, 0.15625, 0.234375, 0.15625, 0.0], "G": [0.09375, 0.09375, 0.09375, 0.5625, 0.84375, 0.5625, 0.09375, 0.28125, 0.0], "Y": [1.75, 0.109375, 1.421875, 0.328125, 0.21875, 0.21875, 0.546875, 0.765625, 0.765625], "E": [0.3125, 0.078125, 0.0, 0.234375, 0.078125, 0.0, 0.078125, 0.0, 0.0], "P": [0.0, 1.09375, 0.21875, 0.875, 0.328125, 0.21875, 0.328125, 1.640625, 0.0], "T": [0.3125, 1.71875, 0.078125, 0.3125, 0.46875, 1.015625, 0.234375, 0.546875, 0.0], "F": [0.46875, 0.0, 1.5, 0.375, 0.1875, 0.46875, 0.46875, 0.46875, 1.78125], "I": [0.0, 0.125, 0.5, 0.0625, 0.4375, 0.0625, 0.1875, 0.0625, 0.5], "C": [0.140625, 0.0, 0.0, 0.0, 0.0, 0.0, 0.0, 0.140625, 0.0], "D": [0.0, 0.0, 0.0, 0.46875, 0.1875, 0.28125, 0.09375, 0.09375, 0.0], "M": [1.5625, 0.234375, 0.703125, 0.078125, 0.234375, 0.078125, 0.15625, 0.15625, 0.390625], "W": [0.171875, 0.0, 0.515625, 0.171875, 0.6875, 0.171875, 0.6875, 0.0, 0.515625], "N": [0.0, 0.0, 0.0, 0.1875, 0.09375, 0.375, 0.09375, 0.0, 0.0], "K": [0.078125, 0.0, 0.0, 0.390625, 0.078125, 0.0, 0.0, 0.15625, 0.15625], "S": [0.25, 0.375, 0.1875, 0.5, 0.375, 0.25, 0.6875, 0.3125, 0.0], "V": [0.0, 0.375, 0.0625, 0.0, 0.0625, 0.0625, 0.25, 0.0625, 0.25], "L": [0.0625, 0.125, 0.125, 0.1875, 0.4375, 0.375, 0.375, 0.125, 0.5625], "A": [0.0625, 0.4375, 0.25, 0.375, 0.3125, 0.3125, 0.25, 0.4375, 0.0625], "H": [0.25, 0.0, 0.125, 0.25, 0.375, 0.25, 0.75, 0.125, 0.0]}