{"R": [0.6050955414012739, 0.019904458598726114, 0.3105095541401274, 0.17914012738853502, 0.42197452229299365, 0.2746815286624204, 0.43789808917197454, 0.17117834394904458, 0.0], "Q": [0.39410828025477707, 0.08359872611464968, 0.13136942675159236, 0.3105095541401274, 0.18312101910828024, 0.3463375796178344, 0.2786624203821656, 0.3343949044585987, 0.0], "G": [0.5445859872611465, 0.0, 0.09554140127388536, 0.3343949044585987, 0.6114649681528662, 0.34394904458598724, 0.18630573248407642, 0.1910828025477707, 0.01910828025477707], "Y": [0.2619426751592357, 0.0, 0.6409235668789809, 0.08917197452229299, 0.10031847133757962, 0.07245222929936306, 0.09474522292993631, 0.011146496815286623, 0.044585987261146494], "E": [0.059713375796178345, 4.860668789808917, 0.07165605095541401, 0.9036624203821656, 0.23885350318471338, 0.10748407643312102, 0.21894904458598727, 0.49761146496815284, 0.0], "P": [0.0, 0.005573248407643312, 0.005573248407643312, 0.7691082802547771, 0.7412420382165605, 0.5127388535031847, 0.7189490445859873, 0.4012738853503185, 1.0143312101910829], "T": [0.25477707006369427, 0.0, 0.17117834394904458, 0.17914012738853502, 0.27070063694267515, 0.3861464968152866, 0.35429936305732485, 0.4896496815286624, 0.07165605095541401], "F": [0.17197452229299362, 0.0, 0.482484076433121, 0.1767515923566879, 0.5445859872611465, 0.7834394904458599, 0.04777070063694268, 0.03343949044585987, 0.01910828025477707], "I": [0.12738853503184713, 0.0, 0.4585987261146497, 0.14968152866242038, 0.09235668789808917, 0.16878980891719744, 0.27070063694267515, 0.07643312101910828, 0.050955414012738856], "C": [0.007165605095541401, 0.0, 0.06449044585987261, 0.021496815286624203, 0.0, 0.021496815286624203, 0.05732484076433121, 0.021496815286624203, 0.25796178343949044], "D": [0.02388535031847134, 0.02388535031847134, 0.16719745222929935, 0.4681528662420382, 0.21019108280254778, 0.03343949044585987, 0.07165605095541401, 0.052547770700636945, 0.0], "M": [0.03980891719745223, 0.003980891719745223, 0.12340764331210191, 0.019904458598726114, 0.04777070063694268, 0.0875796178343949, 0.0875796178343949, 0.03980891719745223, 0.02388535031847134], "W": [0.07006369426751592, 0.0, 0.06130573248407643, 0.07006369426751592, 0.0875796178343949, 0.2014331210191083, 0.00875796178343949, 0.0, 0.03503184713375796], "N": [0.04777070063694268, 0.0, 0.1624203821656051, 0.18630573248407642, 0.2340764331210191, 0.11942675159235669, 0.2054140127388535, 0.06687898089171974, 0.009554140127388535], "K": [0.5095541401273885, 0.0, 0.3662420382165605, 0.2428343949044586, 0.4020700636942675, 0.21098726114649682, 0.2587579617834395, 0.3105095541401274, 0.0], "S": [0.3503184713375796, 0.0031847133757961785, 0.18152866242038215, 0.29936305732484075, 0.267515923566879, 0.3184713375796178, 0.22611464968152867, 0.4968152866242038, 0.044585987261146494], "V": [0.1337579617834395, 0.0, 0.39171974522292996, 0.13694267515923567, 0.15605095541401273, 0.23248407643312102, 0.32802547770700635, 0.5031847133757962, 0.2356687898089172], "L": [0.23248407643312102, 0.0031847133757961785, 0.267515923566879, 0.24203821656050956, 0.2197452229299363, 0.5477707006369427, 0.5605095541401274, 0.16560509554140126, 0.07643312101910828], "A": [0.8662420382165605, 0.0, 0.5286624203821656, 0.35668789808917195, 0.3057324840764331, 0.25477707006369427, 0.36942675159235666, 0.7611464968152867, 2.751592356687898], "H": [0.1910828025477707, 0.0, 0.4140127388535032, 0.08917197452229299, 0.25477707006369427, 0.15286624203821655, 0.20382165605095542, 0.09554140127388536, 0.0]}