{"R": [1.0723192019950125, 0.02493765586034913, 0.0685785536159601, 0.18079800498753118, 0.2743142144638404, 0.05610972568578554, 0.07481296758104738, 0.40523690773067333, 0.0], "Q": [0.06234413965087282, 0.11845386533665836, 0.3491271820448878, 0.3428927680798005, 0.39276807980049877, 0.25561097256857856, 0.2743142144638404, 0.5049875311720698, 0.0], "G": [0.11970074812967581, 0.0, 0.13466334164588528, 0.35910224438902744, 0.33665835411471323, 0.04488778054862843, 0.0, 0.23192019950124687, 0.0], "Y": [0.0, 0.0, 0.4102244389027431, 0.043640897755610975, 0.27057356608478805, 0.034912718204488775, 0.3229426433915212, 0.3316708229426434, 0.0], "E": [0.0, 0.0, 0.018703241895261846, 1.2780548628428927, 0.39276807980049877, 0.16832917705735662, 0.46758104738154616, 0.6982543640897756, 0.0], "P": [0.0, 0.0, 0.043640897755610975, 0.4800498753117207, 0.06982543640897755, 0.4625935162094763, 0.8029925187032418, 0.008728179551122194, 0.0], "T": [0.06234413965087282, 0.26807980049875313, 0.14962593516209477, 0.2119700748129676, 0.32418952618453867, 0.25561097256857856, 0.3179551122194514, 0.6920199501246883, 0.006234413965087282], "F": [0.007481296758104738, 0.0, 0.516209476309227, 0.0, 0.20199501246882792, 0.09725685785536159, 0.26932668329177056, 0.09725685785536159, 0.0], "I": [0.10473815461346633, 0.40399002493765584, 0.2344139650872818, 0.0199501246882793, 0.2194513715710723, 0.6084788029925187, 0.3192019950124688, 0.00997506234413965, 0.2743142144638404], "C": [0.0, 0.0, 0.03366583541147132, 0.022443890274314215, 0.011221945137157107, 0.06733167082294264, 0.03366583541147132, 0.011221945137157107, 0.04488778054862843], "D": [0.014962593516209476, 0.0, 0.3516209476309227, 0.9052369077306733, 0.28428927680798005, 0.08229426433915212, 0.12718204488778054, 0.029925187032418952, 0.0], "M": [0.018703241895261846, 0.26184538653366585, 0.4551122194513716, 0.006234413965087282, 0.06234413965087282, 0.07481296758104738, 0.04987531172069826, 0.02493765586034913, 0.043640897755610975], "W": [0.0, 0.0, 0.4114713216957606, 0.02743142144638404, 0.01371571072319202, 0.0, 0.17830423940149626, 0.0, 0.0], "N": [0.0, 0.007481296758104738, 0.23940149625935161, 0.28428927680798005, 0.28428927680798005, 0.32169576059850374, 0.24688279301745636, 0.26184538653366585, 0.0], "K": [2.942643391521197, 0.0, 0.08104738154613467, 0.36783042394014964, 0.64214463840399, 0.08104738154613467, 0.16832917705735662, 0.486284289276808, 0.0], "S": [0.10972568578553615, 0.02493765586034913, 0.14463840399002495, 0.314214463840399, 0.19950124688279303, 0.1745635910224439, 0.14962593516209477, 0.4389027431421446, 0.0], "V": [0.09975062344139651, 0.6084788029925187, 0.10972568578553615, 0.04987531172069826, 0.314214463840399, 0.8528678304239401, 0.38902743142144636, 0.06483790523690773, 1.855361596009975], "L": [0.034912718204488775, 2.344139650872818, 0.9077306733167082, 0.004987531172069825, 0.17955112219451372, 0.7531172069825436, 0.2144638403990025, 0.12468827930174564, 1.6109725685785536], "A": [0.10972568578553615, 0.034912718204488775, 0.33915211970074816, 0.18952618453865336, 0.23940149625935161, 0.1546134663341646, 0.2593516209476309, 0.3341645885286783, 0.19950124688279303], "H": [0.23940149625935161, 0.0798004987531172, 0.22942643391521197, 0.3192019950124688, 0.4688279301745636, 0.12967581047381546, 0.8678304239401496, 0.32917705735660846, 0.0]}