{"R": [0.10101010101010101, 0.0, 0.050505050505050504, 0.17676767676767677, 0.07575757575757576, 0.025252525252525252, 0.050505050505050504, 0.17676767676767677, 0.0], "Q": [0.050505050505050504, 0.25252525252525254, 0.17676767676767677, 0.2777777777777778, 0.17676767676767677, 0.20202020202020202, 0.20202020202020202, 0.050505050505050504, 0.0], "G": [0.45454545454545453, 0.030303030303030304, 0.45454545454545453, 0.7272727272727273, 0.7575757575757576, 0.42424242424242425, 0.15151515151515152, 0.45454545454545453, 0.0], "Y": [0.98989898989899, 0.0, 0.8484848484848485, 0.10606060606060606, 0.494949494949495, 0.10606060606060606, 0.5303030303030303, 0.6363636363636364, 0.0], "E": [0.22727272727272727, 0.0, 0.050505050505050504, 0.8585858585858586, 0.20202020202020202, 0.10101010101010101, 0.20202020202020202, 0.3787878787878788, 0.0], "P": [0.0, 0.0, 0.2828282828282828, 0.6363636363636364, 0.2828282828282828, 0.3181818181818182, 0.601010101010101, 0.601010101010101, 0.03535353535353535], "T": [0.20202020202020202, 0.2777777777777778, 0.17676767676767677, 0.07575757575757576, 0.2777777777777778, 0.35353535353535354, 0.30303030303030304, 0.45454545454545453, 0.30303030303030304], "F": [0.7575757575757576, 0.09090909090909091, 0.42424242424242425, 0.06060606060606061, 0.15151515151515152, 0.36363636363636365, 0.6363636363636364, 0.48484848484848486, 0.12121212121212122], "I": [0.1414141414141414, 0.1414141414141414, 0.10101010101010101, 0.08080808080808081, 0.1414141414141414, 0.5252525252525253, 0.36363636363636365, 0.04040404040404041, 0.46464646464646464], "C": [0.09090909090909091, 0.0, 0.0, 0.045454545454545456, 0.18181818181818182, 0.2727272727272727, 0.18181818181818182, 0.09090909090909091, 0.045454545454545456], "D": [0.24242424242424243, 0.0, 0.42424242424242425, 1.2121212121212122, 0.3333333333333333, 0.15151515151515152, 0.18181818181818182, 0.21212121212121213, 0.0], "M": [0.15151515151515152, 0.9848484848484849, 0.35353535353535354, 0.07575757575757576, 0.10101010101010101, 0.12626262626262627, 0.12626262626262627, 0.12626262626262627, 0.22727272727272727], "W": [0.5, 0.0, 0.3333333333333333, 0.16666666666666666, 0.8888888888888888, 0.2777777777777778, 0.7777777777777778, 0.1111111111111111, 0.0], "N": [0.21212121212121213, 0.0, 0.2727272727272727, 0.2727272727272727, 0.3939393939393939, 0.21212121212121213, 0.21212121212121213, 0.18181818181818182, 0.0], "K": [0.3787878787878788, 0.0, 0.12626262626262627, 0.15151515151515152, 0.07575757575757576, 0.12626262626262627, 0.10101010101010101, 0.22727272727272727, 0.025252525252525252], "S": [0.24242424242424243, 0.020202020202020204, 0.18181818181818182, 0.18181818181818182, 0.26262626262626265, 0.30303030303030304, 0.08080808080808081, 0.36363636363636365, 0.04040404040404041], "V": [0.1414141414141414, 0.18181818181818182, 0.08080808080808081, 0.04040404040404041, 0.32323232323232326, 0.2828282828282828, 0.16161616161616163, 0.20202020202020202, 1.4141414141414141], "L": [0.3434343434343434, 2.303030303030303, 0.5252525252525253, 0.20202020202020202, 0.16161616161616163, 0.48484848484848486, 0.20202020202020202, 0.24242424242424243, 1.1111111111111112], "A": [0.30303030303030304, 0.06060606060606061, 0.46464646464646464, 0.16161616161616163, 0.2828282828282828, 0.2828282828282828, 0.3838383838383838, 0.18181818181818182, 0.40404040404040403], "H": [0.08080808080808081, 0.0, 0.16161616161616163, 0.04040404040404041, 0.32323232323232326, 0.2828282828282828, 0.4444444444444444, 0.32323232323232326, 0.0]}