{"R": [0.052083333333333336, 0.0, 0.15625, 0.3125, 0.5729166666666666, 0.052083333333333336, 0.3125, 0.3645833333333333, 0.0], "Q": [0.052083333333333336, 0.0, 0.0, 0.10416666666666667, 0.2604166666666667, 0.0, 0.052083333333333336, 0.3125, 0.0], "G": [0.125, 0.0, 0.0, 0.375, 0.5625, 0.1875, 0.5, 0.5, 0.0], "Y": [0.3645833333333333, 0.0, 0.2916666666666667, 0.07291666666666667, 0.3645833333333333, 0.2916666666666667, 0.07291666666666667, 0.2916666666666667, 3.2083333333333335], "E": [2.4479166666666665, 0.0, 0.0, 0.9895833333333334, 0.2604166666666667, 0.0, 0.15625, 0.3645833333333333, 0.0], "P": [0.0, 0.07291666666666667, 0.14583333333333334, 1.09375, 0.14583333333333334, 0.07291666666666667, 0.2916666666666667, 0.2916666666666667, 0.0], "T": [0.3645833333333333, 1.71875, 0.052083333333333336, 0.20833333333333334, 0.2604166666666667, 0.2604166666666667, 0.10416666666666667, 0.5729166666666666, 0.0], "F": [0.25, 0.0, 0.1875, 0.0625, 0.4375, 0.6875, 0.0625, 0.0625, 1.1875], "I": [0.0, 0.6666666666666666, 1.2083333333333333, 0.08333333333333333, 0.20833333333333334, 0.875, 0.25, 0.0, 0.08333333333333333], "C": [0.0, 0.0, 0.09375, 0.09375, 0.09375, 0.0, 0.09375, 0.0, 0.0], "D": [0.9375, 0.0, 0.0, 0.75, 0.1875, 0.125, 0.0625, 0.0, 0.0], "M": [0.10416666666666667, 0.052083333333333336, 0.20833333333333334, 0.052083333333333336, 0.10416666666666667, 0.46875, 0.3645833333333333, 0.15625, 0.46875], "W": [0.0, 0.0, 0.11458333333333333, 0.34375, 0.22916666666666666, 0.4583333333333333, 0.22916666666666666, 0.0, 1.2604166666666667], "N": [0.1875, 0.0, 0.0625, 0.25, 0.375, 0.0625, 0.375, 0.125, 0.0], "K": [0.0, 0.0, 0.3125, 0.46875, 0.20833333333333334, 0.0, 0.2604166666666667, 0.20833333333333334, 0.0], "S": [0.125, 0.25, 0.20833333333333334, 0.125, 0.041666666666666664, 0.08333333333333333, 0.4583333333333333, 0.6666666666666666, 0.0], "V": [0.08333333333333333, 1.3333333333333333, 0.6666666666666666, 0.0, 0.25, 0.5, 0.16666666666666666, 0.041666666666666664, 0.041666666666666664], "L": [0.0, 0.25, 0.041666666666666664, 0.041666666666666664, 0.25, 0.75, 0.5, 0.16666666666666666, 0.4166666666666667], "A": [0.08333333333333333, 0.041666666666666664, 0.7083333333333334, 0.16666666666666666, 0.125, 0.041666666666666664, 0.3333333333333333, 0.625, 0.0], "H": [0.16666666666666666, 0.0, 0.16666666666666666, 0.16666666666666666, 0.6666666666666666, 0.08333333333333333, 0.5833333333333334, 0.25, 0.0]}