{"R": [0.7507617306520414, 0.02315661182205972, 1.0371724558196223, 0.19683120048750763, 0.47105423522242534, 0.6288848263254113, 0.2882388787324802, 0.15417428397318708, 0.008531383302864107], "Q": [0.15417428397318708, 0.014015843997562462, 0.2425350396099939, 0.23217550274223034, 0.15783059110298597, 0.17672151127361366, 0.2638634978671542, 0.23826934795856186, 0.010359536867763558], "G": [0.27568555758683727, 0.018281535648994516, 0.24058500914076783, 0.4870201096892139, 0.46142595978062156, 0.7188299817184644, 0.30639853747714807, 0.28153564899451555, 0.010968921389396709], "Y": [0.19707495429616087, 0.028153564899451554, 0.18598415600243753, 0.12541133455210238, 0.11432053625837904, 0.08360755636806826, 0.0801950030469226, 0.08446069469835467, 0.030712979890310785], "E": [0.04692260816575259, 0.0042656916514320535, 0.125533211456429, 0.3217550274223035, 0.13284582571602682, 0.08775137111517367, 0.19683120048750763, 0.31931748933577087, 0.010968921389396709], "P": [0.021328458257160267, 5.64265691651432, 0.1424741011578306, 0.9981718464351006, 1.1414990859232175, 0.587812309567337, 0.569043266301036, 0.3907373552711761, 0.07422303473491773], "T": [0.24619134673979282, 0.043266301035953685, 0.15843997562461914, 0.22364411943936624, 0.2693479585618525, 0.396709323583181, 0.4460694698354662, 0.44972577696526506, 0.04204753199268738], "F": [0.1842778793418647, 0.01243144424131627, 0.1550274223034735, 0.1506398537477148, 0.15429616087751372, 0.21279707495429617, 0.07678244972577697, 0.08848263254113345, 0.4826325411334552], "I": [0.18232784887263864, 0.06532602071907373, 0.14478976234003657, 0.11212675198049969, 0.1360146252285192, 0.17745277269957344, 0.17257769652650823, 0.10627666057282145, 0.2344911639244363], "C": [0.0263254113345521, 0.010968921389396709, 0.0340036563071298, 0.05045703839122486, 0.03729433272394881, 0.02522851919561243, 0.043875685557586835, 0.07239488117001829, 0.04277879341864717], "D": [0.013893967093235832, 0.005118829981718464, 0.14478976234003657, 0.2530164533820841, 0.12212065813528336, 0.09287020109689213, 0.11627056672760512, 0.09945155393053016, 0.0021937842778793418], "M": [0.12492382693479585, 0.012797074954296161, 0.15234613040828762, 0.07434491163924437, 0.04692260816575259, 0.08957952468007313, 0.09750152346130408, 0.07495429616087751, 0.3461304082876295], "W": [0.06837294332723949, 0.0, 0.11127361365021328, 0.10054844606946983, 0.09786715417428397, 0.11797684338817795, 0.05362583790371724, 0.04826325411334552, 0.03619744058500914], "N": [0.14844606946983546, 0.010237659963436929, 0.2003656307129799, 0.22084095063985376, 0.1996343692870201, 0.17550274223034734, 0.22084095063985376, 0.10749542961608775, 0.005118829981718464], "K": [0.3497867154174284, 0.003656307129798903, 0.3491773308957952, 0.2918951858622791, 0.3436928702010969, 0.23339427178549665, 0.2071907373552712, 0.16026812918951858, 0.015234613040828763], "S": [0.6537477148080438, 0.019987812309567338, 0.36026812918951856, 0.4143814747105424, 0.3319926873857404, 0.38074344911639246, 0.49823278488726386, 0.7351614868982328, 0.016087751371115174], "V": [0.226691042047532, 0.2359536867763559, 0.15600243753808654, 0.16331505179768435, 0.29055453991468616, 0.21645338208409506, 0.26179159049360146, 0.357830591102986, 0.3378427787934187], "L": [0.37196831200487507, 0.07215112736136502, 0.178915295551493, 0.33735527117611214, 0.22620353443022548, 0.2832419256550884, 0.46264472882388785, 0.20670322973796465, 2.378549664838513], "A": [0.5581962218159658, 0.24570383912248628, 0.6298598415600244, 0.3583180987202925, 0.3553930530164534, 0.3217550274223035, 0.4085313833028641, 0.7107861060329068, 0.24667885435709933], "H": [0.18525289457647776, 0.007800121876904326, 0.2817794028031688, 0.19987812309567338, 0.2554539914686167, 0.1842778793418647, 0.2125533211456429, 0.11992687385740403, 0.027300426569165145]}