{"R": [0.22370218579234974, 0.010245901639344262, 0.00853825136612022, 0.14173497267759563, 0.19979508196721313, 0.19296448087431695, 0.25443989071038253, 0.29883879781420764, 0.00853825136612022], "Q": [0.06489071038251366, 0.20491803278688525, 0.03244535519125683, 0.20491803278688525, 0.19979508196721313, 0.19808743169398907, 0.1878415300546448, 0.2766393442622951, 0.0017076502732240437], "G": [0.1290983606557377, 0.24180327868852458, 0.0430327868852459, 0.38114754098360654, 0.6290983606557377, 0.5594262295081968, 0.12090163934426229, 0.16188524590163936, 0.0], "Y": [0.6311475409836066, 0.08367486338797814, 0.1290983606557377, 0.05259562841530055, 0.10758196721311475, 0.09801912568306011, 0.20560109289617487, 0.31796448087431695, 0.0860655737704918], "E": [0.04952185792349727, 0.01366120218579235, 0.4883879781420765, 0.7752732240437158, 0.22882513661202186, 0.24931693989071038, 0.21345628415300547, 0.5259562841530054, 0.0], "P": [0.011953551912568305, 0.07172131147540983, 0.10758196721311475, 0.9515027322404371, 0.7387295081967213, 0.6550546448087432, 0.3777322404371585, 0.03346994535519126, 0.009562841530054645], "T": [0.25956284153005466, 0.4525273224043716, 0.0273224043715847, 0.20833333333333334, 0.33811475409836067, 0.42691256830601093, 0.5788934426229508, 0.4849726775956284, 0.006830601092896175], "F": [0.8176229508196722, 0.2151639344262295, 0.11270491803278689, 0.13114754098360656, 0.12090163934426229, 0.16393442622950818, 0.1598360655737705, 0.2807377049180328, 0.8954918032786885], "I": [0.3948087431693989, 0.24316939890710382, 0.01912568306010929, 0.10109289617486339, 0.20491803278688525, 0.2390710382513661, 0.2459016393442623, 0.11475409836065574, 0.3155737704918033], "C": [0.009221311475409836, 0.06454918032786885, 0.018442622950819672, 0.018442622950819672, 0.027663934426229508, 0.04918032786885246, 0.030737704918032786, 0.055327868852459015, 0.012295081967213115], "D": [0.01639344262295082, 0.010245901639344262, 4.290983606557377, 0.8094262295081968, 0.22540983606557377, 0.16598360655737704, 0.07172131147540983, 0.0860655737704918, 0.004098360655737705], "M": [0.09050546448087432, 0.10416666666666667, 0.05293715846994536, 0.030737704918032786, 0.05293715846994536, 0.06659836065573771, 0.06147540983606557, 0.07513661202185792, 0.28346994535519127], "W": [0.022540983606557378, 0.05635245901639344, 0.011270491803278689, 0.060109289617486336, 0.030054644808743168, 0.030054644808743168, 0.08640710382513661, 0.05259562841530055, 0.03381147540983607], "N": [0.22131147540983606, 0.055327868852459015, 0.0778688524590164, 0.21721311475409835, 0.319672131147541, 0.3831967213114754, 0.2192622950819672, 0.21311475409836064, 0.0], "K": [0.34665300546448086, 0.006830601092896175, 0.029030054644808744, 0.32103825136612024, 0.30396174863387976, 0.21687158469945356, 0.16051912568306012, 0.4405737704918033, 0.01366120218579235], "S": [0.39344262295081966, 0.4972677595628415, 0.08196721311475409, 0.25956284153005466, 0.319672131147541, 0.2650273224043716, 0.39344262295081966, 0.3524590163934426, 0.0], "V": [0.4098360655737705, 0.39344262295081966, 0.02459016393442623, 0.15163934426229508, 0.30191256830601093, 0.430327868852459, 0.5396174863387978, 0.3155737704918033, 0.8415300546448088], "L": [0.3743169398907104, 0.6366120218579235, 0.0273224043715847, 0.21994535519125682, 0.2390710382513661, 0.2923497267759563, 0.36065573770491804, 0.39617486338797814, 1.8811475409836065], "A": [0.30327868852459017, 1.1038251366120218, 0.1557377049180328, 0.17486338797814208, 0.3251366120218579, 0.2650273224043716, 0.32650273224043713, 0.1994535519125683, 0.031420765027322405], "H": [0.2540983606557377, 0.01092896174863388, 0.03278688524590164, 0.23497267759562843, 0.36065573770491804, 0.23224043715846995, 0.4180327868852459, 0.4016393442622951, 0.01366120218579235]}