{"R": [0.2717391304347826, 0.0, 0.0, 0.05434782608695652, 0.10869565217391304, 0.0, 0.32608695652173914, 0.5434782608695652, 0.0], "Q": [0.0, 0.10869565217391304, 0.21739130434782608, 0.3804347826086957, 0.05434782608695652, 0.05434782608695652, 0.5434782608695652, 0.21739130434782608, 0.0], "G": [0.0, 0.0, 0.45652173913043476, 0.391304347826087, 0.1956521739130435, 0.13043478260869565, 0.06521739130434782, 0.13043478260869565, 0.0], "Y": [0.30434782608695654, 4.869565217391305, 0.0, 0.15217391304347827, 0.07608695652173914, 0.30434782608695654, 0.30434782608695654, 0.0, 0.15217391304347827], "E": [0.21739130434782608, 0.05434782608695652, 0.0, 0.7608695652173914, 0.21739130434782608, 0.16304347826086957, 0.32608695652173914, 0.43478260869565216, 0.05434782608695652], "P": [0.3804347826086957, 0.0, 1.2934782608695652, 0.45652173913043476, 0.30434782608695654, 0.8369565217391305, 0.30434782608695654, 0.0, 0.0], "T": [0.2717391304347826, 0.0, 0.32608695652173914, 0.05434782608695652, 0.2717391304347826, 0.3804347826086957, 0.3804347826086957, 0.6521739130434783, 0.0], "F": [0.0, 1.0434782608695652, 0.1956521739130435, 0.0, 0.1956521739130435, 0.45652173913043476, 0.1956521739130435, 0.0, 3.391304347826087], "I": [0.6521739130434783, 0.0, 0.4782608695652174, 0.17391304347826086, 0.5217391304347826, 0.43478260869565216, 0.17391304347826086, 0.0, 0.5217391304347826], "C": [0.0, 0.0, 0.0, 0.0, 0.0, 0.0, 0.0, 0.0, 0.0], "D": [0.32608695652173914, 0.0, 0.0, 0.9782608695652174, 0.2608695652173913, 0.1956521739130435, 0.1956521739130435, 0.0, 0.0], "M": [0.0, 0.0, 0.10869565217391304, 0.0, 0.10869565217391304, 0.0, 0.10869565217391304, 0.10869565217391304, 0.0], "W": [0.0, 0.2391304347826087, 0.11956521739130435, 0.0, 0.0, 0.0, 0.0, 0.0, 0.358695652173913], "N": [0.2608695652173913, 0.0, 0.13043478260869565, 0.1956521739130435, 0.1956521739130435, 0.1956521739130435, 0.5869565217391305, 0.391304347826087, 0.0], "K": [0.5434782608695652, 0.0, 0.16304347826086957, 0.5434782608695652, 0.5434782608695652, 0.21739130434782608, 0.16304347826086957, 0.7065217391304348, 0.0], "S": [0.21739130434782608, 0.0, 0.2608695652173913, 0.30434782608695654, 0.17391304347826086, 0.34782608695652173, 0.4782608695652174, 0.5652173913043478, 0.0], "V": [0.782608695652174, 0.043478260869565216, 0.7391304347826086, 0.21739130434782608, 0.782608695652174, 0.6521739130434783, 0.2608695652173913, 0.17391304347826086, 0.0], "L": [0.2608695652173913, 0.21739130434782608, 0.0, 0.043478260869565216, 0.21739130434782608, 0.34782608695652173, 0.043478260869565216, 0.21739130434782608, 0.9565217391304348], "A": [0.17391304347826086, 0.043478260869565216, 0.4782608695652174, 0.2608695652173913, 0.13043478260869565, 0.2608695652173913, 0.30434782608695654, 0.13043478260869565, 0.0], "H": [0.17391304347826086, 0.0, 0.17391304347826086, 0.34782608695652173, 0.6956521739130435, 0.0, 0.43478260869565216, 0.8695652173913043, 0.0]}