{"R": [1.648936170212766, 0.425531914893617, 0.2127659574468085, 0.05319148936170213, 0.3191489361702128, 0.26595744680851063, 0.10638297872340426, 0.05319148936170213, 0.0], "Q": [0.10638297872340426, 2.021276595744681, 0.10638297872340426, 0.05319148936170213, 0.1595744680851064, 0.26595744680851063, 0.2127659574468085, 0.1595744680851064, 0.0], "G": [0.44680851063829785, 0.06382978723404255, 0.06382978723404255, 0.9574468085106383, 0.6382978723404256, 0.8297872340425532, 0.2553191489361702, 0.2553191489361702, 0.0], "Y": [0.5212765957446809, 0.0, 1.0425531914893618, 0.14893617021276595, 0.14893617021276595, 0.14893617021276595, 0.3723404255319149, 0.22340425531914893, 0.0], "E": [0.10638297872340426, 0.6914893617021277, 0.10638297872340426, 0.6382978723404256, 0.05319148936170213, 0.10638297872340426, 0.10638297872340426, 0.1595744680851064, 0.0], "P": [0.0, 0.14893617021276595, 0.44680851063829785, 0.22340425531914893, 0.7446808510638298, 0.44680851063829785, 0.44680851063829785, 0.8936170212765957, 0.0], "T": [0.0, 0.0, 0.0, 0.2127659574468085, 0.2127659574468085, 0.3723404255319149, 0.2127659574468085, 0.3723404255319149, 0.0], "F": [0.5106382978723404, 0.0, 0.3191489361702128, 0.19148936170212766, 0.2553191489361702, 0.19148936170212766, 0.19148936170212766, 0.19148936170212766, 0.8936170212765957], "I": [0.0851063829787234, 0.0425531914893617, 0.1276595744680851, 0.1276595744680851, 0.5957446808510638, 0.1276595744680851, 0.2978723404255319, 0.3829787234042553, 0.1276595744680851], "C": [0.09574468085106383, 0.0, 0.19148936170212766, 0.09574468085106383, 0.09574468085106383, 0.0, 0.0, 0.0, 0.0], "D": [0.0, 0.0, 0.0, 0.3829787234042553, 0.0, 0.574468085106383, 0.2553191489361702, 0.06382978723404255, 0.0], "M": [0.2127659574468085, 0.7978723404255319, 0.3191489361702128, 0.2127659574468085, 0.0, 0.10638297872340426, 0.2127659574468085, 0.10638297872340426, 0.26595744680851063], "W": [0.9361702127659575, 0.0, 1.4042553191489362, 0.23404255319148937, 0.5851063829787234, 0.35106382978723405, 0.46808510638297873, 0.0, 0.0], "N": [0.06382978723404255, 0.0, 0.3191489361702128, 0.2553191489361702, 0.1276595744680851, 0.1276595744680851, 0.19148936170212766, 0.06382978723404255, 0.0], "K": [0.3191489361702128, 0.26595744680851063, 0.10638297872340426, 0.425531914893617, 0.1595744680851064, 0.26595744680851063, 0.3191489361702128, 0.0, 0.0], "S": [0.2127659574468085, 0.0, 0.0425531914893617, 0.0851063829787234, 0.3829787234042553, 0.3829787234042553, 0.2978723404255319, 0.3829787234042553, 0.0], "V": [0.0, 0.0851063829787234, 0.3829787234042553, 0.0, 0.2127659574468085, 0.1702127659574468, 0.5531914893617021, 0.2127659574468085, 0.0425531914893617], "L": [0.2127659574468085, 0.0, 0.3404255319148936, 0.2127659574468085, 0.2553191489361702, 0.2978723404255319, 0.2127659574468085, 0.46808510638297873, 3.021276595744681], "A": [0.1276595744680851, 0.2978723404255319, 0.3404255319148936, 0.6808510638297872, 0.2127659574468085, 0.1276595744680851, 0.3829787234042553, 0.8085106382978723, 0.0], "H": [0.1702127659574468, 0.1702127659574468, 0.3404255319148936, 0.1702127659574468, 0.3404255319148936, 0.3404255319148936, 0.1702127659574468, 0.0851063829787234, 0.0]}