{"R": [0.3553921568627451, 4.901960784313726, 0.09803921568627451, 0.31862745098039214, 0.1715686274509804, 0.3553921568627451, 0.09803921568627451, 0.11029411764705882, 0.024509803921568627], "Q": [0.29411764705882354, 0.012254901960784314, 0.19607843137254902, 0.3553921568627451, 0.3553921568627451, 0.4411764705882353, 0.30637254901960786, 0.13480392156862744, 0.024509803921568627], "G": [0.17647058823529413, 0.0, 0.14705882352941177, 0.4117647058823529, 0.5, 0.36764705882352944, 0.10294117647058823, 0.3088235294117647, 0.014705882352941176], "Y": [0.20588235294117646, 0.0, 0.42892156862745096, 0.27450980392156865, 0.3602941176470588, 0.1715686274509804, 0.49754901960784315, 0.15441176470588236, 0.03431372549019608], "E": [0.11029411764705882, 0.049019607843137254, 0.049019607843137254, 0.1715686274509804, 0.4534313725490196, 0.4411764705882353, 0.15931372549019607, 0.5147058823529411, 0.024509803921568627], "P": [0.01715686274509804, 0.03431372549019608, 0.051470588235294115, 0.9093137254901961, 0.6348039215686274, 0.6691176470588235, 1.0637254901960784, 0.9607843137254902, 4.049019607843137], "T": [0.29411764705882354, 0.0, 0.24509803921568626, 0.14705882352941177, 0.23284313725490197, 0.33088235294117646, 0.14705882352941177, 0.4534313725490196, 0.0], "F": [0.10294117647058823, 0.0, 0.7647058823529411, 0.1323529411764706, 0.20588235294117646, 0.14705882352941177, 0.3088235294117647, 0.04411764705882353, 0.04411764705882353], "I": [0.12745098039215685, 0.0, 0.16666666666666666, 0.13725490196078433, 0.20588235294117646, 0.13725490196078433, 0.28431372549019607, 0.18627450980392157, 0.08823529411764706], "C": [0.0, 0.0, 0.0, 0.04411764705882353, 0.0, 0.022058823529411766, 0.0, 0.04411764705882353, 0.0], "D": [0.4852941176470588, 0.014705882352941176, 0.17647058823529413, 0.22058823529411764, 0.22058823529411764, 0.3382352941176471, 0.058823529411764705, 0.14705882352941177, 0.0], "M": [0.061274509803921566, 0.0, 0.18382352941176472, 0.14705882352941177, 0.09803921568627451, 0.049019607843137254, 0.0857843137254902, 0.024509803921568627, 0.03676470588235294], "W": [0.10784313725490197, 0.0, 0.43137254901960786, 0.16176470588235295, 0.13480392156862744, 0.16176470588235295, 0.05392156862745098, 0.13480392156862744, 0.0], "N": [1.6176470588235294, 0.0, 0.5, 0.25, 0.19117647058823528, 0.3088235294117647, 0.25, 0.1323529411764706, 0.0], "K": [0.1715686274509804, 0.0, 0.14705882352941177, 0.5024509803921569, 0.20833333333333334, 0.22058823529411764, 0.15931372549019607, 0.1715686274509804, 0.024509803921568627], "S": [0.45098039215686275, 0.0, 0.2549019607843137, 0.3137254901960784, 0.18627450980392157, 0.2549019607843137, 0.1568627450980392, 0.4411764705882353, 0.0], "V": [0.27450980392156865, 0.0, 0.3431372549019608, 0.08823529411764706, 0.5294117647058824, 0.2549019607843137, 0.39215686274509803, 0.38235294117647056, 0.27450980392156865], "L": [0.06862745098039216, 0.0, 0.46078431372549017, 0.30392156862745096, 0.20588235294117646, 0.20588235294117646, 0.5098039215686274, 0.19607843137254902, 0.22549019607843138], "A": [0.10784313725490197, 0.0, 0.30392156862745096, 0.2647058823529412, 0.23529411764705882, 0.2549019607843137, 0.24509803921568626, 0.47058823529411764, 0.9215686274509803], "H": [0.37254901960784315, 0.0, 0.49019607843137253, 0.29411764705882354, 0.11764705882352941, 0.19607843137254902, 0.5098039215686274, 0.13725490196078433, 0.0196078431372549]}