{"R": [0.49333333333333335, 0.0012121212121212121, 0.2496969696969697, 0.1890909090909091, 0.2581818181818182, 0.2787878787878788, 0.32242424242424245, 0.32242424242424245, 0.0024242424242424242], "Q": [0.18545454545454546, 0.17212121212121212, 0.1684848484848485, 0.24484848484848484, 0.21696969696969698, 0.3236363636363636, 0.2993939393939394, 0.31272727272727274, 0.0048484848484848485], "G": [0.6254545454545455, 0.0014545454545454545, 0.20945454545454545, 0.43636363636363634, 0.42618181818181816, 0.272, 0.08581818181818182, 0.22254545454545455, 0.007272727272727273], "Y": [0.36824242424242426, 0.001696969696969697, 0.3410909090909091, 0.09672727272727273, 0.1747878787878788, 0.15442424242424244, 0.28, 0.15951515151515153, 0.02375757575757576], "E": [0.1478787878787879, 4.4751515151515155, 0.16363636363636364, 0.6278787878787879, 0.38181818181818183, 0.2921212121212121, 0.44363636363636366, 0.39636363636363636, 0.0], "P": [0.02375757575757576, 0.010181818181818183, 0.112, 0.6516363636363637, 0.41745454545454547, 0.5311515151515152, 0.48703030303030304, 0.09163636363636364, 0.02884848484848485], "T": [0.29454545454545455, 0.0036363636363636364, 0.25696969696969696, 0.2084848484848485, 0.23393939393939395, 0.22181818181818183, 0.2909090909090909, 0.4412121212121212, 0.08121212121212121], "F": [0.2938181818181818, 0.002909090909090909, 0.6123636363636363, 0.26036363636363635, 0.3141818181818182, 0.29818181818181816, 0.272, 0.15563636363636363, 0.4349090909090909], "I": [0.18424242424242424, 0.002909090909090909, 0.3675151515151515, 0.1987878787878788, 0.3054545454545455, 0.42278787878787877, 0.2909090909090909, 0.14642424242424243, 0.3490909090909091], "C": [0.006545454545454545, 0.0, 0.002181818181818182, 0.002181818181818182, 0.019636363636363636, 0.017454545454545455, 0.02618181818181818, 0.024, 0.01309090909090909], "D": [0.03490909090909091, 0.34763636363636363, 0.25018181818181817, 0.45236363636363636, 0.28654545454545455, 0.15854545454545454, 0.16727272727272727, 0.11927272727272727, 0.0], "M": [0.07393939393939394, 0.0036363636363636364, 0.10909090909090909, 0.05818181818181818, 0.08121212121212121, 0.10545454545454545, 0.07757575757575758, 0.07151515151515152, 0.22545454545454546], "W": [0.12, 0.010666666666666666, 0.232, 0.09333333333333334, 0.06933333333333333, 0.08, 0.18133333333333335, 0.02666666666666667, 0.021333333333333333], "N": [0.12072727272727272, 0.0, 0.25163636363636366, 0.20363636363636364, 0.23418181818181819, 0.17745454545454545, 0.26036363636363635, 0.18327272727272728, 0.0014545454545454545], "K": [0.47878787878787876, 0.0, 0.5284848484848484, 0.29333333333333333, 0.3927272727272727, 0.3054545454545455, 0.23757575757575758, 0.4703030303030303, 0.0012121212121212121], "S": [0.3907878787878788, 0.013575757575757576, 0.1890909090909091, 0.25018181818181817, 0.21042424242424243, 0.16096969696969696, 0.1503030303030303, 0.4509090909090909, 0.011636363636363636], "V": [0.19684848484848486, 0.0009696969696969697, 0.3151515151515151, 0.22884848484848486, 0.28993939393939394, 0.38981818181818184, 0.36072727272727273, 0.42957575757575756, 0.6050909090909091], "L": [0.22012121212121213, 0.008727272727272728, 0.3054545454545455, 0.37624242424242427, 0.41987878787878785, 0.48193939393939395, 0.416, 0.2589090909090909, 2.268121212121212], "A": [0.47224242424242424, 0.0038787878787878787, 0.2753939393939394, 0.224, 0.18424242424242424, 0.20557575757575758, 0.21333333333333335, 0.3975757575757576, 0.17357575757575758], "H": [0.4189090909090909, 0.0, 0.2792727272727273, 0.12024242424242425, 0.25018181818181817, 0.16872727272727273, 0.384, 0.17454545454545456, 0.0019393939393939393]}