{"R": [0.2944554329101002, 0.01563197856185797, 0.06667517386588401, 0.14515408664582402, 0.2207618196899126, 0.107828750079755, 0.13366936770241816, 0.27946149428954253, 0.02711669750526383], "Q": [0.15249154597077777, 0.18503158297709438, 0.22618515919096535, 0.20034454156830217, 0.20225866139220317, 0.1856696229183947, 0.229375358897467, 0.31072545141325847, 0.013717858737956995], "G": [0.3694251260128884, 0.040579340266700695, 0.21820965992471128, 0.4896318509538697, 0.4168952976456326, 0.20404517322784407, 0.09111210361768647, 0.32540037006316597, 0.022203789957251325], "Y": [0.5301473872264404, 0.044662795891022775, 0.3693613220187584, 0.11121036176864672, 0.2751228226887003, 0.1380080393032604, 0.286288521661456, 0.3162125949084413, 0.08709245198749442], "E": [0.0615708543354814, 0.052000255215976524, 0.10719071013845467, 0.8147770050405155, 0.3228482102979647, 0.20162062145090281, 0.31582977094366105, 0.48108211574044535, 0.014993938620557647], "P": [0.03528360875390799, 0.026797677534613668, 0.2233139794551139, 0.629298794104511, 0.21750781598928093, 0.4010719071013846, 0.584189370254578, 0.2188476998660116, 0.01652523447967843], "T": [0.2574491163146813, 0.1891788425955465, 0.2025776813628533, 0.22203789957251324, 0.2950934728514005, 0.3139156511197601, 0.32603841000446626, 0.5046895935685574, 0.10974286990365596], "F": [0.6033305684935877, 0.03368850890065718, 0.4077075224909079, 0.11714413322273974, 0.33497096918267083, 0.24041344988196262, 0.38282396478019526, 0.2664454794870159, 0.0807758565686212], "I": [0.24041344988196262, 0.34964588783257833, 0.30166528424679384, 0.10285203853761246, 0.2687424232756971, 0.4864416512473681, 0.29656096471639126, 0.09366426338288777, 0.41778855356345307], "C": [0.0482358195623046, 0.017227078415108787, 0.07522490907930836, 0.09187775154724685, 0.09762011101894978, 0.11599566132839915, 0.07809608881515982, 0.06890831366043515, 0.0562751228226887], "D": [0.062400306259171825, 0.011101894978625662, 0.46321699738403627, 0.7855547757289606, 0.26950807120525744, 0.1527467619472979, 0.1531295859120781, 0.10336247049065271, 0.00880495118994449], "M": [0.11644228928730939, 0.3774006252791425, 0.2360747782811204, 0.046576915714923756, 0.0752887130734384, 0.1068716901678045, 0.09953423084285076, 0.08517833216359344, 0.09570599119504881], "W": [0.10036368276654119, 0.0042110636125821475, 0.3242518981688254, 0.09545077521852868, 0.1600204172781216, 0.0800102086390608, 0.23581956230460027, 0.08983602373508581, 0.01614241051489823], "N": [0.14470745868691381, 0.017227078415108787, 0.2564920564027308, 0.3162125949084413, 0.23811650609328144, 0.26108594398009316, 0.2174440119951509, 0.2515153448605883, 0.01531295859120781], "K": [0.45460345817648184, 0.00957059911950488, 0.10336247049065271, 0.25043067696037774, 0.33975626874242326, 0.12696994831876476, 0.14930134626427613, 0.3410323486250239, 0.017227078415108787], "S": [0.4264658967651375, 0.052319275186626685, 0.2825240860077841, 0.31187392330759905, 0.22918394691507687, 0.22969437886811714, 0.18758374274229567, 0.3654692783768264, 0.03190199706501627], "V": [0.2559816244496905, 0.29911312448159255, 0.18732852676577555, 0.10208639060805207, 0.32871817775792767, 0.5344222548331525, 0.3782300772028329, 0.14955656224079628, 1.356728131181012], "L": [0.3445415683021757, 2.3967332355005424, 0.5931219294327825, 0.1676768965737255, 0.3802718050149939, 0.7087347667964015, 0.38231353282715497, 0.3417341925604543, 1.4457985069865373], "A": [0.41115293817392967, 0.11178459771581702, 0.407835130479168, 0.24909079308364704, 0.25062208894276783, 0.18834939067185605, 0.34071332865437376, 0.3162125949084413, 0.3458176481847764], "H": [0.1684425445032859, 0.01786511835640911, 0.17354686403368852, 0.17048427231544694, 0.309832195495438, 0.1143367574810183, 0.46143048554839533, 0.26287245581573404, 0.008677343201684425]}