{"R": [0.1822762299940723, 0.005927682276229994, 0.08891523414344991, 0.13485477178423236, 0.26674570243034973, 0.2104327208061648, 0.34973325429756963, 0.1037344398340249, 0.0], "Q": [0.06816834617664493, 0.5008891523414345, 0.1911677534084173, 0.21932424422050978, 0.20598695909899228, 0.20598695909899228, 0.34825133372851214, 0.33343212803793715, 0.0], "G": [0.08180201541197392, 0.03734439834024896, 0.06046235921754594, 0.5228215767634855, 0.44101956135151155, 0.5708358032009484, 0.07113218731475993, 0.12803793716656786, 0.0], "Y": [0.946058091286307, 0.008298755186721992, 0.4896265560165975, 0.05394190871369295, 0.16597510373443983, 0.15145228215767634, 0.13278008298755187, 0.2157676348547718, 0.491701244813278], "E": [0.04445761707172496, 0.005927682276229994, 0.13337285121517486, 0.7291049199762892, 0.22821576763485477, 0.14967397747480735, 0.24451689389448725, 0.6639004149377593, 0.0], "P": [0.002074688796680498, 0.6514522821576764, 0.0954356846473029, 1.2282157676348548, 0.6556016597510373, 0.4004149377593361, 0.47925311203319504, 0.16804979253112035, 0.0], "T": [0.2163604030823948, 0.26081802015411976, 0.1985773562537048, 0.1956135151155898, 0.3082394783639597, 0.44902193242442207, 0.44161232957913454, 0.6639004149377593, 0.0], "F": [1.4013040901007705, 0.02133965619442798, 0.46591582691167754, 0.10669828097213989, 0.22050978067575577, 0.36988737403675165, 0.12448132780082988, 0.12092471843509188, 1.2163604030823947], "I": [0.2951985773562537, 0.26318909306461175, 0.5133372851215174, 0.0877296976882039, 0.22999407231772376, 0.2940130409010077, 0.27385892116182575, 0.0948429164196799, 0.08298755186721991], "C": [0.01066982809721399, 0.0, 0.026674570243034972, 0.008002371072910491, 0.005334914048606995, 0.03734439834024896, 0.01867219917012448, 0.013337285121517486, 0.0], "D": [0.023117960877296978, 0.0, 0.4161232957913456, 0.7611144042679312, 0.24718435091879076, 0.13870776526378187, 0.1084765856550089, 0.07646710136336693, 0.0], "M": [0.1822762299940723, 0.14671013633669236, 0.24748073503260226, 0.04742145820983995, 0.04001185536455246, 0.08150563129816242, 0.10669828097213989, 0.04890337877889745, 0.34676941315945464], "W": [0.0912863070539419, 0.0, 0.1075874333135744, 0.03586247777119146, 0.03912270302311796, 0.026081802015411975, 0.05542382928275044, 0.026081802015411975, 0.006520450503852994], "N": [0.13515115589804386, 0.0035566093657379964, 0.3378778897451097, 0.22940130409010076, 0.3965619442797866, 0.24007113218731477, 0.2169531713100178, 0.1831653823355068, 0.0], "K": [0.1985773562537048, 0.002963841138114997, 0.11262596324836989, 0.18079430942501482, 0.25044457617071725, 0.14671013633669236, 0.22228808535862477, 0.14374629519857735, 0.0014819205690574985], "S": [0.27860106698280973, 0.35803200948429165, 0.24422050978067575, 0.3082394783639597, 0.32839359810314167, 0.38411381149970364, 0.3366923532898637, 0.5975103734439834, 0.0], "V": [0.3141671606401897, 0.34143449911084767, 0.38292827504445764, 0.1019561351511559, 0.33432128037937164, 0.3924125666864256, 0.3912270302311796, 0.3758150563129816, 0.2703023117960877], "L": [0.3805572021339656, 0.6710136336692353, 0.2714878482513337, 0.14819205690574985, 0.21221102548903378, 0.3212803793716657, 0.4066390041493776, 0.14344991108476585, 2.241849436870184], "A": [0.2110254890337878, 1.2092471843509187, 0.43746295198577356, 0.24184943687018376, 0.26318909306461175, 0.2572614107883817, 0.2548903378778897, 0.5655008891523414, 0.032009484291641965], "H": [0.26556016597510373, 0.0, 0.2679312388855957, 0.15411973918197985, 0.4718435091879075, 0.2703023117960877, 0.48132780082987553, 0.16597510373443983, 0.0]}