{"R": [0.09523809523809523, 0.023809523809523808, 0.10714285714285714, 0.15476190476190477, 0.13095238095238096, 0.16666666666666666, 0.15476190476190477, 0.20238095238095238, 0.0], "Q": [0.19047619047619047, 0.047619047619047616, 0.08333333333333333, 0.19047619047619047, 0.25, 0.2619047619047619, 0.16666666666666666, 0.13095238095238096, 0.023809523809523808], "G": [0.1, 0.12857142857142856, 0.2857142857142857, 0.22857142857142856, 0.37142857142857144, 0.3142857142857143, 0.08571428571428572, 0.11428571428571428, 0.04285714285714286], "Y": [0.23333333333333334, 0.03333333333333333, 0.25, 0.21666666666666667, 0.23333333333333334, 0.15, 0.5666666666666667, 0.16666666666666666, 0.48333333333333334], "E": [0.30952380952380953, 0.023809523809523808, 0.2976190476190476, 0.4166666666666667, 0.23809523809523808, 0.25, 0.27380952380952384, 0.19047619047619047, 0.03571428571428571], "P": [0.08333333333333333, 4.983333333333333, 0.08333333333333333, 0.4666666666666667, 0.3333333333333333, 0.23333333333333334, 0.35, 0.5166666666666667, 0.0], "T": [0.39285714285714285, 0.11904761904761904, 0.42857142857142855, 0.38095238095238093, 0.38095238095238093, 0.2976190476190476, 0.35714285714285715, 0.42857142857142855, 0.03571428571428571], "F": [0.6857142857142857, 0.014285714285714285, 0.4714285714285714, 0.2, 0.2857142857142857, 0.42857142857142855, 0.45714285714285713, 0.24285714285714285, 0.8571428571428571], "I": [0.3333333333333333, 0.01904761904761905, 0.3523809523809524, 0.2857142857142857, 0.4380952380952381, 0.23809523809523808, 0.13333333333333333, 0.29523809523809524, 0.7238095238095238], "C": [0.3, 0.02142857142857143, 0.06428571428571428, 0.3, 0.12857142857142856, 0.08571428571428572, 0.08571428571428572, 0.15, 0.02142857142857143], "D": [0.1, 0.05714285714285714, 0.24285714285714285, 0.34285714285714286, 0.3142857142857143, 0.32857142857142857, 0.22857142857142856, 0.2, 0.0], "M": [0.6071428571428571, 0.011904761904761904, 0.2857142857142857, 0.10714285714285714, 0.17857142857142858, 0.13095238095238096, 0.16666666666666666, 0.13095238095238096, 0.5238095238095238], "W": [0.2357142857142857, 0.0, 0.15714285714285714, 0.28809523809523807, 0.10476190476190476, 0.39285714285714285, 0.39285714285714285, 0.18333333333333332, 1.65], "N": [0.24285714285714285, 0.0, 0.3, 0.35714285714285715, 0.2714285714285714, 0.2571428571428571, 0.3, 0.2857142857142857, 0.0], "K": [0.11904761904761904, 0.011904761904761904, 0.09523809523809523, 0.20238095238095238, 0.13095238095238096, 0.23809523809523808, 0.09523809523809523, 0.2261904761904762, 0.011904761904761904], "S": [0.11428571428571428, 0.06666666666666667, 0.3047619047619048, 0.38095238095238093, 0.17142857142857143, 0.4, 0.21904761904761905, 0.2857142857142857, 0.01904761904761905], "V": [0.19047619047619047, 0.1523809523809524, 0.37142857142857144, 0.23809523809523808, 0.2857142857142857, 0.3333333333333333, 0.29523809523809524, 0.2571428571428571, 0.37142857142857144], "L": [0.6190476190476191, 0.0761904761904762, 0.2857142857142857, 0.22857142857142856, 0.5047619047619047, 0.3333333333333333, 0.47619047619047616, 0.49523809523809526, 0.7619047619047619], "A": [0.08571428571428572, 0.4857142857142857, 0.3904761904761905, 0.24761904761904763, 0.2571428571428571, 0.29523809523809524, 0.3238095238095238, 0.42857142857142855, 0.13333333333333333], "H": [0.26666666666666666, 0.0, 0.22857142857142856, 0.1523809523809524, 0.09523809523809523, 0.0761904761904762, 0.3238095238095238, 0.20952380952380953, 0.0]}