{"R": [0.23441055985434683, 0.0034137460172963133, 0.07624032771961765, 0.1809285389167046, 0.3959945380063723, 0.3152025489303596, 0.4597177969959035, 0.3812016385980883, 0.005689576695493855], "Q": [0.3800637232589895, 0.1763768775603095, 0.3026854802002731, 0.24806554392353208, 0.258306781975421, 0.34820209376422395, 0.6019572143832499, 0.3732362312243969, 0.009103322712790168], "G": [0.29085116067364586, 0.005461993627674101, 0.29631315430132, 0.44105598543468366, 0.30177514792899407, 0.27446517979062357, 0.06008192990441511, 0.35366408739189803, 0.013654984069185253], "Y": [0.08443331816112881, 0.004779244424214839, 0.14337733272644515, 0.11788802913063268, 0.1800182066454256, 0.1847974510696404, 0.18320436959490213, 0.18957669549385525, 1.4242148384160218], "E": [0.949021392808375, 4.644970414201183, 0.2878925807919891, 0.6713700500682749, 0.23782430587164316, 0.21961766044606282, 0.2799271734182977, 0.30040964952207555, 0.005689576695493855], "P": [0.004779244424214839, 0.0031861629494765588, 0.07487482931269913, 0.4906690942193901, 0.3186162949476559, 0.33773327264451525, 0.25329995448338644, 0.0461993627674101, 0.0], "T": [0.2992717341829768, 0.01137915339098771, 0.1843422849340009, 0.17865270823850707, 0.3038233955393719, 0.31178880291306327, 0.2241693218024579, 0.37664997724169325, 0.013654984069185253], "F": [0.07237141556668183, 0.0013654984069185253, 0.3126991351843423, 0.17068730086481565, 0.30040964952207555, 0.25671370050068276, 0.1952662721893491, 0.2375967228038234, 1.6986800182066455], "I": [0.06099226217569413, 0.0, 0.3887118798361402, 0.1939007737824306, 0.31133363677742376, 0.3304506144742831, 0.20118343195266272, 0.10650887573964497, 0.26672735548475196], "C": [0.020482476103777878, 0.0, 0.008192990441511151, 0.018434228493400092, 0.02867546654528903, 0.03482020937642239, 0.03891670459717797, 0.07783340919435594, 0.002048247610377788], "D": [0.11606736458807465, 0.1024123805188894, 0.3345471096950387, 0.517523896222121, 0.2375967228038234, 0.13108784706417842, 0.08602639963586708, 0.12699135184342286, 0.005461993627674101], "M": [0.17751479289940827, 0.010241238051888939, 0.2514792899408284, 0.07965407373691398, 0.07737824305871643, 0.06941283568502503, 0.07055075102412381, 0.09330905780609923, 0.1615839781520255], "W": [0.04005461993627674, 0.0, 0.12016385980883022, 0.07510241238051889, 0.09512972234865726, 0.0700955848884843, 0.15020482476103778, 0.05507510241238052, 2.3456986800182067], "N": [0.22394173873463813, 0.0013654984069185253, 0.6144742831133364, 0.2485207100591716, 0.1843422849340009, 0.2375967228038234, 0.21847974510696405, 0.25534820209376424, 0.004096495220755576], "K": [0.28447883477469277, 0.0, 0.22644515248065544, 0.28903049613108783, 0.3254437869822485, 0.4790623577605826, 0.6986800182066454, 0.5575785161583978, 0.013654984069185253], "S": [0.542558033682294, 0.0018206645425580337, 0.31952662721893493, 0.2585343650432408, 0.2576240327719618, 0.2312243969048703, 0.17023213472917614, 0.38507055075102414, 0.004551661356395084], "V": [0.11743286299499317, 0.013654984069185253, 0.20300409649522075, 0.1784251251706873, 0.3022303140646336, 0.39144287664997723, 0.26308602639963585, 0.24578971324533455, 0.04915794264906691], "L": [0.10013654984069185, 0.013654984069185253, 0.3122439690487028, 0.3941738734638143, 0.4915794264906691, 0.3359126081019572, 0.29312699135184345, 0.36595357305416476, 0.6672735548475194], "A": [0.7137005006827492, 0.015475648611743286, 0.39690487027765137, 0.2858443331816113, 0.22940373236231223, 0.2503413746017296, 0.2048247610377788, 0.24396904870277653, 0.024578971324533454], "H": [0.12380518889394629, 0.0, 0.21119708693673192, 0.13837050523441055, 0.2275830678197542, 0.25307237141556665, 0.6099226217569412, 0.2967683204369595, 0.009103322712790168]}