{"R": [0.5597964376590331, 0.05089058524173028, 0.4961832061068702, 0.178117048346056, 0.3944020356234097, 0.22900763358778625, 0.22900763358778625, 0.19083969465648856, 0.06361323155216285], "Q": [0.1272264631043257, 0.22900763358778625, 0.089058524173028, 0.22900763358778625, 0.13994910941475827, 0.13994910941475827, 0.24173027989821882, 0.2035623409669211, 0.0], "G": [0.24427480916030533, 0.030534351145038167, 0.21374045801526717, 0.4732824427480916, 0.6412213740458015, 0.7175572519083969, 0.32061068702290074, 0.5648854961832062, 0.0], "Y": [0.5521628498727735, 0.24936386768447838, 0.6412213740458015, 0.19592875318066158, 0.21374045801526717, 0.39185750636132316, 0.14249363867684478, 0.37404580152671757, 1.994910941475827], "E": [0.24173027989821882, 0.07633587786259542, 0.19083969465648856, 0.5216284987277354, 0.178117048346056, 0.11450381679389313, 0.13994910941475827, 0.21628498727735368, 0.01272264631043257], "P": [0.0, 0.37404580152671757, 0.10687022900763359, 0.6590330788804071, 0.40966921119592875, 0.28498727735368956, 0.42748091603053434, 0.48091603053435117, 0.0], "T": [0.19083969465648856, 1.0178117048346056, 0.2544529262086514, 0.16539440203562342, 0.27989821882951654, 0.33078880407124683, 0.31806615776081426, 0.4198473282442748, 0.0], "F": [0.24427480916030533, 0.061068702290076333, 0.5343511450381679, 0.2595419847328244, 0.24427480916030533, 0.183206106870229, 0.366412213740458, 0.22900763358778625, 1.5572519083969465], "I": [0.48854961832061067, 0.15267175572519084, 0.366412213740458, 0.183206106870229, 0.3155216284987277, 0.2748091603053435, 0.17302798982188294, 0.11195928753180662, 0.12213740458015267], "C": [0.11450381679389313, 0.022900763358778626, 0.0916030534351145, 0.16030534351145037, 0.0916030534351145, 0.13740458015267176, 0.16030534351145037, 0.183206106870229, 0.0], "D": [0.061068702290076333, 0.0, 0.21374045801526717, 0.42748091603053434, 0.183206106870229, 0.4122137404580153, 0.13740458015267176, 0.21374045801526717, 0.0], "M": [0.16539440203562342, 0.15267175572519084, 0.15267175572519084, 0.11450381679389313, 0.10178117048346055, 0.13994910941475827, 0.178117048346056, 0.178117048346056, 0.27989821882951654], "W": [0.4198473282442748, 0.05597964376590331, 0.5038167938931297, 0.22391857506361323, 0.25190839694656486, 0.33587786259541985, 0.4758269720101781, 0.19592875318066158, 1.455470737913486], "N": [0.0916030534351145, 0.030534351145038167, 0.24427480916030533, 0.16793893129770993, 0.3816793893129771, 0.2595419847328244, 0.22900763358778625, 0.15267175572519084, 0.0], "K": [0.7633587786259542, 0.02544529262086514, 0.13994910941475827, 0.2926208651399491, 0.26717557251908397, 0.11450381679389313, 0.15267175572519084, 0.19083969465648856, 0.10178117048346055], "S": [0.2035623409669211, 0.9363867684478372, 0.21374045801526717, 0.21374045801526717, 0.3155216284987277, 0.3053435114503817, 0.3053435114503817, 0.4071246819338422, 0.0], "V": [0.17302798982188294, 0.47837150127226463, 0.21374045801526717, 0.12213740458015267, 0.24427480916030533, 0.2340966921119593, 0.10178117048346055, 0.2035623409669211, 0.08142493638676845], "L": [0.2035623409669211, 0.2544529262086514, 0.2951653944020356, 0.356234096692112, 0.15267175572519084, 0.26463104325699743, 0.5597964376590331, 0.26463104325699743, 0.712468193384224], "A": [0.2340966921119593, 0.43765903307888043, 0.3256997455470738, 0.26463104325699743, 0.28498727735368956, 0.2340966921119593, 0.356234096692112, 0.38676844783715014, 0.0], "H": [0.22391857506361323, 0.061068702290076333, 0.14249363867684478, 0.26463104325699743, 0.28498727735368956, 0.42748091603053434, 0.44783715012722647, 0.183206106870229, 0.020356234096692113]}