{"R": [1.9863013698630136, 1.1643835616438356, 0.7534246575342466, 0.6164383561643836, 0.684931506849315, 0.4794520547945205, 0.2054794520547945, 0.136986301369863, 0.0], "Q": [0.0684931506849315, 0.958904109589041, 0.0, 0.136986301369863, 0.0, 0.273972602739726, 0.410958904109589, 0.0684931506849315, 0.0], "G": [0.0821917808219178, 0.0, 0.0, 0.7397260273972602, 0.821917808219178, 0.6575342465753424, 0.1643835616438356, 0.0821917808219178, 0.0], "Y": [1.2465753424657535, 0.0958904109589041, 1.726027397260274, 0.0958904109589041, 0.4794520547945205, 0.1917808219178082, 0.4794520547945205, 0.1917808219178082, 0.0], "E": [0.0, 0.410958904109589, 0.0, 0.547945205479452, 0.0, 0.0, 0.0684931506849315, 0.0684931506849315, 0.0], "P": [0.0, 0.0958904109589041, 0.0958904109589041, 0.3835616438356164, 0.4794520547945205, 0.0958904109589041, 0.6712328767123288, 2.1095890410958904, 0.0], "T": [0.0, 0.0, 0.0, 0.0684931506849315, 0.2054794520547945, 0.3424657534246575, 0.273972602739726, 0.0684931506849315, 0.0], "F": [0.4931506849315068, 0.0821917808219178, 0.5753424657534246, 0.1643835616438356, 0.2465753424657534, 0.821917808219178, 0.3287671232876712, 0.0, 0.9041095890410958], "I": [0.0, 0.0547945205479452, 0.0547945205479452, 0.0, 0.3287671232876712, 0.1643835616438356, 0.2191780821917808, 0.0, 0.3835616438356164], "C": [0.0, 0.0, 0.0, 0.1232876712328767, 0.0, 0.1232876712328767, 0.0, 0.0, 0.0], "D": [0.0, 0.0, 0.0821917808219178, 0.0821917808219178, 0.0, 0.0, 0.0, 0.0821917808219178, 0.0], "M": [0.547945205479452, 1.0273972602739727, 0.8904109589041096, 0.0684931506849315, 0.2054794520547945, 0.0, 0.3424657534246575, 0.0684931506849315, 0.7534246575342466], "W": [0.1506849315068493, 0.0, 0.7534246575342466, 0.1506849315068493, 0.4520547945205479, 0.9041095890410958, 0.1506849315068493, 0.0, 0.0], "N": [0.0, 0.0, 0.0821917808219178, 0.410958904109589, 0.0821917808219178, 0.0821917808219178, 0.1643835616438356, 0.1643835616438356, 0.0], "K": [0.3424657534246575, 0.0, 0.0684931506849315, 0.547945205479452, 0.0, 0.0684931506849315, 0.0684931506849315, 0.0684931506849315, 0.0], "S": [0.0547945205479452, 0.1095890410958904, 0.0, 0.0547945205479452, 0.1643835616438356, 0.3835616438356164, 0.6575342465753424, 0.6575342465753424, 0.0], "V": [0.0, 0.1095890410958904, 0.0547945205479452, 0.0, 0.4383561643835616, 0.2191780821917808, 0.0547945205479452, 0.4383561643835616, 0.4383561643835616], "L": [0.1643835616438356, 0.1095890410958904, 0.3287671232876712, 0.1643835616438356, 0.273972602739726, 0.3835616438356164, 0.4383561643835616, 0.2191780821917808, 1.917808219178082], "A": [0.2191780821917808, 0.6027397260273972, 0.2191780821917808, 0.821917808219178, 0.1643835616438356, 0.2191780821917808, 0.1643835616438356, 0.7123287671232876, 0.0547945205479452], "H": [0.1095890410958904, 0.0, 0.3287671232876712, 0.1095890410958904, 0.547945205479452, 0.2191780821917808, 0.4383561643835616, 0.1095890410958904, 0.0]}