{"R": [0.11189634864546526, 0.016195524146054182, 0.05889281507656066, 0.1707891637220259, 0.1501766784452297, 0.15459363957597172, 0.12956419316843346, 0.3032979976442874, 0.05594817432273263], "Q": [0.12661955241460543, 0.05742049469964664, 0.06772673733804475, 0.1693168433451119, 0.13103651354534745, 0.22673733804475854, 0.266489988221437, 0.31507656065959955, 0.007361601884570083], "G": [0.07420494699646643, 0.044169611307420496, 0.10954063604240283, 0.5388692579505301, 0.22968197879858657, 0.196113074204947, 0.10424028268551237, 0.37809187279151946, 0.007067137809187279], "Y": [0.5091283863368669, 0.028857479387514724, 0.3194935217903416, 0.2040636042402827, 0.23498233215547704, 0.18345111896348645, 0.3297997644287397, 0.3401060070671378, 0.04534746760895171], "E": [1.1675500588928152, 0.027974087161366314, 0.05447585394581861, 0.5624263839811543, 0.11778563015312132, 0.10159010600706714, 0.3710247349823322, 0.41372202591283863, 0.00441696113074205], "P": [0.018551236749116608, 0.06389870435806831, 0.1978798586572438, 0.5709658421672555, 0.3112485276796231, 0.28239104829210837, 0.2329210836277974, 0.25559481743227325, 0.014428739693757362], "T": [0.37838633686690226, 1.079210836277974, 0.3047703180212014, 0.1869846878680801, 0.1855123674911661, 0.4196113074204947, 0.3504122497055359, 0.39752650176678445, 0.09422850412249706], "F": [0.5936395759717314, 0.0176678445229682, 0.6625441696113075, 0.26148409893992935, 0.39399293286219084, 0.5229681978798587, 0.37809187279151946, 0.3250883392226148, 0.0812720848056537], "I": [0.14840989399293286, 0.37220259128386335, 0.3486454652532391, 0.09305064782096584, 0.7526501766784452, 0.5535924617196702, 0.26383981154299174, 0.08598351001177856, 0.535924617196702], "C": [0.09010600706713781, 0.023851590106007067, 0.06625441696113074, 0.10335689045936396, 0.060954063604240286, 0.07950530035335689, 0.05565371024734982, 0.053003533568904596, 0.013250883392226149], "D": [0.44876325088339225, 0.0176678445229682, 0.13427561837455831, 0.7950530035335689, 0.19081272084805653, 0.13427561837455831, 0.18197879858657243, 0.09010600706713781, 0.0035335689045936395], "M": [0.20170789163722025, 0.13103651354534745, 0.21937573616018846, 0.03975265017667844, 0.05889281507656066, 0.1074793875147232, 0.10453474676089516, 0.06330977620730271, 0.10306242638398115], "W": [0.09393404004711425, 0.0032391048292108363, 0.08745583038869258, 0.11336866902237927, 0.10365135453474676, 0.10041224970553593, 0.22997644287396937, 0.08745583038869258, 0.0032391048292108363], "N": [0.32332155477031804, 0.061837455830388695, 0.20848056537102475, 0.31625441696113077, 0.22438162544169613, 0.2579505300353357, 0.27385159010600707, 0.3498233215547703, 0.0035335689045936395], "K": [0.11778563015312132, 0.0088339222614841, 0.1428150765606596, 0.22820965842167257, 0.22820965842167257, 0.1413427561837456, 0.17226148409893993, 0.3666077738515901, 0.03828032979976443], "S": [0.32037691401649, 0.23674911660777384, 0.5076560659599529, 0.3663133097762073, 0.160188457008245, 0.22850412249705537, 0.26383981154299174, 0.3498233215547703, 0.027090694935217905], "V": [0.09540636042402827, 0.9293286219081273, 0.3404004711425206, 0.10365135453474676, 0.6089517078916372, 0.4652532391048292, 0.35571260306242636, 0.14723203769140164, 1.6372202591283864], "L": [0.16489988221436985, 0.7338044758539458, 0.160188457008245, 0.143698468786808, 0.40636042402826855, 0.4416961130742049, 0.2143698468786808, 0.32626619552414604, 1.1755005889281507], "A": [0.11189634864546526, 0.45700824499411075, 0.7926972909305064, 0.29093050647820967, 0.20965842167255594, 0.18374558303886926, 0.4464075382803298, 0.2921083627797409, 0.2756183745583039], "H": [0.28032979976442873, 0.11071849234393404, 0.143698468786808, 0.22379269729093051, 0.19081272084805653, 0.254416961130742, 0.5700824499411072, 0.30624263839811544, 0.002355712603062426]}