{"R": [0.29636711281070743, 0.009560229445506692, 0.014340344168260038, 0.11950286806883365, 0.372848948374761, 0.30592734225621415, 0.3967495219885277, 0.052581261950286805, 0.004780114722753346], "Q": [0.07170172084130019, 0.043021032504780114, 0.028680688336520075, 0.1864244741873805, 0.10516252390057361, 0.15296367112810708, 0.38718929254302104, 0.1864244741873805, 0.0], "G": [0.0745697896749522, 0.367112810707457, 0.011472275334608031, 0.49904397705544934, 0.5965583173996176, 0.5047801147227533, 0.17782026768642448, 0.12045889101338432, 0.0], "Y": [0.615678776290631, 0.040152963671128104, 0.09369024856596558, 0.16730401529636713, 0.2074569789674952, 0.18738049713193117, 0.04684512428298279, 0.14722753346080306, 0.006692160611854685], "E": [0.043021032504780114, 0.0, 0.02390057361376673, 0.6500956022944551, 0.12906309751434034, 0.124282982791587, 0.16252390057361377, 0.6787762906309751, 0.0], "P": [0.01338432122370937, 0.08030592734225621, 6.109942638623327, 0.5889101338432122, 0.7495219885277247, 0.361376673040153, 0.2609942638623327, 0.5420650095602294, 0.0], "T": [0.35850860420650094, 0.2676864244741874, 0.009560229445506692, 0.27246653919694075, 0.38718929254302104, 0.5353728489483748, 0.5066921606118547, 0.4684512428298279, 0.014340344168260038], "F": [0.6309751434034416, 0.20076481835564053, 0.1147227533460803, 0.24665391969407266, 0.32122370936902483, 0.32122370936902483, 0.05736137667304015, 0.1147227533460803, 0.21223709369024857], "I": [0.25239005736137665, 0.35181644359464626, 0.0497131931166348, 0.0994263862332696, 0.12619502868068833, 0.20650095602294455, 0.15296367112810708, 0.03441682600382409, 0.1338432122370937], "C": [0.03441682600382409, 0.1806883365200765, 0.0, 0.05162523900573614, 0.05162523900573614, 0.1118546845124283, 0.1118546845124283, 0.07743785850860421, 0.0], "D": [0.0057361376673040155, 0.0, 0.022944550669216062, 0.390057361376673, 0.12619502868068833, 0.10325047801147227, 0.06883365200764818, 0.1147227533460803, 0.0], "M": [0.15296367112810708, 0.14818355640535372, 0.0621414913957935, 0.05736137667304015, 0.05736137667304015, 0.06692160611854685, 0.1147227533460803, 0.02390057361376673, 0.24378585086042065], "W": [0.03154875717017208, 0.03154875717017208, 0.03154875717017208, 0.0841300191204589, 0.0841300191204589, 0.1367112810707457, 0.03154875717017208, 0.04206500956022945, 0.0], "N": [0.28107074569789675, 0.011472275334608031, 0.022944550669216062, 0.13766730401529637, 0.28107074569789675, 0.20076481835564053, 0.25812619502868067, 0.1147227533460803, 0.0], "K": [0.2676864244741874, 0.0, 0.004780114722753346, 0.1577437858508604, 0.17686424474187382, 0.17686424474187382, 0.2294455066921606, 0.028680688336520075, 0.028680688336520075], "S": [0.5889101338432122, 0.6883365200764818, 0.02676864244741874, 0.5009560229445507, 0.5086042065009561, 0.3824091778202677, 0.6653919694072657, 0.8374760994263862, 0.0], "V": [0.4397705544933078, 0.2829827915869981, 0.022944550669216062, 0.29063097514340347, 0.1835564053537285, 0.37093690248565964, 0.21032504780114722, 0.21032504780114722, 0.26003824091778205], "L": [0.35564053537284895, 0.7265774378585086, 0.05736137667304015, 0.27151051625239003, 0.1338432122370937, 0.30592734225621415, 0.4130019120458891, 0.09560229445506692, 3.2198852772466537], "A": [0.28680688336520077, 1.0248565965583174, 0.03824091778202677, 0.2829827915869981, 0.4359464627151052, 0.3938814531548757, 0.390057361376673, 0.8451242829827916, 0.0076481835564053535], "H": [0.15296367112810708, 0.0076481835564053535, 0.03824091778202677, 0.13001912045889102, 0.29063097514340347, 0.1682600382409178, 0.23709369024856597, 0.14531548757170173, 0.0]}