{"R": [0.3633698503317389, 0.19364295633389908, 0.10492207992593736, 0.1226662552075297, 0.2792778892146274, 0.19209998457028235, 0.18207066810677364, 0.22990279277889214, 0.020058632927017435], "Q": [0.09797870698966209, 0.4520907267397007, 0.2021293010337911, 0.19209998457028235, 0.21910199043357506, 0.20830118808825798, 0.3101373244869619, 0.29393612096898625, 0.004628915290850177], "G": [0.08054312606079309, 0.05091806819935195, 0.10461348557321401, 0.35550069433729364, 0.38790310137324485, 0.3499459959882734, 0.08794939052615337, 0.15275420459805586, 0.003703132232680142], "Y": [0.8230211387131615, 1.4408270328652986, 0.3380651134084246, 0.11448850486036105, 0.25057861441135626, 0.1620120351797562, 0.3229439901249807, 0.41151056935658076, 0.39638944607313686], "E": [0.09103533405338682, 0.05554698349020213, 0.26539114334207686, 0.7244252430180528, 0.18901404104304892, 0.1951859280975158, 0.29625057861441134, 0.5693565807745719, 0.006171887054466903], "P": [0.06156457336830736, 0.8532633852800494, 0.3629069588026539, 1.1297639253201666, 0.3888288844314149, 0.5854034871161857, 0.48819626600833205, 0.18145347940132694, 0.07128529547909274], "T": [0.2893072056781361, 0.17126986576145656, 0.1542971763616726, 0.22450239160623361, 0.3494831044591884, 0.4112019750038574, 0.35256904798642186, 0.4891220490665021, 0.017744175281592348], "F": [0.8711618577380034, 0.6748958494059558, 0.31106310754513194, 0.11664866532942447, 0.26662552075297025, 0.4203055084091961, 0.2721802191019904, 0.26107082240395, 1.6080851720413516], "I": [0.28575837062181764, 0.07900015429717636, 0.21725042431723499, 0.10121894769325722, 0.28637555932726433, 0.3456256750501466, 0.23329733065884894, 0.09936738157691714, 0.3190865607159389], "C": [0.006943372936275266, 0.009720722110785373, 0.0027773491745101066, 0.015275420459805586, 0.029162166332356118, 0.03055084091961117, 0.018052769634315693, 0.026384817157846012, 0.0], "D": [0.059250115722882274, 0.023144576454250887, 1.7089955253818856, 0.7452553618268786, 0.1805276963431569, 0.19163709304119736, 0.17589878105230675, 0.07869155994445301, 0.0027773491745101066], "M": [0.19364295633389908, 0.15815460577071438, 0.16895540811603146, 0.05091806819935195, 0.08254898935349483, 0.07560561641721956, 0.0810060175898781, 0.09026384817157845, 0.29856503625983644], "W": [0.06279895077920074, 0.208764079617343, 0.12050609473846628, 0.07467983335904953, 0.1103224810985959, 0.06449621971917914, 0.12559790155840148, 0.033945378799567966, 0.06789075759913593], "N": [0.21570745255361826, 0.013886745872550533, 0.3027310600216016, 0.2842153988582009, 0.26662552075297025, 0.23792624594969913, 0.28051226662552076, 0.20182070668106775, 0.0027773491745101066], "K": [0.26153371393303504, 0.010029316463508717, 0.09797870698966209, 0.20444375867921616, 0.30936583860515354, 0.14889677518901404, 0.10646505168955409, 0.2877642339145194, 0.056318469372010495], "S": [0.32278969294861903, 0.09813300416602376, 0.20675821632464125, 0.27650054004011726, 0.29069588026539117, 0.28575837062181764, 0.2981021447307514, 0.3832741860823947, 0.006171887054466903], "V": [0.32155531553772565, 0.1524456102453325, 0.12158617497299799, 0.15182842153988582, 0.36475852491899396, 0.40981330041660236, 0.42647739546366303, 0.2925474463817312, 0.4301805276963432], "L": [0.2919302576762845, 0.6690325567042124, 0.25057861441135626, 0.2110785372627681, 0.2900786915599445, 0.3709304119734609, 0.41721956488196266, 0.39129763925320166, 1.5022373090572443], "A": [0.2487270482950162, 0.23514889677518902, 0.28328961580003087, 0.21786761302268168, 0.2888443141490511, 0.21725042431723499, 0.30427403178521834, 0.31538342848325873, 0.04814071902484184], "H": [0.28514118191637094, 0.06789075759913593, 0.12343774108933807, 0.16046906341613948, 0.36661009103533404, 0.24317234994599599, 0.39253201666409504, 0.24810985958956952, 0.002468754821786761]}