{"R": [0.2631578947368421, 3.5526315789473686, 0.06578947368421052, 0.19736842105263158, 2.3026315789473686, 0.5921052631578947, 0.13157894736842105, 0.13157894736842105, 0.0], "Q": [0.06578947368421052, 0.4605263157894737, 0.19736842105263158, 0.2631578947368421, 0.13157894736842105, 0.4605263157894737, 0.2631578947368421, 0.39473684210526316, 0.0], "G": [0.0, 0.0, 0.07894736842105263, 0.15789473684210525, 0.3157894736842105, 0.3157894736842105, 0.23684210526315788, 0.07894736842105263, 0.0], "Y": [0.27631578947368424, 0.0, 1.2894736842105263, 0.09210526315789473, 0.3684210526315789, 0.3684210526315789, 0.6447368421052632, 0.0, 0.7368421052631579], "E": [0.4605263157894737, 0.39473684210526316, 0.0, 1.0526315789473684, 0.06578947368421052, 0.06578947368421052, 0.4605263157894737, 0.5263157894736842, 0.0], "P": [0.09210526315789473, 0.0, 0.18421052631578946, 0.8289473684210527, 0.27631578947368424, 0.3684210526315789, 0.09210526315789473, 0.0, 0.0], "T": [0.0, 0.06578947368421052, 0.06578947368421052, 0.06578947368421052, 0.13157894736842105, 0.6578947368421053, 0.32894736842105265, 0.6578947368421053, 0.0], "F": [0.23684210526315788, 0.0, 1.263157894736842, 0.3157894736842105, 0.3157894736842105, 0.3157894736842105, 0.07894736842105263, 0.07894736842105263, 0.15789473684210525], "I": [0.10526315789473684, 0.0, 0.3157894736842105, 0.21052631578947367, 0.15789473684210525, 0.5263157894736842, 0.5263157894736842, 0.0, 0.2631578947368421], "C": [0.0, 0.0, 0.0, 0.0, 0.0, 0.0, 0.0, 0.0, 0.0], "D": [1.8157894736842106, 0.07894736842105263, 0.0, 0.631578947368421, 0.15789473684210525, 0.15789473684210525, 0.07894736842105263, 0.23684210526315788, 0.0], "M": [0.06578947368421052, 0.06578947368421052, 0.06578947368421052, 0.06578947368421052, 0.0, 0.13157894736842105, 0.2631578947368421, 0.06578947368421052, 0.19736842105263158], "W": [0.0, 0.0, 0.14473684210526316, 0.0, 0.0, 0.0, 0.14473684210526316, 0.0, 0.14473684210526316], "N": [1.5, 0.15789473684210525, 0.39473684210526316, 0.0, 0.07894736842105263, 0.15789473684210525, 0.3157894736842105, 0.0, 0.0], "K": [0.06578947368421052, 0.06578947368421052, 0.13157894736842105, 0.19736842105263158, 0.4605263157894737, 0.2631578947368421, 0.2631578947368421, 0.13157894736842105, 0.0], "S": [0.21052631578947367, 0.0, 0.0, 0.10526315789473684, 0.21052631578947367, 0.10526315789473684, 0.3157894736842105, 1.0, 0.0], "V": [0.2631578947368421, 0.0, 0.47368421052631576, 0.10526315789473684, 0.0, 0.3684210526315789, 0.10526315789473684, 0.5263157894736842, 0.21052631578947367], "L": [0.0, 0.0, 0.631578947368421, 0.5789473684210527, 0.0, 0.0, 0.42105263157894735, 0.0, 2.736842105263158], "A": [0.05263157894736842, 0.10526315789473684, 0.10526315789473684, 0.21052631578947367, 0.15789473684210525, 0.15789473684210525, 0.05263157894736842, 0.6842105263157895, 0.05263157894736842], "H": [0.10526315789473684, 0.10526315789473684, 0.0, 0.10526315789473684, 0.10526315789473684, 0.10526315789473684, 0.5263157894736842, 0.0, 0.0]}