{"R": [0.08807588075880758, 0.0, 1.1178861788617886, 0.46747967479674796, 0.06097560975609756, 0.39295392953929537, 0.14227642276422764, 0.25745257452574527, 0.0], "Q": [0.5555555555555556, 0.12872628726287264, 0.06097560975609756, 0.27100271002710025, 0.3523035230352303, 0.34552845528455284, 0.3048780487804878, 0.44037940379403795, 0.006775067750677507], "G": [0.024390243902439025, 0.6504065040650406, 0.016260162601626018, 0.34959349593495936, 0.43902439024390244, 0.34146341463414637, 0.06504065040650407, 0.25203252032520324, 0.0], "Y": [0.6165311653116531, 0.028455284552845527, 0.4268292682926829, 0.07588075880758807, 0.15176151761517614, 0.0948509485094851, 0.0948509485094851, 0.11382113821138211, 4.941734417344174], "E": [0.46747967479674796, 0.08807588075880758, 0.03387533875338753, 0.6233062330623306, 1.1314363143631436, 0.3048780487804878, 0.6842818428184282, 0.5013550135501355, 0.0], "P": [0.0, 2.3523035230352303, 0.009485094850948509, 0.4932249322493225, 0.3509485094850949, 0.1802168021680217, 0.12330623306233063, 0.056910569105691054, 0.0], "T": [0.31842818428184283, 0.013550135501355014, 0.02710027100271003, 0.18292682926829268, 0.3048780487804878, 0.4132791327913279, 0.5149051490514905, 0.6910569105691057, 0.0], "F": [0.4634146341463415, 0.07317073170731707, 0.4959349593495935, 0.11382113821138211, 0.13821138211382114, 0.23577235772357724, 0.032520325203252036, 0.06504065040650407, 1.5203252032520325], "I": [0.15176151761517614, 0.08130081300813008, 0.41192411924119243, 0.15176151761517614, 0.16802168021680217, 0.22764227642276422, 0.3902439024390244, 0.016260162601626018, 0.0], "C": [0.0, 0.024390243902439025, 0.012195121951219513, 0.012195121951219513, 0.012195121951219513, 0.036585365853658534, 0.07317073170731707, 0.0975609756097561, 0.0], "D": [0.8130081300813008, 0.24390243902439024, 0.024390243902439025, 0.4715447154471545, 0.6666666666666666, 0.3821138211382114, 0.0975609756097561, 0.08943089430894309, 0.0], "M": [0.2981029810298103, 0.27100271002710025, 0.12872628726287264, 0.08807588075880758, 0.02032520325203252, 0.06097560975609756, 0.0948509485094851, 0.03387533875338753, 0.1016260162601626], "W": [0.14905149051490515, 0.02981029810298103, 0.16395663956639567, 0.05962059620596206, 0.07452574525745258, 0.044715447154471545, 0.07452574525745258, 0.014905149051490514, 0.0], "N": [0.2926829268292683, 0.024390243902439025, 0.3170731707317073, 0.13008130081300814, 0.18699186991869918, 0.2032520325203252, 0.17073170731707318, 0.0975609756097561, 0.0], "K": [0.03387533875338753, 0.0, 1.084010840108401, 0.575880758807588, 0.12872628726287264, 0.4132791327913279, 0.15582655826558264, 0.24390243902439024, 0.0], "S": [0.17886178861788618, 0.11924119241192412, 0.02168021680216802, 0.2601626016260163, 0.25474254742547425, 0.34688346883468835, 0.2926829268292683, 0.7262872628726287, 0.0], "V": [0.11924119241192412, 0.23848238482384823, 0.14092140921409213, 0.17886178861788618, 0.10298102981029811, 0.1897018970189702, 0.7317073170731707, 0.33604336043360433, 0.01084010840108401], "L": [0.27100271002710025, 0.34146341463414637, 0.10840108401084012, 0.27100271002710025, 0.2764227642276423, 0.34146341463414637, 0.24932249322493225, 0.11924119241192412, 0.05420054200542006], "A": [0.02710027100271003, 0.7750677506775068, 0.13550135501355012, 0.23306233062330622, 0.10840108401084012, 0.2005420054200542, 0.1951219512195122, 0.5094850948509485, 0.005420054200542005], "H": [0.7479674796747967, 0.0, 0.6720867208672087, 0.15176151761517614, 0.43360433604336046, 0.3685636856368564, 0.3902439024390244, 0.15176151761517614, 0.01084010840108401]}