{"R": [0.6308949905680151, 0.012051980716830854, 0.51561517501572, 0.23422762523579962, 0.19125969398448964, 0.25466359253825194, 0.15824774680360512, 0.1907356948228883, 0.0020959966464053656], "Q": [0.21431565709494865, 1.5898134562984698, 0.24470760846782647, 0.28872353804233913, 0.2389436176902117, 0.2541395933766506, 0.40662334940264094, 0.3264514776776357, 0.004191993292810731], "G": [0.3992873611402222, 0.06225110039823936, 0.10941102494236009, 0.44141689373297005, 0.47474324041081534, 0.5508279186753301, 0.20435967302452315, 0.2842171452525676, 0.011947180884510585], "Y": [0.3873401802557116, 0.021274365961014462, 0.38587298260322783, 0.11297421924124922, 0.180465311255502, 0.1401173758121987, 0.14818696290085936, 0.15919094529448752, 3.296059526304758], "E": [0.06392789771536365, 0.07021588765457976, 0.03720394047369524, 0.5695870886606581, 0.34531544749528403, 0.27143156570949484, 0.45535527143156573, 0.4218193250890799, 0.002619995808006707], "P": [0.011737581219870048, 0.021274365961014462, 0.1467197652483756, 0.7460700062879899, 0.41301613917417734, 0.22594843848249843, 0.20760846782645148, 0.20907566547893525, 0.008069587088660658], "T": [0.22374764200377278, 0.22427164116537412, 0.10637182980507232, 0.20069167889331377, 0.323831481869629, 0.43282330748270803, 0.44697128484594423, 0.5124711800461119, 0.009431984908824145], "F": [0.3288618738210019, 0.04841752253196395, 0.4558792705931671, 0.14399496960804864, 0.24963320058687907, 0.2911339341857053, 0.14336617061412701, 0.14273737162020542, 1.8310626702997275], "I": [0.29092433452106475, 0.3215258855585831, 0.42590651854957035, 0.13498218402850556, 0.25361559421504926, 0.28589394256969186, 0.2452316076294278, 0.07587507859987425, 0.05198071683085307], "C": [0.041500733598826244, 0.016977572835883463, 0.053762313980297634, 0.041500733598826244, 0.053762313980297634, 0.08866065814294698, 0.07545587927059316, 0.07922867323412283, 0.005659190945294487], "D": [0.008803185914902536, 0.0037727939635296584, 0.038985537623139804, 0.4804024313561098, 0.22070844686648503, 0.2075036679941312, 0.1232446028086355, 0.1100398239362817, 0.0025151959756864388], "M": [0.13204778872353803, 0.3405994550408719, 0.2137916579333473, 0.06340389855376231, 0.09693984489624817, 0.09641584573464683, 0.11527981555229512, 0.0822678683714106, 0.1985956822469084], "W": [0.08761265981974428, 0.002305596311045902, 0.08184866904212953, 0.0968350450639279, 0.15216935652902955, 0.06801509117585412, 0.07032068748690003, 0.02997275204359673, 0.06916788933137707], "N": [0.06665269335569063, 0.013833577866275414, 0.375392999371201, 0.26912596939844896, 0.27038356738629216, 0.2383148186962901, 0.24334521064766296, 0.17857891427373715, 0.0031439949696080486], "K": [0.5722070844686649, 0.009955984070425488, 0.7184028505554391, 0.35998742402012157, 0.2075036679941312, 0.18235170823726682, 0.18130370991406414, 0.19649968560050304, 0.013623978201634877], "S": [0.34248585202263676, 0.21001886396981764, 0.20876126598197442, 0.29469712848459445, 0.34793544330329074, 0.372668203730874, 0.41458813665898137, 0.573045483127227, 0.0037727939635296584], "V": [0.25403479354433034, 0.4590232655627751, 0.18193250890798573, 0.15636134982184027, 0.2666107734227625, 0.3089499056801509, 0.3399706560469503, 0.3701530077551876, 0.04653112555019912], "L": [0.3081115070215888, 0.8513938377698596, 0.14504296793125132, 0.24229721232446028, 0.3772793963529658, 0.34122825403479357, 0.38440578495074407, 0.21421085726262837, 0.5126807797107524], "A": [0.4191993292810732, 0.23852441836093063, 0.3827289876336198, 0.28547474324041083, 0.2796059526304758, 0.23978201634877383, 0.3181722909243345, 0.5223223642842172, 0.021798365122615803], "H": [0.20289247537203942, 0.007545587927059317, 0.3512890379375393, 0.15678054915112136, 0.246489205617271, 0.25235799622720606, 0.29595472647243765, 0.2531963948857682, 0.06120310207503668]}