{"R": [0.2426829268292683, 0.020731707317073172, 0.08902439024390243, 0.21341463414634146, 0.2280487804878049, 0.2146341463414634, 0.07317073170731707, 0.39146341463414636, 0.012195121951219513], "Q": [0.16341463414634147, 0.13902439024390245, 0.14512195121951219, 0.25, 0.2524390243902439, 0.2890243902439024, 0.1878048780487805, 0.2475609756097561, 0.00853658536585366], "G": [0.3848780487804878, 0.10390243902439024, 0.2326829268292683, 0.5385365853658537, 0.3204878048780488, 0.3804878048780488, 0.14926829268292682, 0.24146341463414633, 0.0014634146341463415], "Y": [0.7119512195121951, 0.6692682926829269, 0.4507317073170732, 0.18097560975609756, 0.22878048780487806, 0.28, 0.5753658536585365, 0.49341463414634146, 5.977317073170732], "E": [0.11097560975609756, 0.14512195121951219, 0.14146341463414633, 0.4426829268292683, 0.21585365853658536, 0.0975609756097561, 0.22195121951219512, 0.3902439024390244, 0.006097560975609756], "P": [0.04951219512195122, 0.09390243902439024, 0.2868292682926829, 0.6129268292682927, 0.22707317073170732, 0.4814634146341463, 0.2304878048780488, 0.1075609756097561, 0.01024390243902439], "T": [0.2475609756097561, 0.4902439024390244, 0.22195121951219512, 0.24390243902439024, 0.27195121951219514, 0.3402439024390244, 0.15365853658536585, 0.22439024390243903, 0.007317073170731708], "F": [0.5414634146341464, 0.8502439024390244, 0.4009756097560976, 0.15658536585365854, 0.3336585365853659, 0.41121951219512193, 0.5443902439024391, 0.3204878048780488, 0.37902439024390244], "I": [0.2126829268292683, 0.27121951219512197, 0.2302439024390244, 0.08682926829268292, 0.37853658536585366, 0.2097560975609756, 0.14829268292682926, 0.08585365853658537, 0.04], "C": [0.046097560975609755, 0.04829268292682927, 0.08560975609756098, 0.032926829268292684, 0.04390243902439024, 0.08341463414634147, 0.03073170731707317, 0.050487804878048784, 0.006585365853658536], "D": [0.06, 0.0351219512195122, 0.25609756097560976, 0.7024390243902439, 0.18146341463414634, 0.13170731707317074, 0.15804878048780488, 0.17121951219512196, 0.01024390243902439], "M": [0.1378048780487805, 0.2524390243902439, 0.17073170731707318, 0.05609756097560976, 0.1329268292682927, 0.10365853658536585, 0.1024390243902439, 0.08048780487804878, 0.06585365853658537], "W": [0.12609756097560976, 0.1797560975609756, 0.19317073170731708, 0.06975609756097562, 0.12073170731707317, 0.11804878048780487, 0.17170731707317075, 0.04829268292682927, 0.037560975609756096], "N": [0.22682926829268293, 0.17121951219512196, 0.3336585365853659, 0.32634146341463416, 0.2326829268292683, 0.24, 0.12439024390243902, 0.20780487804878048, 0.007317073170731708], "K": [0.3195121951219512, 0.01707317073170732, 0.2048780487804878, 0.2573170731707317, 0.2621951219512195, 0.20243902439024392, 0.08536585365853659, 0.4146341463414634, 0.01097560975609756], "S": [0.44097560975609756, 0.16975609756097562, 0.36390243902439023, 0.3434146341463415, 0.22634146341463415, 0.30634146341463414, 0.11219512195121951, 0.2839024390243902, 0.00975609756097561], "V": [0.27121951219512197, 0.5746341463414634, 0.15804878048780488, 0.13951219512195123, 0.40780487804878046, 0.29073170731707315, 0.15609756097560976, 0.1629268292682927, 0.025365853658536587], "L": [0.2819512195121951, 0.6048780487804878, 0.5824390243902439, 0.14536585365853658, 0.5443902439024391, 0.3121951219512195, 1.2663414634146342, 0.6507317073170732, 0.10341463414634146], "A": [0.33951219512195124, 0.2097560975609756, 0.39707317073170734, 0.29073170731707315, 0.16682926829268294, 0.3795121951219512, 0.26146341463414635, 0.22146341463414634, 0.00975609756097561], "H": [0.33170731707317075, 0.042926829268292686, 0.288780487804878, 0.36097560975609755, 0.29853658536585365, 0.4253658536585366, 0.4175609756097561, 0.37073170731707317, 0.03902439024390244]}