{"R": [0.44100801832760594, 1.6494845360824741, 0.4371897670866743, 0.13936617029400536, 1.3249331806032838, 0.4562810232913326, 0.10309278350515463, 0.12218403970981291, 0.0019091256204658267], "Q": [0.15273004963726614, 0.24818633066055745, 0.20236731576937764, 0.30546009927453227, 0.21191294387170675, 0.24436807941962582, 0.3130966017563956, 0.2997327224131348, 0.0], "G": [0.1970217640320733, 0.0572737686139748, 0.052691867124856816, 0.5017182130584192, 0.3459335624284078, 0.3207331042382589, 0.13058419243986255, 0.2222222222222222, 0.0], "Y": [0.4436807941962581, 0.032073310423825885, 0.8820160366552119, 0.09621993127147767, 0.1817487590683467, 0.14967544864452081, 0.28865979381443296, 0.16036655211912945, 0.045437189767086675], "E": [0.41237113402061853, 0.1660939289805269, 0.030546009927453228, 0.6242840778923253, 0.0935471554028255, 0.16036655211912945, 0.19473081328751432, 0.4142802596410844, 0.0038182512409316535], "P": [0.002672775868652157, 1.7693776250477282, 0.053455517373043146, 0.6521573119511264, 0.3260786559755632, 0.3501336387934326, 0.30469644902634596, 0.14165712103856434, 0.0], "T": [0.24245895379916, 0.14891179839633448, 0.11836578846888125, 0.1508209240168003, 0.17563955708285606, 0.42573501336387937, 0.42955326460481097, 0.5746468117602138, 0.0057273768613974796], "F": [0.4238258877434135, 0.013745704467353952, 0.852233676975945, 0.18785796105383734, 0.29782359679266895, 0.31844215349369986, 0.26804123711340205, 0.11912943871706758, 0.4306987399770905], "I": [0.14051164566628485, 0.07483772432226041, 0.20618556701030927, 0.10538373424971363, 0.2290950744558992, 0.32836960672012216, 0.2611683848797251, 0.047346315387552504, 0.17258495609011074], "C": [0.0, 0.0, 0.020618556701030927, 0.013745704467353952, 0.006872852233676976, 0.010309278350515464, 0.013745704467353952, 0.01718213058419244, 0.013745704467353952], "D": [0.7514318442153494, 0.045819014891179836, 0.15120274914089346, 0.4146620847651776, 0.08018327605956473, 0.11683848797250859, 0.07560137457044673, 0.06872852233676977, 0.0], "M": [0.12218403970981291, 0.07063764795723558, 0.19663993890798015, 0.0572737686139748, 0.059182894234440626, 0.053455517373043146, 0.1298205421916762, 0.04009163802978236, 0.21382206949217258], "W": [0.0882016036655212, 0.0, 0.13860252004581902, 0.07140129820542192, 0.09240168003054601, 0.042000763650248185, 0.1134020618556701, 0.012600229095074456, 0.008400152730049638], "N": [0.38946162657502864, 0.08247422680412371, 0.1970217640320733, 0.18785796105383734, 0.21076746849942726, 0.2565864833906071, 0.3321878579610538, 0.19931271477663232, 0.0], "K": [0.1660939289805269, 0.022909507445589918, 0.1660939289805269, 0.27682321496754486, 0.38946162657502864, 0.1565483008781978, 0.08209240168003054, 0.09927453226422299, 0.0], "S": [0.45208094692630774, 0.047346315387552504, 0.20007636502481863, 0.374188621611302, 0.1817487590683467, 0.3360061092019855, 0.34058801069110345, 0.8415425735013364, 0.004581901489117984], "V": [0.1771668575792287, 0.22451317296678122, 0.21076746849942726, 0.1267659411989309, 0.22298587247040855, 0.32836960672012216, 0.42917143948071784, 0.2825505918289423, 0.3543337151584574], "L": [0.21840397098129058, 0.39251622756777393, 0.383352424589538, 0.4444444444444444, 0.2733867888507064, 0.4261168384879725, 0.5391370752195495, 0.20618556701030927, 2.882016036655212], "A": [0.20465826651393662, 0.21229476899579994, 0.5360824742268041, 0.32836960672012216, 0.18785796105383734, 0.27949599083619703, 0.3237877052310042, 0.7453226422298588, 0.08094692630775105], "H": [0.2321496754486445, 0.08247422680412371, 0.22604047346315387, 0.11302023673157693, 0.3024054982817869, 0.24742268041237114, 0.36044291714394805, 0.09163802978235967, 0.0061092019854906456]}