{"L": [1.0, 0.30303030303030304, 1.0, 0.6486486486486486, 0.6590909090909091, 0.5166666666666666, 0.8205128205128205, 1.0, 0.7435897435897436, 0.6190476190476191, 0.942857142857143, 0.8823529411764706, 1.0, 0.11382113821138212], "G": [0.7000000000000001, 0.34848484848484845, 0.5348837209302325, 0.9189189189189189, 1.0, 0.5166666666666666, 0.8461538461538461, 0.8205128205128205, 1.0, 0.8333333333333333, 0.8571428571428572, 0.7941176470588235, 0.45, 0.10569105691056911], "K": [0.7749999999999999, 0.13636363636363635, 0.4186046511627907, 0.4054054054054054, 0.22727272727272727, 0.15, 0.20512820512820512, 0.41025641025641024, 0.358974358974359, 0.2619047619047619, 0.2285714285714286, 0.411764705882353, 0.275, 0.36585365853658536], "M": [0.25, 0.0909090909090909, 0.20930232558139536, 0.10810810810810811, 0.1590909090909091, 0.08333333333333334, 0.1282051282051282, 0.15384615384615383, 0.02564102564102564, 0.16666666666666669, 0.028571428571428574, 0.08823529411764705, 0.125, 0.016260162601626018], "F": [0.325, 0.15151515151515152, 0.6511627906976745, 0.2702702702702703, 0.25, 0.13333333333333333, 0.1794871794871795, 0.4615384615384615, 0.1794871794871795, 0.40476190476190477, 0.4571428571428572, 0.7058823529411764, 0.4, 0.17073170731707318], "R": [0.5249999999999999, 0.12121212121212122, 0.2790697674418604, 0.1891891891891892, 0.1590909090909091, 0.15, 0.15384615384615383, 0.5128205128205128, 0.23076923076923075, 0.2619047619047619, 0.2285714285714286, 0.5294117647058824, 0.375, 0.2764227642276423], "W": [0.075, 0.015151515151515152, 0.1395348837209302, 0.13513513513513514, 0.06818181818181818, 0.0, 0.23076923076923075, 0.1282051282051282, 0.05128205128205128, 0.02380952380952381, 0.08571428571428572, 0.14705882352941177, 0.0, 1.0], "H": [0.325, 0.07575757575757576, 0.11627906976744186, 0.24324324324324326, 0.11363636363636363, 0.13333333333333333, 0.1794871794871795, 0.10256410256410256, 0.1282051282051282, 0.2142857142857143, 0.2571428571428572, 0.23529411764705885, 0.3, 0.024390243902439022], "S": [0.7749999999999999, 1.0, 0.6046511627906976, 1.0, 0.8181818181818182, 1.0, 1.0, 0.9487179487179487, 0.8717948717948717, 0.7142857142857143, 0.6571428571428571, 0.9705882352941176, 0.65, 0.12195121951219512], "C": [0.0, 0.015151515151515152, 0.046511627906976744, 0.02702702702702703, 0.09090909090909091, 0.08333333333333334, 0.15384615384615383, 0.02564102564102564, 0.0, 0.02380952380952381, 0.08571428571428572, 0.08823529411764705, 0.05, 0.016260162601626018], "V": [0.6, 0.42424242424242425, 0.7441860465116279, 0.6756756756756757, 0.6590909090909091, 0.39999999999999997, 0.3846153846153846, 0.4871794871794871, 0.717948717948718, 0.6190476190476191, 0.8571428571428572, 1.0, 0.55, 0.04065040650406505], "N": [0.275, 0.13636363636363635, 0.20930232558139536, 0.1891891891891892, 0.3181818181818182, 0.3833333333333333, 0.5384615384615384, 0.5128205128205128, 0.3333333333333333, 0.4761904761904762, 0.6571428571428571, 0.411764705882353, 0.35000000000000003, 0.016260162601626018], "P": [0.275, 0.34848484848484845, 0.18604651162790697, 0.7297297297297297, 0.6818181818181818, 0.26666666666666666, 0.6153846153846153, 0.5641025641025641, 0.8974358974358974, 0.40476190476190477, 0.5714285714285715, 0.4705882352941177, 0.425, 0.048780487804878044], "Q": [0.325, 0.15151515151515152, 0.2558139534883721, 0.3783783783783784, 0.22727272727272727, 0.18333333333333335, 0.358974358974359, 0.28205128205128205, 0.41025641025641024, 0.2619047619047619, 0.5142857142857143, 0.5588235294117647, 0.575, 0.06504065040650407], "T": [0.4, 0.7424242424242424, 0.441860465116279, 0.4864864864864865, 0.4090909090909091, 0.2833333333333333, 0.7692307692307692, 0.5641025641025641, 0.5641025641025641, 0.4285714285714286, 0.5142857142857143, 0.4411764705882353, 0.7000000000000001, 0.07317073170731708], "I": [0.45, 0.10606060606060606, 0.5581395348837208, 0.6756756756756757, 0.4318181818181818, 0.23333333333333336, 0.43589743589743585, 0.30769230769230765, 0.4615384615384615, 0.2619047619047619, 0.5428571428571429, 0.4705882352941177, 0.35000000000000003, 0.024390243902439022], "E": [0.325, 0.24242424242424243, 0.3953488372093023, 0.6756756756756757, 0.4318181818181818, 0.43333333333333335, 0.641025641025641, 0.6923076923076922, 0.3846153846153846, 0.7857142857142858, 0.6857142857142857, 0.7352941176470589, 0.75, 0.0813008130081301], "D": [0.325, 0.21212121212121213, 0.4186046511627907, 0.8648648648648649, 0.38636363636363635, 0.39999999999999997, 0.5128205128205128, 0.4871794871794871, 0.5384615384615384, 0.5476190476190476, 0.4857142857142857, 0.411764705882353, 0.2, 0.13821138211382114], "A": [1.0, 0.6818181818181818, 0.7906976744186046, 0.7837837837837838, 0.6818181818181818, 0.43333333333333335, 0.7692307692307692, 0.5128205128205128, 0.9743589743589742, 1.0, 1.0, 0.6764705882352942, 1.0, 0.12195121951219512], "Y": [0.15, 0.07575757575757576, 0.2558139534883721, 0.1891891891891892, 0.29545454545454547, 0.13333333333333333, 0.1794871794871795, 0.1282051282051282, 0.23076923076923075, 0.14285714285714285, 0.4857142857142857, 0.411764705882353, 0.35000000000000003, 0.06504065040650407]}