{"L": [0.4827586206896552, 1.0, 1.0, 0.32608695652173914, 0.8095238095238095, 1.0, 0.7142857142857144, 0.8571428571428572, 1.0, 0.9523809523809524, 1.0, 1.0, 1.0, 1.0], "G": [0.7241379310344828, 0.08474576271186442, 0.3, 0.6086956521739131, 1.0, 0.7500000000000001, 1.0, 1.0, 0.8928571428571429, 1.0, 0.5161290322580645, 0.4230769230769231, 0.3103448275862069, 0.1764705882352941], "K": [0.4482758620689656, 0.01694915254237288, 0.13333333333333333, 0.08695652173913043, 0.5238095238095238, 0.5, 0.4761904761904762, 0.4761904761904762, 0.2857142857142857, 0.6190476190476191, 0.3870967741935484, 0.2692307692307692, 0.41379310344827586, 0.1372549019607843], "M": [0.10344827586206896, 0.025423728813559324, 0.2333333333333333, 0.06521739130434782, 0.1904761904761905, 0.08333333333333334, 0.04761904761904762, 0.0, 0.14285714285714285, 0.04761904761904762, 0.0967741935483871, 0.23076923076923073, 0.10344827586206896, 0.1764705882352941], "F": [1.0, 0.00847457627118644, 0.8333333333333333, 0.021739130434782608, 0.380952380952381, 0.37500000000000006, 0.14285714285714285, 0.1904761904761905, 0.14285714285714285, 0.2380952380952381, 0.25806451612903225, 0.1923076923076923, 0.13793103448275862, 0.19607843137254902], "R": [0.13793103448275862, 0.01694915254237288, 0.09999999999999999, 0.08695652173913043, 0.2857142857142857, 0.16666666666666669, 0.1904761904761905, 0.6666666666666666, 0.2857142857142857, 0.2380952380952381, 0.12903225806451613, 0.23076923076923073, 0.20689655172413793, 0.09803921568627451], "W": [0.034482758620689655, 0.0, 0.26666666666666666, 0.043478260869565216, 0.14285714285714285, 0.08333333333333334, 0.0, 0.09523809523809525, 0.03571428571428571, 0.0, 0.06451612903225806, 0.03846153846153846, 0.0, 0.0], "H": [0.1724137931034483, 0.00847457627118644, 0.03333333333333333, 0.13043478260869565, 0.0, 0.0, 0.2857142857142857, 0.1904761904761905, 0.10714285714285714, 0.3333333333333333, 0.22580645161290322, 0.15384615384615383, 0.1724137931034483, 0.0], "S": [0.7931034482758621, 0.059322033898305086, 0.39999999999999997, 0.2173913043478261, 0.4761904761904762, 0.6666666666666667, 0.8095238095238095, 0.4285714285714286, 0.2857142857142857, 0.7142857142857144, 0.3870967741935484, 0.34615384615384615, 0.3103448275862069, 0.19607843137254902], "C": [0.0, 0.0, 0.0, 0.0, 0.04761904761904762, 0.04166666666666667, 0.0, 0.0, 0.07142857142857142, 0.04761904761904762, 0.0, 0.07692307692307691, 0.034482758620689655, 0.0392156862745098], "V": [0.4827586206896552, 0.08474576271186442, 0.36666666666666664, 0.10869565217391305, 0.5238095238095238, 0.5833333333333334, 0.8095238095238095, 0.3333333333333333, 0.5357142857142858, 0.4285714285714286, 0.3548387096774194, 0.6153846153846153, 0.5172413793103449, 0.6666666666666665], "N": [0.20689655172413793, 0.03389830508474576, 0.26666666666666666, 0.15217391304347827, 0.7142857142857144, 0.4166666666666667, 0.6190476190476191, 0.5714285714285714, 0.2857142857142857, 0.3333333333333333, 0.3548387096774194, 0.3846153846153846, 0.27586206896551724, 0.0392156862745098], "P": [0.06896551724137931, 0.059322033898305086, 0.09999999999999999, 0.30434782608695654, 0.8571428571428572, 0.37500000000000006, 0.9523809523809524, 0.9047619047619048, 0.4642857142857143, 0.380952380952381, 0.45161290322580644, 0.576923076923077, 0.3103448275862069, 0.0588235294117647], "Q": [0.034482758620689655, 0.04237288135593221, 0.19999999999999998, 0.13043478260869565, 0.2380952380952381, 0.25, 0.5714285714285714, 0.6190476190476191, 0.25, 0.380952380952381, 0.3225806451612903, 0.4230769230769231, 0.5172413793103449, 0.0588235294117647], "T": [0.3103448275862069, 0.03389830508474576, 0.19999999999999998, 0.2173913043478261, 0.4285714285714286, 0.45833333333333337, 0.4761904761904762, 0.2857142857142857, 0.21428571428571427, 0.9047619047619048, 0.3548387096774194, 0.3846153846153846, 0.5517241379310345, 0.0784313725490196], "I": [0.5517241379310345, 0.059322033898305086, 0.36666666666666664, 0.06521739130434782, 0.6190476190476191, 0.45833333333333337, 0.09523809523809525, 0.4761904761904762, 0.21428571428571427, 0.1904761904761905, 0.2903225806451613, 0.5384615384615384, 0.2413793103448276, 0.2156862745098039], "E": [0.13793103448275862, 0.059322033898305086, 0.2333333333333333, 1.0, 0.7142857142857144, 0.9166666666666667, 0.8095238095238095, 1.0, 0.5357142857142858, 0.9523809523809524, 0.5161290322580645, 0.7307692307692307, 0.6551724137931034, 0.1764705882352941], "D": [0.06896551724137931, 0.025423728813559324, 0.5, 0.6739130434782609, 0.6666666666666666, 0.5833333333333334, 0.761904761904762, 0.6190476190476191, 0.6071428571428571, 0.9047619047619048, 0.2903225806451613, 0.2692307692307692, 0.3448275862068966, 0.0784313725490196], "A": [0.6551724137931034, 0.08474576271186442, 0.6, 0.15217391304347827, 0.6666666666666666, 0.5833333333333334, 0.6666666666666666, 0.8095238095238095, 0.7857142857142858, 0.761904761904762, 0.3870967741935484, 0.6923076923076923, 0.7241379310344828, 0.5098039215686274], "Y": [0.5862068965517241, 0.01694915254237288, 0.6333333333333333, 0.021739130434782608, 0.380952380952381, 0.16666666666666669, 0.2380952380952381, 0.14285714285714285, 0.10714285714285714, 0.2380952380952381, 0.16129032258064516, 0.23076923076923073, 0.1724137931034483, 0.0784313725490196]}