{"L": [1.0, 0.5625, 0.39999999999999997, 0.5882352941176471, 0.6111111111111112, 0.9333333333333333, 1.0, 0.619047619047619, 0.5454545454545454, 0.6470588235294118, 0.9166666666666667, 0.4444444444444444, 1.0, 1.0], "G": [0.6666666666666666, 0.5, 1.0, 0.5882352941176471, 0.6666666666666666, 0.4666666666666667, 0.5, 0.42857142857142855, 0.7272727272727272, 1.0, 0.8333333333333334, 1.0, 0.4615384615384615, 0.631578947368421], "K": [0.6666666666666666, 0.43750000000000006, 0.6666666666666666, 0.23529411764705882, 1.0, 0.5333333333333333, 0.55, 0.23809523809523808, 0.22727272727272727, 0.29411764705882354, 0.5833333333333334, 0.3333333333333333, 0.7692307692307693, 0.8421052631578947], "M": [0.13333333333333333, 0.0625, 0.13333333333333333, 0.058823529411764705, 0.1111111111111111, 0.26666666666666666, 0.19999999999999998, 0.0, 0.04545454545454545, 0.11764705882352941, 0.0, 0.05555555555555555, 0.15384615384615383, 0.10526315789473684], "F": [0.6666666666666666, 0.25, 0.3333333333333333, 0.6470588235294118, 0.5, 0.6666666666666666, 0.3, 0.14285714285714285, 0.13636363636363635, 0.47058823529411764, 0.6666666666666666, 0.2222222222222222, 0.38461538461538464, 0.10526315789473684], "R": [0.4666666666666667, 0.8125, 0.5333333333333333, 0.1764705882352941, 0.2777777777777778, 0.4666666666666667, 0.15, 0.42857142857142855, 0.1818181818181818, 0.23529411764705882, 0.6666666666666666, 1.0, 0.38461538461538464, 0.7894736842105263], "W": [0.06666666666666667, 0.0, 0.13333333333333333, 0.11764705882352941, 0.05555555555555555, 0.06666666666666667, 0.049999999999999996, 0.0, 0.0, 0.0, 0.08333333333333333, 0.0, 0.07692307692307691, 0.10526315789473684], "H": [0.39999999999999997, 0.1875, 0.26666666666666666, 0.058823529411764705, 0.2222222222222222, 0.06666666666666667, 0.19999999999999998, 0.14285714285714285, 0.1818181818181818, 0.23529411764705882, 0.75, 0.2222222222222222, 0.30769230769230765, 0.21052631578947367], "S": [0.6666666666666666, 0.5625, 0.39999999999999997, 0.29411764705882354, 0.2777777777777778, 0.3333333333333333, 0.3, 0.42857142857142855, 0.2727272727272727, 0.5294117647058824, 0.8333333333333334, 0.7222222222222222, 0.8461538461538463, 0.5789473684210527], "C": [0.06666666666666667, 0.0, 0.0, 0.0, 0.0, 0.0, 0.0, 0.0, 0.0, 0.0, 0.0, 0.0, 0.0, 0.0], "V": [0.7333333333333334, 1.0, 0.7333333333333334, 0.5882352941176471, 0.6666666666666666, 0.7333333333333334, 0.3, 0.3333333333333333, 0.6818181818181818, 0.47058823529411764, 0.6666666666666666, 0.2777777777777778, 0.8461538461538463, 0.3157894736842105], "N": [0.3333333333333333, 0.375, 0.5333333333333333, 0.3529411764705882, 0.2222222222222222, 0.39999999999999997, 0.3, 0.23809523809523808, 0.2727272727272727, 0.5294117647058824, 0.8333333333333334, 0.16666666666666666, 0.5384615384615384, 0.15789473684210525], "P": [0.13333333333333333, 0.75, 0.5333333333333333, 0.3529411764705882, 0.5, 0.39999999999999997, 0.55, 0.42857142857142855, 0.6818181818181818, 0.8823529411764707, 0.5, 0.2777777777777778, 0.38461538461538464, 0.15789473684210525], "Q": [0.0, 0.31250000000000006, 0.3333333333333333, 0.5294117647058824, 0.5, 1.0, 0.3, 0.619047619047619, 0.3636363636363636, 0.47058823529411764, 0.8333333333333334, 0.4444444444444444, 0.6923076923076923, 0.47368421052631576], "T": [0.39999999999999997, 0.5625, 0.39999999999999997, 0.11764705882352941, 0.3888888888888889, 0.3333333333333333, 0.09999999999999999, 0.23809523809523808, 0.2727272727272727, 0.29411764705882354, 0.6666666666666666, 0.2222222222222222, 0.6923076923076923, 0.21052631578947367], "I": [0.6, 0.25, 0.6666666666666666, 0.6470588235294118, 0.5, 0.4666666666666667, 0.39999999999999997, 0.38095238095238093, 0.0909090909090909, 0.1764705882352941, 0.3333333333333333, 0.5, 0.38461538461538464, 0.10526315789473684], "E": [0.5333333333333333, 0.5625, 0.5333333333333333, 0.6470588235294118, 0.5, 0.7999999999999999, 0.5, 0.42857142857142855, 0.2727272727272727, 0.7058823529411764, 1.0, 0.4444444444444444, 1.0, 0.8421052631578947], "D": [0.8666666666666666, 0.9375000000000001, 0.6, 0.6470588235294118, 0.05555555555555555, 0.5333333333333333, 0.35, 0.38095238095238093, 0.5, 0.7058823529411764, 0.3333333333333333, 0.6111111111111112, 0.923076923076923, 0.631578947368421], "A": [0.9333333333333333, 0.8125, 0.8666666666666666, 0.823529411764706, 0.5, 0.7333333333333334, 0.75, 1.0, 1.0, 0.5882352941176471, 0.8333333333333334, 0.8888888888888888, 0.923076923076923, 0.15789473684210525], "Y": [0.26666666666666666, 0.0625, 0.5333333333333333, 1.0, 0.4444444444444444, 0.39999999999999997, 0.39999999999999997, 0.38095238095238093, 0.0909090909090909, 0.11764705882352941, 0.6666666666666666, 0.16666666666666666, 0.30769230769230765, 0.15789473684210525]}