{"L": [1.0, 0.2142857142857143, 0.012048192771084338, 0.7916666666666667, 0.8181818181818182, 0.5185185185185186, 0.9545454545454545, 0.6428571428571428, 0.37037037037037035, 0.46153846153846156, 0.3, 0.9166666666666667, 1.0, 0.010362694300518135], "G": [0.30434782608695654, 0.03571428571428571, 0.024096385542168676, 0.37500000000000006, 1.0, 0.5925925925925926, 0.9545454545454545, 1.0, 1.0, 0.8846153846153847, 1.0, 0.8333333333333334, 0.0851063829787234, 0.0051813471502590676], "K": [0.30434782608695654, 0.0, 0.012048192771084338, 0.20833333333333334, 0.13636363636363635, 0.2222222222222222, 0.1818181818181818, 0.25, 0.40740740740740744, 0.5, 0.23333333333333334, 0.125, 0.2340425531914894, 0.0051813471502590676], "M": [0.34782608695652173, 0.03571428571428571, 0.024096385542168676, 0.0, 0.3181818181818182, 0.037037037037037035, 0.04545454545454545, 0.07142857142857142, 0.07407407407407407, 0.15384615384615385, 0.19999999999999998, 0.041666666666666664, 0.1702127659574468, 0.0], "F": [0.43478260869565216, 0.0, 0.03614457831325301, 0.25, 0.22727272727272727, 0.14814814814814814, 0.3181818181818182, 0.21428571428571427, 0.18518518518518517, 0.15384615384615385, 0.16666666666666666, 0.20833333333333334, 0.1914893617021277, 0.0051813471502590676], "R": [0.17391304347826086, 0.0, 0.0, 0.3333333333333333, 0.2727272727272727, 0.33333333333333337, 0.13636363636363635, 0.25, 0.2222222222222222, 0.15384615384615385, 0.16666666666666666, 0.4166666666666667, 0.2765957446808511, 0.0], "W": [0.13043478260869565, 0.011904761904761906, 0.0, 0.041666666666666664, 0.04545454545454545, 0.14814814814814814, 0.0, 0.0, 0.0, 0.038461538461538464, 0.09999999999999999, 0.3333333333333333, 0.0851063829787234, 0.0051813471502590676], "H": [0.08695652173913043, 0.0, 0.0, 0.08333333333333333, 0.13636363636363635, 0.07407407407407407, 0.22727272727272727, 0.17857142857142855, 0.1111111111111111, 0.15384615384615385, 0.13333333333333333, 0.125, 0.0425531914893617, 0.0], "S": [0.6956521739130435, 1.0, 0.08433734939759037, 0.7916666666666667, 0.8636363636363636, 0.5925925925925926, 1.0, 0.6428571428571428, 0.7777777777777777, 0.6538461538461539, 0.6333333333333333, 1.0, 0.4680851063829788, 0.0], "C": [0.0, 0.0, 0.0, 0.0, 0.04545454545454545, 0.0, 0.0, 0.03571428571428571, 0.037037037037037035, 0.0, 0.19999999999999998, 0.08333333333333333, 0.0, 0.0], "V": [0.5652173913043478, 0.16666666666666669, 0.012048192771084338, 0.5833333333333334, 0.8181818181818182, 0.37037037037037035, 0.45454545454545453, 0.39285714285714285, 0.2592592592592593, 0.2692307692307693, 0.4666666666666667, 0.7500000000000001, 0.25531914893617025, 0.0051813471502590676], "N": [0.5217391304347826, 0.011904761904761906, 0.0, 0.37500000000000006, 0.2727272727272727, 0.48148148148148145, 0.3636363636363636, 0.2857142857142857, 0.37037037037037035, 0.07692307692307693, 0.3, 0.875, 0.14893617021276598, 0.0], "P": [0.17391304347826086, 0.02380952380952381, 0.03614457831325301, 0.8333333333333334, 0.5454545454545454, 0.5555555555555556, 0.7727272727272726, 0.25, 0.6666666666666667, 0.576923076923077, 0.03333333333333333, 0.0, 0.0425531914893617, 0.0], "Q": [0.8695652173913043, 0.0, 0.08433734939759037, 0.3333333333333333, 0.4090909090909091, 0.2962962962962963, 0.3181818181818182, 0.39285714285714285, 0.37037037037037035, 0.576923076923077, 0.3, 0.625, 0.2765957446808511, 0.0051813471502590676], "T": [0.43478260869565216, 0.7500000000000001, 0.012048192771084338, 0.5, 0.5, 0.5555555555555556, 0.5454545454545454, 0.4642857142857142, 0.33333333333333337, 0.3461538461538462, 0.9333333333333333, 0.45833333333333337, 0.2765957446808511, 0.0], "I": [0.34782608695652173, 0.11904761904761905, 0.03614457831325301, 1.0, 0.5454545454545454, 0.40740740740740744, 0.4090909090909091, 0.2857142857142857, 0.14814814814814814, 0.11538461538461539, 0.19999999999999998, 0.20833333333333334, 0.0425531914893617, 0.0], "E": [0.43478260869565216, 0.04761904761904762, 1.0, 0.6666666666666666, 0.8181818181818182, 0.4444444444444444, 1.0, 0.7857142857142857, 0.48148148148148145, 1.0, 0.23333333333333334, 0.5833333333333334, 0.2127659574468085, 0.010362694300518135], "D": [0.43478260869565216, 0.0, 0.8072289156626506, 0.5833333333333334, 0.4090909090909091, 1.0, 0.6363636363636364, 0.8214285714285714, 0.9629629629629629, 0.7307692307692308, 0.5, 0.2916666666666667, 0.06382978723404256, 0.0], "A": [0.6956521739130435, 0.011904761904761906, 0.18072289156626506, 0.5833333333333334, 0.7272727272727272, 0.5555555555555556, 0.6363636363636364, 0.14285714285714285, 0.5555555555555556, 0.6923076923076924, 0.4333333333333333, 0.25, 0.1914893617021277, 0.0051813471502590676], "Y": [0.9130434782608695, 0.0, 0.0963855421686747, 0.16666666666666666, 0.3636363636363636, 0.2222222222222222, 0.3181818181818182, 0.17857142857142855, 0.2222222222222222, 0.3076923076923077, 0.26666666666666666, 0.37500000000000006, 0.2765957446808511, 1.0]}