{"L": [0.23958333333333334, 0.36917562724014336, 0.8282208588957055, 0.5828877005347594, 0.5524861878453038, 0.5966850828729281, 0.7909604519774012, 0.6628571428571428, 0.505050505050505, 0.4438775510204081, 0.43438914027149317, 0.695364238410596, 0.7385620915032679, 0.96045197740113], "G": [0.45833333333333337, 0.4767025089605735, 0.9079754601226995, 1.0, 1.0, 1.0, 1.0, 1.0, 1.0, 1.0, 1.0, 1.0, 0.8888888888888887, 0.519774011299435], "K": [0.2222222222222222, 0.1971326164874552, 0.3865030674846626, 0.4117647058823529, 0.4033149171270718, 0.3425414364640884, 0.4124293785310735, 0.5485714285714286, 0.41919191919191917, 0.35204081632653056, 0.28959276018099545, 0.6821192052980132, 0.6601307189542484, 0.7005649717514124], "M": [0.0625, 0.05017921146953405, 0.15950920245398775, 0.0909090909090909, 0.1602209944751381, 0.17679558011049723, 0.096045197740113, 0.10857142857142857, 0.10606060606060606, 0.08163265306122447, 0.08144796380090497, 0.1456953642384106, 0.0915032679738562, 0.062146892655367235], "F": [0.13541666666666669, 0.15770609318996417, 0.5337423312883436, 0.22459893048128343, 0.16574585635359118, 0.18232044198895028, 0.23728813559322035, 0.2514285714285714, 0.21212121212121213, 0.21938775510204078, 0.21719457013574658, 0.2913907284768212, 0.1830065359477124, 0.7853107344632768], "R": [0.4201388888888889, 1.0, 0.3006134969325154, 0.267379679144385, 0.287292817679558, 0.2707182320441989, 0.3615819209039548, 0.29714285714285715, 0.34848484848484845, 0.3112244897959183, 0.167420814479638, 0.5033112582781457, 0.5490196078431372, 0.824858757062147], "W": [0.020833333333333336, 0.021505376344086023, 0.10429447852760736, 0.058823529411764705, 0.06629834254143646, 0.049723756906077346, 0.03954802259887006, 0.04571428571428571, 0.050505050505050504, 0.04591836734693877, 0.02262443438914027, 0.12582781456953643, 0.0457516339869281, 0.02824858757062147], "H": [0.4409722222222222, 0.10752688172043012, 0.17791411042944785, 0.1657754010695187, 0.18232044198895028, 0.1712707182320442, 0.22033898305084748, 0.16, 0.18686868686868688, 0.173469387755102, 0.1945701357466063, 0.2185430463576159, 0.1764705882352941, 0.15819209039548024], "S": [1.0, 0.4193548387096774, 0.7914110429447854, 0.8502673796791445, 0.8287292817679557, 0.9116022099447514, 0.807909604519774, 0.8742857142857143, 0.6515151515151515, 0.7959183673469388, 0.6289592760180994, 1.0, 1.0, 0.480225988700565], "C": [0.006944444444444444, 0.0035842293906810036, 0.018404907975460124, 0.016042780748663103, 0.022099447513812154, 0.0, 0.011299435028248588, 0.02857142857142857, 0.0, 0.005102040816326529, 0.004524886877828054, 0.02649006622516556, 0.0392156862745098, 0.02824858757062147], "V": [0.21180555555555555, 0.4121863799283154, 0.4662576687116564, 0.44919786096256686, 0.569060773480663, 0.574585635359116, 0.5423728813559322, 0.4685714285714286, 0.45454545454545453, 0.4438775510204081, 0.34841628959276016, 0.5496688741721854, 0.6666666666666666, 0.192090395480226], "N": [0.06944444444444445, 0.15053763440860216, 0.3067484662576687, 0.2299465240641711, 0.22099447513812154, 0.33149171270718236, 0.33898305084745767, 0.26857142857142857, 0.24242424242424243, 0.3112244897959183, 0.24886877828054296, 0.3708609271523179, 0.3856209150326797, 0.5706214689265537], "P": [0.08680555555555555, 0.2508960573476703, 1.0, 0.53475935828877, 0.6298342541436464, 0.5469613259668508, 0.5649717514124294, 0.5828571428571429, 0.5404040404040404, 0.5, 0.5656108597285067, 0.5562913907284768, 0.8692810457516339, 0.192090395480226], "Q": [0.08680555555555555, 0.2186379928315412, 0.3987730061349693, 0.4117647058823529, 0.3756906077348066, 0.42541436464088395, 0.3728813559322034, 0.46285714285714286, 0.4292929292929293, 0.38775510204081626, 0.33936651583710403, 0.6688741721854304, 0.522875816993464, 0.3502824858757062], "T": [0.795138888888889, 0.27598566308243727, 0.5276073619631901, 0.45454545454545453, 0.5027624309392265, 0.6187845303867403, 0.4576271186440678, 0.4685714285714286, 0.37373737373737376, 0.5, 0.37556561085972845, 0.5960264900662251, 0.6078431372549019, 0.288135593220339], "I": [0.11458333333333334, 0.2078853046594982, 0.3926380368098159, 0.37967914438502676, 0.39226519337016574, 0.3701657458563536, 0.3163841807909605, 0.3142857142857143, 0.3181818181818182, 0.2857142857142857, 0.2669683257918552, 0.4370860927152318, 0.39215686274509803, 0.14689265536723164], "E": [0.18055555555555558, 0.33691756272401435, 0.6134969325153374, 0.7165775401069518, 0.6243093922651933, 0.6408839779005524, 0.5932203389830508, 0.7314285714285713, 0.5656565656565656, 0.6020408163265306, 0.5791855203619909, 0.8807947019867549, 0.7254901960784312, 1.0], "D": [0.13194444444444445, 0.2939068100358423, 0.49079754601226994, 0.5294117647058824, 0.49171270718232046, 0.4585635359116022, 0.5423728813559322, 0.5714285714285714, 0.5252525252525253, 0.5408163265306123, 0.40723981900452483, 0.4105960264900662, 0.4183006535947712, 0.24293785310734461], "A": [0.4618055555555556, 0.35842293906810035, 0.5950920245398773, 0.5454545454545454, 0.7237569060773481, 0.5359116022099447, 0.655367231638418, 0.5942857142857143, 0.5353535353535354, 0.5816326530612244, 0.5158371040723981, 0.7086092715231788, 0.7385620915032679, 0.35593220338983056], "Y": [0.12152777777777779, 0.12903225806451613, 0.3067484662576687, 0.1925133689839572, 0.18232044198895028, 0.17679558011049723, 0.2090395480225989, 0.22857142857142856, 0.196969696969697, 0.15816326530612243, 0.1764705882352941, 0.17880794701986755, 0.2156862745098039, 0.6836158192090396]}