{"L": [0.28125, 0.008064516129032258, 0.03174603174603175, 0.125, 0.26666666666666666, 0.5714285714285714, 0.52, 0.5454545454545455, 0.7058823529411764, 0.43999999999999995, 0.5499999999999999, 0.2916666666666667, 0.16666666666666666, 1.0], "G": [0.25, 0.008064516129032258, 0.0634920634920635, 0.9062499999999999, 0.46666666666666673, 0.9523809523809523, 0.52, 1.0, 0.8823529411764706, 1.0, 0.7000000000000001, 0.8333333333333334, 0.3055555555555555, 0.014084507042253523], "K": [0.1875, 0.008064516129032258, 0.11111111111111112, 0.125, 0.03333333333333333, 0.09523809523809523, 0.12, 0.13636363636363638, 0.29411764705882354, 0.2, 0.049999999999999996, 0.25, 0.0, 0.028169014084507046], "M": [0.15625, 0.0, 0.15873015873015875, 0.03125, 0.16666666666666669, 0.047619047619047616, 0.0, 0.045454545454545456, 0.058823529411764705, 0.04, 0.25, 0.08333333333333334, 0.02777777777777778, 0.26760563380281693], "F": [0.09375, 0.0, 0.14285714285714285, 0.0, 0.1, 0.047619047619047616, 0.12, 0.09090909090909091, 0.23529411764705882, 0.12, 0.35000000000000003, 0.16666666666666669, 0.02777777777777778, 0.1267605633802817], "R": [0.65625, 0.0, 1.0, 0.09375, 0.06666666666666667, 0.3333333333333333, 0.24, 0.18181818181818182, 0.4117647058823529, 0.24, 0.5, 0.25, 0.02777777777777778, 0.04225352112676056], "W": [0.03125, 0.0, 0.015873015873015876, 0.0, 0.0, 0.047619047619047616, 0.04, 0.045454545454545456, 0.0, 0.0, 0.049999999999999996, 0.0, 0.0, 0.0], "H": [0.125, 0.0, 0.0, 0.0, 0.1, 0.047619047619047616, 0.0, 0.13636363636363638, 0.058823529411764705, 0.0, 0.35000000000000003, 0.33333333333333337, 0.02777777777777778, 0.0], "S": [1.0, 0.016129032258064516, 0.0634920634920635, 0.4375, 0.5666666666666668, 1.0, 0.48, 0.6818181818181819, 1.0, 0.68, 0.65, 1.0, 1.0, 0.028169014084507046], "C": [0.0, 0.0, 0.0, 0.0, 0.0, 0.0, 0.0, 0.045454545454545456, 0.058823529411764705, 0.0, 0.0, 0.0, 0.02777777777777778, 0.0], "V": [0.21875, 0.024193548387096774, 0.126984126984127, 0.15625, 0.33333333333333337, 0.2857142857142857, 0.36, 0.2272727272727273, 0.3529411764705882, 0.24, 0.049999999999999996, 0.2916666666666667, 0.4166666666666667, 0.07042253521126761], "N": [0.03125, 0.0, 0.0634920634920635, 0.15625, 0.1, 0.047619047619047616, 0.08, 0.31818181818181823, 0.11764705882352941, 0.24, 0.25, 0.04166666666666667, 0.02777777777777778, 0.014084507042253523], "P": [0.03125, 1.0, 0.03174603174603175, 1.0, 1.0, 0.5238095238095237, 1.0, 0.8636363636363638, 1.0, 0.8400000000000001, 1.0, 0.375, 0.3611111111111111, 0.014084507042253523], "Q": [0.21875, 0.0, 0.015873015873015876, 0.1875, 0.13333333333333333, 0.14285714285714285, 0.4, 0.18181818181818182, 0.4117647058823529, 0.24, 0.25, 0.25, 0.1388888888888889, 0.028169014084507046], "T": [0.25, 0.0, 0.03174603174603175, 0.21875, 0.26666666666666666, 0.6190476190476191, 0.43999999999999995, 0.36363636363636365, 0.47058823529411764, 0.2, 0.44999999999999996, 0.7083333333333334, 0.3611111111111111, 0.07042253521126761], "I": [0.09375, 0.016129032258064516, 0.0634920634920635, 0.09375, 0.23333333333333336, 0.09523809523809523, 0.08, 0.09090909090909091, 0.1764705882352941, 0.24, 0.25, 0.125, 0.02777777777777778, 0.04225352112676056], "E": [0.03125, 0.008064516129032258, 0.015873015873015876, 0.03125, 0.1, 0.42857142857142855, 0.36, 0.27272727272727276, 0.3529411764705882, 0.2, 0.15, 0.08333333333333334, 0.08333333333333333, 0.014084507042253523], "D": [0.0, 0.008064516129032258, 0.03174603174603175, 0.21875, 0.06666666666666667, 0.19047619047619047, 0.16, 0.13636363636363638, 0.1764705882352941, 0.2, 0.0, 0.04166666666666667, 0.02777777777777778, 0.014084507042253523], "A": [0.53125, 0.016129032258064516, 0.1746031746031746, 0.46875, 0.5666666666666668, 0.7619047619047619, 0.43999999999999995, 0.7727272727272728, 0.8823529411764706, 0.36, 1.0, 0.625, 0.7777777777777779, 0.16901408450704225], "Y": [0.125, 0.0, 0.04761904761904762, 0.0625, 0.03333333333333333, 0.3333333333333333, 0.16, 0.13636363636363638, 0.47058823529411764, 0.04, 0.049999999999999996, 0.0, 0.0, 0.0]}