{"L": [1.0, 0.5, 0.2857142857142857, 0.25, 0.3333333333333333, 0.1111111111111111, 1.0, 0.052631578947368425, 0.75, 0.3333333333333333, 0.05555555555555555, 0.5384615384615384, 0.17391304347826086, 0.1111111111111111], "G": [0.21428571428571427, 0.6, 0.2857142857142857, 0.25, 0.5, 1.0, 0.3, 0.052631578947368425, 0.08333333333333333, 1.0, 0.2222222222222222, 0.0, 0.043478260869565216, 0.1111111111111111], "K": [0.14285714285714285, 0.19999999999999998, 0.21428571428571427, 0.125, 0.3333333333333333, 0.05555555555555555, 0.09999999999999999, 0.052631578947368425, 0.08333333333333333, 0.08333333333333333, 0.2777777777777778, 0.38461538461538464, 0.21739130434782608, 1.0], "M": [0.0, 0.09999999999999999, 0.0, 0.0, 0.08333333333333333, 0.05555555555555555, 0.0, 0.0, 0.0, 0.0, 0.05555555555555555, 0.0, 0.043478260869565216, 0.0], "F": [0.21428571428571427, 0.09999999999999999, 0.14285714285714285, 0.125, 0.25, 0.05555555555555555, 0.19999999999999998, 0.0, 0.3333333333333333, 0.0, 0.2777777777777778, 0.07692307692307693, 0.13043478260869565, 0.05555555555555555], "R": [0.07142857142857142, 0.0, 0.07142857142857142, 0.1875, 0.16666666666666666, 0.0, 0.0, 0.10526315789473685, 0.0, 0.08333333333333333, 0.0, 0.07692307692307693, 0.0, 0.9444444444444443], "W": [0.0, 0.09999999999999999, 0.0, 0.0625, 0.08333333333333333, 0.0, 0.0, 0.0, 0.0, 0.0, 0.0, 0.0, 0.0, 0.0], "H": [0.0, 0.0, 0.07142857142857142, 0.0, 0.0, 0.0, 0.09999999999999999, 0.0, 0.08333333333333333, 0.08333333333333333, 0.1111111111111111, 0.0, 0.0, 0.0], "S": [0.42857142857142855, 0.5, 0.2857142857142857, 0.3125, 0.16666666666666666, 0.1111111111111111, 0.3, 1.0, 0.08333333333333333, 0.6666666666666666, 0.05555555555555555, 0.3076923076923077, 0.21739130434782608, 0.05555555555555555], "C": [0.0, 0.0, 0.0, 0.0, 0.0, 0.0, 0.0, 0.0, 0.0, 0.0, 0.0, 0.0, 0.0, 0.0], "V": [0.35714285714285715, 1.0, 0.5, 1.0, 1.0, 0.1111111111111111, 0.6, 0.0, 0.3333333333333333, 0.25, 0.05555555555555555, 0.38461538461538464, 0.0, 0.0], "N": [0.21428571428571427, 0.09999999999999999, 0.0, 0.125, 0.08333333333333333, 0.2777777777777778, 0.3, 0.15789473684210525, 0.0, 0.08333333333333333, 0.2777777777777778, 0.23076923076923075, 0.08695652173913043, 0.05555555555555555], "P": [0.0, 0.7999999999999999, 0.07142857142857142, 0.0, 0.08333333333333333, 0.05555555555555555, 0.3, 0.2105263157894737, 1.0, 0.25, 0.1111111111111111, 0.0, 0.08695652173913043, 0.0], "Q": [0.07142857142857142, 0.19999999999999998, 0.0, 0.0625, 0.5833333333333334, 0.16666666666666666, 0.39999999999999997, 0.0, 0.08333333333333333, 0.16666666666666666, 0.0, 1.0, 0.0, 0.0], "T": [0.0, 0.09999999999999999, 0.35714285714285715, 0.0625, 0.16666666666666666, 0.1111111111111111, 0.09999999999999999, 0.0, 0.3333333333333333, 0.16666666666666666, 0.05555555555555555, 0.3076923076923077, 0.08695652173913043, 0.0], "I": [0.35714285714285715, 0.39999999999999997, 0.35714285714285715, 0.0625, 0.16666666666666666, 0.05555555555555555, 0.09999999999999999, 0.15789473684210525, 0.16666666666666666, 0.3333333333333333, 0.1111111111111111, 0.0, 0.08695652173913043, 0.0], "E": [0.2857142857142857, 0.0, 0.35714285714285715, 0.5, 0.16666666666666666, 0.2222222222222222, 0.9, 0.368421052631579, 0.3333333333333333, 0.75, 1.0, 0.8461538461538461, 1.0, 0.0], "D": [0.21428571428571427, 0.19999999999999998, 0.0, 0.25, 0.3333333333333333, 0.6666666666666666, 0.39999999999999997, 0.4736842105263158, 0.5, 0.25, 0.1111111111111111, 0.23076923076923075, 0.17391304347826086, 0.05555555555555555], "A": [0.5714285714285714, 0.9, 1.0, 0.1875, 0.25, 0.1111111111111111, 0.6, 0.4210526315789474, 0.6666666666666666, 0.25, 0.3888888888888889, 0.07692307692307693, 0.13043478260869565, 0.16666666666666666], "Y": [0.0, 0.0, 0.14285714285714285, 0.0625, 0.08333333333333333, 0.05555555555555555, 0.09999999999999999, 0.0, 0.0, 0.08333333333333333, 0.05555555555555555, 0.0, 0.043478260869565216, 0.6666666666666666]}