{"L": [0.6065871687329303, -2.572215984055835, -0.7197731724696926, 0.21205532488872791, 0.5797871093892152, 0.28022682753030737, 0.7335924454682505, 1.1033490654462281, 0.3974103669006464, 3.475816712365967], "G": [-0.4202128906107848, -4.742140985498147, -0.5523164266181297, 0.985779469065052, 0.879910833958229, 0.923194931687029, 1.146602263400112, -0.06971564352665156, -0.26640755453174947, -3.28270936686085], "K": [0.37680008722536, -4.157178484776991, 0.24654370127401865, 0.03921872802651252, -0.3845889808800636, -0.14222814331101966, 0.33467461155268363, -0.7421409854981472, -0.8594979361363059, -3.934786063440543], "M": [-1.157178484776991, -5.742140985498147, -0.5523164266181297, -1.3845889808800635, -1.9347860634405434, -2.041701267357055, -1.420212890610785, -1.3158762307960492, -1.5326876198691974, 0.7254645645848503], "F": [-0.9872534833346789, -6.742140985498147, -0.7648610619982309, -1.3158762307960492, -0.6546781442478079, -1.2502878891684726, -0.6977468661396939, -1.6128579685531808, -1.3158762307960492, 1.1587258224826016], "R": [1.842821515223009, -4.742140985498147, 2.2033028508797647, -0.29919748964941884, -0.014220530934948022, 1.1096080559179102, 0.9089107056807816, -0.28270936686085, -1.654678144247808, -3.0417012673570554], "W": [-3.934786063440543, -6.742140985498147, -2.572215984055835, -2.742140985498147, -1.835250389889629, -2.494213472054562, -2.572215984055835, -2.742140985498147, -4.742140985498147, -3.572215984055835], "H": [-1.0982847957234225, -6.742140985498147, -1.041701267357055, -1.654678144247808, -1.835250389889629, -0.6336165287199782, -1.2827093668608502, -1.3158762307960492, -2.041701267357055, -3.157178484776991], "S": [1.8540487706462632, -3.572215984055835, 0.8277146228328006, 1.1405020638636942, 0.9443595416850711, 1.0716402057188898, 0.7814209705588658, 1.2522124513607107, 1.7335924454682505, -3.420212890610785], "C": [-5.157178484776992, -6.742140985498147, -5.157178484776992, -2.572215984055835, -3.742140985498147, -3.420212890610785, -3.572215984055835, -3.0417012673570554, -2.742140985498147, -6.742140985498147], "V": [-0.26640755453174947, -1.654678144247808, -0.6760517950403746, -0.47535444480324596, 0.5432612333641011, 0.0907490286665944, 0.06521393655945677, 0.842821515223009, 0.8201014387229256, 0.5707419697862082], "N": [-1.2185790294411343, -6.742140985498147, -0.34982356271938697, -0.6546781442478079, -0.26640755453174947, -0.5326876198691974, -0.6128579685531808, -0.40229098261352236, -1.4942134720545617, -5.742140985498147], "P": [-3.420212890610785, 4.23227360430738, 0.5707419697862082, 1.6154110191199365, 1.5152468571945048, 1.2967780037941554, 0.8872156345814626, 0.4673123801308026, 0.7090701263341815, -3.28270936686085], "Q": [-0.29919748964941884, -6.742140985498147, -0.6760517950403746, -0.014220530934948022, -0.47535444480324596, -0.2502878891684725, -0.21857902944113425, -0.06971564352665156, -0.21857902944113425, -2.494213472054562], "T": [-0.041701267357054934, -4.157178484776991, -0.6336165287199782, 0.0907490286665944, 0.23513893800176924, 0.5616397626789559, 0.5152468571945047, 1.146602263400112, 0.9089107056807816, -2.2827093668608502], "I": [-0.36710155415122253, -2.654678144247808, -0.34982356271938697, -0.8114036479352608, -0.3845889808800636, -0.08392950274635246, -0.43836023732104407, -0.027895467832024595, -0.29919748964941884, 0.33467461155268363], "E": [-3.28270936686085, -4.742140985498147, -1.654678144247808, 0.21205532488872791, -0.47535444480324596, -0.8114036479352608, -0.43836023732104407, 0.07803797691704041, 0.3974103669006464, -5.742140985498147], "D": [-3.157178484776991, -6.742140985498147, -0.29919748964941884, -0.09828479572342252, -0.5523164266181297, -0.4942134720545616, -1.3158762307960492, -1.2185790294411343, -1.0142205309349481, -3.28270936686085], "A": [1.6328984458487776, -2.349823562719387, 1.2178609465699337, 0.9089107056807816, 0.9443595416850711, 0.06521393655945677, 0.5797871093892152, 0.8277146228328006, 1.5977090173864776, -0.34982356271938697], "Y": [-1.041701267357055, -6.742140985498147, -0.34982356271938697, -1.3845889808800635, -1.654678144247808, -1.5326876198691974, -1.3158762307960492, -1.4942134720545617, -1.5722159840558352, -2.041701267357055]}