{"L": [1.3435149570955083, 3.0776208971224737, 1.4267704607448604, 0.9707056932059617, 1.5307935252880887, 1.2852163165308412, 1.5801212376516571, 1.3000133184589215, 1.357728816315209, 2.5981928105736753], "G": [-0.02929430679403828, -5.314696525656287, -0.2272336844059472, 0.41322392890691256, 0.3000133184589216, 0.14473509298101064, -0.4567155305287145, -0.5073416035986825, 0.07762089712247366, -3.3146965256562866], "K": [0.41322392890691256, -5.314696525656287, 0.11156822904581133, -0.2703024062978332, -0.4567155305287145, -0.02929430679403828, -0.5073416035986825, -0.10524316002733683, 0.07762089712247366, -3.3146965256562866], "M": [-0.559809023492818, 1.0428554789617972, -0.14477152421397407, -0.670840335881562, -0.9927684307689243, -1.7297340249351305, -0.9927684307689243, -0.4567155305287145, -1.407805930047768, -0.3605002152694112], "F": [0.8350505938483955, -5.314696525656287, 0.5432844694712855, -0.4567155305287145, 0.41322392890691256, 0.357728816315209, 0.7296975937021668, 0.41322392890691256, 0.6853034743437134, -5.314696525656287], "R": [-0.4078059300477681, -5.314696525656287, -0.6142568075151943, -0.7911345695992738, -0.9927684307689243, -0.559809023492818, -0.5073416035986825, -0.6142568075151943, -0.3605002152694112, -3.72973402493513], "W": [-1.9927684307689244, -5.314696525656287, -2.3146965256562866, -1.5073416035986826, -1.2272336844059473, -1.9927684307689244, -2.5073416035986824, -0.9927684307689243, -2.144771524213974, -5.314696525656287], "H": [-2.3146965256562866, -5.314696525656287, -1.5073416035986826, -1.7297340249351305, -1.8552649070189893, -1.8552649070189893, -1.3146965256562866, -1.8552649070189893, -2.5073416035986824, -5.314696525656287], "S": [0.6160408119065997, -1.9927684307689244, 0.6160408119065997, 1.0776208971224737, 0.592194069952232, 0.6625833978436299, 0.6160408119065997, 0.5181934885084553, 1.0428554789617972, -2.5073416035986824], "C": [-2.144771524213974, -2.7297340249351305, -1.144771524213974, -0.8552649070189894, -1.2272336844059473, -1.0667690122127012, -1.2272336844059473, -1.0667690122127012, -1.407805930047768, -5.314696525656287], "V": [0.042855478961797075, 1.0072315692310758, 0.357728816315209, -0.3146965256562866, 0.14473509298101064, 0.6160408119065997, 0.00723156923107573, 0.20886543040072628, 0.17715657067338808, 2.466663187868373], "N": [0.042855478961797075, -1.8552649070189893, -0.2272336844059472, 0.7938279311218824, 0.042855478961797075, -0.18541350871131998, 0.23989232602135077, -0.10524316002733683, -0.14477152421397407, -5.314696525656287], "P": [-1.407805930047768, -5.314696525656287, -0.10524316002733683, -0.4078059300477681, -1.144771524213974, -0.7297340249351304, -0.7911345695992738, 0.042855478961797075, -0.4567155305287145, -5.314696525656287], "Q": [-1.0667690122127012, -0.559809023492818, -1.3146965256562866, -0.7911345695992738, -0.8552649070189894, -1.2272336844059473, -1.407805930047768, -1.7297340249351305, -1.3146965256562866, -5.314696525656287], "T": [-0.14477152421397407, 0.7727663155940527, -0.4567155305287145, 0.042855478961797075, 0.357728816315209, 0.3857431924848058, 0.14473509298101064, -0.14477152421397407, 0.14473509298101064, 0.6625833978436299], "I": [0.9890842225208164, 1.6394997847305888, 0.9520900150386149, 0.4926583964013175, 0.6394997847305888, 0.9141221648395945, 1.2088654304007262, 0.6625833978436299, 0.3291596641184381, 1.952090015038615], "E": [-0.4078059300477681, -5.314696525656287, -0.559809023492818, 0.3000133184589216, 0.042855478961797075, 0.042855478961797075, -0.14477152421397407, 0.3291596641184381, 0.00723156923107573, -5.314696525656287], "D": [-0.7297340249351304, -5.314696525656287, -0.3605002152694112, 0.3291596641184381, 0.5432844694712855, -0.2703024062978332, 0.11156822904581133, -0.18541350871131998, -0.9223791028775263, -5.314696525656287], "A": [0.3291596641184381, 0.3000133184589216, 0.042855478961797075, 0.27026597506486955, -0.10524316002733683, 0.17715657067338808, -0.18541350871131998, 0.6625833978436299, 0.466663187868373, 0.751392664801486], "Y": [0.3857431924848058, -5.314696525656287, 0.27026597506486955, -0.670840335881562, -0.3605002152694112, 0.00723156923107573, -0.4078059300477681, -0.18541350871131998, 0.357728816315209, -5.314696525656287]}