{"L": [1.2372054159819352, -0.980025300238734, 1.2216085609309169, 0.25263545655154107, 0.6522429152607788, 1.3274032249535133, 1.3419027946486286, 0.6980466048739036, 1.3419027946486286, -0.25755927576764287], "G": [-0.6580972053513714, -1.0540258816825108, -0.980025300238734, 0.0903640276526638, 1.019974699761266, 0.019974699761265965, 0.7424407242323572, -1.3950627995175777, -0.7169908944049401, -3.3019533951260964], "K": [2.0378966077585283, -3.71699089440494, -2.132028393683784, 0.47940631839856324, -0.9096359723473362, 0.34190279464862866, -0.1726703781811298, -0.6580972053513714, 0.5806896542357451, -2.980025300238734], "M": [-0.7783914390690833, -1.601513676985004, -0.980025300238734, -1.9800253002387342, -1.3950627995175777, -1.3950627995175777, -1.2144905538757569, -0.4439723999985241, -1.1320283936837838, -1.7169908944049403], "F": [-0.7783914390690833, -2.71699089440494, 0.3704719468453993, -1.0540258816825108, -0.7783914390690833, -0.980025300238734, -0.3477570847392212, -0.09250002949714643, -0.4439723999985241, 0.9648331455688052], "R": [1.5684113244573081, -3.71699089440494, -3.71699089440494, 0.05559860949198741, -1.7169908944049403, -0.5470658929626276, -0.601513676985004, -1.8425217764887991, -0.016551176263847986, -3.3019533951260964], "W": [-5.301953395126096, -4.301953395126096, -1.4945984730684925, -2.3019533951260964, -1.9800253002387342, -4.301953395126096, -1.0540258816825108, -1.0540258816825108, -1.601513676985004, 3.742440724232357], "H": [0.3127564489891118, -5.301953395126096, -1.4945984730684925, -0.8425217764887991, -1.601513676985004, -1.3950627995175777, -0.7783914390690833, -0.25755927576764287, -0.5470658929626276, -2.980025300238734], "S": [-0.3950627995175777, 2.9507120373241524, 1.6753265283738203, 0.6753265283738202, 0.15747822351120097, 0.34190279464862866, 0.15747822351120097, 0.28300910559506, 0.887871163753921, -2.3019533951260964], "C": [-4.301953395126096, -2.132028393683784, -2.132028393683784, -5.301953395126096, -4.301953395126096, -2.980025300238734, -2.980025300238734, -2.980025300238734, -1.9800253002387342, -2.980025300238734], "V": [0.3704719468453993, 0.4529341070373723, 1.1737800358403014, 0.05559860949198741, 0.4529341070373723, 0.5054015269315077, 0.25263545655154107, 1.1898997012035786, 0.5806896542357451, -2.132028393683784], "N": [-2.980025300238734, -3.3019533951260964, -0.4439723999985241, -0.1726703781811298, -0.21449055387575675, -0.4439723999985241, 0.3127564489891118, -0.1726703781811298, -0.4439723999985241, -3.3019533951260964], "P": [-2.3019533951260964, -3.71699089440494, -0.7783914390690833, 1.6049372004824223, 0.3127564489891118, 0.12431135957600184, -0.25755927576764287, -1.1320283936837838, -2.71699089440494, -2.980025300238734], "Q": [-0.8425217764887991, -5.301953395126096, -1.0540258816825108, -0.09250002949714643, -0.6580972053513714, -0.3950627995175777, -0.1726703781811298, 0.6049372004824223, 0.3127564489891118, -3.71699089440494], "T": [-0.054025881682510775, 1.9648331455688053, -0.5470658929626276, -0.13202839368378377, -0.601513676985004, 0.398486323014996, -0.054025881682510775, -0.1726703781811298, 1.4924624712240098, -1.601513676985004], "I": [0.6049372004824223, -0.5470658929626276, 1.2216085609309169, -0.601513676985004, 0.5560276000014759, 0.7204144179023584, 0.22160856093091677, -0.016551176263847986, -1.0540258816825108, -1.3950627995175777], "E": [-1.4945984730684925, -3.3019533951260964, -0.4439723999985241, 0.5806896542357451, 1.252635456551541, 0.7855094461242432, 0.3127564489891118, 1.2372054159819352, 0.22160856093091677, -2.4945984730684923], "D": [-5.301953395126096, -3.3019533951260964, -0.3477570847392212, 0.9268652953697847, 1.1898997012035786, 0.6753265283738202, 0.18989970120357852, 0.15747822351120097, -1.3019533951260964, -2.3019533951260964], "A": [0.05559860949198741, 1.9926673537655308, 0.7424407242323572, 0.12431135957600184, 0.6049372004824223, 0.18989970120357852, 0.47940631839856324, 0.12431135957600184, -0.25755927576764287, -1.9800253002387342], "Y": [-0.7169908944049401, -5.301953395126096, -0.601513676985004, -2.132028393683784, -1.2144905538757569, -1.3950627995175777, -0.601513676985004, 0.22160856093091677, -0.4439723999985241, -0.21449055387575675]}