{"L": [-0.13430109171159105, -5.491853096329676, 0.84799690655495, 0.46234321405720047, 0.88318633501725, 1.341036917835067, 0.7749334443652266, 0.3155018257279292, 0.6979714625503424, 3.8278190246173196], "G": [1.3907899530321666, -5.491853096329676, -0.5376567859427995, 0.5081469036703251, 0.36612789879789726, 0.6166713604484942, 0.5525410230287786, -0.5376567859427995, -0.8479969065549503, -2.3219280948873626], "K": [1.4270101409449198, -5.491853096329676, -0.6844981742720708, 0.09310940439148147, 0.0, 0.8300749985576876, 0.7369655941662061, -1.0995356735509143, 0.5081469036703251, -4.491853096329675], "M": [-1.4043902550793355, -5.491853096329676, -0.8479969065549503, -1.9068905956085187, -1.491853096329675, -1.5849625007211563, -1.5849625007211563, -1.4043902550793355, -1.6844981742720708, 0.0], "F": [-0.16992500144231246, -5.491853096329676, 0.983880334636723, -0.7914133781885827, 0.09310940439148147, -0.968291140272662, 0.03170885972733806, -0.36257007938470825, -0.8479969065549503, 0.5525410230287786], "R": [1.0, -5.491853096329676, -1.6844981742720708, -0.44745897697122144, -0.6844981742720708, 0.18057224564182084, 0.2085866218114173, -0.4918530963296749, -0.24392558288608923, -2.9068905956085187], "W": [-2.0324214776923775, -5.491853096329676, -1.0324214776923775, -1.9068905956085187, -2.1699250014423126, -3.491853096329675, -2.9068905956085187, -2.4918530963296748, -2.4918530963296748, -4.491853096329675], "H": [-0.24392558288608923, -5.491853096329676, -1.2439255828860891, -1.4043902550793355, -1.7914133781885828, -1.0995356735509143, -0.9068905956085187, -0.3219280948873625, -0.4918530963296749, -4.491853096329675], "S": [0.9510903995190535, -5.491853096329676, -0.13430109171159105, 0.46234321405720047, 0.5081469036703251, 0.3410369178350669, -0.0995356735509144, 0.46234321405720047, 1.1080597458574528, -5.491853096329676], "C": [-5.491853096329676, -5.491853096329676, -2.9068905956085187, -2.9068905956085187, -3.1699250014423126, -2.1699250014423126, -2.9068905956085187, -3.9068905956085187, -2.3219280948873626, -5.491853096329676], "V": [-0.40439025507933535, -5.491853096329676, 0.983880334636723, -0.4918530963296749, 0.3155018257279292, 0.23606735823352426, 0.2085866218114173, 1.2895066171949847, 0.84799690655495, 0.0], "N": [-2.3219280948873626, -5.491853096329676, -0.44745897697122144, -0.36257007938470825, 0.36612789879789726, -0.4918530963296749, 0.46234321405720047, 0.2630344058337938, -1.7914133781885828, -3.9068905956085187], "P": [-3.1699250014423126, -5.491853096329676, -0.9068905956085187, 0.06273575534796275, 0.2630344058337938, 0.0, 0.12285674778553339, -0.36257007938470825, -1.0324214776923775, -5.491853096329676], "Q": [-0.968291140272662, -5.491853096329676, -1.7914133781885828, 0.4150374992788437, -0.3219280948873625, -0.13430109171159105, 0.12285674778553339, 0.7749334443652266, 0.23606735823352426, -5.491853096329676], "T": [0.3155018257279292, -5.491853096329676, -0.36257007938470825, -0.24392558288608923, -0.282399730700725, 0.2630344058337938, -0.16992500144231246, 0.46234321405720047, 1.0931094043914815, -1.491853096329675], "I": [-0.4918530963296749, -5.491853096329676, 1.485426827170242, -0.968291140272662, 0.2085866218114173, 0.12285674778553339, 0.46234321405720047, 0.09310940439148147, -0.3219280948873625, -0.13430109171159105], "E": [-0.7914133781885827, 4.313890775821944, 0.6780719051126376, 1.6780719051126378, 1.0780025120012733, 0.6166713604484942, -0.03242147769237751, 1.16635838642212, 1.031708859727338, -5.491853096329676], "D": [-5.491853096329676, -4.491853096329675, -0.36257007938470825, 1.2223924213364477, 0.6780719051126376, -0.3219280948873625, -0.13430109171159105, 0.09310940439148147, -1.0995356735509143, -5.491853096329676], "A": [1.3025627700204314, -5.491853096329676, 0.5956097449206647, 0.12285674778553339, 0.4150374992788437, 0.3410369178350669, 0.23606735823352426, -0.24392558288608923, 0.6979714625503424, -1.6844981742720708], "Y": [-0.16992500144231246, -5.491853096329676, 0.12285674778553339, -0.8479969065549503, -2.1699250014423126, -1.1699250014423124, -0.20645087746742632, -0.7914133781885827, -0.6844981742720708, -2.684498174272071]}