{"L": [-0.23388806017427743, 0.8970428096521714, 0.9740047914670554, 0.5651992458997263, 0.8157427075503232, 0.5485205047530958, 1.2097185913013373, 1.2770738591031017, 1.4122745969836161, -2.2338880601742774], "G": [0.8365012677171205, -2.629816736505417, -0.6879196910689849, 0.5568839776877226, 0.8637227364521448, 0.3890422907458993, 0.6614145611590294, -1.2338880601742774, 0.04111898732559228, -4.877744249949003], "K": [0.4351387053353534, -4.292781749227847, -1.2053189079775066, -0.10955992517207574, -0.09638453642434239, 0.004898799412839057, -0.2195327671972075, -0.7279971304443201, 0.5401082649368956, 3.7955648256126926], "M": [-1.5558161550616398, -0.9951012005871609, -0.23388806017427743, -1.2338880601742774, -1.418312631311705, -1.3231553982713649, -0.7692197931708329, -0.26303440583379395, -1.2630344058337941, -5.292781749227846], "F": [-1.1228567477855336, -0.9708536543404834, 1.2202878330115248, -0.3699496097503057, 0.40765796891324624, -0.20531890797750652, 0.3983801553252356, 0.3701832634945833, 0.30216484006593225, -3.5558161550616396], "R": [0.453172628165615, -4.292781749227847, -1.592342031086754, -0.8777442499490022, -0.5201922453309186, -0.9708536543404834, -1.3541822938919892, -1.418312631311705, -0.2778314077618746, 1.6020360140800975], "W": [-4.292781749227847, -5.877744249949002, -2.418312631311705, -3.1773045318079105, -2.1228567477855336, -2.629816736505417, -2.485426827170242, -1.9708536543404835, -2.292781749227846, -6.877744249949002], "H": [-1.9708536543404835, -6.877744249949002, -2.629816736505417, -1.2630344058337941, -1.3231553982713649, -1.7902814086986627, -1.7484612330040359, -0.8333501305905489, -1.592342031086754, -2.629816736505417], "S": [1.9068905956085187, 1.4576461047449227, 0.7369655941662061, 0.8970428096521714, 0.5485205047530958, 0.8904400748279243, 0.5979891810173957, 0.6614145611590294, 0.32192809488736235, -6.877744249949002], "C": [-3.292781749227846, -5.292781749227846, -1.7078192485066899, -2.418312631311705, -2.70781924850669, -2.418312631311705, -2.17730453180791, -2.354182293891989, -2.8777442499490022, -6.877744249949002], "V": [0.5401082649368956, 2.3021648400659327, 0.15567875158844804, -0.1912437227657838, 0.3510744405468788, 0.7295860638006085, 0.37964359274364967, 1.1556787515884481, 0.1222557500509978, -4.55581615506164], "N": [-1.1498237953858028, -4.070389327891398, 0.1222557500509978, 0.09953567355091437, -0.3231553982713647, 0.06477025539023783, -0.01976325482142995, -0.41831263131170493, 0.04111898732559228, -5.877744249949002], "P": [-2.7902814086986627, -2.970853654340483, -0.12285674778553347, 0.41687649894262496, 0.6844981742720707, 0.8904400748279243, 0.6221016371342033, 0.27200286955567987, 0.27200286955567987, -5.877744249949002], "Q": [-1.2630344058337941, -0.3231553982713647, -0.07038932789139801, -0.3231553982713647, -0.6109577092541006, -0.4514794952469043, -0.43480075410027375, -0.947006912386116, 0.06477025539023783, -6.877744249949002], "T": [0.3983801553252356, 2.334144044597002, -0.07038932789139801, 0.13348300547425201, -0.08332838359889627, 0.6221016371342033, 0.34142427051315943, 0.41687649894262496, 0.3120803089310151, -6.877744249949002], "I": [-0.05756528753381449, 0.8501762046141972, 0.6921113583819459, -0.1362772635478552, 0.3890422907458993, 0.7295860638006085, 0.8569653702768363, 1.1501617466208824, -0.5739635017718991, -4.55581615506164], "E": [-1.2338880601742774, -6.877744249949002, -0.70781924850669, 0.6768446017286354, 0.15567875158844804, -0.35418229389198924, -0.5739635017718991, -0.5378942470643775, 0.3120803089310151, -6.877744249949002], "D": [-1.8333501305905486, -4.877744249949003, -0.23388806017427743, 1.0291463456595165, -0.1634987322828795, -0.1912437227657838, -0.7692197931708329, -0.9708536543404834, -0.9951012005871609, -5.877744249949002], "A": [1.9833426560463918, 0.29218075149331013, 0.6768446017286354, 0.2411968227745053, 0.6536372105673102, 0.26180710244979133, 0.29218075149331013, 0.3606604893760769, 0.32192809488736235, -3.5558161550616396], "Y": [-1.8333501305905486, -4.877744249949003, 0.5316466861886997, -0.1634987322828795, -0.5739635017718991, -0.70781924850669, -0.70781924850669, -0.48542682717024194, 0.2411968227745053, 1.2097185913013373]}