{"L": [-0.9757524537533229, -3.5607149544744794, 1.6092100469678334, 0.6092100469678334, 0.7612131404128833, 1.6872125589691063, 1.439285045525521, 2.5267478867758606, 0.024247546246677208, 2.1117103874970167], "G": [2.024247546246677, -3.5607149544744794, -1.9757524537533229, 1.5685680624704874, 1.3461756411340395, 0.5267478867758605, 1.0831412353002456, -0.9757524537533229, 1.7612131404128835, -3.5607149544744794], "K": [0.6872125589691064, -3.5607149544744794, -2.560714954474479, 0.43928504552552106, -0.23878685958711665, 0.24663996758312512, -2.560714954474479, -1.560714954474479, -1.9757524537533229, -3.5607149544744794], "M": [-1.2387868595871165, -3.5607149544744794, 0.1397247636666132, -3.5607149544744794, -1.560714954474479, -1.9757524537533229, -0.753360032416875, -1.2387868595871165, -0.3907899530321666, 0.5267478867758605], "F": [-1.2387868595871165, -3.5607149544744794, 2.1397247636666132, -0.9757524537533229, -0.23878685958711665, -0.10128333583718171, 0.3461756411340396, -0.9757524537533229, -0.5607149544744789, 2.7430657937026237], "R": [1.962847001582534, 4.284775096469897, -1.2387868595871165, -3.5607149544744794, -1.2387868595871165, -3.5607149544744794, -3.5607149544744794, -0.753360032416875, -1.2387868595871165, -3.5607149544744794], "W": [-2.560714954474479, -3.5607149544744794, 0.3461756411340396, -0.5607149544744789, -2.560714954474479, -3.5607149544744794, -2.560714954474479, -3.5607149544744794, -3.5607149544744794, -1.9757524537533229], "H": [0.24663996758312512, -3.5607149544744794, -1.2387868595871165, -1.9757524537533229, -1.2387868595871165, -2.560714954474479, -3.5607149544744794, -3.5607149544744794, -3.5607149544744794, -3.5607149544744794], "S": [0.3461756411340396, -3.5607149544744794, -0.10128333583718171, 0.24663996758312512, -0.5607149544744789, 0.6872125589691064, -1.2387868595871165, 0.6872125589691064, 1.7246872643877695, -2.560714954474479], "C": [-3.5607149544744794, -3.5607149544744794, -3.5607149544744794, -3.5607149544744794, -1.9757524537533229, -1.9757524537533229, -3.5607149544744794, -3.5607149544744794, -3.5607149544744794, -3.5607149544744794], "V": [-1.560714954474479, -3.5607149544744794, -0.3907899530321666, -0.3907899530321666, 0.1397247636666132, 0.8987166641628184, 1.3461756411340395, 0.024247546246677208, 0.6872125589691064, -0.5607149544744789], "N": [-1.560714954474479, -3.5607149544744794, 0.024247546246677208, -0.23878685958711665, -0.10128333583718171, -0.753360032416875, -1.2387868595871165, -0.23878685958711665, -1.560714954474479, -3.5607149544744794], "P": [-3.5607149544744794, -3.5607149544744794, -3.5607149544744794, 0.8987166641628184, 0.6092100469678334, 0.6872125589691064, 1.6487384111544705, 0.43928504552552106, -3.5607149544744794, -3.5607149544744794], "Q": [0.24663996758312512, -1.9757524537533229, -3.5607149544744794, 0.3461756411340396, -0.23878685958711665, 0.24663996758312512, -1.560714954474479, 0.7612131404128833, 0.1397247636666132, -2.560714954474479], "T": [-1.560714954474479, -3.5607149544744794, -0.5607149544744789, -1.560714954474479, -0.23878685958711665, 0.024247546246677208, 0.024247546246677208, -0.23878685958711665, 0.7612131404128833, -3.5607149544744794], "I": [-0.9757524537533229, -3.5607149544744794, 0.6872125589691064, -0.10128333583718171, 1.0242475462466774, 0.7612131404128833, 1.2466399675831252, 0.6872125589691064, -2.560714954474479, -1.560714954474479], "E": [-1.2387868595871165, -3.5607149544744794, -3.5607149544744794, 0.1397247636666132, -0.23878685958711665, 0.024247546246677208, -0.3907899530321666, 0.24663996758312512, 0.8987166641628184, -3.5607149544744794], "D": [-3.5607149544744794, -3.5607149544744794, -3.5607149544744794, 0.8316024683042814, 0.43928504552552106, -0.753360032416875, -0.5607149544744789, -1.560714954474479, 0.24663996758312512, -3.5607149544744794], "A": [1.1397247636666132, -3.5607149544744794, -0.10128333583718171, 0.7612131404128833, 0.3461756411340396, 0.24663996758312512, -0.753360032416875, -0.3907899530321666, 0.6872125589691064, -0.23878685958711665], "Y": [0.024247546246677208, -3.5607149544744794, 1.439285045525521, -0.5607149544744789, 0.024247546246677208, -3.5607149544744794, -0.753360032416875, -0.753360032416875, -1.2387868595871165, 2.272175059690263]}