{"L": [0.5808463922489241, 1.6214883767462702, -2.22650852980868, -0.3005091112524567, -0.22650852980867991, -0.024874668639029377, 1.0954195650786824, 1.0954195650786824, 1.495957494662411, 3.15200309344505], "G": [-0.46097378344570283, -1.22650852980868, -1.7410817026384382, 1.4515633753039578, 0.9434164716336326, 1.4739311883324122, 0.4959574946624111, -0.9634741239748862, -0.156119201917282, -2.9634741239748865], "K": [0.405759685690833, -4.548436624696042, -4.548436624696042, -0.024874668639029377, -0.024874668639029377, -0.08900500605874494, 0.6214883767462703, -0.22650852980867991, 0.6994908887475434, -4.548436624696042], "M": [-1.9634741239748863, -0.46097378344570283, -3.548436624696042, -3.548436624696042, -2.9634741239748865, -1.9634741239748863, -1.5484366246960422, -1.7410817026384382, -1.9634741239748863, 0.03652587602511388], "F": [1.8609543114416596, -3.548436624696042, -2.22650852980868, -1.7410817026384382, -1.5484366246960422, -1.9634741239748863, -0.6415460290875238, -1.22650852980868, 0.6610167409329075, 2.2844533894686996], "R": [-0.8479969065549503, -2.9634741239748865, -4.548436624696042, -1.7410817026384382, -0.5484366246960422, -0.024874668639029377, 0.4959574946624111, -0.8479969065549503, 0.4959574946624111, -2.22650852980868], "W": [-4.548436624696042, -4.548436624696042, -4.548436624696042, -4.548436624696042, -4.548436624696042, -3.548436624696042, -2.9634741239748865, -4.548436624696042, -3.548436624696042, -2.548436624696042], "H": [-0.6415460290875238, -4.548436624696042, -2.9634741239748865, -2.548436624696042, -0.22650852980867991, -0.22650852980867991, -0.08900500605874494, -0.156119201917282, 0.03652587602511388, -2.9634741239748865], "S": [0.5808463922489241, 1.1520030934450498, -1.7410817026384382, 0.03652587602511388, 0.6610167409329075, 1.405759685690833, 0.35845397091247627, 0.15200309344504975, 0.35845397091247627, -4.548436624696042], "C": [-4.548436624696042, -4.548436624696042, -4.548436624696042, -4.548436624696042, -4.548436624696042, -3.548436624696042, -4.548436624696042, -2.9634741239748865, -4.548436624696042, -4.548436624696042], "V": [1.258918297361562, 1.1520030934450498, -2.9634741239748865, -1.5484366246960422, 0.4959574946624111, 0.35845397091247627, 0.30954437043153, 1.7183499159988593, 0.03652587602511388, 1.495957494662411], "N": [-0.5484366246960422, -3.548436624696042, -2.548436624696042, 0.0954195650786825, 0.6610167409329075, -0.024874668639029377, 0.45156337530395785, -0.3785116232537298, -1.3785116232537298, -4.548436624696042], "P": [-4.548436624696042, -0.5484366246960422, -0.9634741239748862, 1.3584539709124763, 1.5176525657617301, 0.45156337530395785, 0.30954437043153, -0.024874668639029377, -1.5484366246960422, -3.548436624696042], "Q": [-2.22650852980868, -0.7410817026384382, -1.7410817026384382, -0.6415460290875238, -1.9634741239748863, -0.22650852980867991, -0.5484366246960422, -0.024874668639029377, -0.6415460290875238, -4.548436624696042], "T": [-0.156119201917282, 0.5390262165542972, -3.548436624696042, 0.15200309344504975, 0.03652587602511388, 0.5390262165542972, 0.30954437043153, 1.036525876025114, 0.9434164716336326, -2.548436624696042], "I": [0.4959574946624111, 0.6214883767462703, -2.9634741239748865, -1.22650852980868, -0.46097378344570283, -0.5484366246960422, 0.2589182973615619, 0.0954195650786825, -1.3785116232537298, 0.03652587602511388], "E": [-4.548436624696042, -4.548436624696042, 0.405759685690833, 1.641387934183975, 0.20645087746742624, 0.15200309344504975, -0.3005091112524567, 0.5390262165542972, 0.6994908887475434, -4.548436624696042], "D": [-2.548436624696042, -4.548436624696042, 3.9150877485751385, 1.6994908887475433, 0.6994908887475434, -1.089005006058745, 0.03652587602511388, -1.3785116232537298, -0.9634741239748862, -4.548436624696042], "A": [0.7369655941662061, 2.6610167409329075, -0.46097378344570283, -0.3785116232537298, 0.6214883767462703, 0.5808463922489241, 0.03652587602511388, 0.45156337530395785, 0.03652587602511388, -3.548436624696042], "Y": [1.2329230888286173, -2.22650852980868, -1.9634741239748863, -1.7410817026384382, -1.22650852980868, -1.22650852980868, -1.5484366246960422, -0.5484366246960422, 0.20645087746742624, -2.22650852980868]}