{"L": [0.8399907757947532, 0.1023543166823091, 1.446918608012701, 0.7593029302291924, 1.0684069847589714, 1.0248177162112884, 1.2198947379446077, 1.4040100165434102, 1.2337447167056317, 2.2429047159911075], "G": [1.2981413814365874, -0.29269170740906875, -0.07598292457620355, 0.8156409143790045, 0.664774248752377, 0.5636148327217986, 0.6850783452074656, -0.29269170740906875, 0.7887896947295733, -1.9876270501553566], "K": [0.8258366814848931, -1.2112103052704268, 0.17752870713908375, 0.5587326113420524, 0.2520069230983602, 0.41755654838135814, 0.2580433128290289, 0.3709697547794027, 0.8991258998820858, 1.284898804655735], "M": [-1.8776542081302252, -2.516555515962185, -1.138043892708455, -1.7878575377795793, -1.612415531369701, -1.5905560974059616, -1.8514226665570452, -1.8644788193824917, -2.323910438019789, -0.4026645494342004], "F": [-1.1539854365774764, -1.6458385329071512, 0.6533694854801275, -0.5425507244951295, -0.5114122126862253, -0.5217172210779636, -0.4363851672782015, -0.6402139837132732, -0.8776542081302251, 1.5538338119292132], "R": [1.4795749375761638, 3.4168822342578933, 0.051128993327135885, 0.2183476117471289, -0.1905113126025906, 0.06496790079220012, 0.11571269953732789, 0.01593956486483572, 0.5562852909233094, 1.0769689982623953], "W": [-3.323910438019789, -3.4363851672782015, -1.2364475967694495, -2.516555515962185, -2.601444413548698, -2.838483610849547, -2.738947937298633, -2.668558609407235, -3.691642222520276, -3.397911019463566], "H": [-0.31940904578484813, -2.1701051019407536, -0.9805026157219753, -1.244959096624967, -1.0608760321859951, -1.1864069142698543, -1.3329555776227962, -1.091249681229514, -1.3979110194635658, -1.3420577847300483], "S": [1.1550613670131535, -0.4026645494342004, 0.2183476117471289, 0.6984573750086656, 0.4495584898854053, 0.4309770641436796, 0.29960530347076014, 0.5165527958497537, 0.9998198995015589, -1.8256595704919636], "C": [-4.645838532907152, -3.945398814766059, -3.5583756916568117, -3.2195737782050533, -3.1864069142698543, -3.360436314044903, -3.2195737782050533, -4.060876032185996, -5.323910438019789, -7.060876032185996], "V": [-0.27515112609993375, -0.6124155313697012, 0.4782827789220365, -0.20704668032889026, 0.36818193740778327, 0.5901756589929336, 0.5439860259728657, 0.7887896947295733, 0.03715605077453162, -0.56368949155328], "N": [-1.475913531464839, -1.6800542482450647, 0.005213158271777377, -0.36971412763291384, -0.33749950276774404, -0.5425507244951295, -0.2838947591719098, -0.13408587913977185, -0.005593596684805656, -1.8256595704919636], "P": [-1.8644788193824917, -0.48596719612876205, -0.7940894914910938, 0.38482860333979, 0.5489183215150967, 0.3737521954507297, 0.7161052408280902, 0.019497384278024728, -0.6346112774838975, -2.253521110128391], "Q": [-0.744971724926403, -0.4709128504064725, -0.5425507244951295, 0.2520069230983602, 0.023046451359095714, 0.04415943851229412, -0.2882865282890676, 0.12234579186977497, 0.28193942917519066, -1.612415531369701], "T": [-0.027453030648544905, -0.7940894914910938, -0.06463795098219426, -0.1660582688780517, -0.057123897324887596, 0.10570552618194683, 0.008797495620815986, 0.4937128194916423, 0.6984573750086656, -1.8514226665570452], "I": [-0.031128688791943, -1.0311286887919429, 0.46790363314203703, -0.2838947591719098, 0.27004084592862193, 0.3903350796463336, 0.5064463093994306, 0.6139047307836304, -0.4461661880707869, 0.4012853792068743], "E": [-1.0759829245762036, -0.6916422225202761, -0.33749950276774404, 0.8238032843323649, 0.6670444223772038, 0.5415135402933452, 0.32857605689837555, 0.23680451645469003, 0.1023543166823091, -1.0835961086860788], "D": [-1.917918078343952, -1.1701051019407536, -0.3104481782132265, 0.34568331316854406, 0.0546011852339408, -0.0019823431324265685, -0.4560139740271343, -0.8384836108495473, -1.0092139123635024, -2.917918078343952], "A": [1.1190330578289394, -0.623470719878697, 0.6115493097855005, 0.29960530347076014, 0.3485149039517066, 0.340003404096189, 0.29960530347076014, 0.4521935500533755, 0.19021182215091842, -1.5478064499466246], "Y": [-1.4266700124449898, -2.4170198424112703, -0.27515112609993375, -1.0385082191575405, -1.0759829245762036, -1.2279860180212534, -1.0019823431324266, -1.2707991015602265, -1.2882865282890676, 0.968871311208057]}