{"L": [0.22571277962805908, 2.3983989207474283, 1.2806211207304485, 0.4551946257508265, 0.5276031212788768, 0.7252837891185708, 1.5376567859427994, 1.4657638674610136, 1.3219280948873624, -1.1728365968622156], "G": [0.4866728572239942, -4.047305714778357, -0.8249132934419089, 0.42301422000167666, 0.843465215466885, 0.011587974275211509, 0.6156592979440726, -0.23995079272075273, 0.5476408745154216, -6.632268215499513], "K": [1.6485025546310896, -3.632268215499513, 0.37895903992374114, -0.062412607168565046, 0.3450117080004035, -0.04730571477835681, -0.1404151191698382, -0.38434070205592735, 0.6806147397848424, 3.844477988439954], "M": [-1.1728365968622156, 0.1359161092774133, -0.6099004024710586, -1.0776793638218756, -1.5029851985545464, -1.422814849870563, -0.5878740961410596, -0.3468659966372646, -1.2060034607974148, -4.3103401206121505], "F": [-0.7015308779366267, -0.9598428735280172, 0.9897836039568633, -0.38434070205592735, 0.39009959752894147, -0.22287727936181137, 0.2865950217750816, -0.18932471965078446, 0.054232311683705556, -2.310340120612151], "R": [1.5575563433805044, -4.3103401206121505, -0.017558371384304793, -0.774287220371941, -0.15653478453311506, -0.5448053742491736, -0.8249132934419089, -0.523743758721344, -0.18932471965078446, 1.1815129757175242], "W": [-3.047305714778357, -6.632268215499513, -1.4623432140572004, -2.632268215499513, -1.632268215499513, -2.632268215499513, -2.5448053742491736, -2.5448053742491736, -2.2399507927207525, -6.632268215499513], "H": [-1.1404151191698382, -6.632268215499513, -1.4623432140572004, -1.6780719051126378, -0.4424436566194957, -1.3103401206121508, -1.4623432140572004, -1.3843407020559275, -1.2747162108814294, -1.7253776198909943], "S": [0.8912937405575, 0.9146262443881238, 0.4970148014454537, 0.8106752803492155, 0.5674041293368516, 0.818942896332816, 0.6156592979440726, 1.2625495478084305, 0.5575563433805043, -6.632268215499513], "C": [-2.5448053742491736, -3.4623432140572006, -1.824913293441909, -1.824913293441909, -1.8773807133360443, -1.7253776198909943, -2.172836596862216, -1.774287220371941, -2.3843407020559275, -6.632268215499513], "V": [0.32192809488736235, 1.9787565818078396, -0.18932471965078446, -0.17283659686221564, 0.22571277962805908, 0.7075817873851117, 0.4551946257508265, 0.5476408745154216, 0.054232311683705556, -3.047305714778357], "N": [-1.3468659966372647, -4.3103401206121505, 0.32192809488736235, -0.17283659686221564, -0.09310940439148148, 0.011587974275211509, -0.38434070205592735, -0.3103401206121506, 0.37895903992374114, -6.632268215499513], "P": [-2.931828497358421, -5.632268215499513, -0.5029851985545464, 0.9146262443881238, 0.6715125326775899, 0.9824416286156953, 0.32192809488736235, -0.38434070205592735, 0.054232311683705556, -5.632268215499513], "Q": [-0.7993782013347712, -0.7253776198909943, -0.9318284973584209, -0.04730571477835681, -0.5661790250417407, -0.5029851985545464, -0.7496251661376716, -0.632268215499513, 0.011587974275211509, -6.632268215499513], "T": [-0.23995079272075273, 1.4011547860379372, -0.523743758721344, 0.25037483386232834, -0.00291159541990332, 0.6251196271931388, 0.32192809488736235, 1.025943267252282, 0.12261928666395558, -5.047305714778357], "I": [0.3335160691625741, 1.4604889254203397, 0.16214765085059304, -0.09310940439148148, 0.27462238010900575, 0.8271634031377845, 0.8353373345834846, 0.7514360769745394, -0.774287220371941, -3.824913293441909], "E": [-1.8773807133360443, -6.632268215499513, -1.6780719051126378, 0.7600492072792473, -0.2572287841525883, -0.40344952500363207, -0.7015308779366267, -1.1728365968622156, -0.07767936382187558, -6.632268215499513], "D": [-2.2399507927207525, -5.047305714778357, -0.7993782013347712, 0.6896598793878495, -0.5661790250417407, -0.7993782013347712, -0.9884120257247886, -1.5029851985545464, -0.9598428735280172, -5.632268215499513], "A": [1.2806211207304485, -0.2572287841525883, 0.5965504749963679, 0.26254954780843054, 0.2984691220633733, 0.39009959752894147, 0.1879107469156746, 0.37895903992374114, 0.22571277962805908, -4.3103401206121505], "Y": [-1.632268215499513, -4.3103401206121505, 1.0612187419998123, -0.4424436566194957, -0.32848746732241013, -0.8773807133360445, -0.632268215499513, -0.9318284973584209, 0.14909149802514676, 1.0115879742752114]}