{"L": [0.1069152039165119, 0.3870231231092473, 0.3870231231092473, -0.1154772174199359, 0.7589919004962051, 0.8845227825800641, 1.299560281858908, 0.9434164716336326, 1.0544477840223765, 0.4694852833012202], "G": [-0.7004397181410922, -2.115477217419936, -1.7004397181410922, 0.8845227825800641, 0.6918777046376682, 0.9434164716336326, 1.106915203916512, 1.2064508774674263, 0.7589919004962051, -2.700439718141092], "K": [-3.700439718141092, -2.700439718141092, -2.115477217419936, -1.3785116232537298, -0.5305147166987799, -0.24100809950379493, -0.3785116232537298, -0.8930847960834882, 0.20645087746742624, -3.700439718141092], "M": [0.0, -1.7004397181410922, -0.7004397181410922, -1.1154772174199359, 0.0, -0.3785116232537298, -1.7004397181410922, -0.3785116232537298, -1.7004397181410922, -2.115477217419936], "F": [0.20645087746742624, -0.5305147166987799, 0.9434164716336326, -2.115477217419936, 0.0, 0.3870231231092473, -0.1154772174199359, -0.24100809950379493, -0.3785116232537298, 2.0544477840223765], "R": [-3.700439718141092, -3.700439718141092, -1.3785116232537298, -1.3785116232537298, -0.3785116232537298, -0.24100809950379493, -2.700439718141092, -0.3785116232537298, 0.20645087746742624, -2.115477217419936], "W": [-3.700439718141092, -3.700439718141092, -1.7004397181410922, -3.700439718141092, -3.700439718141092, -0.7004397181410922, -1.3785116232537298, -1.1154772174199359, -2.700439718141092, -1.1154772174199359], "H": [-0.1154772174199359, -3.700439718141092, -0.8930847960834882, -3.700439718141092, -1.1154772174199359, -2.700439718141092, -2.700439718141092, -0.24100809950379493, -1.3785116232537298, -3.700439718141092], "S": [-0.1154772174199359, 0.8845227825800641, 0.5474877953024933, 0.8231222379159208, 0.0, 0.3870231231092473, -0.1154772174199359, 1.2064508774674263, 1.3439544012173612, -2.700439718141092], "C": [-0.7004397181410922, -3.700439718141092, -2.700439718141092, -2.700439718141092, -3.700439718141092, -0.3785116232537298, -0.8930847960834882, -1.3785116232537298, -2.700439718141092, -3.700439718141092], "V": [-0.8930847960834882, 2.321928094887362, 0.4694852833012202, -0.5305147166987799, -0.1154772174199359, 0.6918777046376682, 0.5474877953024933, 0.0, -0.1154772174199359, -2.700439718141092], "N": [-2.115477217419936, -2.115477217419936, -0.8930847960834882, 0.29956028185890793, -0.1154772174199359, -0.5305147166987799, -0.1154772174199359, -0.3785116232537298, 0.20645087746742624, -3.700439718141092], "P": [-1.3785116232537298, -3.700439718141092, 0.4694852833012202, 0.9434164716336326, 0.0, -0.1154772174199359, -0.5305147166987799, -0.1154772174199359, -0.3785116232537298, -3.700439718141092], "Q": [-2.115477217419936, -1.7004397181410922, -2.700439718141092, 0.20645087746742624, -0.3785116232537298, -0.5305147166987799, -1.3785116232537298, -0.3785116232537298, -0.7004397181410922, -3.700439718141092], "T": [-0.7004397181410922, 2.7089512179966095, 0.0, -0.1154772174199359, 0.5474877953024933, 0.0, 1.2064508774674263, 0.6214883767462703, 0.4694852833012202, -3.700439718141092], "I": [-1.7004397181410922, 1.106915203916512, 1.5090136474878575, 0.1069152039165119, 0.3870231231092473, 0.20645087746742624, 1.2064508774674263, -0.7004397181410922, -0.5305147166987799, -1.1154772174199359], "E": [2.9434164716336326, -3.700439718141092, -0.3785116232537298, 1.4694852833012202, 0.6918777046376682, 0.1069152039165119, -1.1154772174199359, -0.8930847960834882, -0.5305147166987799, -3.700439718141092], "D": [1.0544477840223765, -2.700439718141092, -0.24100809950379493, 0.6214883767462703, -0.1154772174199359, 0.0, -0.7004397181410922, -0.8930847960834882, -2.700439718141092, -3.700439718141092], "A": [-0.3785116232537298, -1.3785116232537298, 1.3870231231092474, 1.0544477840223765, 0.4694852833012202, -0.1154772174199359, -0.3785116232537298, 0.6918777046376682, 0.8231222379159208, -1.3785116232537298], "Y": [-0.5305147166987799, -0.8930847960834882, 0.29956028185890793, -1.7004397181410922, 0.4694852833012202, -0.8930847960834882, 0.3870231231092473, -0.8930847960834882, 0.5474877953024933, 3.5849625007211565]}