{"L": [0.5085943203403368, 1.7333812568171671, 0.25225456708055105, 0.12672368499669207, 1.262238655653173, 0.782769283779331, 1.1803616485987656, 0.6214883767462703, 1.1376120011394284, 2.257255248138918], "G": [-0.7883874174167951, -2.9176704343617614, -1.0596894392341891, 0.9025085280534264, 0.8767454319883448, -0.49140567965966314, -0.010779838753242614, 0.12672368499669207, 0.3677317845004871, -3.3327079336406054], "K": [-1.2738142445870366, -2.595742339474399, -0.632268215499513, -0.873276315003308, -0.3941084783047484, 0.10469737866669322, -0.42581733803208666, -0.873276315003308, -0.21723071622066906, -1.3327079336406054], "M": [-0.13631072083710172, -0.24524509239026565, 0.013066903201125038, -1.3941084783047484, -1.1627829321982928, -1.2738142445870366, -0.8302075931114219, -0.7477454329194491, -1.7477454329194488, -1.4582388157244641], "F": [0.7261857554129636, -3.917670434361761, 1.2116125825832051, -0.21723071622066906, 0.6058915216952516, -0.035027384999919954, 0.810250020201438, 0.14841875609601127, 0.4221795685228633, -2.458238815724464], "R": [-1.217230716220669, -4.917670434361761, -1.5957423394743993, -0.7082170687328114, -1.0107798387532427, -0.595742339474399, -0.5601184297436776, -1.4582388157244641, -0.3941084783047484, -1.4582388157244641], "W": [-1.525353011583001, -5.917670434361761, -2.595742339474399, -2.1103155123041573, -1.9176704343617612, -3.3327079336406054, -2.747745432919449, -1.525353011583001, -2.9176704343617614, -5.917670434361761], "H": [-0.873276315003308, -5.917670434361761, -2.458238815724464, -0.9634741239748862, -1.1627829321982928, -1.525353011583001, -0.9176704343617613, -0.8302075931114219, -0.9634741239748862, -5.917670434361761], "S": [0.5580629966046364, 0.3111482561341196, 1.169792406888578, 0.9025085280534264, 0.3302570790818241, 0.6058915216952516, 0.5580629966046364, 0.4398815702563224, 0.697039409753447, -2.458238815724464], "C": [-2.2172307162206693, -3.595742339474399, -1.7477454329194488, -1.7477454329194488, -2.0107798387532427, -2.595742339474399, -1.217230716220669, -1.6697429209181758, -1.9176704343617612, -5.917670434361761], "V": [-0.7883874174167951, 2.226987808470121, 0.889684487695843, -1.0107798387532427, 0.7547549076097344, 0.9278196165826138, 0.19085402241640773, 0.9526942852216432, -0.035027384999919954, 2.8372170678017072], "N": [0.03652587602511388, -2.332707933640605, -0.6697429209181759, 0.4917205017759405, -0.24524509239026565, -0.33270793364060514, 0.12672368499669207, -0.16278293219829285, 0.19085402241640773, -5.917670434361761], "P": [-3.3327079336406054, -2.747745432919449, -0.08478042019701951, 0.6058915216952516, -0.010779838753242614, 0.16979240688857816, -0.27381424458703646, -0.13631072083710172, -0.08478042019701951, -3.917670434361761], "Q": [-1.5957423394743993, -1.4582388157244641, -2.2172307162206693, -0.632268215499513, -1.2738142445870366, -0.9176704343617613, -0.525353011583001, -0.7883874174167951, -0.525353011583001, -3.595742339474399], "T": [0.810250020201438, 2.121248554930541, -0.18974997979856215, 0.4746469884169991, 0.03652587602511388, 0.9526942852216432, 0.6369184173158761, 0.2917829312671886, 0.7116861857178484, -0.059689439234189165], "I": [0.16979240688857816, 1.2522545670805512, 1.1484187560960113, -0.21723071622066906, 1.013066903201125, 1.2116125825832051, 0.6369184173158761, 0.5085943203403368, -0.16278293219829285, 1.8034287543454242], "E": [2.048113850300326, -2.595742339474399, -1.2738142445870366, 0.7688300928214571, -0.33270793364060514, -0.30296059024655303, 0.12672368499669207, 0.38611031381534183, 0.4221795685228633, -4.917670434361761], "D": [0.2917829312671886, -3.595742339474399, -1.217230716220669, 0.7405410483900333, -0.13631072083710172, -0.42581733803208666, -0.27381424458703646, -0.035027384999919954, -1.0107798387532427, -4.917670434361761], "A": [-0.45823881572446395, 0.6822424078253664, 1.1591451626890696, 0.4746469884169991, 0.21161258258320506, 0.3491161063331402, 0.013066903201125038, 0.9892201612467574, 0.4746469884169991, 0.782769283779331], "Y": [0.013066903201125038, -3.3327079336406054, 0.404257660525601, -0.632268215499513, -1.0596894392341891, -0.18974997979856215, -0.6697429209181759, -0.08478042019701951, 0.2721541245182558, -4.332707933640606]}