{"L": [1.2403982093907637, 3.5823177794655923, -1.8639384504239718, -1.0159415438690216, 1.1360615495760285, 0.7210240502971845, 1.0995356735509143, 1.0620609681322517, 1.2403982093907637, 3.189172886035591], "G": [-0.7264349266740368, -1.6009040445901779, -2.6009040445901777, -0.48542682717024194, 0.13606154957602826, 0.7683297650755413, 0.5690209568521345, -2.185866545311334, 0.7683297650755413, -3.1858665453113337], "K": [0.9840584561309783, -4.185866545311334, -2.6009040445901777, -1.3785116232537298, -1.3785116232537298, -0.015941543869021663, 0.06206096813225167, -2.6009040445901777, 0.4579896444633908, -4.185866545311334], "M": [-2.6009040445901777, 0.13606154957602826, -4.185866545311334, -4.185866545311334, -1.6009040445901779, -1.8639384504239718, -3.1858665453113337, -0.7264349266740368, -1.8639384504239718, -0.09840370406099451], "F": [2.0429521451845467, -3.1858665453113337, -1.185866545311334, -1.185866545311334, -0.09840370406099451, 0.7683297650755413, 1.0995356735509143, -1.185866545311334, -0.015941543869021663, 0.814133454688666], "R": [-0.18586654531133392, -4.185866545311334, -2.6009040445901777, -2.6009040445901777, -2.6009040445901777, -1.3785116232537298, -0.8639384504239718, -0.8639384504239718, 0.3990959554098223, -1.0159415438690216], "W": [-4.185866545311334, -4.185866545311334, -1.0159415438690216, -4.185866545311334, -4.185866545311334, -3.1858665453113337, -2.6009040445901777, -2.185866545311334, -4.185866545311334, -4.185866545311334], "H": [-1.3785116232537298, -4.185866545311334, -4.185866545311334, -1.0159415438690216, -1.3785116232537298, -0.6009040445901778, -0.18586654531133392, -1.8639384504239718, -0.6009040445901778, -4.185866545311334], "S": [0.514573172829758, -4.185866545311334, -2.6009040445901777, 1.1716854593067498, -0.2789759497028155, 0.06206096813225167, -0.7264349266740368, -0.2789759497028155, 1.3059865510183408, -2.185866545311334], "C": [-4.185866545311334, -4.185866545311334, -4.185866545311334, -4.185866545311334, -4.185866545311334, -4.185866545311334, -4.185866545311334, -4.185866545311334, -4.185866545311334, -4.185866545311334], "V": [0.6214883767462703, 1.5954931682133255, -1.6009040445901779, -1.3785116232537298, 1.457989644463391, 0.13606154957602826, -0.18586654531133392, 1.4865587966601617, -0.015941543869021663, 2.383989063019614], "N": [-1.0159415438690216, -4.185866545311334, -2.185866545311334, -1.6009040445901779, -0.48542682717024194, -1.185866545311334, -0.015941543869021663, -1.185866545311334, -0.2789759497028155, -4.185866545311334], "P": [-4.185866545311334, -2.6009040445901777, 2.3990959554098223, 1.4288432988038742, 0.6214883767462703, 0.814133454688666, 0.7210240502971845, 1.0620609681322517, -3.1858665453113337, -2.185866545311334], "Q": [-1.8639384504239718, -3.1858665453113337, -1.8639384504239718, -1.185866545311334, -1.3785116232537298, -1.0159415438690216, -0.09840370406099451, -0.015941543869021663, 0.20645087746742624, -3.1858665453113337], "T": [-0.7264349266740368, -3.1858665453113337, -4.185866545311334, -0.7264349266740368, -0.6009040445901778, 0.4579896444633908, -0.09840370406099451, 0.06206096813225167, 0.5690209568521345, -3.1858665453113337], "I": [0.514573172829758, 1.2735650733259634, -1.6009040445901779, -2.6009040445901777, 0.9840584561309783, 0.27356507332596325, -0.2789759497028155, 1.2735650733259634, -1.0159415438690216, 0.13606154957602826], "E": [-3.1858665453113337, -4.185866545311334, -0.8639384504239718, 2.4434900747682757, 0.514573172829758, -0.8639384504239718, 0.33769541074567894, 0.6214883767462703, 0.20645087746742624, -4.185866545311334], "D": [-4.185866545311334, -3.1858665453113337, 3.4065904919567465, 1.9840584561309784, 1.3990959554098223, 0.33769541074567894, 1.0995356735509143, -0.3785116232537298, -2.6009040445901777, -4.185866545311334], "A": [0.7210240502971845, -1.3785116232537298, -2.6009040445901777, -0.48542682717024194, 0.27356507332596325, 0.06206096813225167, -0.2789759497028155, 0.5690209568521345, -0.3785116232537298, -1.6009040445901779], "Y": [0.9434164716336326, -4.185866545311334, -1.8639384504239718, -2.185866545311334, -1.6009040445901779, 1.1360615495760285, -1.3785116232537298, -0.015941543869021663, 0.7210240502971845, -4.185866545311334]}