{"L": [0.07400058144377678, 0.6589630821649329, -1.9259994185562235, -0.9259994185562233, 0.6589630821649329, 1.658963082164933, 1.2439255828860891, -1.9259994185562235, 0.3959286763311391, 2.074000581443777], "G": [-1.9259994185562235, -1.9259994185562235, -1.9259994185562235, -0.9259994185562233, 1.0740005814437767, -0.3410369178350672, 0.3959286763311391, -1.9259994185562235, -0.3410369178350672, -1.9259994185562235], "K": [-0.3410369178350672, -1.9259994185562235, 0.8813555035013807, 1.3959286763311392, 0.8813555035013807, 0.07400058144377678, -0.3410369178350672, -0.3410369178350672, 1.0740005814437767, -1.9259994185562235], "M": [-0.9259994185562233, -1.9259994185562235, -1.9259994185562235, -1.9259994185562235, -0.9259994185562233, -1.9259994185562235, -1.9259994185562235, 0.07400058144377678, -1.9259994185562235, -1.9259994185562235], "F": [-1.9259994185562235, 1.774440299584869, 1.0740005814437767, -1.9259994185562235, 0.07400058144377678, 0.07400058144377678, 0.6589630821649329, -0.9259994185562233, -0.9259994185562233, 3.801921036006976], "R": [1.0740005814437767, -1.9259994185562235, -0.9259994185562233, -1.9259994185562235, -0.9259994185562233, -0.9259994185562233, -1.9259994185562235, -0.9259994185562233, 0.3959286763311391, -1.9259994185562235], "W": [-1.9259994185562235, -0.9259994185562233, -1.9259994185562235, -1.9259994185562235, -1.9259994185562235, -1.9259994185562235, -0.9259994185562233, -1.9259994185562235, -1.9259994185562235, -1.9259994185562235], "H": [-0.3410369178350672, -1.9259994185562235, -1.9259994185562235, -0.9259994185562233, -0.9259994185562233, -0.9259994185562233, -1.9259994185562235, 0.07400058144377678, 0.8813555035013807, -1.9259994185562235], "S": [0.3959286763311391, -1.9259994185562235, -0.9259994185562233, 0.07400058144377678, -1.9259994185562235, 0.07400058144377678, -0.3410369178350672, 0.07400058144377678, 1.0740005814437767, -1.9259994185562235], "C": [-1.9259994185562235, -1.9259994185562235, -1.9259994185562235, -1.9259994185562235, -1.9259994185562235, -1.9259994185562235, -1.9259994185562235, -1.9259994185562235, -1.9259994185562235, -1.9259994185562235], "V": [1.881355503501381, -1.9259994185562235, 1.881355503501381, -1.9259994185562235, 0.3959286763311391, -0.3410369178350672, 0.8813555035013807, 0.8813555035013807, -1.9259994185562235, -1.9259994185562235], "N": [-1.9259994185562235, -1.9259994185562235, -0.9259994185562233, 0.07400058144377678, -0.3410369178350672, -0.3410369178350672, -0.3410369178350672, 1.0740005814437767, -0.3410369178350672, -1.9259994185562235], "P": [-0.9259994185562233, -1.9259994185562235, 1.9808911770522952, 1.3959286763311392, 0.6589630821649329, 0.3959286763311391, 0.8813555035013807, -1.9259994185562235, -1.9259994185562235, -1.9259994185562235], "Q": [-0.9259994185562233, -1.9259994185562235, -0.9259994185562233, 0.3959286763311391, 0.07400058144377678, 0.6589630821649329, -1.9259994185562235, 1.658963082164933, 0.8813555035013807, -1.9259994185562235], "T": [0.6589630821649329, -1.9259994185562235, -1.9259994185562235, 0.3959286763311391, -0.3410369178350672, -0.3410369178350672, 0.8813555035013807, 1.2439255828860891, 1.9808911770522952, -1.9259994185562235], "I": [1.658963082164933, -0.9259994185562233, 0.3959286763311391, -1.9259994185562235, 1.0740005814437767, 1.5334322000810743, 0.6589630821649329, -1.9259994185562235, -0.9259994185562233, 0.3959286763311391], "E": [0.07400058144377678, -1.9259994185562235, -1.9259994185562235, 0.8813555035013807, 1.0740005814437767, -1.9259994185562235, 0.3959286763311391, 1.0740005814437767, 0.6589630821649329, -1.9259994185562235], "D": [-1.9259994185562235, -1.9259994185562235, -1.9259994185562235, 2.074000581443777, 0.07400058144377678, 0.3959286763311391, 0.6589630821649329, 0.07400058144377678, -1.9259994185562235, -1.9259994185562235], "A": [0.3959286763311391, -1.9259994185562235, 0.6589630821649329, 0.3959286763311391, -0.9259994185562233, -0.3410369178350672, -0.3410369178350672, 0.3959286763311391, -0.9259994185562233, -1.9259994185562235], "Y": [-0.3410369178350672, 3.6285894331214146, 1.2439255828860891, -1.9259994185562235, -1.9259994185562235, -0.3410369178350672, -0.9259994185562233, -1.9259994185562235, -0.9259994185562233, -1.9259994185562235]}