{"L": [-0.31852951842549754, -3.405992359675837, 0.5940076403241631, -0.31852951842549754, 0.4519886354517351, 0.8419351537677485, 1.9515596449422472, 1.0534392589614605, 0.5940076403241631, 0.9159357352115255], "G": [1.2944473584652554, -4.405992359675837, -1.0840642647884744, 0.8419351537677485, 1.085860736653838, 1.3488951424876314, 0.9159357352115255, -0.9465607410385396, -1.405992359675837, -4.405992359675837], "K": [0.7232906572691294, -3.405992359675837, -1.821029858954681, -0.8210298589546807, 0.053439258961460415, 0.17897014104531933, 0.23786383009888767, -0.40599235967583697, 0.8034610059531128, -4.405992359675837], "M": [-2.0840642647884744, -4.405992359675837, -0.5986374376182328, -2.821029858954681, -4.405992359675837, -1.0840642647884744, -0.9465607410385396, -2.0840642647884744, -1.821029858954681, -1.821029858954681], "F": [0.4013625623817672, -4.405992359675837, 1.020272395026261, -0.49910176406731843, 0.6384017596826164, 0.5482039507110382, 0.8794098591864113, -1.0840642647884744, -0.7055526415347447, -0.23606735823352462], "R": [1.085860736653838, -4.405992359675837, -1.821029858954681, -1.0840642647884744, -0.7055526415347447, 0.17897014104531933, -1.0840642647884744, -0.7055526415347447, -0.15806484623225148, -4.405992359675837], "W": [-1.598637437618233, -4.405992359675837, -1.821029858954681, -4.405992359675837, -3.405992359675837, -4.405992359675837, -2.405992359675837, -4.405992359675837, -4.405992359675837, -4.405992359675837], "H": [-2.0840642647884744, -4.405992359675837, -0.5986374376182328, -2.821029858954681, -1.821029858954681, -1.2360673582335246, -1.2360673582335246, -1.2360673582335246, -0.8210298589546807, -4.405992359675837], "S": [0.4013625623817672, -3.405992359675837, -1.2360673582335246, 0.23786383009888767, 0.4519886354517351, 0.9159357352115255, 0.5008982359326817, 0.9159357352115255, 0.9863250631029236, -4.405992359675837], "C": [-4.405992359675837, -4.405992359675837, -4.405992359675837, -4.405992359675837, -4.405992359675837, -4.405992359675837, -4.405992359675837, -4.405992359675837, -4.405992359675837, -4.405992359675837], "V": [0.34889514248763154, -4.405992359675837, 0.17897014104531933, -0.40599235967583697, -0.01367493689707654, -0.15806484623225148, 0.6814704815745025, 1.0534392589614605, 0.4519886354517351, 2.7129487130476706], "N": [-4.405992359675837, -2.821029858954681, -0.9465607410385396, 0.17897014104531933, 0.5940076403241631, 0.053439258961460415, -0.49910176406731843, 0.5482039507110382, -0.01367493689707654, -3.405992359675837], "P": [-3.405992359675837, -4.405992359675837, -1.821029858954681, 0.9159357352115255, 1.1175695963811758, -0.15806484623225148, -0.31852951842549754, -0.23606735823352462, -4.405992359675837, -3.405992359675837], "Q": [-0.08406426478847447, -1.598637437618233, -1.821029858954681, 0.5008982359326817, -0.15806484623225148, -0.15806484623225148, -0.01367493689707654, 1.1175695963811758, 0.23786383009888767, -4.405992359675837], "T": [-0.08406426478847447, -4.405992359675837, -0.7055526415347447, -0.49910176406731843, -0.08406426478847447, 0.17897014104531933, -0.01367493689707654, 0.5482039507110382, 1.969047071671088, -2.0840642647884744], "I": [0.053439258961460415, -4.405992359675837, 1.7025320971023323, -0.9465607410385396, -0.9465607410385396, -0.23606735823352462, 0.053439258961460415, 0.4519886354517351, -0.49910176406731843, 3.223364260403773], "E": [-2.0840642647884744, 4.245059331503092, 0.4519886354517351, 1.6814704815745025, 0.23786383009888767, -0.7055526415347447, -0.5986374376182328, 0.4519886354517351, 0.5008982359326817, -4.405992359675837], "D": [-4.405992359675837, -4.405992359675837, 0.11756959638117587, 1.6600968307819353, 0.5940076403241631, -1.0840642647884744, -2.405992359675837, -1.2360673582335246, -1.598637437618233, -4.405992359675837], "A": [1.8794098591864115, -3.405992359675837, 0.9863250631029236, 0.11756959638117587, 0.6814704815745025, 0.9863250631029236, -0.01367493689707654, 0.6384017596826164, -0.01367493689707654, -1.598637437618233], "Y": [0.34889514248763154, -4.405992359675837, 1.5247449778870494, -1.598637437618233, -2.0840642647884744, -1.405992359675837, -2.0840642647884744, -2.405992359675837, 0.11756959638117587, -1.821029858954681]}