{"L": [-1.040892430646901, -3.555465603476659, 0.9680963525803536, 0.8071044759080491, 0.6371794744657365, 1.4380793743860414, 1.398730706910216, 0.4700694886304785, 1.096611093103034, 0.9770294773503613], "G": [-0.21307340602958147, -4.362820525534263, -0.34045271250580894, 0.5198225238275778, 0.3514249921318592, 0.26653609454534605, 0.6815735938241901, -0.6079330233707948, 0.3096048164372322, -2.903388906896966], "K": [0.4573584368809244, -4.777858024813107, -0.6349000709710645, 0.1763382855737678, 0.04657041060343822, 0.26653609454534605, 0.33761919260682866, 1.229636511733817, 0.7869265939704185, -3.7778580248131077], "M": [-0.6623808073931714, -3.3628205255342634, 0.22214197518689274, -1.6079330233707947, -1.8392585694772505, -1.718964335759539, -1.275357684283924, -1.6623808073931714, -1.6079330233707947, -1.6079330233707947], "F": [-1.718964335759539, -4.777858024813107, -0.3855406020343469, -0.7189643357595388, -0.09603398483936207, -0.9365557708321656, 0.1763382855737678, -0.5048395304066913, -0.13400183503838234, 2.2370923166528645], "R": [0.29539095721753134, -6.362820525534263, -1.455929929925745, -0.903388906896966, 0.01221890581266141, 0.3236800016489551, 0.029496897244497007, 1.0634442291678345, 0.11291290543213417, -5.362820525534263], "W": [-3.555465603476659, -6.362820525534263, -2.903388906896966, -2.2753576842839243, -3.192895524091951, -3.3628205255342634, -2.040892430646901, -1.903388906896966, -2.2753576842839243, 2.662319036744245], "H": [-1.4086242151473882, -6.362820525534263, -1.040892430646901, -1.455929929925745, -1.1533671599053137, -1.31842640617581, -0.9365557708321656, 0.7246423157160761, -0.6903951835627677, -4.777858024813107], "S": [1.1840739343533735, -2.3628205255342634, 0.11291290543213417, 0.44453439652334054, 0.6595472874941911, 0.3096048164372322, 0.3096048164372322, 0.29539095721753134, 0.8659981649616176, -4.777858024813107], "C": [-5.362820525534263, -6.362820525534263, -2.6623808073931716, -5.362820525534263, -3.040892430646901, -3.3628205255342634, -3.3628205255342634, -6.362820525534263, -3.7778580248131077, -6.362820525534263], "V": [-1.233537508589297, -4.040892430646902, 0.1763382855737678, -0.34045271250580894, 0.2518893185809449, 0.507544194049141, 0.4700694886304785, 0.4826695254101118, -0.022970522649638753, -1.7778580248131073], "N": [-0.7481106814190551, -4.777858024813107, 0.3236800016489551, -0.19289552409195088, 0.1763382855737678, -0.25429606875609423, -0.3184264061758099, -0.5814608120096039, -0.45592992992574494, -4.362820525534263], "P": [-3.7778580248131077, -5.362820525534263, -0.9365557708321656, 0.7561205471892443, 0.4826695254101118, 0.04657041060343822, -0.3184264061758099, -0.808231673856626, -2.1928955240919508, -6.362820525534263], "Q": [0.8851069879093222, -1.233537508589297, 0.29539095721753134, 0.3514249921318592, -0.275357684283924, 0.20703508279668434, -0.19289552409195088, 0.7664624914107031, 0.3236800016489551, -6.362820525534263], "T": [-0.23353750858929695, -1.5554656034766594, -0.8392585694772505, -0.6079330233707948, -0.04089243064690104, 0.23709231665286432, 0.06344422916783447, -0.09603398483936207, 0.8071044759080491, -3.192895524091951], "I": [-1.5048395304066913, -4.040892430646902, 1.2592312939221126, -0.4320831879713771, 0.11291290543213417, 0.5796939798049764, 0.29539095721753134, -0.45592992992574494, -0.808231673856626, -0.7481106814190551], "E": [1.5913757848526118, 4.189848571980009, 0.9680963525803536, 1.3786464608668836, 0.8851069879093222, 0.01221890581266141, 0.0801229703144649, 0.3920669766292052, 0.4826695254101118, -4.777858024813107], "D": [-1.114893012090678, -2.1148930120906777, -0.25429606875609423, 0.8270040333457539, 0.14497411466443283, 0.14497411466443283, -0.6349000709710645, -1.1533671599053137, -0.6903951835627677, -5.362820525534263], "A": [2.1410052124614873, -6.362820525534263, 1.096611093103034, 0.3786464608668836, 0.797050811244126, 0.3514249921318592, 0.3920669766292052, 0.29539095721753134, 0.6371794744657365, -1.8392585694772505], "Y": [-1.6079330233707947, -5.362820525534263, -1.192895524091951, -0.8392585694772505, -1.455929929925745, -1.114893012090678, -0.5554656034766595, -1.5048395304066913, -0.36282052553426347, 2.3096048164372323]}