{"L": [-0.41503749927884404, -5.169925001442312, 1.807354922057604, 1.0968615392525891, 1.3536369546147005, 1.3536369546147005, 1.2223924213364477, 1.712718047919529, 1.2394659346953891, 1.5982593233346138], "G": [1.7489382358322825, -5.169925001442312, -1.1699250014423124, 0.9593580155026541, 0.6114347120823473, 0.502500340529183, 0.9175378398080271, -0.7776075786635522, 0.89616418901546, -5.169925001442312], "K": [0.32192809488736235, -5.169925001442312, -2.1699250014423126, 0.15200309344504975, -1.2630344058337941, -1.1699250014423124, -1.1699250014423124, -1.5849625007211563, -0.6463630453852997, -3.5849625007211565], "M": [-0.8479969065549503, -5.169925001442312, -0.6463630453852997, -2.0, -2.3625700793847084, -2.3625700793847084, -1.1699250014423124, -1.3625700793847084, -2.1699250014423126, -1.3625700793847084], "F": [-0.5260688116675878, -5.169925001442312, 1.5305147166987798, -0.41503749927884404, -0.12553088208385915, -0.082462160191973, -0.21572869105543727, -0.41503749927884404, -0.41503749927884404, 2.7667129375602584], "R": [0.7127180479195289, 4.3058084295240855, -2.584962500721156, -1.4694852833012204, -1.8479969065549502, -2.1699250014423126, -1.7104933828050153, -1.7104933828050153, -0.16992500144231246, -5.169925001442312], "W": [-2.1699250014423126, -5.169925001442312, -0.26303440583379395, -2.0, -2.1699250014423126, -3.1699250014423126, -3.1699250014423126, -2.1699250014423126, -2.0, 1.5579954531208866], "H": [-0.5260688116675878, -5.169925001442312, -2.1699250014423126, -1.4694852833012204, -2.8479969065549504, -2.3625700793847084, -2.0, -2.8479969065549504, -1.7104933828050153, -5.169925001442312], "S": [1.384663850235325, -5.169925001442312, 0.32192809488736235, 0.4150374992788437, -0.26303440583379395, 0.2563397532597856, 0.2895066171949847, 0.2563397532597856, 1.1154772174199359, -5.169925001442312], "C": [-5.169925001442312, -5.169925001442312, -3.1699250014423126, -5.169925001442312, -2.3625700793847084, -5.169925001442312, -4.169925001442313, -5.169925001442312, -3.5849625007211565, -5.169925001442312], "V": [-0.26303440583379395, -5.169925001442312, 0.9385994553358568, -0.7104933828050153, 0.7127180479195289, 1.0198995574377048, 0.6374299206152918, 0.5579954531208867, 0.2895066171949847, -5.169925001442312], "N": [-1.0, -5.169925001442312, -0.36257007938470825, -0.7776075786635522, -0.36257007938470825, -0.3119440063147402, -0.16992500144231246, 0.15200309344504975, -0.16992500144231246, -4.169925001442313], "P": [-5.169925001442312, -4.169925001442313, -1.8479969065549502, 0.6880559936852598, 1.0780025120012733, 0.5305147166987796, 0.9593580155026541, -0.7104933828050153, -5.169925001442312, -5.169925001442312], "Q": [0.15200309344504975, -3.5849625007211565, -1.3625700793847084, 0.4739311883324123, -0.04064198449734593, -0.082462160191973, -0.5849625007211563, 0.6374299206152918, 0.584962500721156, -5.169925001442312], "T": [0.03952836418663728, -5.169925001442312, -0.3119440063147402, -0.41503749927884404, -0.5849625007211563, -0.04064198449734593, 0.18762700317577127, 0.7842713089445629, 0.9385994553358568, -5.169925001442312], "I": [-0.12553088208385915, -5.169925001442312, 0.7842713089445629, -0.082462160191973, 0.4150374992788437, 0.7369655941662061, 0.6880559936852598, 0.5305147166987796, -2.1699250014423126, -2.1699250014423126], "E": [0.4150374992788437, -5.169925001442312, -2.3625700793847084, 0.8300749985576876, 0.9798221180623696, 0.807354922057604, 0.32192809488736235, 1.0, 0.6880559936852598, -5.169925001442312], "D": [-5.169925001442312, -5.169925001442312, -0.46948528330122047, 1.1699250014423124, 0.6114347120823473, 0.502500340529183, 0.15200309344504975, 0.07800251200127317, -0.46948528330122047, -5.169925001442312], "A": [0.7608123361205739, -5.169925001442312, 0.584962500721156, 0.11547721741993588, 0.2563397532597856, 0.4150374992788437, 0.15200309344504975, 0.22239242133644774, 0.5579954531208867, -3.5849625007211565], "Y": [-0.41503749927884404, -5.169925001442312, 0.502500340529183, -1.0, -0.9219974879987269, -1.4694852833012204, -0.3119440063147402, -0.5849625007211563, -0.16992500144231246, 2.643856189774725]}