{"L": [0.20645087746742624, 0.35845397091247627, 1.3584539709124763, 2.0809199953835678, 0.6214883767462703, 1.560087832082127, 0.4959574946624111, -0.6415460290875238, 1.736965594166206, 0.8438807980827181], "G": [0.9434164716336326, 0.20645087746742624, -1.3785116232537298, -0.156119201917282, 0.20645087746742624, 0.20645087746742624, 0.35845397091247627, -1.3785116232537298, -0.3785116232537298, -1.9634741239748863], "K": [1.3584539709124763, -0.156119201917282, 1.495957494662411, 0.4959574946624111, -0.156119201917282, -0.3785116232537298, 0.7369655941662061, 0.35845397091247627, -0.6415460290875238, 2.5283789723547887], "M": [-0.9634741239748862, -1.3785116232537298, -0.9634741239748862, -1.9634741239748863, -1.9634741239748863, -1.3785116232537298, -1.9634741239748863, -2.9634741239748865, -0.6415460290875238, -2.9634741239748865], "F": [-0.9634741239748862, -0.3785116232537298, -0.156119201917282, -0.9634741239748862, -0.6415460290875238, -0.9634741239748862, 0.20645087746742624, -1.9634741239748863, 0.6214883767462703, -0.156119201917282], "R": [1.3584539709124763, 0.20645087746742624, 0.7369655941662061, 1.2064508774674263, 0.03652587602511388, 0.35845397091247627, 0.9434164716336326, -0.6415460290875238, -2.9634741239748865, -0.156119201917282], "W": [-2.9634741239748865, -2.9634741239748865, -1.9634741239748863, -2.9634741239748865, -1.9634741239748863, -2.9634741239748865, -0.6415460290875238, -1.3785116232537298, -1.9634741239748863, -1.9634741239748863], "H": [-1.3785116232537298, -2.9634741239748865, -1.3785116232537298, -0.9634741239748862, -1.3785116232537298, -1.9634741239748863, -2.9634741239748865, -1.9634741239748863, -1.9634741239748863, -2.9634741239748865], "S": [0.03652587602511388, 1.2064508774674263, 0.6214883767462703, 0.4959574946624111, 1.3584539709124763, 1.2064508774674263, -0.6415460290875238, 0.4959574946624111, 0.35845397091247627, 0.03652587602511388], "C": [-2.9634741239748865, -1.9634741239748863, -2.9634741239748865, -2.9634741239748865, -2.9634741239748865, 0.20645087746742624, -0.3785116232537298, -2.9634741239748865, -2.9634741239748865, -1.9634741239748863], "V": [0.6214883767462703, 1.495957494662411, 0.8438807980827181, -0.156119201917282, 1.036525876025114, 0.20645087746742624, 0.9434164716336326, 0.6214883767462703, -0.6415460290875238, 0.35845397091247627], "N": [-2.9634741239748865, -1.9634741239748863, -0.3785116232537298, -0.156119201917282, -0.6415460290875238, -0.9634741239748862, -0.3785116232537298, -0.9634741239748862, -0.6415460290875238, -0.9634741239748862], "P": [-1.9634741239748863, -2.9634741239748865, -1.9634741239748863, 0.03652587602511388, 0.6214883767462703, 0.6214883767462703, 0.20645087746742624, 3.265344566520995, 0.20645087746742624, -0.3785116232537298], "Q": [-1.3785116232537298, -0.6415460290875238, -0.9634741239748862, -0.9634741239748862, -2.9634741239748865, -1.3785116232537298, 0.03652587602511388, -0.3785116232537298, 0.4959574946624111, -1.9634741239748863], "T": [-0.156119201917282, 2.1658088929700807, 1.2064508774674263, -0.156119201917282, 1.036525876025114, 1.036525876025114, 0.6214883767462703, -0.3785116232537298, 1.3584539709124763, -0.6415460290875238], "I": [0.6214883767462703, -0.3785116232537298, -0.156119201917282, 0.20645087746742624, 0.03652587602511388, 0.35845397091247627, -0.3785116232537298, -1.3785116232537298, 0.7369655941662061, 0.20645087746742624], "E": [0.7369655941662061, -0.3785116232537298, -1.9634741239748863, -0.9634741239748862, -1.9634741239748863, -0.6415460290875238, -0.6415460290875238, -1.9634741239748863, -0.156119201917282, -1.9634741239748863], "D": [-0.6415460290875238, -2.9634741239748865, -2.9634741239748865, 0.03652587602511388, -0.3785116232537298, -1.9634741239748863, -0.6415460290875238, -2.9634741239748865, -2.9634741239748865, -1.9634741239748863], "A": [1.1239887172754532, 0.35845397091247627, 0.7369655941662061, 0.03652587602511388, 0.7369655941662061, 0.03652587602511388, -0.156119201917282, -0.6415460290875238, 0.03652587602511388, 0.9434164716336326], "Y": [-2.9634741239748865, -1.3785116232537298, -0.9634741239748862, -1.3785116232537298, 0.20645087746742624, -1.3785116232537298, -0.3785116232537298, -2.9634741239748865, 0.03652587602511388, 0.6214883767462703]}