{"L": [0.7632768712820532, 0.8800905362648032, 0.9580930482660764, 0.08867715807622069, 0.780554862713889, 0.5976908055640783, 0.24621843506270064, 2.1024829576012514, 1.7719417324091808, -0.48247954311990515], "G": [0.5976908055640783, -1.524299718814532, 0.16959715345978796, 0.454326630392901, 0.8145021946372264, 0.4967618967132975, 1.2951280355436472, 0.3882374399351287, 0.0029472840503365987, -4.6117625600648715], "K": [-0.4023091944359217, -3.0268000593437154, -0.567368440706418, 0.16959715345978796, -0.567368440706418, -0.44183755862255913, 0.03209362970985334, -1.3638350466212859, 0.5780619988151458, -4.026800059343715], "M": [-0.9113228419237794, -0.567368440706418, -0.7048719644563529, -1.8044076380072676, -1.0882006040078585, -0.11990946373519683, -3.0268000593437154, -0.4023091944359217, -1.3638350466212859, -2.4418375586225594], "F": [0.8800905362648032, 2.246218435062701, 0.7632768712820532, -0.567368440706418, 0.0029472840503365987, -0.08820060400785856, -0.289834465177509, 0.2951280355436472, 0.34243375032200374, 0.942826291612766], "R": [-0.6575662496779963, -4.026800059343715, -1.704871964456353, 0.11615789449832765, -1.0268000593437152, -0.4023091944359217, -0.8044076380072673, -0.8568750579014031, 0.2951280355436472, -2.4418375586225594], "W": [-1.3638350466212859, -1.4418375586225591, -1.704871964456353, -2.6117625600648715, -2.8044076380072673, -3.289834465177509, -2.152330941427574, -2.152330941427574, -5.6117625600648715, -2.289834465177509], "H": [-0.15233094142757422, -2.8044076380072673, -0.7537815649372994, 0.08867715807622069, -0.9679063702901466, -0.9113228419237794, -0.567368440706418, -0.6117625600648713, -0.5242997188145319, -5.6117625600648715], "S": [1.0175940600147382, 0.06066278190662417, 1.2211274540998702, 0.9580930482660764, 0.5379845594398107, 0.6736396587973769, 0.5780619988151458, 0.24621843506270064, 0.08867715807622069, -3.6117625600648715], "C": [-2.289834465177509, -1.8044076380072676, -2.4418375586225594, -3.0268000593437154, -1.704871964456353, -2.0268000593437154, -2.8044076380072673, -2.6117625600648715, -3.6117625600648715, -5.6117625600648715], "V": [0.3882374399351287, 0.8639708709015265, -0.15233094142757422, -0.44183755862255913, 0.41060525296358297, 1.0175940600147382, -0.289834465177509, -0.44183755862255913, -0.18549780536277363, -2.8044076380072673], "N": [-0.15233094142757422, -1.0882006040078585, -0.7048719644563529, 0.06066278190662417, -0.36383504662128596, 0.03209362970985334, 0.6550239806300298, -1.0268000593437152, -0.026800059343715214, -5.6117625600648715], "P": [-2.152330941427574, -3.289834465177509, 0.08867715807622069, 0.41060525296358297, 0.7280874428197531, 0.47570028118546814, 0.517520456880095, -1.4418375586225591, -1.1523309414275744, -3.6117625600648715], "Q": [-0.8044076380072673, -2.152330941427574, -0.9679063702901466, -0.32636034120262314, -0.026800059343715214, -0.7537815649372994, -0.5242997188145319, 0.2951280355436472, -0.15233094142757422, -5.6117625600648715], "T": [0.06066278190662417, 0.9881502821222563, -0.567368440706418, 0.11615789449832765, 0.06066278190662417, 0.43263155929358205, 0.22112745409987022, 0.831180935783857, -0.15233094142757422, -5.6117625600648715], "I": [-0.289834465177509, 0.03209362970985334, 0.03209362970985334, -1.0882006040078585, 0.558162441377441, 0.34243375032200374, -0.21944513728611104, -0.6575662496779963, -0.5242997188145319, -3.289834465177509], "E": [-0.8044076380072673, -0.32636034120262314, 0.06066278190662417, 0.7457894445532122, 0.22112745409987022, -0.15233094142757422, -0.48247954311990515, -0.9679063702901466, 0.41060525296358297, -5.6117625600648715], "D": [-1.3638350466212859, -1.9113228419237793, 0.365517363435045, 0.9580930482660764, -0.026800059343715214, 0.11615789449832765, 0.11615789449832765, -0.9113228419237794, -0.7537815649372994, -4.6117625600648715], "A": [0.517520456880095, -0.5242997188145319, 0.7976283760728302, 0.41060525296358297, 0.47570028118546814, 0.3189747774980149, 1.1161578944983277, 0.7280874428197531, 0.03209362970985334, -3.0268000593437154], "Y": [1.169597153459788, 1.5780619988151456, 0.454326630392901, -0.5242997188145319, -0.567368440706418, -1.4418375586225591, -0.36383504662128596, 0.3882374399351287, 0.6736396587973769, 4.002947284050337]}