{"L": [1.1119097419628075, 3.349899018350274, 1.036808286722089, 0.6615967679364333, 1.0802008822354692, 1.1932098440646557, 2.080200882235469, 1.5032311722678438, 0.9222485224592332, 2.2273869593827436], "G": [0.5579741368622758, -4.411652214094206, -0.8266897133730492, 0.6615967679364333, 0.8488753361290137, 0.4296500398867365, -0.4116522140942052, 0.1119097419628073, 0.7978011515347444, -4.411652214094206], "K": [0.6180951292998469, -4.411652214094206, 0.28878750404688674, -0.32418937284386584, 0.025753098213092792, 0.34323528806926334, -0.9091518735650223, 0.17331028662695083, 0.003385285184638299, -3.9966147148153617], "M": [-0.8673316978703951, 1.0257530982130927, -0.13863371968778948, -0.9966147148153618, -0.9091518735650223, -1.7486872013717762, -0.5047616184856869, -0.674686619927999, -1.5371830961780644, -1.5371830961780644], "F": [1.1119097419628075, -5.996614714815362, 1.4791187161510362, -0.9522205954569084, 0.5111799253833348, -0.0424184044284863, 0.46281690382193574, -0.241727212651893, 0.1932098440646557, -3.9966147148153617], "R": [-0.06587737725247521, -5.996614714815362, -0.7112124959531133, -1.089724119206843, -0.29617499667426933, -0.18925979275775748, -1.4116522140942054, -0.06587737725247521, -0.3819048707001532, -5.996614714815362], "W": [-2.089724119206843, -5.996614714815362, -2.674686619927999, -2.411652214094205, -1.241727212651893, -2.826689713373049, -3.6746866199279995, -1.4730527587583486, -3.411652214094205, -5.996614714815362], "H": [-2.089724119206843, -5.996614714815362, -1.6042972920366012, -1.6042972920366012, -0.47305275875834873, -1.674686619927999, -1.9091518735650224, -1.4116522140942054, -1.9091518735650224, -5.996614714815362], "S": [0.7176308028507612, -2.674686619927999, 0.28878750404688674, 0.8860283345464799, 0.3957027079633989, 0.27017182587953975, 0.2322039756805193, 0.7038250033257307, 1.173310286626951, -2.9966147148153617], "C": [-2.674686619927999, -3.6746866199279995, -1.6042972920366012, -1.3527585250406367, -1.674686619927999, -1.674686619927999, -2.1892597927577575, -1.674686619927999, -1.9966147148153617, -5.996614714815362], "V": [-0.18925979275775748, 0.9458997905238785, -0.019334791315445056, -0.7112124959531133, 0.17331028662695083, 0.6327419052642482, 0.6327419052642482, 0.3957027079633989, 0.025753098213092792, 2.9072671309208187], "N": [-0.47305275875834873, -2.9966147148153617, -0.4116522140942052, 0.2513127986282239, -0.1139716654535202, -0.5047616184856869, -0.3819048707001532, -0.06587737725247521, -0.13863371968778948, -5.996614714815362], "P": [-2.2961749966742695, -5.996614714815362, -0.32418937284386584, 0.784744998709298, -0.8266897133730492, 0.2322039756805193, 0.8235642475998262, -0.1139716654535202, -0.7112124959531133, -5.996614714815362], "Q": [-1.4116522140942054, -0.44202586313772424, -1.9966147148153617, -0.7486872013717761, -0.5047616184856869, -0.674686619927999, -2.1892597927577575, -1.1386337196877896, -0.5047616184856869, -5.996614714815362], "T": [0.46281690382193574, 0.15313240468932057, -0.47305275875834873, 0.09084812643497765, 0.15313240468932057, 0.32531338007200095, 0.15313240468932057, 0.21283865081358824, 0.7978011515347444, 0.4127762213223403], "I": [0.5111799253833348, 1.4296500398867367, 0.689885812367857, -0.06587737725247521, 0.6327419052642482, 0.9341226227475248, 1.325313380072001, 0.17331028662695083, 0.06947447564241069, 1.79128784457607], "E": [-0.5371830961780643, -4.996614714815362, -1.089724119206843, 0.9920699719568044, -0.0424184044284863, -0.13863371968778948, -0.9091518735650223, -0.06587737725247521, 0.21283865081358824, -4.996614714815362], "D": [-1.241727212651893, -5.996614714815362, -1.1892597927577575, 0.83627529934938, 0.025753098213092792, -0.1139716654535202, -0.5371830961780643, -0.9091518735650223, -1.089724119206843, -5.996614714815362], "A": [0.6472414749593632, -0.32418937284386584, 0.7582727873481071, 0.5269472412416514, -0.0424184044284863, 0.3071660333617413, -0.7871613491864118, 0.9575815955715138, 0.5425440962926699, 1.163256621963028], "Y": [0.3071660333617413, -5.996614714815362, 1.0694744756424106, -1.1892597927577575, -0.7871613491864118, -0.5371830961780643, -0.8266897133730492, -1.0424184044284863, 0.17331028662695083, -4.996614714815362]}