{"L": [-0.09592441999853558, -2.0959244199985356, 0.07400058144377678, -0.5109619192773794, 0.48903808072262056, 0.3635071986387617, 2.0333585969464307, 1.4890380807226207, 0.22600367488882678, -0.2885694979409315], "G": [1.2260036748888268, -3.0959244199985356, -3.0959244199985356, 0.7114305020590685, 1.4890380807226207, 0.3635071986387617, 0.6045152981425566, -0.5109619192773794, -1.0959244199985356, -3.0959244199985356], "K": [0.7114305020590685, -3.0959244199985356, -0.7739963251111733, -0.5109619192773794, 0.48903808072262056, 0.7114305020590685, -0.09592441999853558, -0.2885694979409315, -0.7739963251111733, -3.0959244199985356], "M": [-1.5109619192773793, -3.0959244199985356, -0.7739963251111733, -2.0959244199985356, -3.0959244199985356, -3.0959244199985356, -3.0959244199985356, -2.0959244199985356, -3.0959244199985356, -2.0959244199985356], "F": [-0.09592441999853558, -3.0959244199985356, 1.4890380807226207, -0.7739963251111733, 0.9915384212518039, 0.9915384212518039, 1.6045152981425566, -2.0959244199985356, -3.0959244199985356, -1.5109619192773793], "R": [1.6045152981425566, -3.0959244199985356, -0.5109619192773794, -3.0959244199985356, 0.07400058144377678, 0.9040755800014644, -0.09592441999853558, -0.09592441999853558, -1.0959244199985356, -3.0959244199985356], "W": [-3.0959244199985356, -3.0959244199985356, -3.0959244199985356, -3.0959244199985356, -3.0959244199985356, -3.0959244199985356, -3.0959244199985356, -3.0959244199985356, -3.0959244199985356, -3.0959244199985356], "H": [-1.0959244199985356, -3.0959244199985356, -0.2885694979409315, -3.0959244199985356, -0.5109619192773794, -0.09592441999853558, -1.5109619192773793, 0.07400058144377678, -3.0959244199985356, -3.0959244199985356], "S": [0.9040755800014644, -3.0959244199985356, -0.7739963251111733, 0.48903808072262056, 0.7114305020590685, 1.4276375360584772, 0.48903808072262056, 1.1520030934450498, 1.2963930027802246, -3.0959244199985356], "C": [-3.0959244199985356, -3.0959244199985356, -3.0959244199985356, -3.0959244199985356, -3.0959244199985356, -3.0959244199985356, -3.0959244199985356, -3.0959244199985356, -3.0959244199985356, -3.0959244199985356], "V": [-0.2885694979409315, -3.0959244199985356, 0.07400058144377678, -1.0959244199985356, -0.2885694979409315, -1.0959244199985356, -0.09592441999853558, 0.9040755800014644, 0.9915384212518039, 0.07400058144377678], "N": [-3.0959244199985356, -3.0959244199985356, -2.0959244199985356, -0.5109619192773794, -0.2885694979409315, -0.5109619192773794, -0.09592441999853558, 0.07400058144377678, -1.5109619192773793, -3.0959244199985356], "P": [-3.0959244199985356, -2.0959244199985356, -3.0959244199985356, 0.8109661756099831, 0.07400058144377678, 0.6045152981425566, -0.2885694979409315, -0.2885694979409315, -0.7739963251111733, 0.07400058144377678], "Q": [-1.5109619192773793, -0.09592441999853558, -3.0959244199985356, 0.7114305020590685, -0.09592441999853558, -0.09592441999853558, 0.07400058144377678, 1.0740005814437767, 0.9915384212518039, -3.0959244199985356], "T": [-1.0959244199985356, -3.0959244199985356, -1.0959244199985356, 0.48903808072262056, -1.0959244199985356, 0.22600367488882678, -1.0959244199985356, 0.9040755800014644, 0.6045152981425566, -0.09592441999853558], "I": [-0.7739963251111733, -3.0959244199985356, 1.4890380807226207, -1.5109619192773793, -3.0959244199985356, -2.0959244199985356, -0.2885694979409315, 0.07400058144377678, -0.09592441999853558, -1.0959244199985356], "E": [-3.0959244199985356, 4.1520030934450505, 0.48903808072262056, 2.1135289456304145, 0.8109661756099831, 0.22600367488882678, -1.0959244199985356, -0.5109619192773794, 0.9915384212518039, -3.0959244199985356], "D": [-3.0959244199985356, -2.0959244199985356, -2.0959244199985356, 1.0740005814437767, -0.09592441999853558, -3.0959244199985356, -0.7739963251111733, -2.0959244199985356, -0.5109619192773794, -3.0959244199985356], "A": [2.1894777988637126, -3.0959244199985356, 1.1520030934450498, 0.48903808072262056, 1.0740005814437767, 0.7114305020590685, 0.22600367488882678, 0.3635071986387617, 2.1894777988637126, 3.8229388172760594], "Y": [0.48903808072262056, -3.0959244199985356, 1.9915384212518041, -1.5109619192773793, -3.0959244199985356, -2.0959244199985356, -1.5109619192773793, -3.0959244199985356, -3.0959244199985356, -0.7739963251111733]}