{"L": [1.136573052875444, 0.9372642446520372, 1.0892673380970874, 1.1823767424885685, 0.7059386985455819, 0.5043048373759312, 0.9372642446520372, 0.7673392432097248, 0.9897316645461729, -0.4956951626240688], "G": [0.0892673380970873, -0.6476982560691191, 0.352301743930881, 0.7059386985455819, 0.641808361125866, 0.5043048373759312, 0.9372642446520372, 1.5399287471066523, -0.010268335453827113, -3.817623257511431], "K": [-0.010268335453827113, -0.4956951626240688, -0.010268335453827113, 0.0892673380970873, -0.010268335453827113, -0.2326607567902752, -0.2326607567902752, -1.010268335453827, -0.2326607567902752, -3.817623257511431], "M": [-0.6476982560691191, -0.8176232575114314, -0.3581916388741339, -0.6476982560691191, -0.11718353937033922, -1.2326607567902752, -1.2326607567902752, -1.8176232575114315, -0.11718353937033922, -3.817623257511431], "F": [0.43030425593215427, -0.11718353937033922, 0.18237674248856864, -1.010268335453827, -0.3581916388741339, 0.7673392432097248, -0.4956951626240688, -0.2326607567902752, 0.0892673380970873, 0.352301743930881], "R": [1.1823767424885685, -3.817623257511431, -0.6476982560691191, -1.4956951626240689, -0.4956951626240688, -0.6476982560691191, -0.2326607567902752, -1.8176232575114315, -1.010268335453827, -3.817623257511431], "W": [-3.817623257511431, -0.6476982560691191, -0.8176232575114314, -2.232660756790275, -2.232660756790275, -1.4956951626240689, -0.6476982560691191, -0.3581916388741339, -1.4956951626240689, -3.817623257511431], "H": [-1.4956951626240689, -3.817623257511431, -1.4956951626240689, -0.6476982560691191, -1.8176232575114315, -2.232660756790275, -1.8176232575114315, -0.4956951626240688, -0.8176232575114314, -3.817623257511431], "S": [0.43030425593215427, 1.7970865866037768, 0.9897316645461729, 1.1823767424885685, 0.7059386985455819, 0.9372642446520372, 0.5043048373759312, 0.7673392432097248, 1.311659759433535, -3.817623257511431], "C": [-0.3581916388741339, 0.5746941652673291, -2.232660756790275, -3.817623257511431, -0.8176232575114314, -1.2326607567902752, -0.8176232575114314, -0.2326607567902752, -1.2326607567902752, -3.817623257511431], "V": [0.5043048373759312, 0.18237674248856864, 0.2698395837389082, -0.2326607567902752, 0.641808361125866, 0.5746941652673291, 0.352301743930881, -0.2326607567902752, 0.5043048373759312, -0.4956951626240688], "N": [-0.8176232575114314, -0.4956951626240688, -0.11718353937033922, 0.18237674248856864, 0.0892673380970873, -0.010268335453827113, 0.2698395837389082, -0.2326607567902752, 0.352301743930881, -3.817623257511431], "P": [-1.010268335453827, -3.817623257511431, -0.4956951626240688, 0.352301743930881, -0.11718353937033922, -0.6476982560691191, 0.352301743930881, 0.5043048373759312, -0.010268335453827113, -3.817623257511431], "Q": [-0.6476982560691191, -1.4956951626240689, -0.11718353937033922, 0.5043048373759312, -1.010268335453827, -1.010268335453827, -0.3581916388741339, -0.8176232575114314, -1.2326607567902752, -3.817623257511431], "T": [-0.3581916388741339, 1.5399287471066523, -1.010268335453827, 0.0892673380970873, 0.641808361125866, 0.2698395837389082, 0.18237674248856864, -0.11718353937033922, 0.18237674248856864, -3.817623257511431], "I": [-0.010268335453827113, 0.0892673380970873, 0.0892673380970873, -0.11718353937033922, 0.5746941652673291, 0.2698395837389082, 0.0892673380970873, -0.8176232575114314, -0.6476982560691191, -2.232660756790275], "E": [0.2698395837389082, -1.4956951626240689, -0.010268335453827113, -0.010268335453827113, -0.11718353937033922, 0.5746941652673291, -1.2326607567902752, -0.4956951626240688, -0.11718353937033922, -3.817623257511431], "D": [-1.010268335453827, -2.8176232575114315, -0.010268335453827113, 0.43030425593215427, -0.6476982560691191, 0.7059386985455819, 0.352301743930881, -0.2326607567902752, 0.2698395837389082, -3.817623257511431], "A": [0.8262329322632935, 0.18237674248856864, 0.9897316645461729, -0.010268335453827113, 0.2698395837389082, -0.11718353937033922, 0.0892673380970873, 0.9372642446520372, 0.0892673380970873, -3.817623257511431], "Y": [-0.6476982560691191, 0.7673392432097248, -0.6476982560691191, -1.4956951626240689, -0.2326607567902752, -0.8176232575114314, -0.11718353937033922, -0.3581916388741339, -0.3581916388741339, 4.083243550469318]}