{"L": [-0.08665438225418219, 1.5433960079955122, -0.4789718050329425, -0.23104429158935705, -0.8940093043117863, -0.391508963782603, 1.4036712443288988, 0.8785801995851412, -0.3090468035906302, 3.847457682089361], "G": [-2.8940093043117865, -0.391508963782603, -3.478971805032943, 1.1934535369385533, 1.3539182091317992, 1.6503112119120242, 0.8785801995851412, -1.894009304311786, -0.4789718050329425, -4.478971805032942], "K": [0.2214679131081498, -4.478971805032942, -3.478971805032943, -0.8940093043117863, -0.572081209424424, 0.044590151024070615, -0.15704371014558016, -0.4789718050329425, -1.1570437101455802, -4.478971805032942], "M": [-1.4789718050329426, -1.894009304311786, -1.3090468035906302, -3.478971805032943, -2.8940093043117865, -1.4789718050329426, -2.4789718050329426, -1.1570437101455802, -2.8940093043117865, -0.4789718050329425], "F": [2.0128812912967327, -2.8940093043117865, -0.6716168829753385, -1.3090468035906302, -1.4789718050329426, -1.4789718050329426, -0.391508963782603, -1.6716168829753386, -0.08665438225418219, 1.075617046644695], "R": [0.768955708410643, -2.8940093043117865, -1.4789718050329426, -1.894009304311786, -0.7785320868918503, -0.08665438225418219, -0.019540186395645347, -1.6716168829753386, -0.8940093043117863, -4.478971805032942], "W": [-1.4789718050329426, -4.478971805032942, -4.478971805032942, -2.4789718050329426, -4.478971805032942, -2.8940093043117865, -4.478971805032942, -3.478971805032943, -4.478971805032942, -4.478971805032942], "H": [-0.6716168829753385, -4.478971805032942, -3.478971805032943, -2.4789718050329426, -0.8940093043117863, -0.572081209424424, -0.15704371014558016, -0.391508963782603, -1.894009304311786, -4.478971805032942], "S": [0.4279187905755761, 0.84295628985442, -0.15704371014558016, 0.32838311702466155, 1.1934535369385533, 1.6295526517452268, 0.806430413829306, 1.1648843847417822, 1.6707753144717394, -4.478971805032942], "C": [-4.478971805032942, -1.894009304311786, -4.478971805032942, -4.478971805032942, -4.478971805032942, -4.478971805032942, -3.478971805032943, -3.478971805032943, -3.478971805032943, -4.478971805032942], "V": [1.3283831170246616, 1.302387908491717, -1.894009304311786, -1.894009304311786, 0.1648843847417822, -0.4789718050329425, 0.5210281949670575, 1.105990695688214, 1.0128812912967324, 1.0445901510240707], "N": [-1.1570437101455802, -2.4789718050329426, -2.8940093043117865, -0.4789718050329425, 0.32838311702466155, -0.391508963782603, 0.2214679131081498, 0.565422314325511, -1.3090468035906302, -4.478971805032942], "P": [-4.478971805032942, 1.4036712443288988, -2.8940093043117865, 1.3790091900946295, 1.565422314325511, 0.84295628985442, -0.019540186395645347, -1.0195401863956455, -0.3090468035906302, -4.478971805032942], "Q": [-2.8940093043117865, -1.0195401863956455, -1.3090468035906302, -1.0195401863956455, -1.3090468035906302, -0.8940093043117863, 0.1059906956882138, 0.2214679131081498, -0.7785320868918503, -4.478971805032942], "T": [-0.391508963782603, 0.37900919009462947, -2.8940093043117865, -0.15704371014558016, 0.044590151024070615, 0.7304815605960073, 0.4279187905755761, 1.4983081184669738, 1.275915697130526, -4.478971805032942], "I": [0.565422314325511, 0.6909531964093698, -1.1570437101455802, -1.6716168829753386, -0.23104429158935705, -0.6716168829753385, -0.23104429158935705, 0.2214679131081498, -1.6716168829753386, -0.6716168829753385], "E": [-2.4789718050329426, -3.478971805032943, 0.2214679131081498, 1.2489486495302566, 0.565422314325511, -0.23104429158935705, -0.4789718050329425, 0.2759156971305261, 0.9804598136043547, -4.478971805032942], "D": [-4.478971805032942, -2.8940093043117865, 3.639969267690565, 2.2892125197439843, 0.47522450535393285, -0.23104429158935705, -0.23104429158935705, -0.6716168829753385, -2.1570437101455804, -4.478971805032942], "A": [-0.019540186395645347, 2.2352737126331803, 0.1648843847417822, 0.32838311702466155, 0.608491036217397, 0.565422314325511, 0.2759156971305261, 0.47522450535393285, 1.6503112119120242, -4.478971805032942], "Y": [1.4752245053539328, -3.478971805032943, -1.1570437101455802, -3.478971805032943, -1.894009304311786, -2.4789718050329426, -1.6716168829753386, -1.3090468035906302, -0.08665438225418219, -4.478971805032942]}