{"L": [-0.17238904139379338, -1.0654738374772814, 1.7418810845803225, 0.47294607730684446, 1.0813675508519898, 1.2426484578850503, 1.2836757261451053, 1.256454257410081, 1.0813675508519898, 3.2216888392494045], "G": [1.4729460773068443, -2.8728287595348854, -1.0654738374772814, 1.2426484578850503, 1.1715653598235678, 0.5645765527724126, 1.0179421707103558, -0.5998102651284697, 1.5422087397439581, -3.457791260256042], "K": [1.2146340817154537, -3.872828759534886, -1.3703284190057023, 0.2970962419074267, -0.6504363381984378, 0.09679759142159576, -0.5998102651284697, -1.5509006646475234, -0.41339714089758817, -4.457791260256042], "M": [-1.0654738374772814, -4.457791260256042, 0.0016403583812554657, -2.650436338198438, -1.457791260256042, -1.5509006646475234, -1.2878662588137293, -1.3703284190057023, -1.650436338198438, 1.0657706958009712], "F": [-0.9983596416187446, -1.650436338198438, 1.5645765527724127, -0.7573515421149497, -0.41339714089758817, -0.5509006646475234, -0.5998102651284697, -0.20986374681245618, -0.2878662588137294, 2.186064929518683], "R": [1.3750987539086998, 4.032056700183256, -1.8728287595348854, -0.6504363381984378, -1.650436338198438, -0.8139350704813171, -1.2878662588137293, -1.457791260256042, 0.18606492951868298, -3.1358631653686797], "W": [-4.457791260256042, -3.872828759534886, -0.5035949498691666, -1.8728287595348854, -3.457791260256042, -2.650436338198438, -3.1358631653686797, -2.650436338198438, -5.457791260256043, -3.457791260256042], "H": [0.034061836073632876, -5.457791260256043, -0.7573515421149497, -1.5509006646475234, -2.1358631653686797, -1.2878662588137293, -1.5509006646475234, -1.5509006646475234, -1.3703284190057023, -3.872828759534886], "S": [1.0500033799426542, -2.1358631653686797, -0.45779126025604194, 0.8276109586062067, 0.42485178910579946, 0.40018973487153037, 0.065770695800971, 0.6507331965221275, 1.2836757261451053, -3.457791260256042], "C": [-5.457791260256043, -4.457791260256042, -2.8728287595348854, -3.457791260256042, -4.457791260256042, -3.872828759534886, -4.457791260256042, -3.457791260256042, -3.1358631653686797, -4.457791260256042], "V": [-0.24833789462709205, -3.872828759534886, 0.47294607730684446, -1.2878662588137293, 0.42485178910579946, 0.5866028591024119, 0.4964050501308333, 0.8089952804388597, -0.45779126025604194, 0.09679759142159576], "N": [-2.457791260256042, -3.1358631653686797, -0.06547383747728142, -0.5998102651284697, -0.32850824331107525, -0.8139350704813171, -0.17238904139379338, 0.40018973487153037, 0.2701291943071573, -3.872828759534886], "P": [-2.8728287595348854, -1.650436338198438, -1.650436338198438, 0.8089952804388597, 1.034061836073633, 0.5422087397439581, 0.9684734944460562, -0.03152650555394381, -2.2878662588137293, -4.457791260256042], "Q": [0.065770695800971, -0.45779126025604194, -1.2878662588137293, 0.42485178910579946, 0.12717124046511452, 0.18606492951868298, 0.18606492951868298, 0.6082979302017308, 0.3235684532686177, -1.9983596416187446], "T": [-0.934229304199029, -2.457791260256042, -0.5998102651284697, -0.7573515421149497, -0.6504363381984378, 0.3235684532686177, -0.32850824331107525, 0.6296715809942978, 0.4490993353524767, -3.457791260256042], "I": [-0.2878662588137294, -3.457791260256042, 0.9172481710908829, -0.8728287595348856, 0.034061836073632876, 0.5422087397439581, 0.8089952804388597, 0.4490993353524767, -1.457791260256042, 0.3495636618015622], "E": [-1.2878662588137293, -2.457791260256042, -2.457791260256042, 0.8276109586062067, 0.8641368346313206, 0.5645765527724126, 0.5194886632438745, 0.9684734944460562, 0.5422087397439581, -5.457791260256043], "D": [-4.457791260256042, -3.872828759534886, -0.20986374681245618, 1.2426484578850503, 0.47294607730684446, -0.03152650555394381, -0.32850824331107525, -0.9983596416187446, -0.6504363381984378, -5.457791260256043], "A": [1.3366246060940643, -1.9983596416187446, 0.15691858385916652, 0.3495636618015622, 0.24264845788505035, 0.5194886632438745, -0.17238904139379338, 0.5194886632438745, 0.3750987539086997, -1.8728287595348854], "Y": [-0.41339714089758817, -1.9983596416187446, 0.6919558592486403, -1.2098637468124562, -0.934229304199029, -1.8728287595348854, -0.32850824331107525, -1.1358631653686795, -1.0654738374772814, -1.3703284190057023]}