{"L": [-1.3291235962915664, -3.3291235962915664, 1.0631938264871938, -0.3291235962915664, 0.2558389044295898, 0.2558389044295898, 0.9928044985957962, 0.9188039171520191, -0.15919859484925403, 3.937662944403335], "G": [-1.74416109557041, -3.3291235962915664, -3.3291235962915664, 1.1944383597654464, 1.4257639058719023, 1.4257639058719023, 0.840801405150746, -1.007195501404204, -0.5217686742339623, -3.3291235962915664], "K": [-3.3291235962915664, -1.74416109557041, -3.3291235962915664, -0.15919859484925403, -1.3291235962915664, -0.15919859484925403, 0.2558389044295898, -3.3291235962915664, -1.3291235962915664, -3.3291235962915664], "M": [0.5777669993169522, -3.3291235962915664, -0.7441610955704102, -3.3291235962915664, -2.3291235962915664, -2.3291235962915664, -1.007195501404204, -1.74416109557041, -3.3291235962915664, 0.13030802234573086], "F": [1.130308022345731, -3.3291235962915664, 0.9928044985957962, -0.7441610955704102, -0.7441610955704102, -0.7441610955704102, -0.0071955014042038865, -0.15919859484925403, -1.74416109557041, -0.3291235962915664], "R": [-3.3291235962915664, 2.4257639058719023, -3.3291235962915664, -0.7441610955704102, -3.3291235962915664, -1.74416109557041, -1.74416109557041, -3.3291235962915664, -3.3291235962915664, -3.3291235962915664], "W": [-1.3291235962915664, -3.3291235962915664, -3.3291235962915664, -3.3291235962915664, -3.3291235962915664, -3.3291235962915664, -1.3291235962915664, -3.3291235962915664, -3.3291235962915664, -3.3291235962915664], "H": [1.5777669993169523, 3.7583392449587736, -1.007195501404204, -1.3291235962915664, -0.7441610955704102, -2.3291235962915664, -0.5217686742339623, -1.74416109557041, -3.3291235962915664, -3.3291235962915664], "S": [0.13030802234573086, -3.3291235962915664, -0.0071955014042038865, 0.840801405150746, 0.9188039171520191, 1.1944383597654464, -0.5217686742339623, -0.0071955014042038865, 1.4782313257660378, -3.3291235962915664], "C": [-3.3291235962915664, -3.3291235962915664, -2.3291235962915664, -3.3291235962915664, -3.3291235962915664, -3.3291235962915664, -3.3291235962915664, -3.3291235962915664, -2.3291235962915664, -1.74416109557041], "V": [-2.3291235962915664, -3.3291235962915664, 0.9188039171520191, -1.74416109557041, 0.7583392449587733, -0.3291235962915664, -0.0071955014042038865, 1.6708764037084336, 1.6708764037084336, -0.5217686742339623], "N": [0.9928044985957962, -3.3291235962915664, -3.3291235962915664, 0.13030802234573086, -0.0071955014042038865, -1.007195501404204, 0.4782313257660377, 0.7583392449587733, -2.3291235962915664, -3.3291235962915664], "P": [-3.3291235962915664, -2.3291235962915664, -2.3291235962915664, 1.3713161218495258, 0.4782313257660377, 1.4782313257660378, 0.840801405150746, -0.3291235962915664, -1.74416109557041, -3.3291235962915664], "Q": [-0.5217686742339623, -2.3291235962915664, -0.7441610955704102, -0.5217686742339623, -1.74416109557041, -0.0071955014042038865, -0.0071955014042038865, 0.4782313257660377, -0.5217686742339623, -3.3291235962915664], "T": [1.8803297693373835, -3.3291235962915664, -1.74416109557041, -1.007195501404204, 0.3713161218495257, -0.0071955014042038865, 0.3713161218495257, 0.4782313257660377, 1.3713161218495258, -3.3291235962915664], "I": [-1.007195501404204, -3.3291235962915664, 1.8408014051507462, -0.7441610955704102, -0.15919859484925403, 0.7583392449587733, -0.0071955014042038865, 0.9928044985957962, 0.4782313257660377, -0.3291235962915664], "E": [0.4782313257660377, -3.3291235962915664, -0.3291235962915664, 1.25583890442959, 0.6708764037084336, 0.13030802234573086, -0.15919859484925403, 0.6708764037084336, 0.13030802234573086, -3.3291235962915664], "D": [-0.15919859484925403, -3.3291235962915664, 1.4782313257660378, 1.4257639058719023, 0.840801405150746, 0.4782313257660377, -0.15919859484925403, -1.3291235962915664, -3.3291235962915664, -3.3291235962915664], "A": [-1.74416109557041, -3.3291235962915664, 1.25583890442959, 0.3713161218495257, 0.6708764037084336, -0.0071955014042038865, 0.4782313257660377, 0.6708764037084336, 2.0631938264871943, -0.5217686742339623], "Y": [0.5777669993169522, -3.3291235962915664, -0.15919859484925403, -1.3291235962915664, -0.5217686742339623, -1.3291235962915664, -0.5217686742339623, -0.15919859484925403, -0.5217686742339623, -3.3291235962915664]}