{"L": [0.14628944225065613, -2.661065479806948, -0.07610297908579183, -1.0761029790857919, -0.07610297908579183, 0.5868620336366375, 0.14628944225065613, 0.7983661388303495, -0.8537105577493439, 2.7983661388303496], "G": [-2.661065479806948, -3.661065479806948, -1.661065479806948, 0.7983661388303495, 1.830787616522727, 0.7983661388303495, 0.9238970209142082, -0.2016338611696506, -0.8537105577493439, -3.661065479806948], "K": [-0.4911404783646354, -3.661065479806948, -2.661065479806948, -0.6610654798069481, 0.33893452019305204, 0.5088595216353646, -0.4911404783646354, -0.33913738491958545, -3.661065479806948, -3.661065479806948], "M": [-1.661065479806948, -3.661065479806948, -0.07610297908579183, -3.661065479806948, -3.661065479806948, -2.661065479806948, -2.076102979085792, -2.076102979085792, -1.661065479806948, 0.8624964762500651], "F": [1.6608626150804144, 3.468217537138019, 1.1969155153206246, -2.661065479806948, -0.33913738491958545, -0.6610654798069481, -1.0761029790857919, -3.661065479806948, -1.0761029790857919, 2.8780933313010837], "R": [0.42639736144339163, -3.661065479806948, -1.3391373849195856, -2.076102979085792, 0.24582511580157052, 0.14628944225065613, 0.5088595216353646, 0.03937423833414447, -2.661065479806948, -3.661065479806948], "W": [-3.661065479806948, -3.661065479806948, -3.661065479806948, -2.661065479806948, -3.661065479806948, -3.661065479806948, -3.661065479806948, -3.661065479806948, -3.661065479806948, -3.661065479806948], "H": [-0.8537105577493439, -3.661065479806948, -0.07610297908579183, -0.6610654798069481, 0.14628944225065613, -1.3391373849195856, -2.661065479806948, 0.24582511580157052, -0.6610654798069481, -3.661065479806948], "S": [1.4263973614433918, -3.661065479806948, -2.661065479806948, -0.07610297908579183, 0.8624964762500651, 1.0393742383341444, 0.14628944225065613, 1.4263973614433918, 2.1462894422506564, -3.661065479806948], "C": [-3.661065479806948, -3.661065479806948, -3.661065479806948, -3.661065479806948, -3.661065479806948, -3.661065479806948, -3.661065479806948, -3.661065479806948, -3.661065479806948, -3.661065479806948], "V": [0.7312519429718125, -3.661065479806948, -0.2016338611696506, -1.3391373849195856, -0.07610297908579183, -0.07610297908579183, 1.1969155153206246, 0.24582511580157052, 0.5088595216353646, -3.661065479806948], "N": [-0.8537105577493439, -3.661065479806948, -1.3391373849195856, 0.6608626150804146, -0.6610654798069481, -0.33913738491958545, 0.03937423833414447, 0.7983661388303495, -1.661065479806948, -3.661065479806948], "P": [-3.661065479806948, -3.661065479806948, 2.3833286395515056, 0.9238970209142082, 0.8624964762500651, 1.2931308305799274, 1.3833286395515054, -1.0761029790857919, -0.6610654798069481, -3.661065479806948], "Q": [-1.661065479806948, -3.661065479806948, 0.14628944225065613, 0.14628944225065613, -0.8537105577493439, -0.6610654798069481, -1.3391373849195856, 0.6608626150804146, -0.4911404783646354, -3.661065479806948], "T": [-1.0761029790857919, -3.661065479806948, -2.076102979085792, 0.6608626150804146, 0.24582511580157052, 0.42639736144339163, 1.1969155153206246, 1.1462894422506562, 1.0938220223565205, -3.661065479806948], "I": [0.6608626150804146, -3.661065479806948, 1.0938220223565205, -2.076102979085792, -1.3391373849195856, -0.07610297908579183, 1.0393742383341444, -0.33913738491958545, -1.3391373849195856, -3.661065479806948], "E": [-3.661065479806948, -3.661065479806948, -3.661065479806948, 1.6964865248111358, -0.07610297908579183, -0.2016338611696506, -1.0761029790857919, 0.03937423833414447, 1.1462894422506562, -3.661065479806948], "D": [-3.661065479806948, -3.661065479806948, -3.661065479806948, 2.0668549747562515, -0.8537105577493439, 0.33893452019305204, -1.0761029790857919, -1.661065479806948, -0.33913738491958545, -3.661065479806948], "A": [0.982790709967777, -3.661065479806948, -1.0761029790857919, -0.6610654798069481, 0.14628944225065613, 0.33893452019305204, -0.2016338611696506, 0.7312519429718125, 1.7312519429718127, -3.661065479806948], "Y": [1.6964865248111358, 3.1333503865431585, 1.7312519429718127, -3.661065479806948, 0.03937423833414447, -1.661065479806948, -1.3391373849195856, -1.661065479806948, -0.2016338611696506, 1.9238970209142081]}