{"L": [0.46971893704549794, -0.21749362192360883, 1.1852655475767984, 0.22179142360191217, 0.5580748114663447, 0.976678925765381, 0.6277837832777492, 1.203644076891653, 1.5509150198934785, 2.0946201831367977], "G": [-0.8906833056565002, -4.515174170564294, -0.5151741705642938, -0.012673830035110674, 0.6277837832777492, 0.7702280482979545, 1.0394146811133433, -1.4562804815107253, -0.7425846666673664, -5.10013667128545], "K": [0.5292199487941597, -4.515174170564294, -0.5151741705642938, -0.12285674778553347, -0.3452491691219814, -0.5765747152284372, 0.008387785492719043, -0.8906833056565002, -0.05574255192699663, -6.10013667128545], "M": [-0.5765747152284372, -1.145940360898575, 0.04961044821923187, -1.5151741705642938, -1.145940360898575, -1.0557425519269967, -0.8906833056565002, -1.1932460756769316, -1.5151741705642938, -1.9302116698431377], "F": [0.008387785492719043, 1.3428068245632783, 0.46971893704549794, -0.8522091578418644, -0.4277113293139546, -0.16939933372256366, 0.7072182507721541, 0.514573172829758, 0.46971893704549794, 3.4640128187002817], "R": [0.7702280482979545, -4.515174170564294, -1.242155676157878, -0.9302116698431377, -0.2672466571207084, -0.3996969531443577, 0.02914634565951651, -1.1001366712854501, 0.1093166943434998, -6.10013667128545], "W": [-3.1001366712854503, 1.0697883301568623, -1.778208576398088, -2.6407050526481526, -1.778208576398088, -1.1932460756769316, -2.012673830035111, -1.145940360898575, -2.9302116698431377, 0.46971893704549794], "H": [-1.640705052648153, -3.778208576398088, -1.4562804815107253, -1.1001366712854501, -1.0557425519269967, -1.5151741705642938, -0.6738719165833519, -0.19324607567693167, -0.4562804815107254, -6.10013667128545], "S": [0.6680476534914763, -1.1001366712854501, 0.514573172829758, 0.25741533333263367, 0.5580748114663447, 0.5437195184892747, -0.012673830035110674, -0.012673830035110674, 0.2749027600614748, -5.10013667128545], "C": [-2.3996969531443577, -3.778208576398088, -2.3996969531443577, -2.6407050526481526, -2.6407050526481526, -2.9302116698431377, -3.515174170564294, -3.292781749227846, -2.292781749227846, -6.10013667128545], "V": [1.4772921567502986, -2.1932460756769316, -0.3452491691219814, -0.16939933372256366, 0.6942791950646557, 0.29218075149331013, 0.12868201921043068, 0.7702280482979545, 0.6003030468556423, -1.8522091578418642], "N": [-0.7425846666673664, -6.10013667128545, 0.20364407689165298, -0.10013667128545004, -0.12285674778553347, -0.012673830035110674, -0.24215567615787806, 0.14779084215813565, -0.19324607567693167, -6.10013667128545], "P": [-0.29278174922784606, -1.8522091578418642, 1.1477908421581358, 1.7136445199315873, 0.9332863302520004, 0.6942791950646557, 0.8306006662774363, 0.7825063780763912, -0.8906833056565002, -6.10013667128545], "Q": [-0.70781924850669, -1.8522091578418642, -0.6407050526481528, -0.2672466571207084, -0.5455478196078128, -0.19324607567693167, 0.008387785492719043, 0.12868201921043068, -0.3452491691219814, -6.10013667128545], "T": [-0.07776885825699546, -2.292781749227846, 0.20364407689165298, 0.1093166943434998, 0.46971893704549794, 0.4848258294357061, 0.08968788759456718, 0.3092542648522519, 1.4390221398225813, -3.515174170564294], "I": [0.7825063780763912, -2.6407050526481526, 0.7200422911297378, -0.70781924850669, 0.1093166943434998, 0.5580748114663447, 0.16664986940945128, 0.20364407689165298, -0.29278174922784606, 1.0188044014380575], "E": [-0.5765747152284372, -3.778208576398088, -1.7078192485066899, 1.008387785492719, 0.14779084215813565, -0.14594036089857482, -0.24215567615787806, 0.6141088463806726, -0.05574255192699663, -3.515174170564294], "D": [-1.1932460756769316, -6.10013667128545, -0.7425846666673664, 1.2397133315991746, 0.20364407689165298, -0.48542682717024194, -0.2672466571207084, -0.5455478196078128, -1.3452491691219814, -4.10013667128545], "A": [0.16664986940945128, -2.515174170564294, 0.6003030468556423, 0.1093166943434998, 0.4234252847715628, 0.45445218039218727, 0.02914634565951651, 0.20364407689165298, -0.5455478196078128, -3.515174170564294], "Y": [0.40765796891324624, 3.5722886706860457, 0.25741533333263367, -1.1932460756769316, -0.8147344524232016, -0.7782085763980878, -0.6407050526481528, -0.6082835749557755, 0.18526554757679833, -1.7078192485066899]}