{"L": [-1.4329594072761063, -1.4329594072761063, 1.5670405927238937, -0.4329594072761063, 0.5670405927238937, 1.3743955147814977, 0.5670405927238937, -0.4329594072761063, -1.4329594072761063, 0.8889686876112559], "G": [-1.4329594072761063, -1.4329594072761063, -0.4329594072761063, -0.4329594072761063, 0.15200309344504975, 0.5670405927238937, 1.1520030934450498, -1.4329594072761063, 0.15200309344504975, -1.4329594072761063], "K": [0.15200309344504975, -1.4329594072761063, 0.15200309344504975, -0.4329594072761063, 0.15200309344504975, 1.1520030934450498, 0.8889686876112559, 2.2674803108649857, 1.8889686876112561, -1.4329594072761063], "M": [0.15200309344504975, -1.4329594072761063, -0.4329594072761063, -1.4329594072761063, -1.4329594072761063, -1.4329594072761063, -0.4329594072761063, -1.4329594072761063, -0.4329594072761063, -1.4329594072761063], "F": [-1.4329594072761063, -1.4329594072761063, 0.15200309344504975, -1.4329594072761063, -1.4329594072761063, -1.4329594072761063, 0.8889686876112559, -1.4329594072761063, -0.4329594072761063, 2.026472211361191], "R": [-1.4329594072761063, -1.4329594072761063, -1.4329594072761063, -1.4329594072761063, -0.4329594072761063, -0.4329594072761063, 0.5670405927238937, 1.736965594166206, -0.4329594072761063, -1.4329594072761063], "W": [-1.4329594072761063, -1.4329594072761063, -1.4329594072761063, -1.4329594072761063, -1.4329594072761063, -1.4329594072761063, -1.4329594072761063, -1.4329594072761063, -1.4329594072761063, 2.736965594166206], "H": [-1.4329594072761063, -1.4329594072761063, -1.4329594072761063, -0.4329594072761063, 0.15200309344504975, -0.4329594072761063, -0.4329594072761063, 0.8889686876112559, -1.4329594072761063, -1.4329594072761063], "S": [0.5670405927238937, -1.4329594072761063, -0.4329594072761063, 0.5670405927238937, -0.4329594072761063, -0.4329594072761063, 0.15200309344504975, -1.4329594072761063, 1.5670405927238937, -1.4329594072761063], "C": [-1.4329594072761063, -1.4329594072761063, -1.4329594072761063, -1.4329594072761063, -1.4329594072761063, -1.4329594072761063, -1.4329594072761063, -1.4329594072761063, -1.4329594072761063, -1.4329594072761063], "V": [-0.4329594072761063, -1.4329594072761063, 1.1520030934450498, 0.15200309344504975, 0.8889686876112559, 0.8889686876112559, 0.8889686876112559, -0.4329594072761063, 0.15200309344504975, -1.4329594072761063], "N": [0.5670405927238937, -1.4329594072761063, -0.4329594072761063, 0.5670405927238937, 0.8889686876112559, -0.4329594072761063, -1.4329594072761063, -1.4329594072761063, -0.4329594072761063, -1.4329594072761063], "P": [-1.4329594072761063, -1.4329594072761063, -1.4329594072761063, 0.15200309344504975, 0.5670405927238937, -0.4329594072761063, -0.4329594072761063, -0.4329594072761063, -1.4329594072761063, -1.4329594072761063], "Q": [-1.4329594072761063, -1.4329594072761063, 0.15200309344504975, 0.15200309344504975, -0.4329594072761063, 0.5670405927238937, -1.4329594072761063, 0.15200309344504975, 0.8889686876112559, -1.4329594072761063], "T": [0.8889686876112559, -1.4329594072761063, -1.4329594072761063, 0.5670405927238937, -0.4329594072761063, 0.15200309344504975, -1.4329594072761063, -1.4329594072761063, 0.5670405927238937, -1.4329594072761063], "I": [-1.4329594072761063, -1.4329594072761063, 1.1520030934450498, -1.4329594072761063, -1.4329594072761063, 0.15200309344504975, 1.1520030934450498, -1.4329594072761063, -1.4329594072761063, -1.4329594072761063], "E": [2.1520030934450496, 4.321928094887363, 0.5670405927238937, 1.736965594166206, 0.15200309344504975, -0.4329594072761063, -0.4329594072761063, 1.3743955147814977, 1.1520030934450498, -1.4329594072761063], "D": [0.5670405927238937, -1.4329594072761063, 1.3743955147814977, 1.5670405927238937, 1.3743955147814977, 1.1520030934450498, -0.4329594072761063, 0.15200309344504975, -1.4329594072761063, -1.4329594072761063], "A": [2.2674803108649857, -1.4329594072761063, 0.8889686876112559, 0.5670405927238937, 0.8889686876112559, -0.4329594072761063, 0.15200309344504975, 0.8889686876112559, 1.1520030934450498, -1.4329594072761063], "Y": [-1.4329594072761063, -1.4329594072761063, -1.4329594072761063, -1.4329594072761063, -0.4329594072761063, -1.4329594072761063, -1.4329594072761063, -1.4329594072761063, -1.4329594072761063, 2.888968687611256]}