{"L": [0.3446481713874458, 2.770912926089544, 0.6665762662748081, -0.3334237337251919, 0.3446481713874458, 0.514573172829758, 1.1520030934450498, 1.1520030934450498, 0.8040797900247431, 3.4531726281656154], "G": [-2.6553518286125546, -1.070389327891398, -0.6553518286125543, -0.3334237337251919, 1.4321110126377852, 0.929610672108602, 0.6665762662748081, -2.6553518286125546, -0.07038932789139801, -2.6553518286125546], "K": [-0.6553518286125543, -2.6553518286125546, -1.6553518286125541, -0.07038932789139801, -1.070389327891398, 0.929610672108602, -0.6553518286125543, -1.6553518286125541, -2.6553518286125546, -2.6553518286125546], "M": [-0.6553518286125543, -0.6553518286125543, 0.514573172829758, -2.6553518286125546, -2.6553518286125546, -2.6553518286125546, -2.6553518286125546, -1.6553518286125541, -2.6553518286125546, -0.6553518286125543], "F": [2.8365012677171206, 0.15200309344504975, 2.0995356735509145, -0.07038932789139801, 0.15200309344504975, -0.6553518286125543, 0.15200309344504975, 0.3446481713874458, 1.0450878895285378, 1.2515387669959641], "R": [0.6665762662748081, 1.1520030934450498, -0.3334237337251919, -2.6553518286125546, 0.15200309344504975, 0.514573172829758, -0.07038932789139801, -0.3334237337251919, -0.6553518286125543, -2.6553518286125546], "W": [-2.6553518286125546, -2.6553518286125546, -2.6553518286125546, -2.6553518286125546, -1.070389327891398, -1.070389327891398, -2.6553518286125546, -1.070389327891398, -2.6553518286125546, -2.6553518286125546], "H": [-2.6553518286125546, -2.6553518286125546, -2.6553518286125546, -1.6553518286125541, 0.6665762662748081, -1.070389327891398, -1.070389327891398, -0.07038932789139801, -2.6553518286125546, -2.6553518286125546], "S": [0.514573172829758, -0.6553518286125543, -0.6553518286125543, -0.3334237337251919, 0.15200309344504975, 0.8040797900247431, 0.6665762662748081, 0.8040797900247431, 1.3446481713874459, -2.6553518286125546], "C": [-2.6553518286125546, -2.6553518286125546, -2.6553518286125546, -2.6553518286125546, -2.6553518286125546, -2.6553518286125546, -2.6553518286125546, -2.6553518286125546, -2.6553518286125546, -2.6553518286125546], "V": [-0.6553518286125543, 0.514573172829758, -0.07038932789139801, -1.6553518286125541, -0.6553518286125543, -0.3334237337251919, 1.0450878895285378, 1.2515387669959641, 0.514573172829758, 2.1520030934450496], "N": [-2.6553518286125546, -2.6553518286125546, -1.070389327891398, 0.3446481713874458, 0.8040797900247431, 0.3446481713874458, 0.8040797900247431, 0.514573172829758, -2.6553518286125546, -2.6553518286125546], "P": [-2.6553518286125546, -2.6553518286125546, -1.6553518286125541, 2.298844481774321, 1.1520030934450498, 1.3446481713874459, 1.1520030934450498, 0.8040797900247431, -1.070389327891398, -2.6553518286125546], "Q": [-2.6553518286125546, 0.514573172829758, -1.070389327891398, -0.6553518286125543, -1.6553518286125541, -1.070389327891398, -0.3334237337251919, -1.070389327891398, -0.3334237337251919, -2.6553518286125546], "T": [-1.070389327891398, -0.3334237337251919, -2.6553518286125546, -0.07038932789139801, -0.07038932789139801, -0.07038932789139801, 0.8040797900247431, 1.0450878895285378, 1.2515387669959641, -2.6553518286125546], "I": [-1.6553518286125541, -0.6553518286125543, -0.3334237337251919, -1.070389327891398, -1.6553518286125541, 0.514573172829758, 0.6665762662748081, -0.3334237337251919, -0.07038932789139801, 0.514573172829758], "E": [-2.6553518286125546, -1.070389327891398, -1.070389327891398, 0.8040797900247431, 1.0450878895285378, -2.6553518286125546, -2.6553518286125546, -1.070389327891398, 0.6665762662748081, -2.6553518286125546], "D": [-2.6553518286125546, -2.6553518286125546, 1.0450878895285378, 2.1520030934450496, -1.070389327891398, -1.6553518286125541, -1.6553518286125541, -1.070389327891398, -1.070389327891398, -2.6553518286125546], "A": [-0.07038932789139801, 0.15200309344504975, -0.07038932789139801, -1.6553518286125541, 0.15200309344504975, 0.6665762662748081, -0.6553518286125543, 0.3446481713874458, 1.0450878895285378, -2.6553518286125546], "Y": [2.0995356735509145, 0.929610672108602, 1.804079790024743, -1.6553518286125541, -1.6553518286125541, -1.070389327891398, -2.6553518286125546, -0.3334237337251919, 0.514573172829758, -2.6553518286125546]}