{"L": [-1.0578440745722844, 2.3407053019179904, 1.5912487635685875, -0.19534759832221937, 0.4369206171772937, 0.6120073237353847, 1.155149648761914, 0.9089890614925163, -0.19534759832221937, 0.38961490239893687], "G": [-0.5172756932095817, -1.9323131924884256, -0.7099207711519775, 0.8750417295691788, 1.389614902398937, 1.0676868075115744, 0.8750417295691788, -1.5172756932095817, -0.12495827043082126, -4.517275693209582], "K": [2.6222756591892122, -1.9323131924884256, -0.7099207711519775, 0.006286262847431137, -0.2693481797659962, 0.4369206171772937, -1.0578440745722844, -0.8168359750684894, -0.5172756932095817, -1.9323131924884256], "M": [-0.5172756932095817, -0.34735069176726935, -0.5172756932095817, -2.517275693209582, -2.517275693209582, -1.5172756932095817, -1.3473506917672693, -0.7099207711519775, -2.517275693209582, -2.517275693209582], "F": [-1.3473506917672693, -2.1953475983222197, 2.0974341509056265, -1.1953475983222195, 0.4369206171772937, -0.6103850976010632, 0.23761180895388678, 0.34070530191799037, -1.5172756932095817, 3.0974341509056265], "R": [2.482724306790418, -2.1953475983222197, -1.0578440745722844, -1.3473506917672693, -0.429812851959242, -0.2693481797659962, 0.18316402493151054, -1.1953475983222195, -0.12495827043082126, -2.517275693209582], "W": [-1.9323131924884256, -4.517275693209582, -1.0578440745722844, -3.517275693209582, -2.1953475983222197, -1.1953475983222195, 1.155149648761914, -1.0578440745722844, -2.517275693209582, 1.9089890614925165], "H": [-1.3473506917672693, -4.517275693209582, -2.932313192488426, -0.6103850976010632, -0.9323131924884258, -0.429812851959242, -0.7099207711519775, 0.006286262847431137, -1.3473506917672693, -4.517275693209582], "S": [0.4369206171772937, -0.057844074572284306, -0.2693481797659962, 0.7306518202340038, 0.006286262847431137, 0.4369206171772937, -0.057844074572284306, 0.23761180895388678, 1.9745774031200929, -4.517275693209582], "C": [-4.517275693209582, -4.517275693209582, -4.517275693209582, -4.517275693209582, -4.517275693209582, -1.7099207711519775, -4.517275693209582, -3.517275693209582, -4.517275693209582, -4.517275693209582], "V": [-0.8168359750684894, 1.6526493082327307, 0.23761180895388678, -0.34735069176726935, 0.18316402493151054, 0.7306518202340038, 0.6526493082327307, 1.2900792288480225, 0.8046524016777807, -1.9323131924884256], "N": [-2.932313192488426, -2.1953475983222197, -0.5172756932095817, -0.057844074572284306, -0.9323131924884258, -0.7099207711519775, 0.18316402493151054, -0.6103850976010632, -0.5172756932095817, -4.517275693209582], "P": [-2.1953475983222197, -3.517275693209582, -0.9323131924884258, 1.5912487635685875, 0.7681265256526668, 0.06768680751157428, 0.5271184261488718, 0.23761180895388678, -0.9323131924884258, -3.517275693209582], "Q": [-2.517275693209582, 1.5050921198188727, -1.7099207711519775, -0.5172756932095817, -0.12495827043082126, -0.9323131924884258, -0.9323131924884258, 0.29007922884802245, -0.19534759832221937, -4.517275693209582], "T": [-1.1953475983222195, 1.527118426148872, -0.5172756932095817, -0.19534759832221937, -0.5172756932095817, 0.23761180895388678, 0.006286262847431137, 0.570187148040758, 1.8046524016777807, -2.517275693209582], "I": [-0.34735069176726935, 0.7681265256526668, 0.6120073237353847, -1.9323131924884256, 0.06768680751157428, 0.9421559254277156, 0.18316402493151054, 0.29007922884802245, -1.7099207711519775, -0.2693481797659962], "E": [-2.932313192488426, -1.3473506917672693, -2.932313192488426, 1.0062862628474312, 0.23761180895388678, -0.429812851959242, -1.7099207711519775, 0.006286262847431137, 0.5271184261488718, -4.517275693209582], "D": [-2.932313192488426, -2.517275693209582, -3.517275693209582, 1.5912487635685875, 0.38961490239893687, -0.2693481797659962, -1.3473506917672693, -1.5172756932095817, -1.9323131924884256, -1.7099207711519775], "A": [0.18316402493151054, -0.8168359750684894, 0.974577403120093, -0.19534759832221937, 0.8046524016777807, 0.6120073237353847, -0.2693481797659962, 0.29007922884802245, 0.7681265256526668, -3.517275693209582], "Y": [-1.9323131924884256, -2.517275693209582, 0.7681265256526668, -1.3473506917672693, -0.12495827043082126, -1.7099207711519775, -0.7099207711519775, 0.4369206171772937, -1.0578440745722844, 1.9584577377568162]}