{"R": [0.9130434782608695, 0.028985507246376812, 0.3188405797101449, 0.15942028985507245, 0.15942028985507245, 0.07246376811594203, 0.08695652173913043, 0.2608695652173913, 0.2463768115942029, 0.18840579710144928, 0.2318840579710145, 0.30434782608695654], "Q": [0.07246376811594203, 0.11594202898550725, 0.057971014492753624, 0.14492753623188406, 0.17391304347826086, 0.17391304347826086, 0.2318840579710145, 0.21739130434782608, 0.18840579710144928, 0.15942028985507245, 0.43478260869565216, 0.028985507246376812], "G": [0.2956521739130435, 0.08695652173913043, 0.20869565217391303, 0.3826086956521739, 0.4, 0.3826086956521739, 0.5565217391304348, 0.7478260869565218, 0.46956521739130436, 0.3652173913043478, 0.2782608695652174, 0.034782608695652174], "Y": [0.06086956521739131, 0.04057971014492753, 0.9739130434782609, 0.10144927536231885, 0.24347826086956523, 0.16231884057971013, 0.1826086956521739, 0.04057971014492753, 0.22318840579710145, 0.30434782608695654, 0.3652173913043478, 0.3855072463768116], "E": [0.043478260869565216, 0.0, 0.043478260869565216, 0.30434782608695654, 0.14492753623188406, 0.42028985507246375, 0.2753623188405797, 0.34782608695652173, 0.30434782608695654, 0.14492753623188406, 0.2898550724637681, 0.014492753623188406], "P": [0.04057971014492753, 0.020289855072463767, 0.12173913043478261, 0.7710144927536232, 0.8318840579710145, 0.30434782608695654, 0.34492753623188405, 0.3855072463768116, 0.4463768115942029, 0.24347826086956523, 0.3855072463768116, 0.0], "T": [0.2608695652173913, 0.7536231884057971, 0.14492753623188406, 0.2028985507246377, 0.2753623188405797, 0.2463768115942029, 0.2898550724637681, 0.2463768115942029, 0.36231884057971014, 0.37681159420289856, 0.2608695652173913, 0.0], "F": [0.17391304347826086, 0.06956521739130435, 1.008695652173913, 0.2608695652173913, 0.3826086956521739, 0.2608695652173913, 0.24347826086956523, 0.20869565217391303, 0.2608695652173913, 0.2782608695652174, 0.4, 0.034782608695652174], "I": [0.1855072463768116, 0.48695652173913045, 0.25507246376811593, 0.16231884057971013, 0.17391304347826086, 0.17391304347826086, 0.16231884057971013, 0.11594202898550725, 0.2782608695652174, 0.26666666666666666, 0.11594202898550725, 0.0], "C": [0.0782608695652174, 0.0, 0.1565217391304348, 0.23478260869565218, 0.05217391304347826, 0.2608695652173913, 0.05217391304347826, 0.10434782608695652, 0.0782608695652174, 0.13043478260869565, 0.10434782608695652, 0.0], "D": [0.017391304347826087, 0.0, 0.10434782608695652, 0.5043478260869565, 0.3130434782608696, 0.2608695652173913, 0.20869565217391303, 0.2782608695652174, 0.19130434782608696, 0.06956521739130435, 0.034782608695652174, 0.017391304347826087], "M": [0.11594202898550725, 0.3188405797101449, 0.08695652173913043, 0.10144927536231885, 0.07246376811594203, 0.10144927536231885, 0.028985507246376812, 0.07246376811594203, 0.11594202898550725, 0.17391304347826086, 0.08695652173913043, 0.0], "W": [0.0, 0.0, 0.25507246376811593, 0.22318840579710145, 0.15942028985507245, 0.09565217391304348, 0.06376811594202898, 0.06376811594202898, 0.06376811594202898, 0.19130434782608696, 0.06376811594202898, 0.0], "N": [0.05217391304347826, 0.017391304347826087, 0.2782608695652174, 0.3130434782608696, 0.2782608695652174, 0.2782608695652174, 0.33043478260869563, 0.22608695652173913, 0.2782608695652174, 0.17391304347826086, 0.2608695652173913, 0.017391304347826087], "K": [0.7391304347826086, 0.0, 0.2898550724637681, 0.3188405797101449, 0.2463768115942029, 0.37681159420289856, 0.36231884057971014, 0.36231884057971014, 0.2753623188405797, 0.2753623188405797, 0.5652173913043478, 4.043478260869565], "S": [0.4289855072463768, 0.30144927536231886, 0.2318840579710145, 0.3826086956521739, 0.34782608695652173, 0.4405797101449275, 0.5681159420289855, 0.4057971014492754, 0.34782608695652173, 0.2782608695652174, 0.19710144927536233, 0.034782608695652174], "V": [0.30144927536231886, 0.7188405797101449, 0.15072463768115943, 0.19710144927536233, 0.2782608695652174, 0.2782608695652174, 0.26666666666666666, 0.17391304347826086, 0.24347826086956523, 0.2782608695652174, 0.1391304347826087, 0.011594202898550725], "L": [0.2898550724637681, 1.2057971014492754, 0.4753623188405797, 0.24347826086956523, 0.39420289855072466, 0.35942028985507246, 0.4057971014492754, 0.4405797101449275, 0.3130434782608696, 0.7768115942028986, 0.6492753623188405, 0.034782608695652174], "A": [0.5565217391304348, 0.16231884057971013, 0.26666666666666666, 0.25507246376811593, 0.2318840579710145, 0.32463768115942027, 0.30144927536231886, 0.3130434782608696, 0.2898550724637681, 0.24347826086956523, 0.19710144927536233, 0.0], "H": [0.1391304347826087, 0.0, 0.02318840579710145, 0.2318840579710145, 0.20869565217391303, 0.20869565217391303, 0.06956521739130435, 0.11594202898550725, 0.1855072463768116, 0.1391304347826087, 0.11594202898550725, 0.2318840579710145]}