{"R": [0.8830275229357798, 0.011467889908256881, 2.213302752293578, 0.1834862385321101, 0.20642201834862386, 0.49311926605504586, 0.3555045871559633, 0.16055045871559634, 0.3669724770642202, 0.14908256880733944, 0.13761467889908258, 0.034403669724770644], "Q": [0.16055045871559634, 0.011467889908256881, 0.09174311926605505, 0.22935779816513763, 0.20642201834862386, 0.1720183486238532, 0.22935779816513763, 0.1720183486238532, 0.21788990825688073, 0.26376146788990823, 0.11467889908256881, 0.034403669724770644], "G": [0.22018348623853212, 0.013761467889908258, 0.15137614678899083, 0.8256880733944955, 0.536697247706422, 0.5779816513761468, 0.7844036697247706, 0.9495412844036697, 0.6605504587155964, 0.5091743119266054, 0.20642201834862386, 0.05504587155963303], "Y": [0.06422018348623854, 0.016055045871559634, 0.3853211009174312, 0.17660550458715596, 0.06422018348623854, 0.08027522935779817, 0.12844036697247707, 0.0963302752293578, 0.1926605504587156, 0.0963302752293578, 0.08027522935779817, 0.0481651376146789], "E": [0.045871559633027525, 0.022935779816513763, 0.034403669724770644, 0.2408256880733945, 0.13761467889908258, 0.21788990825688073, 0.22935779816513763, 0.2408256880733945, 0.13761467889908258, 0.2408256880733945, 0.2981651376146789, 0.05733944954128441], "P": [0.06422018348623854, 6.422018348623853, 0.4334862385321101, 1.0435779816513762, 1.396788990825688, 0.6422018348623854, 0.8990825688073395, 0.7706422018348624, 0.7064220183486238, 0.6261467889908257, 0.5137614678899083, 0.0481651376146789], "T": [0.22935779816513763, 0.022935779816513763, 0.045871559633027525, 0.22935779816513763, 0.3211009174311927, 0.26376146788990823, 0.20642201834862386, 0.22935779816513763, 0.481651376146789, 0.3555045871559633, 0.5160550458715596, 0.05733944954128441], "F": [0.06880733944954129, 0.027522935779816515, 0.23394495412844038, 0.0963302752293578, 0.05504587155963303, 0.20642201834862386, 0.0963302752293578, 0.22018348623853212, 0.23394495412844038, 0.08256880733944955, 0.08256880733944955, 0.6330275229357798], "I": [0.13761467889908258, 0.0, 0.11009174311926606, 0.09174311926605505, 0.1743119266055046, 0.09174311926605505, 0.11926605504587157, 0.13761467889908258, 0.22935779816513763, 0.11926605504587157, 0.1743119266055046, 0.10091743119266056], "C": [0.0, 0.0, 0.0, 0.0, 0.0, 0.0, 0.0, 0.020642201834862386, 0.0, 0.04128440366972477, 0.06192660550458716, 0.020642201834862386], "D": [0.0, 0.013761467889908258, 0.12385321100917432, 0.3440366972477064, 0.0963302752293578, 0.2889908256880734, 0.26146788990825687, 0.22018348623853212, 0.12385321100917432, 0.12385321100917432, 0.11009174311926606, 0.027522935779816515], "M": [0.045871559633027525, 0.022935779816513763, 0.1834862385321101, 0.034403669724770644, 0.011467889908256881, 0.08027522935779817, 0.034403669724770644, 0.045871559633027525, 0.045871559633027525, 0.05733944954128441, 0.08027522935779817, 0.3211009174311927], "W": [0.07568807339449542, 0.0, 0.02522935779816514, 0.07568807339449542, 0.02522935779816514, 0.05045871559633028, 0.05045871559633028, 0.07568807339449542, 0.10091743119266056, 0.0, 0.02522935779816514, 0.0], "N": [0.0963302752293578, 0.0, 0.13761467889908258, 0.15137614678899083, 0.17889908256880735, 0.20642201834862386, 0.13761467889908258, 0.1651376146788991, 0.1926605504587156, 0.20642201834862386, 0.12385321100917432, 0.013761467889908258], "K": [0.37844036697247707, 0.011467889908256881, 0.22935779816513763, 0.1720183486238532, 0.13761467889908258, 0.1720183486238532, 0.19495412844036697, 0.16055045871559634, 0.1720183486238532, 0.10321100917431193, 0.05733944954128441, 0.011467889908256881], "S": [0.8807339449541285, 0.01834862385321101, 0.2018348623853211, 0.44954128440366975, 0.44036697247706424, 0.5596330275229358, 0.47706422018348627, 0.4954128440366973, 0.46788990825688076, 0.6513761467889908, 0.7339449541284404, 0.03669724770642202], "V": [0.25688073394495414, 0.06422018348623854, 0.06422018348623854, 0.13761467889908258, 0.3394495412844037, 0.1834862385321101, 0.25688073394495414, 0.27522935779816515, 0.1834862385321101, 0.3486238532110092, 0.43119266055045874, 0.27522935779816515], "L": [0.13761467889908258, 0.045871559633027525, 0.12844036697247707, 0.26605504587155965, 0.3394495412844037, 0.25688073394495414, 0.26605504587155965, 0.27522935779816515, 0.3577981651376147, 0.44036697247706424, 0.22018348623853212, 2.4403669724770642], "A": [0.7889908256880734, 0.07339449541284404, 0.25688073394495414, 0.47706422018348627, 0.4036697247706422, 0.42201834862385323, 0.3486238532110092, 0.3577981651376147, 0.22935779816513763, 0.3577981651376147, 0.7155963302752294, 0.1834862385321101], "H": [0.09174311926605505, 0.0, 0.1834862385321101, 0.07339449541284404, 0.12844036697247707, 0.1651376146788991, 0.14678899082568808, 0.1651376146788991, 0.07339449541284404, 0.2018348623853211, 0.07339449541284404, 0.0]}