{"R": [0.5793991416309013, 4.828326180257511, 0.02145922746781116, 0.04291845493562232, 0.15021459227467812, 0.1072961373390558, 0.12875536480686695, 0.1072961373390558, 0.1072961373390558, 0.17167381974248927, 0.12875536480686695, 0.06437768240343347], "Q": [0.27896995708154504, 0.06437768240343347, 0.1072961373390558, 0.30042918454935624, 0.19313304721030042, 0.19313304721030042, 0.23605150214592274, 0.12875536480686695, 0.17167381974248927, 0.23605150214592274, 0.3218884120171674, 0.02145922746781116], "G": [1.055793991416309, 0.0, 0.12875536480686695, 0.6180257510729614, 0.4892703862660944, 0.43776824034334766, 0.9012875536480687, 0.721030042918455, 0.6695278969957081, 0.3090128755364807, 0.6437768240343348, 0.02575107296137339], "Y": [0.060085836909871244, 0.0, 0.7510729613733905, 0.18025751072961374, 0.12017167381974249, 0.15021459227467812, 0.12017167381974249, 0.060085836909871244, 0.09012875536480687, 0.4206008583690987, 0.21030042918454936, 2.3733905579399144], "E": [0.1072961373390558, 0.0, 0.06437768240343347, 0.30042918454935624, 0.27896995708154504, 0.4291845493562232, 0.40772532188841204, 0.3218884120171674, 0.3648068669527897, 0.23605150214592274, 0.30042918454935624, 0.0], "P": [0.0, 0.030042918454935622, 0.030042918454935622, 0.6609442060085837, 0.9914163090128756, 0.8111587982832618, 0.630901287553648, 0.48068669527896996, 0.6909871244635193, 0.4206008583690987, 0.030042918454935622, 0.0], "T": [0.27896995708154504, 0.0, 0.15021459227467812, 0.30042918454935624, 0.38626609442060084, 0.12875536480686695, 0.12875536480686695, 0.19313304721030042, 0.34334763948497854, 0.38626609442060084, 0.6008583690987125, 0.02145922746781116], "F": [0.10300429184549356, 0.0, 1.0042918454935623, 0.10300429184549356, 0.18025751072961374, 0.2317596566523605, 0.2575107296137339, 0.10300429184549356, 0.33476394849785407, 0.3605150214592275, 0.12875536480686695, 2.1373390557939915], "I": [0.17167381974248927, 0.017167381974248927, 0.34334763948497854, 0.034334763948497854, 0.2918454935622318, 0.13733905579399142, 0.20600858369098712, 0.20600858369098712, 0.3090128755364807, 0.44635193133047213, 0.06866952789699571, 0.06866952789699571], "C": [0.0, 0.0, 0.03862660944206009, 0.0, 0.03862660944206009, 0.0, 0.0, 0.07725321888412018, 0.07725321888412018, 0.0, 0.11587982832618025, 0.0], "D": [0.05150214592274678, 0.0, 0.02575107296137339, 0.7725321888412017, 0.41201716738197425, 0.6180257510729614, 0.43776824034334766, 0.7725321888412017, 0.3605150214592275, 0.2575107296137339, 0.12875536480686695, 0.05150214592274678], "M": [0.15021459227467812, 0.0, 0.15021459227467812, 0.1072961373390558, 0.02145922746781116, 0.02145922746781116, 0.02145922746781116, 0.08583690987124463, 0.06437768240343347, 0.17167381974248927, 0.1072961373390558, 0.06437768240343347], "W": [0.04721030042918455, 0.0, 0.7081545064377682, 0.0944206008583691, 0.0944206008583691, 0.0944206008583691, 0.14163090128755365, 0.04721030042918455, 0.04721030042918455, 0.4721030042918455, 0.14163090128755365, 1.6523605150214593], "N": [0.15450643776824036, 0.0, 0.20600858369098712, 0.2832618025751073, 0.20600858369098712, 0.3605150214592275, 0.15450643776824036, 0.38626609442060084, 0.15450643776824036, 0.10300429184549356, 0.2317596566523605, 0.02575107296137339], "K": [0.4721030042918455, 0.0, 0.17167381974248927, 0.2145922746781116, 0.15021459227467812, 0.30042918454935624, 0.2145922746781116, 0.27896995708154504, 0.12875536480686695, 0.08583690987124463, 0.15021459227467812, 0.02145922746781116], "S": [0.6008583690987125, 0.017167381974248927, 0.12017167381974249, 0.5150214592274678, 0.2918454935622318, 0.41201716738197425, 0.4291845493562232, 0.3605150214592275, 0.24034334763948498, 0.17167381974248927, 0.5665236051502146, 0.0], "V": [0.12017167381974249, 0.017167381974248927, 0.3261802575107296, 0.05150214592274678, 0.1888412017167382, 0.2575107296137339, 0.24034334763948498, 0.17167381974248927, 0.22317596566523606, 0.24034334763948498, 0.20600858369098712, 0.0], "L": [0.13733905579399142, 0.0, 0.8068669527896996, 0.41201716738197425, 0.4291845493562232, 0.27467811158798283, 0.1888412017167382, 0.24034334763948498, 0.44635193133047213, 0.5150214592274678, 0.5836909871244635, 0.3090128755364807], "A": [0.3776824034334764, 0.017167381974248927, 0.17167381974248927, 0.22317596566523606, 0.2918454935622318, 0.27467811158798283, 0.3261802575107296, 0.41201716738197425, 0.2575107296137339, 0.24034334763948498, 0.27467811158798283, 0.017167381974248927], "H": [0.27467811158798283, 0.0, 0.13733905579399142, 0.10300429184549356, 0.034334763948497854, 0.034334763948497854, 0.10300429184549356, 0.06866952789699571, 0.13733905579399142, 0.034334763948497854, 0.034334763948497854, 0.0]}