{"R": [0.13245033112582782, 0.033112582781456956, 0.06622516556291391, 0.16556291390728478, 0.1986754966887417, 0.13245033112582782, 0.06622516556291391, 0.0, 0.09933774834437085, 0.06622516556291391, 0.33112582781456956, 0.6622516556291391], "Q": [0.033112582781456956, 0.13245033112582782, 0.033112582781456956, 0.16556291390728478, 0.13245033112582782, 0.06622516556291391, 0.26490066225165565, 0.1986754966887417, 0.2980132450331126, 0.16556291390728478, 0.09933774834437085, 0.06622516556291391], "G": [0.31788079470198677, 0.31788079470198677, 0.31788079470198677, 0.8344370860927153, 0.5562913907284768, 0.6754966887417219, 0.7152317880794702, 0.7152317880794702, 0.7152317880794702, 0.4768211920529801, 0.5165562913907285, 0.11920529801324503], "Y": [0.32450331125827814, 0.1390728476821192, 0.5099337748344371, 0.046357615894039736, 0.18543046357615894, 0.2781456953642384, 0.23178807947019867, 0.046357615894039736, 0.09271523178807947, 0.18543046357615894, 0.1390728476821192, 0.23178807947019867], "E": [1.1920529801324504, 0.1986754966887417, 0.13245033112582782, 0.6622516556291391, 0.46357615894039733, 0.46357615894039733, 0.36423841059602646, 0.3973509933774834, 0.26490066225165565, 0.3973509933774834, 0.5629139072847682, 0.033112582781456956], "P": [0.09271523178807947, 0.23178807947019867, 0.46357615894039733, 0.6026490066225165, 0.5099337748344371, 0.41721854304635764, 0.23178807947019867, 0.32450331125827814, 0.695364238410596, 0.3708609271523179, 0.23178807947019867, 0.0], "T": [0.36423841059602646, 0.9602649006622517, 0.09933774834437085, 0.26490066225165565, 0.16556291390728478, 0.26490066225165565, 0.1986754966887417, 0.4304635761589404, 0.36423841059602646, 0.33112582781456956, 0.2980132450331126, 0.16556291390728478], "F": [0.2781456953642384, 0.11920529801324503, 0.7152317880794702, 0.039735099337748346, 0.07947019867549669, 0.07947019867549669, 0.1986754966887417, 0.2781456953642384, 0.11920529801324503, 0.23841059602649006, 0.1986754966887417, 0.15894039735099338], "I": [0.052980132450331126, 0.18543046357615894, 0.5827814569536424, 0.07947019867549669, 0.15894039735099338, 0.31788079470198677, 0.2119205298013245, 0.13245033112582782, 0.23841059602649006, 0.2913907284768212, 0.15894039735099338, 0.10596026490066225], "C": [0.0, 0.0, 0.0, 0.0, 0.0, 0.0, 0.0, 0.0, 0.0, 0.0, 0.059602649006622516, 0.0], "D": [0.3576158940397351, 0.039735099337748346, 0.15894039735099338, 0.5165562913907285, 0.23841059602649006, 0.3973509933774834, 0.4370860927152318, 0.5165562913907285, 0.3973509933774834, 0.23841059602649006, 0.2781456953642384, 0.11920529801324503], "M": [0.1986754966887417, 0.0, 0.16556291390728478, 0.033112582781456956, 0.09933774834437085, 0.0, 0.13245033112582782, 0.033112582781456956, 0.033112582781456956, 0.13245033112582782, 0.033112582781456956, 0.033112582781456956], "W": [0.0, 0.0, 0.0, 0.0, 0.0, 0.0728476821192053, 0.0, 0.0, 0.0, 0.0, 0.0728476821192053, 0.0728476821192053], "N": [0.3973509933774834, 0.1986754966887417, 0.07947019867549669, 0.4370860927152318, 0.2781456953642384, 0.1986754966887417, 0.31788079470198677, 0.23841059602649006, 0.1986754966887417, 0.2781456953642384, 0.31788079470198677, 0.0], "K": [0.1986754966887417, 0.06622516556291391, 0.06622516556291391, 0.09933774834437085, 0.1986754966887417, 0.16556291390728478, 0.1986754966887417, 0.13245033112582782, 0.1986754966887417, 0.26490066225165565, 0.36423841059602646, 0.9933774834437086], "S": [0.3443708609271523, 0.3973509933774834, 0.2119205298013245, 0.3443708609271523, 0.3973509933774834, 0.23841059602649006, 0.31788079470198677, 0.3443708609271523, 0.31788079470198677, 0.31788079470198677, 0.2119205298013245, 0.13245033112582782], "V": [0.2913907284768212, 0.6622516556291391, 0.423841059602649, 0.2119205298013245, 0.31788079470198677, 0.31788079470198677, 0.2119205298013245, 0.23841059602649006, 0.13245033112582782, 0.5033112582781457, 0.23841059602649006, 0.7417218543046358], "L": [0.10596026490066225, 0.3443708609271523, 0.26490066225165565, 0.10596026490066225, 0.5033112582781457, 0.3973509933774834, 0.609271523178808, 0.2119205298013245, 0.4768211920529801, 0.26490066225165565, 0.4503311258278146, 0.7152317880794702], "A": [0.31788079470198677, 0.4768211920529801, 0.5562913907284768, 0.4768211920529801, 0.26490066225165565, 0.5033112582781457, 0.2119205298013245, 0.6887417218543046, 0.31788079470198677, 0.2913907284768212, 0.2913907284768212, 0.31788079470198677], "H": [0.10596026490066225, 0.31788079470198677, 0.2119205298013245, 0.15894039735099338, 0.3708609271523179, 0.052980132450331126, 0.15894039735099338, 0.10596026490066225, 0.2119205298013245, 0.2119205298013245, 0.31788079470198677, 0.0]}