{"R": [0.8602150537634409, 5.0, 0.053763440860215055, 0.053763440860215055, 0.053763440860215055, 0.0, 0.16129032258064516, 0.10752688172043011, 0.053763440860215055, 0.053763440860215055, 0.26881720430107525, 0.10752688172043011], "Q": [0.43010752688172044, 0.0, 0.10752688172043011, 0.21505376344086022, 0.3763440860215054, 0.26881720430107525, 0.43010752688172044, 0.21505376344086022, 0.3225806451612903, 0.3763440860215054, 0.43010752688172044, 0.10752688172043011], "G": [1.032258064516129, 0.0, 0.06451612903225806, 0.7096774193548387, 0.3225806451612903, 0.25806451612903225, 0.9032258064516129, 0.7741935483870968, 0.5806451612903226, 0.45161290322580644, 0.7741935483870968, 0.0], "Y": [0.3010752688172043, 0.0, 1.053763440860215, 0.07526881720430108, 0.15053763440860216, 0.07526881720430108, 0.22580645161290322, 0.22580645161290322, 0.07526881720430108, 0.07526881720430108, 0.15053763440860216, 0.22580645161290322], "E": [0.053763440860215055, 0.0, 0.0, 0.26881720430107525, 0.16129032258064516, 0.5376344086021505, 0.5376344086021505, 0.16129032258064516, 0.16129032258064516, 0.3225806451612903, 0.21505376344086022, 0.053763440860215055], "P": [0.0, 0.0, 0.0, 0.6021505376344086, 1.1290322580645162, 0.7526881720430108, 0.6774193548387096, 0.45161290322580644, 0.3763440860215054, 0.22580645161290322, 0.0, 0.15053763440860216], "T": [0.0, 0.0, 0.0, 0.3225806451612903, 0.3763440860215054, 0.16129032258064516, 0.10752688172043011, 0.3225806451612903, 0.16129032258064516, 0.3763440860215054, 0.5913978494623656, 0.053763440860215055], "F": [0.12903225806451613, 0.0, 1.4193548387096775, 0.1935483870967742, 0.12903225806451613, 0.1935483870967742, 0.1935483870967742, 0.06451612903225806, 0.1935483870967742, 0.3870967741935484, 0.3225806451612903, 1.6129032258064515], "I": [0.12903225806451613, 0.0, 0.3870967741935484, 0.043010752688172046, 0.08602150537634409, 0.21505376344086022, 0.17204301075268819, 0.21505376344086022, 0.34408602150537637, 0.5161290322580645, 0.043010752688172046, 0.12903225806451613], "C": [0.0, 0.0, 0.0967741935483871, 0.0, 0.0967741935483871, 0.0, 0.0, 0.0, 0.0, 0.0, 0.0967741935483871, 0.0], "D": [0.0, 0.0, 0.1935483870967742, 0.7096774193548387, 0.7096774193548387, 0.5161290322580645, 0.25806451612903225, 1.032258064516129, 0.25806451612903225, 0.3225806451612903, 0.12903225806451613, 0.0], "M": [0.16129032258064516, 0.0, 0.4838709677419355, 0.16129032258064516, 0.053763440860215055, 0.0, 0.0, 0.0, 0.053763440860215055, 0.053763440860215055, 0.10752688172043011, 0.3225806451612903], "W": [0.0, 0.0, 0.946236559139785, 0.23655913978494625, 0.0, 0.11827956989247312, 0.23655913978494625, 0.11827956989247312, 0.0, 0.8279569892473119, 0.0, 0.11827956989247312], "N": [0.0, 0.0, 0.06451612903225806, 0.25806451612903225, 0.12903225806451613, 0.3225806451612903, 0.25806451612903225, 0.25806451612903225, 0.1935483870967742, 0.06451612903225806, 0.3225806451612903, 0.0], "K": [0.6451612903225806, 0.0, 0.053763440860215055, 0.053763440860215055, 0.16129032258064516, 0.3763440860215054, 0.0, 0.0, 0.43010752688172044, 0.053763440860215055, 0.053763440860215055, 0.0], "S": [0.5161290322580645, 0.0, 0.08602150537634409, 0.7741935483870968, 0.3010752688172043, 0.43010752688172044, 0.5161290322580645, 0.34408602150537637, 0.34408602150537637, 0.3870967741935484, 0.4731182795698925, 0.043010752688172046], "V": [0.0, 0.0, 0.3010752688172043, 0.0, 0.3010752688172043, 0.3010752688172043, 0.25806451612903225, 0.21505376344086022, 0.34408602150537637, 0.3010752688172043, 0.12903225806451613, 0.043010752688172046], "L": [0.21505376344086022, 0.0, 0.43010752688172044, 0.3010752688172043, 0.43010752688172044, 0.25806451612903225, 0.17204301075268819, 0.3010752688172043, 0.4731182795698925, 0.3010752688172043, 0.5591397849462365, 1.8494623655913978], "A": [0.43010752688172044, 0.0, 0.043010752688172046, 0.3010752688172043, 0.3010752688172043, 0.3010752688172043, 0.12903225806451613, 0.3870967741935484, 0.43010752688172044, 0.21505376344086022, 0.3010752688172043, 0.08602150537634409], "H": [0.08602150537634409, 0.0, 0.08602150537634409, 0.0, 0.0, 0.08602150537634409, 0.17204301075268819, 0.08602150537634409, 0.08602150537634409, 0.0, 0.0, 0.0]}