{"R": [0.8680555555555556, 0.034722222222222224, 0.1388888888888889, 0.10416666666666667, 0.034722222222222224, 0.1388888888888889, 0.1388888888888889, 0.06944444444444445, 0.10416666666666667, 0.034722222222222224, 0.20833333333333334, 0.0], "Q": [0.1736111111111111, 0.06944444444444445, 0.06944444444444445, 0.20833333333333334, 0.20833333333333334, 0.1388888888888889, 0.2777777777777778, 0.1388888888888889, 0.20833333333333334, 0.4166666666666667, 0.3125, 0.034722222222222224], "G": [0.4583333333333333, 0.16666666666666666, 0.20833333333333334, 0.20833333333333334, 0.3333333333333333, 0.4166666666666667, 0.7083333333333334, 0.9583333333333334, 0.4166666666666667, 0.16666666666666666, 0.20833333333333334, 0.041666666666666664], "Y": [0.14583333333333334, 0.0, 0.14583333333333334, 0.04861111111111111, 0.09722222222222222, 0.0, 0.09722222222222222, 0.0, 0.14583333333333334, 0.09722222222222222, 0.19444444444444445, 0.19444444444444445], "E": [0.034722222222222224, 0.10416666666666667, 0.06944444444444445, 0.4166666666666667, 0.3819444444444444, 0.1388888888888889, 0.1736111111111111, 0.4513888888888889, 0.1388888888888889, 0.1736111111111111, 0.20833333333333334, 0.034722222222222224], "P": [0.0, 0.0, 0.14583333333333334, 1.3611111111111112, 0.5833333333333334, 0.24305555555555555, 0.5347222222222222, 0.2916666666666667, 0.19444444444444445, 0.19444444444444445, 0.09722222222222222, 0.0], "T": [0.2777777777777778, 1.3888888888888888, 0.1388888888888889, 0.3125, 0.3472222222222222, 0.10416666666666667, 0.2777777777777778, 0.1388888888888889, 0.3819444444444444, 0.10416666666666667, 0.7291666666666666, 0.034722222222222224], "F": [0.08333333333333333, 0.0, 0.8333333333333334, 0.041666666666666664, 0.125, 0.08333333333333333, 0.041666666666666664, 0.3333333333333333, 0.2916666666666667, 0.6666666666666666, 0.20833333333333334, 2.9166666666666665], "I": [0.4166666666666667, 0.05555555555555555, 0.5, 0.1111111111111111, 0.2777777777777778, 0.3888888888888889, 0.2222222222222222, 0.16666666666666666, 0.3888888888888889, 0.4444444444444444, 0.16666666666666666, 0.19444444444444445], "C": [0.0625, 0.0, 0.0625, 0.125, 0.125, 0.0625, 0.0, 0.0, 0.0, 0.125, 0.0625, 0.0], "D": [0.08333333333333333, 0.08333333333333333, 0.125, 0.6666666666666666, 0.5416666666666666, 1.0833333333333333, 0.5833333333333334, 0.5416666666666666, 0.20833333333333334, 0.16666666666666666, 0.125, 0.041666666666666664], "M": [0.034722222222222224, 0.0, 0.1388888888888889, 0.10416666666666667, 0.1736111111111111, 0.034722222222222224, 0.034722222222222224, 0.06944444444444445, 0.20833333333333334, 0.1388888888888889, 0.0, 0.1388888888888889], "W": [0.0, 0.0, 0.7638888888888888, 0.1527777777777778, 0.0763888888888889, 0.0763888888888889, 0.0, 0.0, 0.1527777777777778, 0.3819444444444444, 0.0, 3.2847222222222223], "N": [0.0, 0.0, 0.16666666666666666, 0.08333333333333333, 0.375, 0.25, 0.20833333333333334, 0.16666666666666666, 0.5416666666666666, 0.5, 0.2916666666666667, 0.041666666666666664], "K": [1.1458333333333333, 0.0, 0.06944444444444445, 0.24305555555555555, 0.034722222222222224, 0.5902777777777778, 0.4861111111111111, 0.6597222222222222, 0.034722222222222224, 0.0, 0.3472222222222222, 0.0], "S": [0.1388888888888889, 1.5833333333333333, 0.1388888888888889, 0.5555555555555556, 0.3611111111111111, 0.3611111111111111, 0.4166666666666667, 0.1388888888888889, 0.3055555555555556, 0.19444444444444445, 0.5555555555555556, 0.027777777777777776], "V": [0.2222222222222222, 0.19444444444444445, 0.25, 0.05555555555555555, 0.2777777777777778, 0.25, 0.3333333333333333, 0.3333333333333333, 0.25, 0.3333333333333333, 0.25, 0.0], "L": [0.2777777777777778, 0.05555555555555555, 0.8888888888888888, 0.25, 0.3888888888888889, 0.2777777777777778, 0.16666666666666666, 0.3333333333333333, 0.5277777777777778, 0.5277777777777778, 0.5555555555555556, 0.25], "A": [0.2222222222222222, 0.6388888888888888, 0.3333333333333333, 0.2777777777777778, 0.2777777777777778, 0.3055555555555556, 0.3333333333333333, 0.25, 0.25, 0.25, 0.1388888888888889, 0.0], "H": [0.3333333333333333, 0.05555555555555555, 0.05555555555555555, 0.1111111111111111, 0.16666666666666666, 0.16666666666666666, 0.05555555555555555, 0.1111111111111111, 0.3888888888888889, 0.3888888888888889, 0.2777777777777778, 0.0]}