{"R": [0.2631578947368421, 0.0, 0.13157894736842105, 0.06578947368421052, 0.06578947368421052, 0.13157894736842105, 0.13157894736842105, 0.4605263157894737, 0.06578947368421052, 0.39473684210526316, 0.39473684210526316, 0.19736842105263158], "Q": [0.13157894736842105, 0.2631578947368421, 0.2631578947368421, 0.32894736842105265, 0.13157894736842105, 0.39473684210526316, 0.13157894736842105, 0.13157894736842105, 0.39473684210526316, 0.06578947368421052, 0.4605263157894737, 0.19736842105263158], "G": [0.5526315789473685, 0.5526315789473685, 0.3157894736842105, 0.868421052631579, 0.7894736842105263, 0.23684210526315788, 1.1842105263157894, 0.5526315789473685, 0.7894736842105263, 0.9473684210526315, 0.3157894736842105, 0.23684210526315788], "Y": [0.5526315789473685, 0.09210526315789473, 0.09210526315789473, 0.09210526315789473, 0.27631578947368424, 0.27631578947368424, 0.09210526315789473, 0.0, 0.18421052631578946, 0.3684210526315789, 0.18421052631578946, 0.27631578947368424], "E": [0.06578947368421052, 0.19736842105263158, 0.2631578947368421, 0.7894736842105263, 0.4605263157894737, 0.19736842105263158, 0.39473684210526316, 0.4605263157894737, 0.32894736842105265, 0.32894736842105265, 0.32894736842105265, 0.19736842105263158], "P": [0.09210526315789473, 0.18421052631578946, 0.18421052631578946, 0.3684210526315789, 0.3684210526315789, 0.27631578947368424, 0.09210526315789473, 0.18421052631578946, 0.4605263157894737, 0.4605263157894737, 0.09210526315789473, 0.27631578947368424], "T": [0.13157894736842105, 0.39473684210526316, 0.0, 0.32894736842105265, 0.2631578947368421, 0.19736842105263158, 0.19736842105263158, 0.19736842105263158, 0.39473684210526316, 0.5263157894736842, 0.4605263157894737, 0.13157894736842105], "F": [0.15789473684210525, 0.0, 0.23684210526315788, 0.3157894736842105, 0.23684210526315788, 0.15789473684210525, 0.15789473684210525, 0.3157894736842105, 0.07894736842105263, 0.07894736842105263, 0.47368421052631576, 1.105263157894737], "I": [0.3684210526315789, 0.2631578947368421, 0.0, 0.15789473684210525, 0.10526315789473684, 0.15789473684210525, 0.15789473684210525, 0.21052631578947367, 0.21052631578947367, 0.05263157894736842, 0.15789473684210525, 0.05263157894736842], "C": [0.0, 0.0, 0.0, 0.0, 0.0, 0.0, 0.0, 0.0, 0.11842105263157894, 0.11842105263157894, 0.0, 0.0], "D": [0.3157894736842105, 0.23684210526315788, 3.0789473684210527, 0.5526315789473685, 0.7894736842105263, 0.631578947368421, 0.868421052631579, 0.3157894736842105, 0.39473684210526316, 0.3157894736842105, 0.15789473684210525, 0.15789473684210525], "M": [0.06578947368421052, 0.0, 0.0, 0.0, 0.0, 0.0, 0.0, 0.0, 0.0, 0.0, 0.0, 0.0], "W": [0.0, 0.0, 0.0, 0.0, 0.0, 0.2894736842105263, 0.0, 0.0, 0.0, 0.0, 0.2894736842105263, 0.0], "N": [0.07894736842105263, 0.15789473684210525, 0.23684210526315788, 0.07894736842105263, 0.23684210526315788, 0.3157894736842105, 0.15789473684210525, 0.39473684210526316, 0.47368421052631576, 0.23684210526315788, 0.15789473684210525, 0.0], "K": [0.2631578947368421, 0.0, 0.13157894736842105, 0.32894736842105265, 0.19736842105263158, 0.5921052631578947, 0.39473684210526316, 0.6578947368421053, 0.19736842105263158, 0.2631578947368421, 0.19736842105263158, 0.2631578947368421], "S": [0.42105263157894735, 0.5263157894736842, 0.10526315789473684, 0.3684210526315789, 0.3157894736842105, 0.47368421052631576, 0.3157894736842105, 0.2631578947368421, 0.3684210526315789, 0.631578947368421, 0.3684210526315789, 0.05263157894736842], "V": [0.631578947368421, 0.47368421052631576, 0.21052631578947367, 0.10526315789473684, 0.3684210526315789, 0.21052631578947367, 0.2631578947368421, 0.3157894736842105, 0.15789473684210525, 0.21052631578947367, 0.2631578947368421, 0.3157894736842105], "L": [0.2631578947368421, 0.10526315789473684, 0.15789473684210525, 0.2631578947368421, 0.21052631578947367, 0.3157894736842105, 0.10526315789473684, 0.10526315789473684, 0.10526315789473684, 0.0, 0.3157894736842105, 1.4736842105263157], "A": [0.3684210526315789, 1.0526315789473684, 0.15789473684210525, 0.15789473684210525, 0.2631578947368421, 0.21052631578947367, 0.2631578947368421, 0.15789473684210525, 0.2631578947368421, 0.15789473684210525, 0.21052631578947367, 0.0], "H": [0.21052631578947367, 0.21052631578947367, 0.0, 0.0, 0.21052631578947367, 0.21052631578947367, 0.42105263157894735, 0.5263157894736842, 0.42105263157894735, 0.21052631578947367, 0.42105263157894735, 0.0]}