{"R": [0.10416666666666667, 0.10416666666666667, 0.10416666666666667, 0.052083333333333336, 0.0, 0.15625, 0.10416666666666667, 0.10416666666666667, 0.15625, 0.2604166666666667, 0.15625, 0.4166666666666667], "Q": [0.20833333333333334, 0.10416666666666667, 0.20833333333333334, 0.052083333333333336, 0.20833333333333334, 0.3645833333333333, 0.3125, 0.20833333333333334, 0.15625, 0.15625, 0.2604166666666667, 0.3125], "G": [0.625, 0.5, 0.4375, 0.5625, 0.3125, 0.8125, 0.5625, 0.6875, 0.5, 0.625, 0.375, 0.1875], "Y": [0.3645833333333333, 0.65625, 0.21875, 0.07291666666666667, 0.07291666666666667, 0.07291666666666667, 0.21875, 0.2916666666666667, 0.2916666666666667, 0.14583333333333334, 0.5104166666666666, 0.14583333333333334], "E": [0.3125, 0.20833333333333334, 0.3125, 0.4166666666666667, 0.3645833333333333, 0.15625, 0.15625, 0.20833333333333334, 0.3125, 0.4166666666666667, 0.15625, 0.052083333333333336], "P": [0.2916666666666667, 0.65625, 0.14583333333333334, 0.5833333333333334, 0.9479166666666666, 0.4375, 0.5833333333333334, 0.5833333333333334, 0.3645833333333333, 0.3645833333333333, 0.5104166666666666, 0.5104166666666666], "T": [0.46875, 0.3125, 0.3125, 0.3125, 0.3645833333333333, 0.2604166666666667, 0.46875, 0.20833333333333334, 0.2604166666666667, 0.3645833333333333, 0.20833333333333334, 0.10416666666666667], "F": [0.5, 0.75, 0.125, 0.25, 0.5, 0.125, 0.0, 0.1875, 0.1875, 0.125, 0.0625, 0.625], "I": [0.2916666666666667, 0.125, 0.20833333333333334, 0.4583333333333333, 0.08333333333333333, 0.16666666666666666, 0.125, 0.16666666666666666, 0.08333333333333333, 0.16666666666666666, 0.3333333333333333, 0.16666666666666666], "C": [0.1875, 0.09375, 0.0, 0.0, 0.0, 0.0, 0.0, 0.09375, 0.0, 0.09375, 0.0, 0.0], "D": [0.25, 0.3125, 1.125, 0.5, 0.1875, 0.875, 0.3125, 0.3125, 0.25, 0.3125, 0.25, 0.125], "M": [0.10416666666666667, 0.15625, 0.15625, 0.10416666666666667, 0.052083333333333336, 0.10416666666666667, 0.10416666666666667, 0.10416666666666667, 0.10416666666666667, 0.10416666666666667, 0.10416666666666667, 0.5208333333333334], "W": [0.0, 0.4583333333333333, 0.11458333333333333, 0.0, 0.0, 0.11458333333333333, 0.0, 0.0, 0.11458333333333333, 0.0, 0.11458333333333333, 0.0], "N": [0.0, 0.375, 0.125, 0.1875, 0.125, 0.1875, 0.25, 0.375, 0.4375, 0.25, 0.1875, 0.125], "K": [0.15625, 0.0, 0.10416666666666667, 0.15625, 0.15625, 0.20833333333333334, 0.4166666666666667, 0.20833333333333334, 0.20833333333333334, 0.3125, 0.15625, 0.2604166666666667], "S": [0.375, 0.125, 0.375, 0.3333333333333333, 0.25, 0.375, 0.375, 0.2916666666666667, 0.2916666666666667, 0.4166666666666667, 0.3333333333333333, 0.375], "V": [0.375, 0.2916666666666667, 0.3333333333333333, 0.20833333333333334, 0.3333333333333333, 0.25, 0.2916666666666667, 0.25, 0.20833333333333334, 0.2916666666666667, 0.3333333333333333, 0.08333333333333333], "L": [0.08333333333333333, 0.125, 0.2916666666666667, 0.3333333333333333, 0.5, 0.4166666666666667, 0.375, 0.375, 0.4583333333333333, 0.375, 0.3333333333333333, 0.625], "A": [0.3333333333333333, 0.16666666666666666, 0.375, 0.375, 0.4583333333333333, 0.125, 0.3333333333333333, 0.5, 0.625, 0.25, 0.5416666666666666, 0.25], "H": [0.16666666666666666, 0.4166666666666667, 0.0, 0.08333333333333333, 0.25, 0.0, 0.08333333333333333, 0.0, 0.08333333333333333, 0.0, 0.16666666666666666, 0.16666666666666666]}