{"R": [1.0122699386503067, 0.03067484662576687, 0.18404907975460122, 0.2147239263803681, 0.18404907975460122, 0.2147239263803681, 0.06134969325153374, 0.15337423312883436, 0.36809815950920244, 0.2147239263803681, 0.27607361963190186, 0.03067484662576687], "Q": [0.2147239263803681, 0.0, 0.0, 0.15337423312883436, 0.09202453987730061, 0.12269938650306748, 0.27607361963190186, 0.24539877300613497, 0.15337423312883436, 0.4294478527607362, 0.24539877300613497, 0.0], "G": [0.8834355828220859, 0.03680981595092025, 0.0736196319018405, 0.5153374233128835, 0.4049079754601227, 0.5521472392638037, 1.1042944785276074, 0.8834355828220859, 0.6993865030674846, 0.147239263803681, 0.11042944785276074, 0.0], "Y": [0.3006134969325153, 0.0, 0.558282208588957, 0.04294478527607362, 0.08588957055214724, 0.08588957055214724, 0.08588957055214724, 0.04294478527607362, 0.08588957055214724, 0.17177914110429449, 0.12883435582822086, 0.12883435582822086], "E": [0.03067484662576687, 4.693251533742331, 0.09202453987730061, 0.7055214723926381, 0.3067484662576687, 0.6748466257668712, 0.3067484662576687, 0.3374233128834356, 0.12269938650306748, 0.3067484662576687, 0.3374233128834356, 0.03067484662576687], "P": [0.04294478527607362, 0.0, 0.2147239263803681, 0.08588957055214724, 1.030674846625767, 0.6441717791411042, 0.17177914110429449, 0.38650306748466257, 0.5153374233128835, 0.0, 0.12883435582822086, 0.08588957055214724], "T": [0.12269938650306748, 0.03067484662576687, 0.06134969325153374, 0.24539877300613497, 0.4294478527607362, 0.4294478527607362, 0.27607361963190186, 0.49079754601226994, 0.15337423312883436, 0.5828220858895705, 0.5828220858895705, 0.06134969325153374], "F": [0.11042944785276074, 0.0, 1.2147239263803682, 0.147239263803681, 0.294478527607362, 0.18404907975460122, 0.0736196319018405, 0.0, 0.147239263803681, 0.22085889570552147, 0.22085889570552147, 0.5521472392638037], "I": [0.12269938650306748, 0.0, 0.44171779141104295, 0.0736196319018405, 0.294478527607362, 0.0, 0.17177914110429449, 0.22085889570552147, 0.39263803680981596, 0.34355828220858897, 0.19631901840490798, 0.12269938650306748], "C": [0.0, 0.0, 0.0, 0.0, 0.0, 0.05521472392638037, 0.0, 0.0, 0.0, 0.0, 0.0, 0.0], "D": [0.0, 0.0736196319018405, 0.11042944785276074, 1.0674846625766872, 0.4049079754601227, 0.7361963190184049, 0.4049079754601227, 0.44171779141104295, 0.294478527607362, 0.0, 0.0736196319018405, 0.0], "M": [0.0, 0.0, 0.09202453987730061, 0.12269938650306748, 0.12269938650306748, 0.03067484662576687, 0.03067484662576687, 0.12269938650306748, 0.06134969325153374, 0.15337423312883436, 0.15337423312883436, 0.06134969325153374], "W": [0.06748466257668712, 0.0, 0.4723926380368098, 0.0, 0.13496932515337423, 0.06748466257668712, 0.0, 0.0, 0.0, 0.4049079754601227, 0.0, 0.0], "N": [0.03680981595092025, 0.0, 0.0, 0.3312883435582822, 0.18404907975460122, 0.294478527607362, 0.44171779141104295, 0.147239263803681, 0.3312883435582822, 0.147239263803681, 0.0736196319018405, 0.0], "K": [0.7055214723926381, 0.0, 0.3374233128834356, 0.15337423312883436, 0.09202453987730061, 0.27607361963190186, 0.36809815950920244, 0.3374233128834356, 0.3374233128834356, 0.15337423312883436, 0.2147239263803681, 0.0], "S": [0.26993865030674846, 0.049079754601226995, 0.049079754601226995, 0.34355828220858897, 0.12269938650306748, 0.31901840490797545, 0.39263803680981596, 0.26993865030674846, 0.36809815950920244, 0.09815950920245399, 0.44171779141104295, 0.0], "V": [0.147239263803681, 0.0, 0.34355828220858897, 0.17177914110429449, 0.17177914110429449, 0.22085889570552147, 0.22085889570552147, 0.17177914110429449, 0.294478527607362, 0.7361963190184049, 0.6625766871165644, 0.12269938650306748], "L": [0.12269938650306748, 0.049079754601226995, 0.4662576687116564, 0.4171779141104294, 0.4662576687116564, 0.147239263803681, 0.09815950920245399, 0.17177914110429449, 0.294478527607362, 0.39263803680981596, 0.294478527607362, 2.920245398773006], "A": [0.6625766871165644, 0.024539877300613498, 0.44171779141104295, 0.24539877300613497, 0.31901840490797545, 0.19631901840490798, 0.39263803680981596, 0.5398773006134969, 0.26993865030674846, 0.24539877300613497, 0.49079754601226994, 0.19631901840490798], "H": [0.19631901840490798, 0.0, 0.19631901840490798, 0.049079754601226995, 0.19631901840490798, 0.147239263803681, 0.34355828220858897, 0.09815950920245399, 0.19631901840490798, 0.24539877300613497, 0.0, 0.0]}