{"R": [0.2484472049689441, 0.0, 0.3105590062111801, 0.2484472049689441, 0.21739130434782608, 0.062111801242236024, 0.2795031055900621, 0.21739130434782608, 0.2795031055900621, 0.2484472049689441, 0.09316770186335403, 0.062111801242236024], "Q": [0.09316770186335403, 0.0, 0.062111801242236024, 0.15527950310559005, 0.2795031055900621, 0.2484472049689441, 0.21739130434782608, 0.15527950310559005, 0.2484472049689441, 0.2484472049689441, 0.062111801242236024, 0.0], "G": [0.037267080745341616, 0.14906832298136646, 0.2236024844720497, 0.37267080745341613, 0.40993788819875776, 0.40993788819875776, 0.40993788819875776, 0.2608695652173913, 0.6708074534161491, 0.2236024844720497, 0.14906832298136646, 0.037267080745341616], "Y": [1.0869565217391304, 0.43478260869565216, 0.9130434782608695, 0.13043478260869565, 0.08695652173913043, 0.30434782608695654, 0.043478260869565216, 0.17391304347826086, 0.13043478260869565, 0.17391304347826086, 0.21739130434782608, 0.0], "E": [0.0, 0.031055900621118012, 0.031055900621118012, 0.3105590062111801, 0.3416149068322981, 0.12422360248447205, 0.3105590062111801, 0.40372670807453415, 0.12422360248447205, 0.18633540372670807, 0.21739130434782608, 0.031055900621118012], "P": [0.0, 0.2608695652173913, 0.6956521739130435, 0.5217391304347826, 0.4782608695652174, 0.5652173913043478, 0.34782608695652173, 0.7391304347826086, 0.5217391304347826, 0.21739130434782608, 0.782608695652174, 0.0], "T": [0.21739130434782608, 0.3416149068322981, 0.15527950310559005, 0.3105590062111801, 0.2795031055900621, 0.37267080745341613, 0.2484472049689441, 0.3416149068322981, 0.2484472049689441, 0.40372670807453415, 0.5900621118012422, 0.0], "F": [1.3416149068322982, 0.2608695652173913, 0.5217391304347826, 0.2608695652173913, 0.14906832298136646, 0.37267080745341613, 0.37267080745341613, 0.2236024844720497, 0.2608695652173913, 0.14906832298136646, 0.2608695652173913, 0.7453416149068323], "I": [0.07453416149068323, 0.34782608695652173, 0.19875776397515527, 0.2236024844720497, 0.17391304347826086, 0.19875776397515527, 0.2484472049689441, 0.2236024844720497, 0.37267080745341613, 0.37267080745341613, 0.19875776397515527, 0.2236024844720497], "C": [0.055900621118012424, 0.055900621118012424, 0.11180124223602485, 0.391304347826087, 0.2236024844720497, 0.055900621118012424, 0.16770186335403728, 0.055900621118012424, 0.16770186335403728, 0.055900621118012424, 0.0, 0.0], "D": [0.11180124223602485, 0.07453416149068323, 0.33540372670807456, 0.2236024844720497, 0.11180124223602485, 0.07453416149068323, 0.37267080745341613, 0.18633540372670807, 0.11180124223602485, 0.037267080745341616, 0.11180124223602485, 0.037267080745341616], "M": [0.2484472049689441, 0.12422360248447205, 0.2795031055900621, 0.15527950310559005, 0.12422360248447205, 0.062111801242236024, 0.15527950310559005, 0.062111801242236024, 0.0, 0.062111801242236024, 0.062111801242236024, 0.2795031055900621], "W": [0.0, 0.0, 0.20496894409937888, 0.13664596273291926, 0.2732919254658385, 0.2732919254658385, 0.13664596273291926, 0.06832298136645963, 0.06832298136645963, 0.0, 0.20496894409937888, 0.0], "N": [0.11180124223602485, 0.07453416149068323, 0.2608695652173913, 0.14906832298136646, 0.5217391304347826, 0.40993788819875776, 0.2236024844720497, 0.2981366459627329, 0.2608695652173913, 0.2608695652173913, 0.07453416149068323, 0.0], "K": [0.15527950310559005, 0.0, 0.0, 0.15527950310559005, 0.15527950310559005, 0.09316770186335403, 0.15527950310559005, 0.09316770186335403, 0.12422360248447205, 0.031055900621118012, 0.062111801242236024, 0.3105590062111801], "S": [0.4720496894409938, 0.5962732919254659, 0.422360248447205, 0.4720496894409938, 0.4472049689440994, 0.32298136645962733, 0.5217391304347826, 0.32298136645962733, 0.32298136645962733, 0.6459627329192547, 0.5962732919254659, 0.024844720496894408], "V": [0.2981366459627329, 0.4472049689440994, 0.14906832298136646, 0.17391304347826086, 0.2484472049689441, 0.37267080745341613, 0.17391304347826086, 0.4968944099378882, 0.2484472049689441, 0.2732919254658385, 0.32298136645962733, 0.17391304347826086], "L": [0.37267080745341613, 0.7701863354037267, 0.2484472049689441, 0.39751552795031053, 0.2732919254658385, 0.37267080745341613, 0.37267080745341613, 0.39751552795031053, 0.4968944099378882, 0.546583850931677, 0.39751552795031053, 2.459627329192547], "A": [0.2732919254658385, 0.6459627329192547, 0.2484472049689441, 0.32298136645962733, 0.2981366459627329, 0.37267080745341613, 0.2484472049689441, 0.19875776397515527, 0.2732919254658385, 0.4720496894409938, 0.4968944099378882, 0.024844720496894408], "H": [0.049689440993788817, 0.0, 0.2484472049689441, 0.14906832298136646, 0.2484472049689441, 0.2484472049689441, 0.14906832298136646, 0.2484472049689441, 0.2484472049689441, 0.09937888198757763, 0.14906832298136646, 0.0]}