{"R": [0.36964980544747084, 0.0, 0.17509727626459143, 0.11673151750972763, 0.09727626459143969, 0.19455252918287938, 0.19455252918287938, 0.13618677042801555, 0.19455252918287938, 0.7392996108949417, 0.311284046692607, 0.019455252918287938], "Q": [0.4669260700389105, 0.019455252918287938, 0.48638132295719844, 0.2723735408560311, 0.2723735408560311, 0.2140077821011673, 0.23346303501945526, 0.2140077821011673, 0.2140077821011673, 0.4474708171206226, 0.2918287937743191, 0.019455252918287938], "G": [0.21011673151750973, 0.0, 0.14007782101167315, 0.5369649805447471, 0.3035019455252918, 0.6303501945525292, 0.5836575875486382, 0.9105058365758755, 0.4669260700389105, 0.32684824902723736, 0.32684824902723736, 0.023346303501945526], "Y": [0.054474708171206226, 0.0, 0.08171206225680934, 0.19066147859922178, 0.32684824902723736, 0.08171206225680934, 0.10894941634241245, 0.08171206225680934, 0.16342412451361868, 0.29961089494163423, 0.29961089494163423, 1.66147859922179], "E": [0.5058365758754864, 4.669260700389105, 0.23346303501945526, 0.603112840466926, 0.4474708171206226, 0.48638132295719844, 0.5642023346303502, 0.311284046692607, 0.2723735408560311, 0.09727626459143969, 0.19455252918287938, 0.0], "P": [0.027237354085603113, 0.027237354085603113, 0.054474708171206226, 0.490272373540856, 0.5719844357976653, 0.38132295719844356, 0.5992217898832685, 0.4085603112840467, 0.3540856031128405, 0.16342412451361868, 0.027237354085603113, 0.0], "T": [0.23346303501945526, 0.019455252918287938, 0.058365758754863814, 0.13618677042801555, 0.311284046692607, 0.2918287937743191, 0.17509727626459143, 0.2140077821011673, 0.2723735408560311, 0.1556420233463035, 0.4085603112840467, 0.0], "F": [0.04669260700389105, 0.023346303501945526, 0.3035019455252918, 0.16342412451361868, 0.0933852140077821, 0.04669260700389105, 0.0933852140077821, 0.14007782101167315, 0.11673151750972763, 0.14007782101167315, 0.1867704280155642, 1.2140077821011672], "I": [0.01556420233463035, 0.0, 0.5136186770428015, 0.17120622568093385, 0.20233463035019456, 0.1556420233463035, 0.17120622568093385, 0.2178988326848249, 0.3424124513618677, 0.14007782101167315, 0.04669260700389105, 0.0311284046692607], "C": [0.0, 0.0, 0.0, 0.0, 0.03501945525291829, 0.0, 0.0, 0.0, 0.0, 0.0, 0.0, 0.0], "D": [0.0, 0.07003891050583658, 0.1867704280155642, 0.8638132295719845, 0.42023346303501946, 0.6536964980544747, 0.3968871595330739, 0.2801556420233463, 0.2801556420233463, 0.2801556420233463, 0.16342412451361868, 0.023346303501945526], "M": [0.09727626459143969, 0.038910505836575876, 0.2918287937743191, 0.058365758754863814, 0.13618677042801555, 0.07782101167315175, 0.0, 0.019455252918287938, 0.038910505836575876, 0.038910505836575876, 0.2140077821011673, 0.019455252918287938], "W": [0.0, 0.0, 0.17120622568093385, 0.0, 0.042801556420233464, 0.0, 0.042801556420233464, 0.042801556420233464, 0.042801556420233464, 0.08560311284046693, 0.17120622568093385, 5.221789883268483], "N": [0.14007782101167315, 0.023346303501945526, 0.35019455252918286, 0.11673151750972763, 0.14007782101167315, 0.3035019455252918, 0.25680933852140075, 0.23346303501945526, 0.21011673151750973, 0.14007782101167315, 0.23346303501945526, 0.0], "K": [0.35019455252918286, 0.0, 0.2918287937743191, 0.17509727626459143, 0.13618677042801555, 0.23346303501945526, 0.33073929961089493, 0.4085603112840467, 0.4085603112840467, 0.5836575875486382, 0.311284046692607, 0.0], "S": [0.5447470817120622, 0.0311284046692607, 0.20233463035019456, 0.4046692607003891, 0.4046692607003891, 0.38910505836575876, 0.3424124513618677, 0.2801556420233463, 0.32684824902723736, 0.23346303501945526, 0.3424124513618677, 0.0311284046692607], "V": [0.07782101167315175, 0.0311284046692607, 0.20233463035019456, 0.14007782101167315, 0.311284046692607, 0.1245136186770428, 0.26459143968871596, 0.2801556420233463, 0.2801556420233463, 0.2801556420233463, 0.1556420233463035, 0.01556420233463035], "L": [0.04669260700389105, 0.0, 0.45136186770428016, 0.2801556420233463, 0.3735408560311284, 0.26459143968871596, 0.2801556420233463, 0.311284046692607, 0.32684824902723736, 0.2490272373540856, 0.669260700389105, 0.1867704280155642], "A": [1.33852140077821, 0.0311284046692607, 0.48249027237354086, 0.32684824902723736, 0.3424124513618677, 0.3735408560311284, 0.32684824902723736, 0.42023346303501946, 0.4669260700389105, 0.26459143968871596, 0.38910505836575876, 0.0], "H": [0.0933852140077821, 0.0311284046692607, 0.2490272373540856, 0.1556420233463035, 0.1245136186770428, 0.2801556420233463, 0.2178988326848249, 0.2178988326848249, 0.2178988326848249, 0.5914396887159533, 0.311284046692607, 0.0]}