{"R": [0.1488095238095238, 0.0, 0.05952380952380952, 0.11904761904761904, 0.05952380952380952, 0.11904761904761904, 0.20833333333333334, 0.23809523809523808, 0.1488095238095238, 0.5952380952380952, 0.6547619047619048, 0.0], "Q": [0.5357142857142857, 0.0, 0.35714285714285715, 0.20833333333333334, 0.23809523809523808, 0.2976190476190476, 0.23809523809523808, 0.20833333333333334, 0.17857142857142858, 0.5952380952380952, 0.35714285714285715, 0.05952380952380952], "G": [0.21428571428571427, 0.0, 0.21428571428571427, 0.2857142857142857, 0.39285714285714285, 0.5, 0.9642857142857143, 0.5, 0.6071428571428571, 0.4642857142857143, 0.25, 0.03571428571428571], "Y": [0.08333333333333333, 0.0, 0.20833333333333334, 0.08333333333333333, 0.25, 0.08333333333333333, 0.08333333333333333, 0.125, 0.08333333333333333, 0.20833333333333334, 0.08333333333333333, 1.75], "E": [0.8630952380952381, 4.791666666666667, 0.2976190476190476, 0.6845238095238095, 0.26785714285714285, 0.625, 0.3869047619047619, 0.26785714285714285, 0.11904761904761904, 0.11904761904761904, 0.1488095238095238, 0.0], "P": [0.08333333333333333, 0.041666666666666664, 0.125, 0.5, 0.875, 0.3333333333333333, 0.6666666666666666, 0.375, 0.2916666666666667, 0.20833333333333334, 0.0, 0.0], "T": [0.47619047619047616, 0.02976190476190476, 0.1488095238095238, 0.20833333333333334, 0.2976190476190476, 0.35714285714285715, 0.23809523809523808, 0.1488095238095238, 0.3273809523809524, 0.1488095238095238, 0.35714285714285715, 0.0], "F": [0.0, 0.03571428571428571, 0.6071428571428571, 0.10714285714285714, 0.07142857142857142, 0.14285714285714285, 0.03571428571428571, 0.21428571428571427, 0.32142857142857145, 0.10714285714285714, 0.14285714285714285, 1.8214285714285714], "I": [0.023809523809523808, 0.0, 0.4523809523809524, 0.11904761904761904, 0.19047619047619047, 0.19047619047619047, 0.16666666666666666, 0.23809523809523808, 0.4523809523809524, 0.11904761904761904, 0.07142857142857142, 0.0], "C": [0.0, 0.0, 0.05357142857142857, 0.0, 0.0, 0.0, 0.0, 0.10714285714285714, 0.0, 0.0, 0.10714285714285714, 0.0], "D": [0.10714285714285714, 0.10714285714285714, 0.32142857142857145, 1.3214285714285714, 0.32142857142857145, 0.6785714285714286, 0.21428571428571427, 0.21428571428571427, 0.32142857142857145, 0.07142857142857142, 0.10714285714285714, 0.0], "M": [0.02976190476190476, 0.0, 0.08928571428571429, 0.02976190476190476, 0.05952380952380952, 0.02976190476190476, 0.0, 0.08928571428571429, 0.0, 0.05952380952380952, 0.05952380952380952, 0.0], "W": [0.0, 0.0, 0.0, 0.0, 0.0, 0.0, 0.0, 0.06547619047619048, 0.06547619047619048, 0.06547619047619048, 0.06547619047619048, 4.125], "N": [0.14285714285714285, 0.0, 0.21428571428571427, 0.21428571428571427, 0.17857142857142858, 0.21428571428571427, 0.21428571428571427, 0.39285714285714285, 0.17857142857142858, 0.17857142857142858, 0.17857142857142858, 0.03571428571428571], "K": [0.23809523809523808, 0.0, 0.11904761904761904, 0.20833333333333334, 0.05952380952380952, 0.02976190476190476, 0.47619047619047616, 0.5357142857142857, 0.26785714285714285, 0.8333333333333334, 0.4166666666666667, 0.0], "S": [0.5476190476190477, 0.0, 0.23809523809523808, 0.38095238095238093, 0.40476190476190477, 0.38095238095238093, 0.23809523809523808, 0.2619047619047619, 0.42857142857142855, 0.19047619047619047, 0.30952380952380953, 0.023809523809523808], "V": [0.047619047619047616, 0.023809523809523808, 0.35714285714285715, 0.14285714285714285, 0.3333333333333333, 0.23809523809523808, 0.2857142857142857, 0.2857142857142857, 0.2619047619047619, 0.2857142857142857, 0.16666666666666666, 0.0], "L": [0.09523809523809523, 0.0, 0.4523809523809524, 0.19047619047619047, 0.6428571428571429, 0.3333333333333333, 0.21428571428571427, 0.23809523809523808, 0.23809523809523808, 0.42857142857142855, 0.8333333333333334, 0.14285714285714285], "A": [1.0476190476190477, 0.0, 0.35714285714285715, 0.2857142857142857, 0.30952380952380953, 0.3333333333333333, 0.35714285714285715, 0.47619047619047616, 0.47619047619047616, 0.19047619047619047, 0.3333333333333333, 0.023809523809523808], "H": [0.0, 0.0, 0.3333333333333333, 0.19047619047619047, 0.09523809523809523, 0.19047619047619047, 0.23809523809523808, 0.14285714285714285, 0.23809523809523808, 0.19047619047619047, 0.23809523809523808, 0.0]}