{"R": [0.8298755186721992, 3.6099585062240664, 0.1037344398340249, 0.04149377593360996, 0.12448132780082988, 0.06224066390041494, 0.18672199170124482, 0.2074688796680498, 0.06224066390041494, 0.12448132780082988, 0.22821576763485477, 0.06224066390041494], "Q": [0.2074688796680498, 0.14522821576763487, 0.08298755186721991, 0.24896265560165975, 0.2697095435684647, 0.3112033195020747, 0.29045643153526973, 0.3112033195020747, 0.2074688796680498, 0.24896265560165975, 0.45643153526970953, 0.2074688796680498], "G": [1.045643153526971, 0.07468879668049792, 0.14937759336099585, 0.8464730290456431, 0.42323651452282157, 0.4979253112033195, 0.921161825726141, 0.7966804979253111, 0.6473029045643154, 0.24896265560165975, 0.6473029045643154, 0.07468879668049792], "Y": [0.2033195020746888, 0.0, 0.6099585062240664, 0.11618257261410789, 0.14522821576763487, 0.08713692946058091, 0.11618257261410789, 0.11618257261410789, 0.11618257261410789, 0.14522821576763487, 0.11618257261410789, 0.34854771784232363], "E": [0.12448132780082988, 0.12448132780082988, 0.1037344398340249, 0.33195020746887965, 0.2697095435684647, 0.45643153526970953, 0.29045643153526973, 0.45643153526970953, 0.33195020746887965, 0.18672199170124482, 0.12448132780082988, 0.1037344398340249], "P": [0.029045643153526972, 0.2033195020746888, 0.23236514522821577, 0.6390041493775933, 0.9294605809128631, 0.6680497925311203, 0.6970954356846473, 0.46473029045643155, 0.5809128630705395, 0.3775933609958506, 0.14522821576763487, 0.23236514522821577], "T": [0.14522821576763487, 0.06224066390041494, 0.1037344398340249, 0.2697095435684647, 0.2074688796680498, 0.2074688796680498, 0.2074688796680498, 0.2074688796680498, 0.35269709543568467, 0.45643153526970953, 0.6639004149377593, 0.18672199170124482], "F": [0.14937759336099585, 0.14937759336099585, 1.170124481327801, 0.1991701244813278, 0.1991701244813278, 0.14937759336099585, 0.0995850622406639, 0.0995850622406639, 0.17427385892116182, 0.4730290456431535, 0.12448132780082988, 1.045643153526971], "I": [0.13278008298755187, 0.04979253112033195, 0.23236514522821577, 0.0995850622406639, 0.1991701244813278, 0.1991701244813278, 0.1825726141078838, 0.11618257261410789, 0.26556016597510373, 0.3153526970954357, 0.13278008298755187, 0.1991701244813278], "C": [0.0, 0.03734439834024896, 0.03734439834024896, 0.03734439834024896, 0.07468879668049792, 0.03734439834024896, 0.0, 0.0, 0.0, 0.0, 0.11203319502074689, 0.0], "D": [0.04979253112033195, 0.0995850622406639, 0.0995850622406639, 0.7468879668049793, 0.24896265560165975, 0.6473029045643154, 0.1991701244813278, 0.44813278008298757, 0.27385892116182575, 0.22406639004149378, 0.0995850622406639, 0.024896265560165973], "M": [0.2074688796680498, 0.08298755186721991, 0.29045643153526973, 0.06224066390041494, 0.08298755186721991, 0.1037344398340249, 0.06224066390041494, 0.06224066390041494, 0.08298755186721991, 0.18672199170124482, 0.06224066390041494, 0.33195020746887965], "W": [0.0, 0.0, 0.5933609958506224, 0.0912863070539419, 0.1825726141078838, 0.0, 0.13692946058091288, 0.0, 0.0, 0.1825726141078838, 0.04564315352697095, 0.04564315352697095], "N": [0.0995850622406639, 0.14937759336099585, 0.24896265560165975, 0.24896265560165975, 0.24896265560165975, 0.27385892116182575, 0.22406639004149378, 0.17427385892116182, 0.1991701244813278, 0.27385892116182575, 0.24896265560165975, 0.0], "K": [0.5186721991701245, 0.06224066390041494, 0.16597510373443983, 0.14522821576763487, 0.16597510373443983, 0.2074688796680498, 0.16597510373443983, 0.3112033195020747, 0.14522821576763487, 0.14522821576763487, 0.2074688796680498, 0.08298755186721991], "S": [0.48132780082987553, 0.06639004149377593, 0.16597510373443983, 0.3817427385892116, 0.3817427385892116, 0.4315352697095436, 0.5145228215767634, 0.46473029045643155, 0.3153526970954357, 0.2821576763485477, 0.5477178423236515, 0.11618257261410789], "V": [0.016597510373443983, 0.016597510373443983, 0.2987551867219917, 0.11618257261410789, 0.2987551867219917, 0.3153526970954357, 0.23236514522821577, 0.2987551867219917, 0.1991701244813278, 0.26556016597510373, 0.1825726141078838, 0.1825726141078838], "L": [0.24896265560165975, 0.08298755186721991, 0.5809128630705395, 0.2821576763485477, 0.3651452282157676, 0.1825726141078838, 0.3153526970954357, 0.2821576763485477, 0.6307053941908713, 0.5145228215767634, 0.5643153526970954, 1.4937759336099585], "A": [0.3983402489626556, 0.03319502074688797, 0.14937759336099585, 0.3153526970954357, 0.3651452282157676, 0.23236514522821577, 0.24896265560165975, 0.2157676348547718, 0.2987551867219917, 0.3153526970954357, 0.14937759336099585, 0.0995850622406639], "H": [0.13278008298755187, 0.06639004149377593, 0.13278008298755187, 0.16597510373443983, 0.06639004149377593, 0.13278008298755187, 0.13278008298755187, 0.06639004149377593, 0.16597510373443983, 0.0995850622406639, 0.13278008298755187, 0.03319502074688797]}