{"L": [0.3356643356643356, 0.0, 1.0, 0.9127516778523491, 1.0, 1.0, 1.0, 1.0, 0.7406143344709898], "G": [0.937062937062937, 0.001990049751243781, 0.14545454545454545, 0.4496644295302014, 0.3584905660377359, 0.4112903225806452, 0.10169491525423731, 0.8934426229508197, 0.003412969283276451], "K": [0.2727272727272727, 0.001990049751243781, 0.10303030303030303, 0.39597315436241615, 0.16352201257861637, 0.3306451612903226, 0.07909604519774012, 0.2868852459016394, 0.006825938566552902], "M": [0.18881118881118877, 0.0009950248756218905, 0.18181818181818182, 0.14093959731543626, 0.19496855345911948, 0.16935483870967744, 0.13559322033898305, 0.10655737704918034, 0.10921501706484643], "F": [0.2657342657342657, 0.0, 0.7151515151515152, 0.46979865771812085, 0.39622641509433965, 0.5080645161290323, 0.48022598870056504, 0.36885245901639346, 1.0], "R": [0.3566433566433566, 1.0, 0.04242424242424242, 0.16778523489932887, 0.12578616352201258, 0.3225806451612903, 0.06779661016949153, 0.39344262295081966, 0.027303754266211608], "W": [0.020979020979020976, 0.0009950248756218905, 0.32121212121212117, 0.17449664429530204, 0.15723270440251572, 0.12096774193548389, 0.11299435028248589, 0.05737704918032787, 0.3890784982935154], "H": [0.34265734265734266, 0.0, 0.18181818181818182, 0.10738255033557048, 0.11949685534591195, 0.0967741935483871, 0.050847457627118654, 0.18032786885245905, 0.003412969283276451], "S": [1.0, 0.0, 0.32727272727272727, 0.3691275167785235, 0.3081761006289308, 0.5, 0.3050847457627119, 0.7950819672131147, 0.0], "C": [0.0, 0.0, 0.03636363636363636, 0.0, 0.018867924528301886, 0.04032258064516129, 0.01694915254237288, 0.00819672131147541, 0.0], "V": [0.3846153846153846, 0.0, 0.6, 0.3691275167785235, 0.6855345911949685, 0.9032258064516129, 0.5649717514124294, 0.4098360655737705, 0.04778156996587031], "N": [0.2587412587412587, 0.0, 0.2606060606060606, 0.1946308724832215, 0.15723270440251572, 0.24193548387096778, 0.2542372881355932, 0.4672131147540984, 0.010238907849829353], "P": [0.013986013986013984, 0.0, 0.048484848484848485, 1.0, 0.3522012578616352, 0.6370967741935484, 0.2711864406779661, 0.04098360655737705, 0.0], "Q": [0.43356643356643354, 0.012935323383084578, 0.2181818181818182, 0.31543624161073824, 0.2893081761006289, 0.45967741935483875, 0.3446327683615819, 0.5, 0.003412969283276451], "T": [0.4265734265734265, 0.0, 0.32727272727272727, 0.22818791946308728, 0.3081761006289308, 0.3548387096774194, 0.33333333333333337, 0.8360655737704918, 0.0], "I": [0.37762237762237755, 0.0, 0.5818181818181818, 0.33557046979865773, 0.7044025157232704, 0.9112903225806452, 0.39548022598870064, 0.18032786885245905, 0.23890784982935157], "E": [0.37062937062937057, 0.0, 0.13939393939393938, 0.4026845637583893, 0.31446540880503143, 0.3467741935483871, 0.5649717514124294, 0.8032786885245902, 0.0], "D": [0.1258741258741259, 0.0, 0.2303030303030303, 0.39597315436241615, 0.2767295597484277, 0.22580645161290322, 0.2542372881355932, 0.30327868852459017, 0.0], "A": [0.8111888111888111, 0.0, 0.36363636363636365, 0.2751677852348994, 0.3018867924528302, 0.3870967741935484, 0.18079096045197743, 0.42622950819672134, 0.006825938566552902], "Y": [0.24475524475524474, 0.0009950248756218905, 0.3878787878787879, 0.17449664429530204, 0.2138364779874214, 0.29838709677419356, 0.2768361581920904, 0.34426229508196726, 0.9112627986348124]}