{"L": [0.17777777777777776, 0.33333333333333337, 0.2068965517241379, 0.32, 0.375, 1.0, 0.576923076923077, 0.4375, 0.2207792207792208], "G": [0.06666666666666665, 0.0392156862745098, 0.034482758620689655, 0.68, 0.6875, 0.24324324324324323, 0.6153846153846153, 0.59375, 0.0], "K": [0.06666666666666665, 0.0, 0.5517241379310345, 0.68, 0.1875, 0.13513513513513514, 0.3846153846153846, 0.34375, 0.051948051948051945], "M": [0.1333333333333333, 0.13725490196078433, 0.1724137931034483, 0.08, 0.25, 0.5405405405405406, 0.2692307692307692, 0.09375, 0.40259740259740256], "F": [0.37777777777777777, 0.058823529411764705, 0.4137931034482758, 0.36, 0.4375, 0.40540540540540543, 0.11538461538461538, 0.375, 0.5974025974025974], "R": [0.17777777777777776, 0.11764705882352941, 0.3103448275862069, 0.48, 1.0, 0.027027027027027025, 0.34615384615384615, 0.1875, 0.03896103896103896], "W": [0.08888888888888888, 0.0196078431372549, 0.2068965517241379, 0.12, 0.75, 0.08108108108108107, 0.1923076923076923, 0.09375, 0.012987012987012986], "H": [0.08888888888888888, 0.0196078431372549, 0.3793103448275862, 0.12, 0.875, 0.08108108108108107, 0.34615384615384615, 0.09375, 0.025974025974025972], "S": [0.31111111111111106, 0.13725490196078433, 0.2068965517241379, 0.2, 0.875, 0.3243243243243243, 0.6538461538461539, 0.625, 0.0], "C": [0.0, 0.0392156862745098, 0.034482758620689655, 0.2, 0.0625, 0.08108108108108107, 0.03846153846153846, 0.0, 0.012987012987012986], "V": [0.08888888888888888, 0.6862745098039216, 0.6896551724137931, 0.12, 0.6875, 0.2702702702702703, 0.1923076923076923, 0.28125, 0.012987012987012986], "N": [0.15555555555555553, 0.0196078431372549, 0.13793103448275862, 0.44, 0.6875, 0.13513513513513514, 0.30769230769230765, 0.15625, 0.0], "P": [0.0, 0.0392156862745098, 0.3103448275862069, 0.52, 0.5, 0.13513513513513514, 0.4230769230769231, 0.3125, 0.0], "Q": [0.08888888888888888, 0.25490196078431376, 0.1724137931034483, 0.32, 0.375, 0.05405405405405405, 0.11538461538461538, 0.1875, 0.012987012987012986], "T": [0.1333333333333333, 1.0, 0.3793103448275862, 0.32, 0.625, 0.3243243243243243, 0.4230769230769231, 0.46875000000000006, 0.012987012987012986], "I": [0.19999999999999998, 0.43137254901960786, 1.0, 0.08, 0.9375000000000001, 0.5945945945945946, 0.576923076923077, 0.125, 0.025974025974025972], "E": [1.0, 0.058823529411764705, 0.13793103448275862, 1.0, 0.6875, 0.05405405405405405, 0.30769230769230765, 0.0625, 0.012987012987012986], "D": [0.4666666666666666, 0.0, 0.06896551724137931, 0.68, 0.625, 0.16216216216216214, 0.11538461538461538, 0.15625, 0.0], "A": [0.24444444444444444, 0.0392156862745098, 0.6206896551724138, 0.64, 0.5, 0.16216216216216214, 1.0, 1.0, 0.0], "Y": [0.31111111111111106, 0.25490196078431376, 0.4482758620689655, 0.16, 0.625, 0.2702702702702703, 0.23076923076923075, 0.28125, 1.0]}