{"L": [0.2104722792607803, 0.3318840579710145, 0.9165302782324058, 0.5741444866920151, 0.8729838709677419, 1.0, 1.0, 1.0, 0.012366983031348864], "G": [0.5, 0.0572463768115942, 0.41407528641571195, 0.7908745247148289, 0.6330645161290323, 0.4427860696517413, 0.1179138321995465, 0.4266666666666667, 0.0017256255392579813], "K": [0.4774127310061602, 0.007971014492753623, 0.18494271685761046, 0.612167300380228, 0.5282258064516129, 0.263681592039801, 0.18027210884353742, 0.5833333333333334, 1.0], "M": [0.12114989733059549, 0.08188405797101449, 0.4238952536824877, 0.14068441064638781, 0.14516129032258066, 0.18573797678275292, 0.18820861678004536, 0.17, 0.0034512510785159626], "F": [0.0944558521560575, 0.05652173913043478, 1.0, 0.3669201520912547, 0.7258064516129032, 0.7877280265339967, 0.5396825396825397, 0.44999999999999996, 0.004314063848144953], "R": [0.48767967145790553, 0.013043478260869566, 0.09983633387888706, 0.3574144486692015, 0.3245967741935484, 0.2620232172470978, 0.17346938775510204, 0.3983333333333333, 0.2643083117630141], "W": [0.01642710472279261, 0.0036231884057971015, 0.06546644844517185, 0.09315589353612166, 0.1895161290322581, 0.0945273631840796, 0.08730158730158731, 0.055, 0.00028760425654299687], "H": [0.09240246406570841, 0.005797101449275362, 0.15220949263502453, 0.1806083650190114, 0.282258064516129, 0.2338308457711443, 0.20975056689342406, 0.21333333333333335, 0.02530917457578372], "S": [0.9815195071868583, 0.49710144927536226, 0.7495908346972177, 0.9277566539923953, 0.9576612903225806, 0.7213930348258707, 0.31859410430839, 0.6716666666666666, 0.004026459591601956], "C": [0.028747433264887066, 0.010869565217391306, 0.08510638297872342, 0.08745247148288973, 0.08064516129032258, 0.06965174129353234, 0.038548752834467126, 0.08833333333333333, 0.0], "V": [0.3829568788501027, 1.0, 0.46481178396072015, 0.3859315589353612, 0.9334677419354839, 0.8723051409618574, 0.6972789115646258, 0.46, 0.011216566005176877], "N": [0.1026694045174538, 0.02318840579710145, 0.453355155482815, 0.4771863117870722, 0.5221774193548387, 0.3217247097844113, 0.1836734693877551, 0.55, 0.0017256255392579813], "P": [0.03080082135523614, 0.015942028985507246, 0.12438625204582651, 1.0, 1.0, 0.5290215588723052, 0.2687074829931973, 0.6166666666666667, 0.0014380212827149843], "Q": [0.1570841889117043, 0.16231884057971016, 0.3911620294599018, 0.467680608365019, 0.3245967741935484, 0.3383084577114428, 0.15306122448979592, 0.6466666666666667, 0.003163646821972965], "T": [0.40143737166324434, 0.9500000000000001, 0.3731587561374795, 0.6330798479087452, 0.6673387096774194, 0.6716417910447762, 0.3888888888888889, 0.58, 0.0028760425654299686], "I": [0.22895277207392198, 0.4036231884057971, 0.8330605564648118, 0.3403041825095057, 0.8024193548387096, 0.9121061359867331, 0.7585034013605443, 0.23333333333333334, 0.006614897900488927], "E": [0.09548254620123203, 0.007246376811594203, 0.16202945990180034, 0.94106463878327, 0.49193548387096775, 0.19071310116086237, 0.16780045351473924, 0.6299999999999999, 0.0017256255392579813], "D": [0.04106776180698152, 0.011594202898550725, 0.35515548281505727, 0.9771863117870722, 0.34879032258064513, 0.16417910447761194, 0.1111111111111111, 0.165, 0.0011504170261719875], "A": [1.0, 0.25579710144927537, 0.8477905073649754, 0.688212927756654, 0.6189516129032259, 0.603648424543947, 0.3106575963718821, 0.6350000000000001, 0.004026459591601956], "Y": [0.1026694045174538, 0.02391304347826087, 0.7561374795417348, 0.24144486692015207, 0.4556451612903226, 0.30514096185737977, 0.2392290249433107, 0.44166666666666665, 0.20592464768478577]}