{"L": [0.807899461400359, 1.0, 1.0, 0.2572435395458105, 1.0, 1.0, 1.0, 0.8463969658659924, 1.0], "G": [0.5774985038898862, 0.0112874028324992, 0.2452667814113597, 0.5007830853563039, 0.7308724832214766, 0.1919337414476053, 0.1588785046728972, 0.5372945638432364, 0.010238305383936452], "K": [0.8527827648114901, 0.0031945479714620383, 0.13941480206540446, 0.30736100234925606, 0.714765100671141, 0.14332012963629817, 0.31241655540720964, 0.6757269279393173, 0.009532215357458075], "M": [0.21843207660083783, 0.12597167500798637, 0.31841652323580033, 0.05716523101018011, 0.15838926174496645, 0.12063377745768815, 0.20827770360480644, 0.16877370417193427, 0.0529567519858782], "F": [0.943147815679234, 0.009370674049621977, 0.45826161790017206, 0.11981205951448708, 0.587248322147651, 0.2261433201296363, 0.6675567423230975, 0.4399494310998736, 0.037246248896734335], "R": [0.5523638539796528, 0.005217761686721329, 0.08993115318416522, 0.17815191855912296, 0.4644295302013423, 0.12171407994238387, 0.27970627503337786, 0.5537294563843237, 0.01500441306266549], "W": [0.08557749850388989, 0.0006389095942924076, 0.19879518072289157, 0.05324980422866092, 0.15302013422818794, 0.04105149441843717, 0.22429906542056074, 0.0809102402022756, 0.0040600176522506614], "H": [0.19748653500897667, 0.0037269726333723774, 0.14629948364888123, 0.1307752545027408, 0.40738255033557047, 0.0806625855239467, 0.6034712950600801, 0.3255372945638432, 0.003000882612533098], "S": [1.0, 0.02182941113832393, 0.4763339070567986, 0.47846515270164447, 0.6026845637583893, 0.3240907454087144, 0.49065420560747663, 0.9051833122629583, 0.02206531332744925], "C": [0.05026929982046678, 0.0031945479714620383, 0.056368330464715996, 0.06264682850430697, 0.11409395973154364, 0.07274036730284479, 0.09078771695594125, 0.07585335018963338, 0.01729920564872021], "V": [0.6002393776181926, 0.12480034075178362, 0.3158347676419966, 0.15661707126076743, 0.8644295302013424, 0.7540511343176088, 0.9893190921228305, 0.37041719342604296, 0.9383936451897618], "N": [0.22621184919210052, 0.0047918219571930565, 0.2882960413080895, 0.32341425215348474, 0.41744966442953024, 0.24558876485415918, 0.37917222963951935, 0.4152970922882427, 0.00706090026478376], "P": [0.04727707959305805, 0.0063890959429240765, 0.21514629948364888, 0.5516836335160532, 0.3268456375838926, 0.3233705437522506, 0.8731642189586115, 0.30973451327433627, 0.006531332744924978], "Q": [0.28605625374027527, 0.0617612607815994, 0.30507745266781405, 0.24588880187940487, 0.425503355704698, 0.20957868203096866, 0.4799732977303071, 0.6156763590391909, 0.007590467784642542], "T": [0.4829443447037702, 0.06314556490256629, 0.27323580034423406, 0.2725137039937353, 0.6208053691275168, 0.35433921498019444, 0.6822429906542057, 1.0, 0.060723742277140336], "I": [0.5637342908438061, 0.14588435736343308, 0.5086058519793459, 0.1577916992952232, 0.7067114093959733, 0.6863521786100109, 0.7757009345794393, 0.2319848293299621, 0.2889673433362754], "E": [0.11549970077797725, 0.017357043978277073, 0.14457831325301204, 1.0, 0.6791946308724832, 0.2275837234425639, 0.6608811748998665, 0.9532237673830594, 0.008296557811120918], "D": [0.09754637941352483, 0.0030880630390799704, 0.5206540447504302, 0.803445575567737, 0.47248322147651006, 0.14368023046453007, 0.267022696929239, 0.1706700379266751, 0.0040600176522506614], "A": [0.964093357271095, 0.046640400383345756, 0.6876075731497417, 0.38214565387627253, 0.6590604026845638, 0.2657544112351458, 0.8911882510013351, 0.7831858407079646, 0.23918799646954989], "Y": [0.7103530819868341, 0.010648493238206793, 0.35585197934595525, 0.09749412685982772, 0.4134228187919463, 0.11127115592365862, 0.42790387182910544, 0.4475347661188369, 0.03442188879082083]}