{"L": [0.11267605633802817, 0.5265486725663716, 0.31208053691275167, 0.6, 0.5954198473282443, 0.6370967741935484, 1.0, 1.0, 0.43859649122807015], "G": [0.11267605633802817, 0.11061946902654866, 0.04697986577181208, 0.5818181818181818, 0.6412213740458016, 0.4596774193548387, 0.25396825396825395, 0.4409448818897638, 0.08187134502923976], "K": [1.0, 0.03097345132743363, 0.9161073825503355, 0.7454545454545455, 0.5343511450381679, 0.4032258064516129, 0.13227513227513227, 0.3543307086614173, 1.0], "M": [0.14929577464788732, 0.15044247787610618, 0.11409395973154363, 0.16363636363636364, 0.17557251908396945, 0.1935483870967742, 0.20634920634920637, 0.12598425196850394, 0.08771929824561403], "F": [0.05352112676056338, 0.2256637168141593, 0.3691275167785235, 0.5363636363636364, 0.4809160305343511, 0.9112903225806451, 0.35978835978835977, 0.9291338582677164, 0.13157894736842105], "R": [0.8873239436619718, 0.084070796460177, 1.0, 0.5363636363636364, 0.648854961832061, 0.5806451612903226, 0.23280423280423282, 0.37007874015748027, 0.09064327485380116], "W": [0.01971830985915493, 0.048672566371681415, 0.02348993288590604, 0.18181818181818182, 0.0916030534351145, 0.24193548387096775, 0.11111111111111112, 0.047244094488188976, 0.011695906432748537], "H": [0.1295774647887324, 0.022123893805309738, 0.1610738255033557, 0.2090909090909091, 0.2366412213740458, 0.34677419354838707, 0.2275132275132275, 0.23622047244094488, 0.005847953216374269], "S": [0.14647887323943662, 0.5619469026548672, 0.19463087248322147, 1.0, 1.0, 1.0, 0.2857142857142857, 0.8582677165354331, 0.049707602339181284], "C": [0.03943661971830986, 0.01327433628318584, 0.006711409395973154, 0.19090909090909092, 0.061068702290076333, 0.13709677419354838, 0.08994708994708994, 0.07086614173228346, 0.0029239766081871343], "V": [0.07605633802816901, 0.9911504424778762, 0.07718120805369127, 0.4727272727272727, 0.732824427480916, 0.6290322580645161, 0.3492063492063492, 0.5275590551181102, 0.6374269005847953], "N": [0.03380281690140845, 0.03982300884955752, 0.12416107382550336, 0.6818181818181818, 0.4809160305343511, 0.5, 0.24867724867724866, 0.5748031496062992, 0.008771929824561403], "P": [0.005633802816901408, 0.06194690265486726, 0.03691275167785235, 0.9727272727272727, 0.549618320610687, 0.5725806451612904, 0.8042328042328043, 0.6456692913385826, 0.014619883040935673], "Q": [0.036619718309859155, 0.43805309734513276, 0.10738255033557047, 0.43636363636363634, 0.3053435114503817, 0.3064516129032258, 0.3650793650793651, 0.42519685039370075, 0.005847953216374269], "T": [0.11830985915492959, 1.0, 0.0738255033557047, 0.4727272727272727, 0.6030534351145038, 0.8709677419354838, 0.1746031746031746, 0.5748031496062992, 0.02631578947368421], "I": [0.11267605633802817, 0.4247787610619469, 0.16778523489932887, 0.6454545454545455, 0.66412213740458, 0.6209677419354839, 0.6772486772486772, 0.39370078740157477, 0.4298245614035087], "E": [0.04225352112676056, 0.02654867256637168, 0.010067114093959731, 0.9272727272727274, 0.3282442748091603, 0.2661290322580645, 0.18518518518518517, 0.6377952755905512, 0.014619883040935673], "D": [0.01971830985915493, 0.008849557522123894, 0.04697986577181208, 0.7363636363636364, 0.19083969465648853, 0.12903225806451613, 0.13756613756613756, 0.1732283464566929, 0.0], "A": [0.29295774647887324, 0.37168141592920356, 0.15100671140939595, 0.7909090909090908, 0.7480916030534351, 0.467741935483871, 0.3862433862433862, 0.7637795275590551, 0.23099415204678359], "Y": [0.07605633802816901, 0.3053097345132743, 0.18791946308724833, 0.3, 0.3206106870229008, 0.6451612903225807, 0.28042328042328046, 0.5354330708661417, 0.32748538011695905]}