{"L": [0.08411214953271029, 0.0061068702290076335, 1.0, 0.7133333333333334, 0.9435483870967742, 1.0, 0.9705882352941176, 0.01892744479495268, 0.0031380753138075313], "G": [0.15420560747663553, 0.03816793893129771, 0.12962962962962962, 0.5066666666666667, 0.717741935483871, 0.40764331210191085, 0.023529411764705882, 0.1451104100946372, 0.0020920502092050207], "K": [0.05607476635514019, 0.007633587786259542, 0.2407407407407407, 0.5733333333333334, 0.3951612903225806, 0.3821656050955414, 0.23529411764705882, 0.15457413249211355, 0.0], "M": [0.1822429906542056, 0.0015267175572519084, 0.27777777777777773, 0.1, 0.1693548387096774, 0.14012738853503187, 0.1411764705882353, 0.022082018927444793, 0.0], "F": [0.17289719626168223, 0.0, 0.9876543209876542, 0.11333333333333333, 0.7499999999999999, 0.4267515923566879, 0.21764705882352942, 0.00946372239747634, 0.0], "R": [0.17757009345794394, 0.5923664122137405, 0.2839506172839506, 0.4266666666666667, 0.4919354838709677, 0.3312101910828026, 0.3411764705882353, 0.13249211356466875, 0.0], "W": [0.004672897196261682, 0.0, 0.13580246913580246, 0.060000000000000005, 0.04032258064516128, 0.0445859872611465, 0.05294117647058824, 0.0, 0.0], "H": [0.4672897196261682, 1.0, 0.5617283950617283, 0.12666666666666668, 0.25806451612903225, 0.21019108280254778, 0.42352941176470593, 0.056782334384858045, 0.0010460251046025104], "S": [0.6261682242990655, 0.007633587786259542, 0.5, 0.6000000000000001, 0.8790322580645161, 0.5286624203821656, 0.25882352941176473, 0.9652996845425866, 0.006276150627615063], "C": [0.0, 0.0, 0.14814814814814814, 0.02666666666666667, 0.056451612903225805, 0.019108280254777073, 0.041176470588235294, 0.015772870662460563, 0.03765690376569038], "V": [0.09345794392523364, 0.0015267175572519084, 0.43827160493827155, 0.5466666666666667, 1.0, 0.8089171974522293, 1.0, 0.2965299684542586, 0.22071129707112971], "N": [0.5093457943925235, 0.010687022900763359, 0.4567901234567901, 0.26666666666666666, 0.4032258064516129, 0.089171974522293, 0.24705882352941178, 0.05047318611987381, 0.0], "P": [0.0, 0.050381679389312976, 0.2037037037037037, 1.0, 0.4435483870967742, 0.8280254777070064, 0.48235294117647065, 0.06624605678233438, 0.007322175732217572], "Q": [0.6355140186915887, 0.17099236641221374, 0.43827160493827155, 0.6266666666666666, 0.8064516129032258, 0.4713375796178344, 0.3941176470588235, 0.18611987381703468, 0.0], "T": [0.6355140186915887, 0.0, 0.419753086419753, 0.4066666666666667, 0.6048387096774193, 0.4140127388535032, 0.5294117647058824, 0.38801261829652994, 0.038702928870292884], "I": [0.10280373831775702, 0.0, 0.3024691358024691, 0.39333333333333337, 0.48387096774193544, 0.8789808917197452, 0.6294117647058823, 0.0694006309148265, 0.0041841004184100415], "E": [1.0, 0.021374045801526718, 0.06790123456790123, 0.7133333333333334, 0.5, 0.3121019108280255, 0.4294117647058824, 0.3785488958990536, 0.0], "D": [0.383177570093458, 0.0, 0.05555555555555555, 0.4666666666666667, 0.1774193548387097, 0.11464968152866244, 0.12941176470588237, 0.022082018927444793, 0.0], "A": [0.4112149532710281, 0.0183206106870229, 0.5432098765432098, 0.6466666666666667, 0.7580645161290321, 0.46496815286624205, 0.6647058823529411, 1.0, 1.0], "Y": [0.20560747663551404, 0.0015267175572519084, 0.6049382716049382, 0.10666666666666667, 0.3064516129032258, 0.17197452229299362, 0.21764705882352942, 0.006309148264984226, 0.0]}