{"L": [1.0, 0.017135023989033583, 1.0, 0.6619318181818181, 0.9192307692307692, 1.0, 1.0, 0.7789203084832905, 0.3145956607495069], "G": [0.03288201160541586, 0.055517477724468814, 0.13783783783783785, 0.46590909090909094, 0.7038461538461538, 0.4131147540983607, 0.103359173126615, 0.13367609254498714, 0.0], "K": [0.05802707930367505, 0.0006854009595613433, 0.20810810810810812, 0.32386363636363635, 0.5, 0.41639344262295086, 0.3385012919896641, 0.5115681233933161, 0.007889546351084811], "M": [0.3152804642166344, 0.008910212474297463, 0.1783783783783784, 0.11079545454545454, 0.1346153846153846, 0.2098360655737705, 0.14211886304909563, 0.08226221079691516, 0.07100591715976332], "F": [0.3617021276595745, 0.008910212474297463, 0.827027027027027, 0.2159090909090909, 0.5807692307692307, 0.6327868852459017, 0.2713178294573644, 0.17994858611825193, 0.18934911242603553], "R": [0.04061895551257253, 0.0006854009595613433, 0.3162162162162162, 0.2585227272727273, 0.4461538461538461, 0.29180327868852457, 0.47028423772609823, 0.38046272493573263, 0.006903353057199211], "W": [0.02321083172147002, 0.0, 0.14864864864864866, 0.07954545454545454, 0.11538461538461538, 0.07868852459016394, 0.03617571059431525, 0.048843187660668384, 0.07692307692307693], "H": [0.11992263056092843, 0.0006854009595613433, 0.2189189189189189, 0.2159090909090909, 0.39999999999999997, 0.15737704918032788, 0.2997416020671835, 0.2519280205655527, 0.0009861932938856014], "S": [0.2649903288201161, 0.03495544893762851, 0.3162162162162162, 0.6448863636363635, 0.7346153846153846, 0.6491803278688525, 0.537467700258398, 0.6889460154241646, 0.008875739644970414], "C": [0.0425531914893617, 0.0006854009595613433, 0.02972972972972973, 0.06818181818181819, 0.06153846153846153, 0.0819672131147541, 0.04651162790697675, 0.06683804627249357, 0.001972386587771203], "V": [0.4448742746615087, 0.028101439342015082, 0.3837837837837838, 0.39204545454545453, 1.0, 0.9081967213114754, 0.5322997416020673, 0.6555269922879178, 0.8717948717948718], "N": [0.1663442940038685, 0.0020562028786840305, 0.37297297297297294, 0.3096590909090909, 0.3384615384615385, 0.20655737704918034, 0.3385012919896641, 0.2776349614395887, 0.001972386587771203], "P": [0.015473887814313345, 1.0, 0.5108108108108108, 1.0, 0.9153846153846154, 0.7475409836065574, 0.7312661498708011, 0.15424164524421594, 0.010848126232741617], "Q": [0.1276595744680851, 0.003427004797806717, 0.14864864864864866, 0.2585227272727273, 0.5384615384615384, 0.5114754098360657, 0.3410852713178295, 0.3264781491002571, 0.002958579881656805], "T": [0.2669245647969052, 0.010281014393420152, 0.22162162162162163, 0.34659090909090906, 0.6653846153846152, 0.4360655737704918, 0.4599483204134367, 1.0, 0.010848126232741617], "I": [0.35589941972920697, 0.013708019191226868, 0.4486486486486487, 0.34090909090909094, 0.8269230769230769, 0.9278688524590164, 0.4470284237726098, 0.39588688946015427, 1.0], "E": [0.29593810444874274, 0.20219328307059628, 0.16756756756756758, 0.7698863636363635, 0.3769230769230769, 0.2491803278688525, 0.28165374677002586, 0.40616966580976865, 0.0009861932938856014], "D": [0.8471953578336557, 0.008910212474297463, 0.1837837837837838, 0.6278409090909091, 0.3153846153846154, 0.1737704918032787, 0.1343669250645995, 0.05912596401028278, 0.0009861932938856014], "A": [0.17794970986460348, 0.46401644962302946, 0.5783783783783784, 0.5340909090909091, 0.6346153846153846, 0.6360655737704918, 0.39793281653746776, 0.3727506426735218, 0.03944773175542406], "Y": [0.3114119922630561, 0.00616860863605209, 0.9648648648648648, 0.11363636363636363, 0.2692307692307692, 0.20327868852459016, 0.12919896640826875, 0.23136246786632392, 0.06804733727810651]}