{"L": [0.7209302325581396, 0.05, 0.20792079207920794, 0.376, 0.33333333333333326, 0.5192307692307693, 0.3307692307692307, 0.38738738738738737, 0.24161073825503357], "G": [0.01550387596899225, 0.0325, 0.07425742574257427, 0.36000000000000004, 0.39999999999999997, 0.25, 0.07692307692307691, 0.1891891891891892, 0.0], "K": [0.08527131782945738, 0.0025, 0.034653465346534656, 0.35200000000000004, 0.2571428571428571, 0.25961538461538464, 0.13846153846153847, 0.2612612612612613, 0.020134228187919462], "M": [0.35658914728682173, 0.005, 0.13366336633663367, 0.024, 0.047619047619047616, 0.08653846153846155, 0.04615384615384615, 0.06306306306306307, 0.2583892617449664], "F": [1.0, 0.065, 0.17821782178217824, 0.11200000000000002, 0.24761904761904757, 0.33653846153846156, 0.2692307692307692, 0.14414414414414414, 0.9731543624161074], "R": [0.10077519379844961, 0.0, 0.04950495049504951, 0.256, 0.2571428571428571, 0.1730769230769231, 0.08461538461538462, 0.1891891891891892, 0.003355704697986577], "W": [0.054263565891472874, 0.01, 0.034653465346534656, 0.024, 0.057142857142857134, 0.019230769230769232, 0.06923076923076923, 0.018018018018018018, 0.040268456375838924], "H": [0.7209302325581396, 0.005, 0.10891089108910892, 0.136, 0.17142857142857143, 0.25961538461538464, 0.3692307692307692, 0.15315315315315314, 0.016778523489932886], "S": [0.434108527131783, 0.042499999999999996, 0.21782178217821785, 0.48000000000000004, 0.5809523809523809, 0.5384615384615385, 0.34615384615384615, 1.0, 0.0], "C": [0.0, 0.0, 0.0049504950495049506, 0.0, 0.0, 0.019230769230769232, 0.015384615384615384, 0.036036036036036036, 0.0], "V": [0.17054263565891475, 0.105, 0.1534653465346535, 0.28800000000000003, 0.4666666666666667, 0.6538461538461539, 1.0, 0.9009009009009009, 0.006711409395973154], "N": [0.32558139534883723, 0.0025, 0.10891089108910892, 0.22400000000000003, 0.26666666666666666, 0.23076923076923078, 0.20769230769230765, 0.09909909909909911, 0.0], "P": [0.0310077519379845, 1.0, 0.05940594059405941, 1.0, 0.8190476190476189, 0.41346153846153844, 0.4076923076923077, 0.1801801801801802, 0.016778523489932886], "Q": [0.17829457364341086, 0.025, 0.15841584158415842, 0.328, 0.2571428571428571, 0.25961538461538464, 0.3384615384615385, 0.39639639639639646, 0.006711409395973154], "T": [0.37209302325581395, 0.027500000000000004, 0.12871287128712872, 0.22400000000000003, 0.40952380952380946, 0.42307692307692313, 0.2923076923076923, 1.0, 0.0], "I": [0.3178294573643411, 0.022500000000000003, 0.2623762376237624, 0.16, 0.2952380952380952, 0.4807692307692308, 0.4384615384615384, 0.17117117117117117, 0.013422818791946308], "E": [0.20155038759689922, 0.005, 0.3564356435643565, 0.904, 0.8190476190476189, 1.0, 0.5538461538461539, 0.8648648648648649, 0.0], "D": [0.124031007751938, 0.0025, 1.0, 0.42400000000000004, 1.0, 0.9326923076923077, 0.30769230769230765, 0.08108108108108109, 0.003355704697986577], "A": [0.13953488372093026, 0.3925, 0.4356435643564357, 0.39200000000000007, 0.49523809523809514, 0.3942307692307692, 0.3692307692307692, 0.7297297297297298, 0.0], "Y": [0.6589147286821706, 0.14250000000000002, 0.12871287128712872, 0.136, 0.19999999999999998, 0.20192307692307693, 0.3, 0.11711711711711711, 1.0]}