{"L": [0.4798206278026906, 0.293570219966159, 0.416988416988417, 0.16247139588100684, 0.39211136890951276, 0.5308924485125858, 1.0, 0.17891816920943135, 1.0], "G": [0.1195814648729447, 0.06006768189509305, 0.13706563706563704, 0.3970251716247139, 0.6821345707656613, 0.977116704805492, 0.19285714285714284, 0.12343966712898753, 0.0004734848484848485], "K": [0.3811659192825112, 0.004230118443316413, 0.1911196911196911, 0.17734553775743706, 0.4385150812064965, 0.16933638443935928, 0.36904761904761907, 0.130374479889043, 0.000946969696969697], "M": [0.1973094170403588, 0.06852791878172587, 0.27606177606177607, 0.030892448512585814, 0.05568445475638051, 0.12585812356979406, 0.22142857142857145, 0.054091539528432736, 0.1074810606060606], "F": [1.0, 0.015228426395939085, 0.6660231660231659, 0.10411899313501144, 0.3294663573085847, 0.5537757437070938, 0.24523809523809523, 0.08599167822468795, 0.3579545454545454], "R": [0.33333333333333337, 0.011844331641285956, 0.14478764478764478, 0.09725400457665904, 0.5730858468677494, 0.38443935926773454, 0.6095238095238096, 0.0957004160887656, 0.0], "W": [0.03886397608370703, 0.0008460236886632825, 0.04247104247104247, 0.010297482837528604, 0.19257540603248263, 0.020594965675057208, 0.04047619047619048, 0.004160887656033287, 0.007575757575757576], "H": [0.21823617339312407, 0.0008460236886632825, 0.2027027027027027, 0.09382151029748283, 0.4918793503480279, 0.31350114416475966, 0.5404761904761904, 0.0998613037447989, 0.0028409090909090906], "S": [0.452914798206278, 0.2758037225042301, 0.48648648648648646, 0.2723112128146453, 0.7447795823665893, 1.0, 0.9214285714285714, 1.0, 0.0], "C": [0.001494768310911809, 0.004230118443316413, 0.036679536679536676, 0.002288329519450801, 0.016241299303944315, 0.036613272311212815, 0.01904761904761905, 0.016643550624133148, 0.0], "V": [0.4035874439461884, 0.32148900169204736, 0.7162162162162161, 0.12356979405034325, 0.7447795823665893, 0.7025171624713958, 0.7380952380952381, 0.5755894590846047, 0.05397727272727273], "N": [0.07772795216741406, 0.0076142131979695426, 0.3745173745173745, 0.14874141876430205, 0.419953596287703, 0.3112128146453089, 0.32142857142857145, 0.08599167822468795, 0.0004734848484848485], "P": [0.004484304932735426, 0.3536379018612521, 0.07335907335907335, 1.0, 1.0, 0.5537757437070938, 0.6214285714285713, 0.12343966712898753, 0.001893939393939394], "Q": [0.06278026905829596, 0.305414551607445, 0.16988416988416988, 0.14416475972540044, 0.25754060324825984, 0.2425629290617849, 0.5190476190476191, 0.24549237170596397, 0.0004734848484848485], "T": [0.22720478325859494, 0.21573604060913704, 0.32239382239382236, 0.14530892448512586, 0.5220417633410672, 0.7894736842105262, 0.7690476190476191, 0.6449375866851595, 0.001893939393939394], "I": [0.3811659192825112, 0.22165820642978, 0.9247104247104246, 0.09382151029748283, 0.45011600928074247, 0.5881006864988558, 0.48095238095238096, 0.11927877947295423, 0.04261363636363636], "E": [0.03139013452914798, 0.00338409475465313, 0.18532818532818532, 0.4794050343249428, 0.27842227378190254, 0.2425629290617849, 0.3047619047619048, 0.5561719833564495, 0.0014204545454545453], "D": [0.014947683109118088, 0.001692047377326565, 0.4961389961389961, 0.45995423340961095, 0.25986078886310904, 0.2608695652173913, 0.15, 0.054091539528432736, 0.0004734848484848485], "A": [0.5829596412556055, 1.0, 1.0, 0.3363844393592677, 0.7308584686774943, 0.7048054919908466, 0.7738095238095238, 0.9403606102635229, 0.02367424242424242], "Y": [0.6547085201793722, 0.03976311336717428, 0.45173745173745167, 0.056064073226544615, 0.2111368909512761, 0.16247139588100684, 0.18333333333333332, 0.12066574202496534, 0.18986742424242423]}