{"L": [0.21082089552238803, 0.9099836333878887, 0.5270270270270271, 0.22107438016528927, 0.6804123711340208, 0.6275395033860045, 1.0, 0.7723076923076924, 1.0], "G": [0.09514925373134328, 0.05728314238952537, 0.14054054054054055, 0.3801652892561983, 0.5910652920962199, 0.22121896162528218, 0.1114058355437666, 0.21846153846153846, 0.0014398848092152627], "K": [0.41977611940298504, 0.047463175122749585, 0.33783783783783783, 0.21487603305785125, 0.865979381443299, 0.17155756207674944, 0.20954907161803715, 0.3569230769230769, 0.008639308855291577], "M": [0.13619402985074627, 0.09819967266775777, 0.31621621621621626, 0.04752066115702479, 0.11683848797250859, 0.0835214446952596, 0.20689655172413796, 0.12923076923076923, 0.07127429805615552], "F": [1.0, 0.05564648117839607, 1.0, 0.09710743801652891, 0.6666666666666666, 0.2618510158013544, 0.5251989389920425, 0.44923076923076927, 0.18286537077033838], "R": [0.5205223880597014, 1.0, 0.24324324324324328, 0.12190082644628099, 1.0, 0.18058690744920994, 0.38461538461538464, 0.3876923076923077, 0.0014398848092152627], "W": [0.04477611940298508, 0.0032733224222585926, 0.06756756756756757, 0.03099173553719008, 0.12714776632302408, 0.03611738148984198, 0.13793103448275865, 0.033846153846153845, 0.013678905687544998], "H": [0.1921641791044776, 0.01800327332242226, 0.18648648648648652, 0.0909090909090909, 0.577319587628866, 0.18510158013544017, 0.44297082228116713, 0.13846153846153847, 0.0035997120230381575], "S": [0.5261194029850745, 0.31751227495908346, 0.43783783783783786, 0.40289256198347106, 0.5463917525773196, 0.4018058690744921, 0.3687002652519894, 0.9784615384615385, 0.0007199424046076314], "C": [0.007462686567164179, 0.0016366612111292963, 0.01891891891891892, 0.010330578512396695, 0.010309278350515465, 0.01805869074492099, 0.021220159151193636, 0.03076923076923077, 0.0], "V": [0.22014925373134328, 0.513911620294599, 0.28378378378378377, 0.10743801652892562, 0.7010309278350515, 1.0, 0.6021220159151195, 0.6676923076923078, 0.2937365010799136], "N": [0.11007462686567164, 0.06546644844517185, 0.5945945945945947, 0.30165289256198347, 0.4948453608247423, 0.20090293453724606, 0.29973474801061006, 0.34461538461538466, 0.0021598272138228943], "P": [0.0, 0.06382978723404255, 0.42702702702702705, 0.9793388429752066, 0.3402061855670104, 0.4808126410835214, 0.32360742705570295, 0.06769230769230769, 0.0007199424046076314], "Q": [0.1044776119402985, 0.20621931260229134, 0.15135135135135136, 0.27892561983471076, 0.3573883161512028, 0.26410835214446954, 0.6684350132625996, 0.6123076923076923, 0.0], "T": [0.21641791044776118, 0.4533551554828151, 0.20270270270270271, 0.20661157024793386, 0.443298969072165, 0.5462753950338601, 0.480106100795756, 0.9107692307692308, 0.0021598272138228943], "I": [0.2518656716417911, 0.15711947626841244, 0.6945945945945946, 0.08264462809917356, 0.6357388316151202, 0.9074492099322798, 0.4827586206896552, 0.2646153846153846, 0.16054715622750182], "E": [0.14179104477611942, 0.21112929623567922, 0.13243243243243244, 1.0, 0.30927835051546393, 0.1670428893905192, 0.3448275862068966, 1.0, 0.0], "D": [0.020522388059701493, 0.004909983633387889, 0.518918918918919, 0.946280991735537, 0.18213058419243988, 0.07900677200902935, 0.14588859416445626, 0.1076923076923077, 0.0], "A": [0.2294776119402985, 0.31260229132569556, 0.6837837837837838, 0.28512396694214875, 0.4226804123711341, 0.41309255079006774, 0.3978779840848807, 0.6061538461538462, 0.012958963282937365], "Y": [0.8563432835820896, 0.15548281505728315, 0.7189189189189189, 0.06818181818181818, 0.7010309278350515, 0.17155756207674944, 0.3872679045092839, 0.6707692307692308, 0.2908567314614831]}