{"L": [0.6363636363636364, 0.07453416149068323, 1.0, 0.6363636363636364, 1.0, 1.0, 1.0, 0.76, 0.5474452554744526], "G": [0.5757575757575758, 0.012422360248447206, 0.4883720930232558, 0.4545454545454546, 0.7096774193548386, 0.6666666666666665, 0.6923076923076923, 1.0, 0.014598540145985403], "K": [0.42424242424242425, 0.0, 0.2558139534883721, 0.42424242424242425, 0.5806451612903225, 0.33333333333333326, 0.3846153846153846, 0.72, 0.08029197080291971], "M": [0.3333333333333333, 0.07453416149068323, 0.4883720930232558, 0.15151515151515152, 0.0967741935483871, 0.13333333333333333, 0.3846153846153846, 0.39999999999999997, 0.029197080291970805], "F": [0.5757575757575758, 0.2981366459627329, 0.34883720930232565, 0.6060606060606061, 0.5483870967741935, 0.8666666666666666, 1.0, 0.64, 1.0], "R": [1.0, 0.006211180124223603, 0.0930232558139535, 0.4848484848484849, 0.4838709677419355, 0.5, 0.4230769230769231, 0.48, 0.007299270072992701], "W": [0.42424242424242425, 0.11801242236024845, 0.0930232558139535, 0.393939393939394, 0.1935483870967742, 0.06666666666666667, 0.6538461538461539, 0.36, 0.11678832116788322], "H": [0.27272727272727276, 0.04968944099378882, 0.3023255813953489, 0.27272727272727276, 0.1935483870967742, 0.16666666666666663, 0.6923076923076923, 0.19999999999999998, 0.0], "S": [0.5757575757575758, 0.02484472049689441, 0.4418604651162791, 0.7272727272727273, 0.7741935483870968, 0.5666666666666667, 0.8461538461538461, 0.96, 0.007299270072992701], "C": [0.15151515151515152, 0.0, 0.06976744186046512, 0.12121212121212123, 0.12903225806451613, 0.26666666666666666, 0.2692307692307692, 0.08, 0.0], "V": [0.5151515151515151, 0.055900621118012424, 0.23255813953488372, 0.42424242424242425, 0.5483870967741935, 0.8333333333333333, 0.9615384615384616, 0.6000000000000001, 0.0364963503649635], "N": [0.18181818181818182, 0.006211180124223603, 0.186046511627907, 0.5454545454545455, 0.8709677419354839, 0.16666666666666663, 0.6538461538461539, 0.56, 0.0], "P": [0.18181818181818182, 0.006211180124223603, 0.6046511627906977, 1.0, 0.5161290322580645, 0.3, 0.34615384615384615, 0.52, 0.0], "Q": [0.4848484848484849, 0.031055900621118012, 0.5348837209302326, 0.27272727272727276, 0.25806451612903225, 0.19999999999999998, 0.5384615384615384, 0.39999999999999997, 0.0], "T": [0.5454545454545455, 0.07453416149068323, 0.372093023255814, 0.393939393939394, 0.6451612903225805, 1.0, 0.4230769230769231, 0.72, 0.007299270072992701], "I": [0.6666666666666666, 0.012422360248447206, 0.372093023255814, 0.4848484848484849, 0.6129032258064516, 0.9, 0.23076923076923075, 0.48, 0.2116788321167883], "E": [0.15151515151515152, 0.006211180124223603, 0.186046511627907, 0.4545454545454546, 0.6451612903225805, 0.3, 0.4615384615384615, 0.96, 0.0], "D": [0.060606060606060615, 0.006211180124223603, 0.3023255813953489, 0.5454545454545455, 0.3548387096774193, 0.4666666666666667, 0.6538461538461539, 0.9199999999999999, 0.0], "A": [0.8484848484848485, 0.055900621118012424, 0.4883720930232558, 0.6363636363636364, 0.7096774193548386, 0.8666666666666666, 0.5384615384615384, 0.72, 0.029197080291970805], "Y": [0.7272727272727273, 1.0, 0.3023255813953489, 0.30303030303030304, 0.06451612903225806, 0.6666666666666665, 0.6923076923076923, 0.84, 0.16058394160583941]}