{"L": [0.6092184368737474, 1.0, 0.09081196581196581, 0.4252696456086287, 0.5765306122448979, 0.9405099150141643, 0.9611650485436893, 0.4158607350096712, 1.0], "G": [0.1683366733466934, 0.15384615384615385, 0.010149572649572648, 0.411402157164869, 0.7857142857142857, 0.943342776203966, 0.20631067961165048, 0.15667311411992266, 0.0], "K": [0.45490981963927857, 0.010180995475113122, 0.011217948717948718, 0.30816640986132515, 0.5535714285714286, 0.3881019830028329, 0.35194174757281554, 0.33849129593810445, 0.0], "M": [0.18036072144288576, 0.08144796380090498, 0.04807692307692307, 0.04930662557781201, 0.10714285714285714, 0.1529745042492918, 0.17475728155339806, 0.09671179883945842, 0.05738029283735656], "F": [1.0, 0.024886877828054297, 0.07905982905982906, 0.14021571648690292, 0.30612244897959184, 0.4050991501416431, 0.27184466019417475, 0.2746615087040619, 0.09972299168975071], "R": [0.6693386773547094, 0.024886877828054297, 0.07051282051282051, 0.16332819722650233, 0.5892857142857142, 0.5722379603399433, 0.3737864077669903, 0.27079303675048355, 0.0], "W": [0.04809619238476954, 0.004524886877828054, 0.014957264957264958, 0.038520801232665644, 0.04081632653061224, 0.0368271954674221, 0.06310679611650485, 0.019342359767891684, 0.0], "H": [0.188376753507014, 0.0011312217194570135, 0.021367521367521368, 0.11556240369799693, 0.36224489795918363, 0.35410764872521244, 0.5072815533980582, 0.2321083172147002, 0.0], "S": [0.8677354709418837, 0.40497737556561086, 0.10523504273504272, 0.46995377503852076, 0.8137755102040816, 1.0, 0.8155339805825242, 1.0, 0.0], "C": [0.004008016032064128, 0.030542986425339366, 0.0005341880341880341, 0.01078582434514638, 0.022959183673469385, 0.05099150141643059, 0.02669902912621359, 0.03868471953578337, 0.0003957261574990107], "V": [0.7274549098196392, 0.42760180995475117, 0.03952991452991453, 0.18181818181818182, 0.8520408163265306, 0.9631728045325779, 1.0, 0.5725338491295938, 0.2619707162643451], "N": [0.3326653306613226, 0.057692307692307696, 0.04754273504273504, 0.2172573189522342, 0.4872448979591837, 0.8328611898016997, 0.5509708737864077, 0.29206963249516443, 0.0], "P": [0.004008016032064128, 0.6787330316742082, 0.025106837606837604, 0.6425269645608629, 1.0, 0.6572237960339944, 0.5048543689320388, 0.1470019342359768, 0.0], "Q": [0.09819639278557114, 0.21945701357466063, 0.05822649572649572, 0.2681047765793529, 0.44897959183673464, 0.5694050991501417, 0.5703883495145631, 0.425531914893617, 0.0], "T": [0.4629258517034068, 0.3223981900452489, 0.03311965811965812, 0.25115562403697994, 0.5816326530612245, 0.9631728045325779, 0.8543689320388349, 0.7620889748549323, 0.001187178472497032], "I": [0.6713426853707414, 0.27941176470588236, 0.05502136752136752, 0.17719568567026195, 0.673469387755102, 0.8271954674220964, 0.5315533980582524, 0.13346228239845262, 0.1032845271072418], "E": [0.11823647294589179, 0.0011312217194570135, 0.12286324786324786, 1.0, 0.4566326530612245, 0.45325779036827196, 0.5558252427184466, 0.9709864603481625, 0.0], "D": [0.02004008016032064, 0.002262443438914027, 1.0, 0.773497688751926, 0.3698979591836735, 0.24929178470254956, 0.19174757281553398, 0.1702127659574468, 0.0], "A": [0.5811623246492986, 0.7047511312217195, 0.19497863247863248, 0.3436055469953775, 0.7193877551020408, 0.623229461756374, 0.7694174757281553, 0.9361702127659575, 0.015829046299960427], "Y": [0.6653306613226452, 0.013574660633484163, 0.06997863247863248, 0.06471494607087827, 0.2729591836734694, 0.14447592067988668, 0.2524271844660194, 0.344294003868472, 0.014641867827463398]}