{"L": [0.34649122807017546, 0.03304904051172708, 0.06465517241379311, 0.11538461538461538, 0.9126984126984126, 0.31560283687943264, 0.9899497487437187, 0.4103585657370518, 1.0], "G": [0.10526315789473685, 0.02985074626865672, 0.06465517241379311, 0.4644970414201184, 0.7857142857142857, 0.23404255319148934, 0.08542713567839197, 0.05976095617529881, 0.0], "K": [0.5921052631578947, 0.0, 0.3793103448275862, 0.1331360946745562, 1.0, 0.09219858156028368, 0.6884422110552765, 0.3705179282868526, 0.0], "M": [0.19298245614035087, 0.026652452025586356, 0.13793103448275862, 0.03550295857988166, 0.15079365079365079, 0.05319148936170213, 0.18592964824120606, 0.1155378486055777, 0.2338709677419355], "F": [1.0, 0.003198294243070363, 0.9655172413793104, 0.10059171597633138, 0.7301587301587301, 0.1702127659574468, 0.25628140703517593, 0.19521912350597606, 0.34475806451612906], "R": [0.39473684210526316, 0.003198294243070363, 0.125, 0.03550295857988166, 0.888888888888889, 0.1702127659574468, 0.6934673366834171, 0.3426294820717131, 0.006048387096774193], "W": [0.030701754385964914, 0.0, 0.02586206896551724, 0.02958579881656805, 0.12698412698412698, 0.0425531914893617, 0.04522613065326633, 0.01195219123505976, 0.010080645161290324], "H": [0.14035087719298245, 0.0021321961620469083, 0.10775862068965517, 0.12721893491124261, 0.9841269841269841, 0.13120567375886524, 0.4623115577889447, 0.15139442231075698, 0.006048387096774193], "S": [0.5614035087719298, 0.22174840085287847, 0.5948275862068965, 0.3875739644970414, 0.626984126984127, 0.28723404255319146, 0.5527638190954774, 0.450199203187251, 0.004032258064516129], "C": [0.017543859649122806, 0.0, 0.06465517241379311, 0.01775147928994083, 0.11111111111111112, 0.0425531914893617, 0.04522613065326633, 0.027888446215139445, 0.008064516129032258], "V": [0.6929824561403509, 0.05330490405117271, 0.4396551724137931, 0.07692307692307693, 0.7857142857142857, 1.0, 1.0, 1.0, 0.6673387096774194], "N": [0.2719298245614035, 0.003198294243070363, 0.1336206896551724, 0.20118343195266275, 0.5079365079365079, 0.06382978723404255, 0.2412060301507538, 0.08366533864541832, 0.0], "P": [0.0, 0.003198294243070363, 0.034482758620689655, 1.0, 0.6031746031746031, 0.7127659574468086, 0.23115577889447236, 0.10756972111553784, 0.0], "Q": [0.14912280701754388, 0.03304904051172708, 0.07758620689655173, 0.10059171597633138, 0.38095238095238093, 0.15602836879432624, 0.43718592964824127, 0.3386454183266932, 0.0], "T": [0.30701754385964913, 0.1705756929637527, 0.16810344827586204, 0.16863905325443787, 0.5, 0.425531914893617, 0.4271356783919598, 0.7211155378486056, 0.004032258064516129], "I": [0.37280701754385964, 0.012793176972281451, 0.44827586206896547, 0.023668639053254437, 0.9365079365079364, 0.7446808510638299, 0.6180904522613067, 0.39442231075697215, 0.2399193548387097], "E": [0.06140350877192983, 0.0021321961620469083, 0.08189655172413793, 0.4644970414201184, 0.47619047619047616, 0.15602836879432624, 0.17085427135678394, 0.5258964143426295, 0.0], "D": [0.02192982456140351, 0.0, 0.625, 0.6272189349112426, 0.3492063492063492, 0.0425531914893617, 0.04020100502512563, 0.03187250996015936, 0.0], "A": [0.6403508771929824, 1.0, 0.9267241379310345, 0.27218934911242604, 0.5714285714285714, 0.425531914893617, 0.2864321608040201, 0.3466135458167331, 0.028225806451612906], "Y": [0.6798245614035088, 0.0010660980810234541, 1.0, 0.05621301775147929, 0.47619047619047616, 0.05319148936170213, 0.08040201005025126, 0.29083665338645415, 0.4717741935483871]}