{"L": [1.0, 0.026755852842809368, 0.7317073170731707, 0.6, 1.0, 0.8333333333333333, 1.0, 1.0, 1.0], "G": [0.10769230769230768, 0.030100334448160536, 0.4878048780487805, 0.4000000000000001, 0.4905660377358491, 0.5238095238095238, 0.12000000000000001, 0.15384615384615385, 0.0375], "K": [0.15384615384615383, 0.003344481605351171, 0.1951219512195122, 0.42500000000000004, 0.20754716981132076, 0.47619047619047616, 0.16000000000000003, 0.36538461538461536, 0.012500000000000002], "M": [0.7846153846153846, 0.003344481605351171, 0.5853658536585366, 0.225, 0.2830188679245283, 0.2619047619047619, 0.28, 0.21153846153846154, 0.55], "F": [0.7384615384615384, 0.003344481605351171, 0.8048780487804877, 0.35000000000000003, 0.3773584905660377, 0.7142857142857142, 0.6400000000000001, 0.3269230769230769, 0.75], "R": [0.12307692307692308, 0.006688963210702342, 0.21951219512195122, 0.325, 0.20754716981132076, 0.3333333333333333, 0.26, 0.3269230769230769, 0.0], "W": [0.13846153846153847, 0.0, 0.14634146341463414, 0.275, 0.07547169811320756, 0.3571428571428571, 0.3, 0.1346153846153846, 0.7875], "H": [0.21538461538461537, 0.0, 0.2926829268292683, 0.20000000000000004, 0.09433962264150943, 0.09523809523809525, 0.34, 0.21153846153846154, 0.0], "S": [0.1846153846153846, 0.023411371237458192, 0.7804878048780488, 1.0, 0.339622641509434, 1.0, 0.46, 0.5769230769230769, 0.025000000000000005], "C": [0.21538461538461537, 0.003344481605351171, 0.07317073170731707, 0.35000000000000003, 0.11320754716981132, 0.09523809523809525, 0.08000000000000002, 0.1346153846153846, 0.012500000000000002], "V": [0.30769230769230765, 0.053511705685618735, 0.951219512195122, 0.625, 0.5660377358490566, 0.8333333333333333, 0.62, 0.5192307692307692, 0.48750000000000004], "N": [0.26153846153846155, 0.0, 0.5121951219512195, 0.625, 0.3584905660377358, 0.42857142857142855, 0.42000000000000004, 0.3846153846153846, 0.0], "P": [0.07692307692307691, 1.0, 0.12195121951219512, 0.7000000000000001, 0.3773584905660377, 0.3333333333333333, 0.42000000000000004, 0.5961538461538461, 0.0], "Q": [0.24615384615384617, 0.013377926421404684, 0.17073170731707316, 0.4000000000000001, 0.39622641509433965, 0.5238095238095238, 0.28, 0.21153846153846154, 0.025000000000000005], "T": [0.5076923076923077, 0.033444816053511704, 0.8780487804878049, 0.8000000000000002, 0.6037735849056605, 0.5952380952380951, 0.6, 0.6923076923076923, 0.0375], "I": [0.5384615384615384, 0.006688963210702342, 0.9024390243902439, 0.75, 0.8679245283018868, 0.5952380952380951, 0.28, 0.5961538461538461, 0.9500000000000001], "E": [0.4, 0.006688963210702342, 0.6097560975609756, 0.875, 0.3773584905660377, 0.5, 0.46, 0.3076923076923077, 0.0375], "D": [0.10769230769230768, 0.013377926421404684, 0.41463414634146345, 0.6, 0.41509433962264153, 0.5476190476190476, 0.32000000000000006, 0.2692307692307692, 0.0], "A": [0.13846153846153847, 0.1705685618729097, 1.0, 0.65, 0.5094339622641509, 0.738095238095238, 0.68, 0.8653846153846153, 0.17500000000000002], "Y": [0.21538461538461537, 0.006688963210702342, 0.36585365853658536, 0.325, 0.2641509433962264, 0.21428571428571427, 0.68, 0.1923076923076923, 0.36250000000000004]}