{"L": [0.6393805309734513, 1.0, 1.0, 0.3104166666666666, 1.0, 0.8226221079691517, 1.0, 1.0, 0.03027706369608683], "G": [0.581858407079646, 0.11451612903225808, 0.26633165829145733, 0.7666666666666666, 0.3924731182795699, 0.6683804627249358, 0.07858243451463791, 0.24737631184407796, 0.00028563267637817766], "K": [0.5796460176991151, 0.022580645161290325, 0.28140703517587945, 0.43958333333333327, 0.38530465949820786, 0.4267352185089974, 0.0539291217257319, 0.5097451274362819, 0.0025706940874035992], "M": [0.25, 0.33387096774193553, 0.2345058626465662, 0.09583333333333333, 0.19534050179211468, 0.21850899742930593, 0.06471494607087827, 0.09895052473763119, 0.015424164524421594], "F": [0.8185840707964601, 0.9370967741935483, 0.458961474036851, 0.22291666666666665, 0.4086021505376344, 0.7223650385604113, 0.28659476117103233, 0.328335832083958, 0.07397886318194802], "R": [0.44026548672566373, 0.027419354838709678, 0.12227805695142378, 0.3645833333333333, 0.3351254480286738, 0.45244215938303345, 0.04622496147919877, 0.48125937031484256, 0.0028563267637817767], "W": [0.10398230088495575, 0.10806451612903227, 0.12060301507537691, 0.05416666666666667, 0.08064516129032256, 0.11311053984575836, 0.04930662557781202, 0.026986506746626688, 0.003998857469294488], "H": [0.3761061946902655, 0.03548387096774194, 0.24790619765494137, 0.38541666666666663, 0.27419354838709675, 0.5604113110539846, 0.16486902927580893, 0.2848575712143928, 0.0057126535275635534], "S": [1.0, 0.28064516129032263, 0.6247906197654942, 0.7333333333333334, 0.4157706093189964, 0.8071979434447301, 0.08859784283513097, 0.43628185907046474, 0.0028563267637817767], "C": [0.046460176991150445, 0.03548387096774194, 0.06532663316582915, 0.03125, 0.035842293906810034, 0.09768637532133675, 0.01078582434514638, 0.034482758620689655, 0.000856898029134533], "V": [0.6150442477876107, 0.95, 0.271356783919598, 0.29791666666666666, 0.7491039426523296, 0.7660668380462724, 0.12326656394453005, 0.25037481259370314, 0.00742644958583262], "N": [0.34292035398230086, 0.18870967741935485, 0.3819095477386935, 0.4645833333333333, 0.28494623655913975, 0.42159383033419023, 0.06548536209553159, 0.21289355322338832, 0.0014281633818908884], "P": [0.06415929203539823, 0.08870967741935484, 0.28140703517587945, 0.7479166666666666, 0.23835125448028674, 0.724935732647815, 0.10400616332819723, 0.0944527736131934, 0.001713796058269066], "Q": [0.29646017699115046, 0.18387096774193548, 0.19932998324958126, 0.4270833333333333, 0.3709677419354839, 0.609254498714653, 0.11864406779661016, 0.30434782608695654, 0.001999428734647244], "T": [0.44911504424778764, 0.6483870967741936, 0.304857621440536, 0.41666666666666663, 0.3996415770609319, 0.7172236503856042, 0.0970724191063174, 0.27586206896551724, 0.001713796058269066], "I": [0.4823008849557522, 0.4483870967741936, 0.39530988274706874, 0.18541666666666665, 0.6953405017921146, 0.5526992287917738, 0.11710323574730354, 0.13193403298350825, 0.011710939731505285], "E": [0.20132743362831856, 0.19193548387096776, 0.19430485762144056, 0.7562499999999999, 0.31720430107526876, 0.20565552699228792, 0.14021571648690292, 0.47976011994003, 0.0014281633818908884], "D": [0.09070796460176991, 0.03870967741935484, 0.29313232830820773, 1.0, 0.2222222222222222, 0.2313624678663239, 0.08320493066255778, 0.17541229385307347, 0.001999428734647244], "A": [0.7699115044247788, 0.34677419354838707, 0.6817420435510888, 0.6208333333333332, 0.3064516129032258, 1.0, 0.20647149460708783, 0.3403298350824588, 0.0028563267637817767], "Y": [0.9225663716814159, 0.6322580645161291, 0.44221105527638194, 0.2208333333333333, 0.24014336917562723, 0.42159383033419023, 0.2596302003081664, 0.43328335832083953, 1.0]}