{"L": [0.26838235294117646, 0.000819000819000819, 0.5060240963855421, 0.3348017621145375, 0.518796992481203, 1.0, 1.0, 0.21757322175732216, 0.02777777777777778], "G": [0.4191176470588235, 0.0, 0.12048192771084337, 0.30837004405286345, 0.962406015037594, 0.4186046511627907, 0.2215909090909091, 0.16736401673640167, 0.00462962962962963], "K": [0.47058823529411764, 0.0, 0.5542168674698795, 0.26872246696035246, 0.7593984962406014, 0.3081395348837209, 0.3693181818181818, 0.3263598326359832, 0.0], "M": [0.03676470588235294, 0.000819000819000819, 0.18674698795180725, 0.022026431718061675, 0.09022556390977443, 0.12790697674418605, 0.125, 0.04184100418410042, 0.006944444444444445], "F": [0.1323529411764706, 0.0, 0.608433734939759, 0.1629955947136564, 0.8571428571428571, 0.9534883720930233, 0.056818181818181816, 0.02928870292887029, 0.00462962962962963], "R": [0.5588235294117647, 0.004095004095004095, 0.46987951807228917, 0.19823788546255508, 0.7969924812030075, 0.40116279069767447, 0.625, 0.1799163179916318, 0.0], "W": [0.029411764705882353, 0.0, 0.04216867469879518, 0.03524229074889868, 0.07518796992481203, 0.13372093023255813, 0.005681818181818182, 0.0, 0.00462962962962963], "H": [0.11029411764705883, 0.0, 0.391566265060241, 0.06167400881057269, 0.3007518796992481, 0.13953488372093023, 0.18181818181818182, 0.06276150627615062, 0.0], "S": [0.4044117647058823, 0.000819000819000819, 0.3433734939759036, 0.41409691629955947, 0.631578947368421, 0.5813953488372093, 0.40340909090909094, 0.6527196652719665, 0.016203703703703703], "C": [0.003676470588235294, 0.0, 0.05421686746987952, 0.013215859030837005, 0.0, 0.01744186046511628, 0.045454545454545456, 0.012552301255230124, 0.04166666666666667], "V": [0.15441176470588233, 0.0, 0.7409638554216869, 0.1894273127753304, 0.3684210526315789, 0.4244186046511628, 0.5852272727272727, 0.6610878661087866, 0.08564814814814815], "N": [0.03676470588235294, 0.0, 0.20481927710843376, 0.17180616740088106, 0.3684210526315789, 0.14534883720930233, 0.24431818181818182, 0.05857740585774058, 0.002314814814814815], "P": [0.0, 0.000819000819000819, 0.006024096385542169, 0.6079295154185023, 1.0, 0.5348837209302325, 0.7329545454545455, 0.301255230125523, 0.21064814814814817], "Q": [0.3639705882352941, 0.0171990171990172, 0.19879518072289157, 0.3436123348017621, 0.3458646616541353, 0.5058139534883721, 0.39772727272727276, 0.3514644351464435, 0.0], "T": [0.23529411764705882, 0.0, 0.25903614457831325, 0.19823788546255508, 0.5112781954887218, 0.563953488372093, 0.5056818181818182, 0.5146443514644351, 0.020833333333333336], "I": [0.14705882352941177, 0.0, 0.8674698795180723, 0.20704845814977973, 0.21804511278195488, 0.3081395348837209, 0.48295454545454547, 0.10041841004184099, 0.01851851851851852], "E": [0.05514705882352942, 1.0, 0.10843373493975904, 1.0, 0.4511278195488722, 0.1569767441860465, 0.3125, 0.5230125523012552, 0.0], "D": [0.01838235294117647, 0.004095004095004095, 0.21084337349397592, 0.43171806167400884, 0.3308270676691729, 0.04069767441860465, 0.08522727272727273, 0.046025104602510455, 0.0], "A": [1.0, 0.0, 1.0, 0.4933920704845815, 0.7218045112781954, 0.46511627906976744, 0.6590909090909091, 1.0, 1.0], "Y": [0.17279411764705882, 0.0, 0.6927710843373494, 0.07048458149779736, 0.13533834586466165, 0.0755813953488372, 0.0965909090909091, 0.008368200836820083, 0.00925925925925926]}