{"L": [0.8378378378378378, 1.0, 1.0, 0.6724137931034482, 1.0, 1.0, 0.7943262411347518, 1.0, 1.0], "G": [0.38513513513513514, 0.003590664272890485, 0.3949579831932773, 0.9051724137931034, 0.4044117647058823, 0.234375, 0.24822695035460993, 0.4233128834355828, 0.002570694087403599], "K": [0.6418918918918919, 0.0, 0.31092436974789917, 0.6724137931034482, 0.39705882352941174, 0.20312499999999997, 0.3191489361702128, 0.27607361963190186, 0.012853470437017995], "M": [0.30405405405405406, 0.19389587073608616, 0.4621848739495798, 0.14655172413793102, 0.1691176470588235, 0.21874999999999997, 0.2624113475177305, 0.1533742331288344, 0.08483290488431877], "F": [1.0, 0.00718132854578097, 0.8235294117647058, 0.45689655172413796, 0.6102941176470589, 0.4427083333333333, 0.7163120567375886, 0.5644171779141105, 0.007712082262210797], "R": [0.3918918918918919, 0.0017953321364452424, 0.21008403361344538, 0.3189655172413793, 0.25, 0.1875, 0.24113475177304966, 0.2883435582822086, 0.007712082262210797], "W": [0.08783783783783783, 0.0, 0.25210084033613445, 0.09482758620689655, 0.14705882352941177, 0.041666666666666664, 0.21985815602836878, 0.16564417177914112, 0.002570694087403599], "H": [0.14864864864864863, 0.0, 0.11764705882352941, 0.22413793103448273, 0.18382352941176472, 0.0625, 0.24113475177304966, 0.08588957055214724, 0.002570694087403599], "S": [0.6081081081081081, 0.03411131059245961, 0.9663865546218487, 0.939655172413793, 0.5294117647058824, 0.40624999999999994, 0.6382978723404256, 0.6196319018404908, 0.05141388174807198], "C": [0.12837837837837837, 0.012567324955116697, 0.21848739495798317, 0.27586206896551724, 0.18382352941176472, 0.16666666666666666, 0.15602836879432624, 0.11656441717791412, 0.010282776349614395], "V": [0.3378378378378379, 0.2315978456014363, 0.5378151260504201, 0.4396551724137931, 0.7794117647058824, 0.5208333333333334, 0.524822695035461, 0.2638036809815951, 0.9588688946015423], "N": [0.3581081081081081, 0.026929982046678635, 0.6554621848739495, 0.46551724137931033, 0.39705882352941174, 0.359375, 0.3475177304964539, 0.245398773006135, 0.005141388174807198], "P": [0.07432432432432431, 0.0017953321364452424, 0.32773109243697474, 0.3879310344827586, 0.2205882352941176, 0.15624999999999997, 0.3120567375886525, 0.294478527607362, 0.002570694087403599], "Q": [0.20945945945945946, 0.06463195691202872, 0.25210084033613445, 0.31034482758620685, 0.29411764705882354, 0.2760416666666667, 0.20567375886524825, 0.26993865030674846, 0.0], "T": [0.3310810810810811, 0.14542190305206462, 0.49579831932773105, 0.6293103448275862, 0.5147058823529411, 0.4270833333333333, 0.6950354609929078, 0.6134969325153375, 0.15681233933161953], "I": [0.5945945945945945, 0.32495511669658883, 0.7478991596638656, 0.5775862068965517, 0.7720588235294117, 0.6354166666666666, 0.46808510638297873, 0.34355828220858897, 0.5115681233933163], "E": [0.2702702702702703, 0.0017953321364452424, 0.36134453781512604, 0.6465517241379309, 0.38235294117647056, 0.23958333333333331, 0.3617021276595745, 0.4294478527607362, 0.0], "D": [0.19594594594594594, 0.003590664272890485, 0.47058823529411764, 0.8620689655172414, 0.4558823529411764, 0.171875, 0.3617021276595745, 0.2638036809815951, 0.0], "A": [0.6418918918918919, 0.11490125673249552, 0.9243697478991596, 1.0, 0.625, 0.3177083333333333, 1.0, 0.6012269938650306, 0.2802056555269923], "Y": [0.6148648648648648, 0.0, 0.6218487394957983, 0.3879310344827586, 0.5661764705882353, 0.22395833333333334, 0.45390070921985815, 0.39263803680981596, 0.007712082262210797]}