{"L": [0.3333333333333333, 0.2717391304347826, 0.7435897435897435, 0.8536585365853658, 0.35714285714285715, 0.553191489361702, 1.0, 0.65, 0.625], "G": [0.26666666666666666, 0.021739130434782608, 0.358974358974359, 0.7560975609756098, 1.0, 1.0, 0.3818181818181818, 0.925, 0.0], "K": [1.0, 0.021739130434782608, 0.28205128205128205, 0.5609756097560976, 0.5, 0.19148936170212766, 0.21818181818181817, 0.37500000000000006, 0.07142857142857144], "M": [0.21666666666666665, 0.13043478260869565, 0.3076923076923077, 0.21951219512195122, 0.1904761904761905, 0.23404255319148937, 0.2545454545454545, 0.35000000000000003, 0.19642857142857142], "F": [0.26666666666666666, 0.043478260869565216, 0.8974358974358975, 0.4146341463414634, 0.380952380952381, 0.2553191489361702, 0.43636363636363634, 0.37500000000000006, 0.9107142857142857], "R": [0.7333333333333333, 0.043478260869565216, 1.0, 0.3414634146341463, 0.7380952380952381, 0.3829787234042553, 0.32727272727272727, 0.37500000000000006, 0.044642857142857144], "W": [0.25, 0.021739130434782608, 0.46153846153846156, 0.1951219512195122, 0.2142857142857143, 0.2553191489361702, 0.3090909090909091, 0.17500000000000002, 0.46428571428571425], "H": [0.18333333333333332, 0.03260869565217391, 0.1794871794871795, 0.31707317073170727, 0.3333333333333333, 0.44680851063829785, 0.4, 0.225, 0.00892857142857143], "S": [0.3333333333333333, 1.0, 0.5384615384615384, 0.5121951219512195, 0.7380952380952381, 0.6382978723404256, 0.5454545454545454, 1.0, 0.0], "C": [0.08333333333333333, 0.010869565217391304, 0.10256410256410257, 0.17073170731707316, 0.09523809523809525, 0.1276595744680851, 0.12727272727272726, 0.20000000000000004, 0.0], "V": [0.2833333333333333, 0.5108695652173912, 0.5384615384615384, 0.2926829268292683, 0.5714285714285714, 0.4893617021276596, 0.1818181818181818, 0.5, 0.07142857142857144], "N": [0.09999999999999999, 0.021739130434782608, 0.4102564102564103, 0.2682926829268293, 0.5952380952380952, 0.36170212765957444, 0.2727272727272727, 0.25, 0.0], "P": [0.0, 0.22826086956521738, 0.15384615384615385, 0.9024390243902438, 0.5476190476190477, 0.34042553191489366, 0.43636363636363634, 0.675, 0.0], "Q": [0.16666666666666666, 0.19565217391304346, 0.1794871794871795, 0.43902439024390244, 0.2619047619047619, 0.23404255319148937, 0.34545454545454546, 0.4000000000000001, 0.0], "T": [0.25, 0.8695652173913042, 0.5128205128205128, 0.31707317073170727, 0.5238095238095238, 0.553191489361702, 0.45454545454545453, 0.8250000000000001, 0.0], "I": [0.7999999999999999, 0.16304347826086957, 0.9230769230769231, 0.43902439024390244, 0.7380952380952381, 0.574468085106383, 0.3090909090909091, 0.275, 0.10714285714285714], "E": [0.31666666666666665, 0.06521739130434782, 0.38461538461538464, 1.0, 0.3333333333333333, 0.19148936170212766, 0.2, 0.425, 0.00892857142857143], "D": [0.06666666666666667, 0.0, 0.358974358974359, 0.6829268292682926, 0.2857142857142857, 0.574468085106383, 0.16363636363636364, 0.35000000000000003, 0.0], "A": [0.38333333333333336, 0.4673913043478261, 0.8205128205128206, 0.6341463414634145, 0.6666666666666666, 0.4893617021276596, 0.6363636363636364, 0.9500000000000001, 0.0], "Y": [0.5166666666666666, 0.15217391304347824, 0.9230769230769231, 0.2682926829268293, 0.2857142857142857, 0.46808510638297873, 0.14545454545454548, 0.525, 1.0]}