{"L": [0.45454545454545453, 0.0026809651474530827, 1.0, 0.8278688524590164, 1.0, 1.0, 1.0, 0.3495934959349593, 1.0], "G": [0.9363636363636364, 0.0, 0.06293706293706293, 0.4672131147540984, 0.5842696629213483, 0.35000000000000003, 0.025210084033613443, 0.44715447154471544, 0.0029585798816568047], "K": [0.24545454545454543, 0.0, 0.013986013986013984, 0.3114754098360656, 0.29213483146067415, 0.21000000000000002, 0.08403361344537814, 0.17886178861788618, 0.0029585798816568047], "M": [0.14545454545454545, 0.0, 0.20279720279720279, 0.12295081967213116, 0.24719101123595505, 0.22, 0.1680672268907563, 0.07317073170731707, 0.14792899408284024], "F": [0.18181818181818182, 0.0, 0.965034965034965, 0.3770491803278689, 0.5842696629213483, 0.52, 0.5546218487394957, 0.15447154471544713, 0.3520710059171598], "R": [0.4363636363636364, 1.0, 0.0, 0.13934426229508198, 0.07865168539325842, 0.21000000000000002, 0.09243697478991596, 0.2845528455284553, 0.023668639053254437], "W": [0.08181818181818182, 0.0, 0.31468531468531463, 0.12295081967213116, 0.15730337078651685, 0.13, 0.21848739495798317, 0.024390243902439025, 0.01775147928994083], "H": [0.35454545454545455, 0.0, 0.11888111888111888, 0.049180327868852465, 0.07865168539325842, 0.11, 0.06722689075630252, 0.11382113821138212, 0.026627218934911243], "S": [1.0, 0.0, 0.18881118881118877, 0.2950819672131148, 0.33707865168539325, 0.31, 0.1764705882352941, 0.7642276422764227, 0.014792899408284025], "C": [0.00909090909090909, 0.0, 0.03496503496503497, 0.00819672131147541, 0.0449438202247191, 0.09, 0.025210084033613443, 0.08130081300813008, 0.023668639053254437], "V": [0.32727272727272727, 0.0, 0.49650349650349646, 0.23770491803278693, 0.8426966292134832, 0.81, 0.7394957983193277, 0.4796747967479674, 0.15680473372781065], "N": [0.16363636363636364, 0.0, 0.23076923076923075, 0.18032786885245902, 0.19101123595505617, 0.24000000000000002, 0.26050420168067223, 0.1951219512195122, 0.008875739644970414], "P": [0.00909090909090909, 0.0, 0.006993006993006992, 1.0, 0.6292134831460674, 0.73, 0.42857142857142855, 0.03252032520325203, 0.0029585798816568047], "Q": [0.4363636363636364, 0.0026809651474530827, 0.1048951048951049, 0.27049180327868855, 0.4382022471910112, 0.41000000000000003, 0.29411764705882354, 0.43089430894308944, 0.008875739644970414], "T": [0.37272727272727274, 0.0, 0.21678321678321677, 0.20491803278688525, 0.3033707865168539, 0.26999999999999996, 0.27731092436974786, 0.6016260162601625, 0.023668639053254437], "I": [0.42727272727272725, 0.0, 0.4685314685314685, 0.2950819672131148, 0.9775280898876405, 0.73, 0.5630252100840336, 0.14634146341463414, 0.11242603550295859], "E": [0.26363636363636367, 0.0, 0.05594405594405594, 0.418032786885246, 0.5505617977528089, 0.37, 0.6134453781512604, 1.0, 0.008875739644970414], "D": [0.045454545454545456, 0.0, 0.13986013986013987, 0.43442622950819676, 0.3595505617977528, 0.12000000000000001, 0.18487394957983191, 0.23577235772357724, 0.0], "A": [0.7000000000000001, 0.0, 0.23776223776223776, 0.20491803278688525, 0.37078651685393255, 0.32999999999999996, 0.1680672268907563, 0.4390243902439024, 0.06804733727810651], "Y": [0.22727272727272727, 0.0, 0.3846153846153846, 0.18032786885245902, 0.3595505617977528, 0.34, 0.36134453781512604, 0.06504065040650406, 0.21597633136094674]}