{"L": [0.39999999999999997, 0.4444444444444444, 0.39999999999999997, 0.375, 0.7777777777777778, 0.7999999999999999, 1.0, 0.9523809523809524, 0.018181818181818184], "G": [0.09999999999999999, 0.02222222222222222, 0.35, 0.75, 0.8333333333333334, 0.5499999999999999, 0.4146341463414634, 0.5238095238095237, 0.0], "K": [1.0, 0.02222222222222222, 0.25, 1.0, 0.3333333333333333, 0.0, 0.024390243902439025, 0.04761904761904762, 0.009090909090909092], "M": [0.5, 0.06666666666666667, 0.09999999999999999, 0.1875, 0.2777777777777778, 0.15, 0.0975609756097561, 0.380952380952381, 0.018181818181818184], "F": [0.19999999999999998, 0.08888888888888888, 0.8499999999999999, 0.43749999999999994, 1.0, 0.8999999999999999, 0.17073170731707316, 1.0, 0.14545454545454548], "R": [0.65, 0.0, 0.25, 0.5625, 0.2777777777777778, 0.19999999999999998, 0.12195121951219512, 0.2380952380952381, 0.0], "W": [0.15, 0.0, 0.15, 0.25, 0.5555555555555556, 0.09999999999999999, 0.36585365853658536, 0.0, 0.009090909090909092], "H": [0.19999999999999998, 0.02222222222222222, 0.19999999999999998, 0.25, 0.16666666666666666, 0.19999999999999998, 0.0975609756097561, 0.0, 0.05454545454545455], "S": [0.5499999999999999, 0.39999999999999997, 0.3, 0.1875, 0.11111111111111112, 0.5499999999999999, 0.1951219512195122, 0.5238095238095237, 0.0], "C": [0.049999999999999996, 0.0, 0.09999999999999999, 0.125, 0.05555555555555556, 0.09999999999999999, 0.024390243902439025, 0.09523809523809525, 0.0], "V": [0.7, 0.5555555555555555, 0.25, 0.375, 0.16666666666666666, 0.35, 0.14634146341463414, 0.1904761904761905, 0.027272727272727275], "N": [0.3, 0.04444444444444444, 0.44999999999999996, 0.625, 0.16666666666666666, 0.19999999999999998, 0.0975609756097561, 0.2380952380952381, 0.0], "P": [0.049999999999999996, 0.02222222222222222, 0.09999999999999999, 0.25, 0.3333333333333333, 0.6, 0.12195121951219512, 0.3333333333333333, 0.0], "Q": [0.049999999999999996, 0.06666666666666667, 0.15, 0.1875, 0.5, 0.049999999999999996, 0.024390243902439025, 0.14285714285714285, 0.009090909090909092], "T": [0.19999999999999998, 1.0, 0.3, 0.5, 0.3333333333333333, 1.0, 0.07317073170731707, 0.4761904761904762, 0.0], "I": [0.15, 0.2222222222222222, 0.5, 0.25, 0.7222222222222222, 0.35, 0.14634146341463414, 0.2857142857142857, 0.0], "E": [0.44999999999999996, 0.04444444444444444, 0.39999999999999997, 0.6874999999999999, 0.5555555555555556, 0.09999999999999999, 0.04878048780487805, 0.380952380952381, 0.0], "D": [0.15, 0.04444444444444444, 1.0, 0.8125, 0.16666666666666666, 0.39999999999999997, 0.07317073170731707, 0.2857142857142857, 0.0], "A": [0.3, 0.06666666666666667, 0.8499999999999999, 0.9375, 0.11111111111111112, 0.35, 0.12195121951219512, 0.3333333333333333, 0.0], "Y": [0.9499999999999998, 0.02222222222222222, 0.15, 0.125, 0.4444444444444445, 0.15, 0.0975609756097561, 0.3333333333333333, 1.0]}