{"L": [0.23214285714285715, 0.45833333333333326, 0.38636363636363635, 0.5555555555555556, 0.7058823529411765, 0.71875, 1.0, 0.25925925925925924, 1.0], "G": [0.08928571428571429, 0.041666666666666664, 0.045454545454545456, 0.962962962962963, 0.911764705882353, 0.84375, 0.23404255319148937, 0.22222222222222224, 0.0], "K": [0.25, 0.0, 0.13636363636363638, 0.7777777777777778, 0.11764705882352941, 0.15625, 0.04255319148936171, 0.11111111111111112, 0.2948717948717948], "M": [0.7142857142857143, 0.41666666666666663, 1.0, 0.1851851851851852, 0.23529411764705882, 0.21875, 0.17021276595744683, 0.07407407407407407, 0.28205128205128205], "F": [0.5357142857142858, 0.08333333333333333, 0.9090909090909092, 0.5185185185185185, 0.5588235294117648, 1.0, 0.40425531914893625, 0.3148148148148148, 0.6666666666666666], "R": [1.0, 0.43749999999999994, 0.840909090909091, 0.7407407407407408, 1.0, 0.9062500000000001, 0.23404255319148937, 0.14814814814814814, 0.14102564102564102], "W": [0.10714285714285715, 0.0, 0.29545454545454547, 0.3333333333333333, 0.2647058823529412, 0.34375, 0.2765957446808511, 0.037037037037037035, 0.0641025641025641], "H": [0.10714285714285715, 0.0, 0.06818181818181819, 0.3333333333333333, 0.44117647058823534, 0.25, 0.40425531914893625, 0.14814814814814814, 0.0], "S": [0.4107142857142857, 0.125, 0.09090909090909091, 0.7037037037037037, 0.3823529411764706, 0.875, 0.6808510638297873, 0.5555555555555556, 0.0], "C": [0.03571428571428571, 0.0, 0.0, 0.07407407407407407, 0.058823529411764705, 0.03125, 0.04255319148936171, 0.05555555555555556, 0.0], "V": [0.19642857142857142, 0.5833333333333333, 0.2272727272727273, 0.1851851851851852, 0.6176470588235294, 0.3125, 0.21276595744680854, 0.3703703703703704, 0.3205128205128205], "N": [0.017857142857142856, 0.0, 0.09090909090909091, 0.4814814814814815, 0.11764705882352941, 0.5625, 0.19148936170212766, 0.07407407407407407, 0.0], "P": [0.0, 1.0, 0.1590909090909091, 1.0, 0.3823529411764706, 0.21875, 0.3829787234042553, 1.0, 0.0], "Q": [0.0, 0.2708333333333333, 0.022727272727272728, 0.3703703703703704, 0.08823529411764706, 0.25, 0.19148936170212766, 0.037037037037037035, 0.0], "T": [0.17857142857142858, 0.9166666666666665, 0.09090909090909091, 0.3703703703703704, 0.5, 1.0, 0.2978723404255319, 0.3148148148148148, 0.01282051282051282], "I": [0.125, 0.20833333333333331, 0.34090909090909094, 0.14814814814814814, 0.6764705882352942, 0.34375, 0.34042553191489366, 0.11111111111111112, 0.3205128205128205], "E": [0.08928571428571429, 0.7916666666666666, 0.022727272727272728, 0.888888888888889, 0.0, 0.0625, 0.10638297872340427, 0.16666666666666666, 0.0], "D": [0.017857142857142856, 0.0, 0.20454545454545453, 0.7037037037037037, 0.14705882352941177, 0.15625, 0.06382978723404256, 0.05555555555555556, 0.0], "A": [0.23214285714285715, 0.37499999999999994, 0.5681818181818182, 0.888888888888889, 0.6764705882352942, 0.3125, 0.40425531914893625, 0.888888888888889, 0.16666666666666666], "Y": [0.7142857142857143, 0.18749999999999997, 0.9318181818181819, 0.25925925925925924, 0.44117647058823534, 0.28125, 0.34042553191489366, 0.2962962962962963, 0.3589743589743589]}