{"L": [0.5689783743475019, 0.022376776534623524, 0.2156286721504113, 0.5914529914529916, 0.34678624813153963, 0.562984496124031, 0.9285714285714285, 0.28116710875331563, 1.0], "G": [0.28113348247576436, 0.0037798609011188387, 0.19330199764982373, 0.5692307692307693, 0.4715994020926756, 0.9525193798449612, 0.40998043052837574, 0.2553050397877984, 0.003074400491904079], "K": [0.42803877703206566, 0.0009071666162685213, 0.33666274970622795, 0.40940170940170945, 0.42152466367713004, 0.3711240310077519, 0.33268101761252444, 0.17440318302387267, 0.005124000819840131], "M": [0.15287099179716632, 0.0031750831569398244, 0.14688601645123386, 0.10427350427350428, 0.05754857997010463, 0.14244186046511628, 0.15655577299412918, 0.08156498673740054, 0.11641729862676778], "F": [0.18791946308724833, 0.0025703054127608105, 0.1245593419506463, 0.1760683760683761, 0.1576980568011958, 0.28197674418604646, 0.10273972602739727, 0.08023872679045094, 0.13527362164377946], "R": [0.918717375093214, 0.0057453885697006345, 1.0, 0.2760683760683761, 0.577727952167414, 1.0, 0.4628180039138943, 0.16777188328912465, 0.0028694404591104736], "W": [0.03803131991051455, 0.0, 0.04876615746180964, 0.06410256410256411, 0.05455904334828102, 0.08527131782945735, 0.039138943248532294, 0.023872679045092837, 0.005533920885427341], "H": [0.1416853094705444, 0.0012095554883580282, 0.16980023501762634, 0.17521367521367523, 0.19581464872944693, 0.1831395348837209, 0.213307240704501, 0.08156498673740054, 0.005738880918220947], "S": [1.0, 0.006198971877834895, 0.43419506462984725, 0.7264957264957266, 0.5089686098654709, 0.7567829457364341, 1.0, 1.0, 0.006763681082188973], "C": [0.01789709172259508, 0.0015119443604475356, 0.018213866039952998, 0.039316239316239315, 0.025411061285500747, 0.022286821705426355, 0.039138943248532294, 0.04376657824933687, 0.007993441278950604], "V": [0.34675615212527966, 0.07317810704566072, 0.18801410105757935, 0.28632478632478636, 0.44544095665171896, 0.4302325581395348, 0.5254403131115459, 0.48673740053050396, 0.14203730272596846], "N": [0.15137956748695006, 0.0021167221046265497, 0.16098707403055232, 0.25811965811965815, 0.20403587443946186, 0.2325581395348837, 0.2954990215264188, 0.09748010610079576, 0.0014347202295552368], "P": [0.018642803877703208, 1.0, 0.09811985898942421, 1.0, 1.0, 0.6676356589147286, 0.6526418786692759, 0.3037135278514589, 0.01783152285304366], "Q": [0.18866517524235646, 0.0034774720290293316, 0.2338425381903643, 0.32564102564102565, 0.1935724962630792, 0.28100775193798444, 0.42367906066536204, 0.2592838196286472, 0.003484320557491289], "T": [0.3012677106636838, 0.010734804959177502, 0.15276145710928318, 0.3136752136752137, 0.3303437967115097, 0.630813953488372, 0.716242661448141, 0.4893899204244032, 0.014142242262758764], "I": [0.27889634601044, 0.020260054429996975, 0.17450058754406583, 0.1965811965811966, 0.20852017937219733, 0.3527131782945736, 0.34637964774951074, 0.14456233421750664, 0.09858577577372411], "E": [0.05741983594332588, 0.0010583610523132749, 0.1210340775558167, 0.45128205128205134, 0.16292974588938713, 0.1395348837209302, 0.31604696673189825, 0.34748010610079577, 0.0036892805902848944], "D": [0.014168530947054437, 0.0010583610523132749, 0.11633372502937721, 0.2957264957264958, 0.12481315396113601, 0.12306201550387595, 0.15557729941291584, 0.09018567639257294, 0.0006148800983808158], "A": [0.8538404175988069, 0.07620199576655579, 0.7591069330199766, 0.6282051282051283, 0.5448430493273543, 0.6395348837209303, 0.8199608610567515, 0.96684350132626, 0.10370977659356426], "Y": [0.17225950782997765, 0.004989416389476867, 0.12808460634547592, 0.12564102564102567, 0.10014947683109117, 0.09496124031007751, 0.09197651663405089, 0.0656498673740053, 0.007378561180569789]}