{"L": [0.0, 0.2380952380952381, 0.11764705882352941, 0.3333333333333333, 0.45454545454545453, 0.5, 0.3333333333333333, 1.0, 0.32142857142857145], "G": [0.1111111111111111, 0.28571428571428575, 0.17647058823529413, 0.75, 0.45454545454545453, 0.7, 0.3333333333333333, 0.4, 0.0], "K": [0.1111111111111111, 0.0, 0.0, 0.08333333333333333, 0.09090909090909091, 0.1, 0.2222222222222222, 0.4, 0.07142857142857142], "M": [0.4444444444444444, 0.0, 0.17647058823529413, 0.0, 0.18181818181818182, 0.5, 0.3333333333333333, 0.1, 0.03571428571428571], "F": [0.4444444444444444, 0.09523809523809525, 0.35294117647058826, 0.3333333333333333, 0.36363636363636365, 1.0, 1.0, 0.4, 0.14285714285714285], "R": [0.05555555555555555, 0.09523809523809525, 0.17647058823529413, 0.25, 0.18181818181818182, 0.4, 0.2222222222222222, 0.5, 1.0], "W": [0.05555555555555555, 0.0, 0.058823529411764705, 0.08333333333333333, 0.0, 0.3, 0.2222222222222222, 0.0, 0.0], "H": [0.05555555555555555, 0.0, 0.11764705882352941, 0.16666666666666666, 0.09090909090909091, 0.1, 0.3333333333333333, 0.2, 0.0], "S": [0.16666666666666666, 0.09523809523809525, 0.23529411764705882, 0.08333333333333333, 0.36363636363636365, 0.7, 0.5555555555555556, 0.6, 0.10714285714285714], "C": [0.0, 0.09523809523809525, 0.0, 0.16666666666666666, 0.0, 0.0, 0.0, 0.0, 0.0], "V": [0.0, 0.8095238095238096, 0.23529411764705882, 0.25, 0.45454545454545453, 0.3, 0.8888888888888888, 0.3, 0.5714285714285714], "N": [0.1111111111111111, 0.0, 0.11764705882352941, 0.25, 0.45454545454545453, 0.4, 0.3333333333333333, 0.2, 0.0], "P": [0.05555555555555555, 0.09523809523809525, 0.11764705882352941, 1.0, 0.9090909090909091, 0.1, 0.0, 0.9, 0.0], "Q": [0.05555555555555555, 0.2380952380952381, 0.11764705882352941, 0.25, 0.45454545454545453, 0.1, 0.2222222222222222, 0.6, 0.03571428571428571], "T": [0.3333333333333333, 1.0, 0.058823529411764705, 0.25, 0.0, 0.6, 1.0, 0.2, 0.0], "I": [0.05555555555555555, 0.04761904761904762, 0.8235294117647058, 0.08333333333333333, 1.0, 1.0, 0.6666666666666666, 0.1, 0.14285714285714285], "E": [1.0, 0.04761904761904762, 0.0, 0.75, 0.36363636363636365, 0.1, 0.4444444444444444, 0.6, 0.03571428571428571], "D": [0.5555555555555556, 0.04761904761904762, 0.17647058823529413, 0.4166666666666667, 0.18181818181818182, 0.2, 0.2222222222222222, 0.2, 0.0], "A": [0.1111111111111111, 0.2380952380952381, 1.0, 0.6666666666666666, 0.6363636363636364, 0.2, 0.5555555555555556, 0.3, 0.14285714285714285], "Y": [0.3888888888888889, 0.09523809523809525, 0.29411764705882354, 0.0, 0.09090909090909091, 0.1, 0.3333333333333333, 0.4, 0.03571428571428571]}