{"L": [0.4295874822190611, 1.0, 0.3467680608365019, 0.8857677902621724, 0.09363295880149813, 1.0, 1.0, 0.12016293279022404, 1.0], "G": [0.059743954480796585, 0.10491803278688525, 0.03878326996197719, 0.20786516853932588, 0.025593008739076155, 0.3223684210526316, 0.1143911439114391, 0.08961303462321793, 0.003329633740288568], "K": [0.12233285917496442, 0.02295081967213115, 1.0, 1.0, 0.9469413233458177, 0.7039473684210527, 0.4077490774907749, 0.10488798370672098, 0.003329633740288568], "M": [0.2603129445234708, 0.16655737704918033, 0.15133079847908745, 0.16853932584269665, 0.018726591760299623, 0.11842105263157894, 0.1992619926199262, 0.03767820773930753, 0.08028116907140215], "F": [0.5234708392603129, 0.05901639344262295, 0.09581749049429658, 0.13483146067415733, 0.04931335830212234, 0.6491228070175438, 0.24907749077490773, 0.06008146639511202, 0.10580836108028117], "R": [0.23186344238975817, 0.0859016393442623, 0.5041825095057034, 0.6872659176029964, 1.0, 0.5635964912280702, 0.30627306273062727, 0.11303462321792261, 0.0011098779134295228], "W": [0.0739687055476529, 0.0013114754098360658, 0.02129277566539924, 0.04307116104868914, 0.004369538077403246, 0.07236842105263158, 0.14575645756457561, 0.01731160896130346, 0.0011098779134295228], "H": [0.2745376955903272, 0.009836065573770493, 0.15665399239543726, 0.1460674157303371, 0.10299625468164793, 0.23026315789473686, 0.3007380073800738, 0.06313645621181263, 0.0036995930447650755], "S": [0.3869132290184921, 0.09508196721311477, 0.0752851711026616, 0.46067415730337086, 0.037453183520599245, 0.5043859649122807, 0.49630996309963094, 1.0, 0.0029596744358120607], "C": [0.02275960170697013, 0.005901639344262295, 0.006083650190114069, 0.03932584269662922, 0.0056179775280898875, 0.07017543859649124, 0.07011070110701106, 0.03564154786150713, 0.004069552349241583], "V": [0.23897581792318634, 0.17704918032786887, 0.04866920152091255, 0.3857677902621723, 0.04057428214731586, 0.9692982456140351, 0.7250922509225092, 0.23116089613034624, 0.1461339252682205], "N": [0.29160739687055476, 0.06426229508196721, 0.13079847908745246, 0.2659176029962547, 0.03495630461922597, 0.36184210526315785, 0.3339483394833948, 0.09368635437881873, 0.0003699593044765076], "P": [0.005689900426742532, 0.2721311475409836, 0.023574144486692015, 0.301498127340824, 0.014981273408239699, 0.39254385964912286, 0.12177121771217711, 0.12423625254582484, 0.0014798372179060304], "Q": [0.2958748221906116, 0.0937704918032787, 0.12091254752851711, 0.700374531835206, 0.05243445692883895, 0.3662280701754386, 0.6162361623616236, 0.2505091649694501, 0.0011098779134295228], "T": [0.3157894736842105, 0.04524590163934427, 0.033460076045627375, 0.3876404494382023, 0.03495630461922597, 0.5789473684210527, 0.4575645756457564, 0.3075356415478615, 0.011098779134295227], "I": [0.24039829302987198, 0.24655737704918035, 0.15361216730038024, 0.41573033707865176, 0.05867665418227216, 0.8552631578947368, 0.4815498154981549, 0.10183299389002037, 0.12985571587125416], "E": [1.0, 0.02754098360655738, 0.022053231939163497, 0.9438202247191012, 0.02434456928838951, 0.3859649122807018, 0.6974169741697416, 0.4847250509164969, 0.007769145394006659], "D": [0.6130867709815078, 0.007868852459016393, 0.01977186311787072, 0.23408239700374533, 0.014357053682896378, 0.16666666666666669, 0.15682656826568264, 0.07841140529531568, 0.0003699593044765076], "A": [0.22190611664295873, 0.2740983606557377, 0.155893536121673, 0.3764044943820225, 0.03682896379525593, 0.6666666666666667, 0.5940959409594095, 0.914460285132383, 0.05438401775804662], "Y": [0.39544807965860596, 0.007868852459016393, 0.1049429657794677, 0.11985018726591762, 0.03807740324594257, 0.27850877192982454, 0.3136531365313653, 0.07026476578411406, 0.003329633740288568]}