{"L": [0.039886039886039885, 0.20621931260229134, 0.11420612813370475, 0.1739130434782609, 0.7465753424657534, 0.7341772151898734, 0.7239819004524887, 0.819672131147541, 0.21517241379310345], "G": [0.021367521367521368, 0.011456628477905075, 0.027855153203342618, 0.5098814229249012, 0.6301369863013698, 0.2088607594936709, 0.5067873303167421, 0.6612021857923497, 0.001379310344827586], "K": [0.01566951566951567, 0.0016366612111292963, 0.415041782729805, 0.4387351778656126, 1.0, 0.10759493670886075, 0.24886877828054302, 1.0, 0.005517241379310344], "M": [0.05128205128205128, 0.04091653027823241, 0.11977715877437327, 0.04347826086956522, 0.2191780821917808, 0.2689873417721519, 0.16289592760180993, 0.09289617486338797, 0.22620689655172416], "F": [0.08404558404558406, 0.03600654664484452, 0.22284122562674094, 0.11462450592885376, 0.5684931506849314, 0.2848101265822785, 0.1990950226244344, 0.29508196721311475, 0.4262068965517241], "R": [0.014245014245014245, 0.00490998363338789, 0.12813370473537605, 0.2766798418972332, 0.8013698630136986, 0.12341772151898733, 0.23529411764705882, 0.6557377049180327, 0.030344827586206897], "W": [0.017094017094017096, 0.0016366612111292963, 0.019498607242339833, 0.06719367588932806, 0.15753424657534246, 0.06645569620253165, 0.07239819004524886, 0.0546448087431694, 0.006896551724137931], "H": [0.0982905982905983, 0.008183306055646482, 0.09749303621169916, 0.14624505928853754, 0.547945205479452, 0.08860759493670886, 0.167420814479638, 0.29508196721311475, 0.041379310344827586], "S": [0.11680911680911682, 0.11129296235679215, 0.21727019498607242, 0.4703557312252964, 0.5136986301369862, 0.2626582278481013, 1.0, 0.7759562841530054, 0.002758620689655172], "C": [0.009971509971509971, 0.008183306055646482, 0.016713091922005572, 0.05533596837944664, 0.04794520547945205, 0.02531645569620253, 0.05429864253393665, 0.06557377049180328, 0.001379310344827586], "V": [0.022792022792022793, 1.0, 0.5543175487465182, 0.12648221343873517, 0.7397260273972602, 0.6012658227848101, 0.24886877828054302, 0.23497267759562843, 0.10758620689655173], "N": [0.041310541310541314, 0.016366612111292964, 0.10306406685236769, 0.2845849802371541, 0.5753424657534246, 0.11708860759493671, 0.3393665158371041, 0.28415300546448086, 0.001379310344827586], "P": [0.005698005698005698, 0.024549918166939445, 0.19498607242339833, 0.38735177865612647, 0.273972602739726, 0.056962025316455694, 0.46606334841628955, 0.21311475409836064, 0.0], "Q": [0.038461538461538464, 0.01800327332242226, 0.05013927576601671, 0.28063241106719367, 0.4315068493150685, 0.07278481012658228, 0.3846153846153846, 0.628415300546448, 0.004137931034482759], "T": [0.07977207977207977, 0.6497545008183306, 0.20055710306406685, 0.3359683794466403, 0.6232876712328766, 0.33860759493670883, 0.5610859728506787, 0.39344262295081966, 0.0], "I": [0.024216524216524215, 0.26841243862520464, 1.0, 0.07509881422924901, 0.773972602739726, 1.0, 0.2579185520361991, 0.11475409836065574, 0.044137931034482755], "E": [1.0, 0.0032733224222585926, 0.052924791086350974, 1.0, 0.5684931506849314, 0.04113924050632911, 0.30316742081447967, 0.6338797814207651, 0.002758620689655172], "D": [0.3433048433048433, 0.0032733224222585926, 0.04735376044568245, 0.8774703557312252, 0.4041095890410959, 0.06962025316455696, 0.12669683257918551, 0.15300546448087432, 0.0], "A": [0.07122507122507123, 0.10474631751227496, 0.5821727019498607, 0.37549407114624506, 0.5753424657534246, 0.20253164556962025, 0.8597285067873303, 0.7814207650273225, 0.026206896551724135], "Y": [0.11823361823361823, 0.024549918166939445, 0.16434540389972147, 0.10276679841897234, 0.4452054794520548, 0.24683544303797467, 0.11312217194570136, 0.33879781420765026, 1.0]}