{"L": [0.10207336523125997, 0.28082736674622116, 0.19358178053830227, 0.47703180212014135, 0.6988543371522096, 0.6316666666666666, 0.6170839469808542, 1.0, 0.002888503755054881], "G": [0.11084529505582137, 0.05489260143198091, 0.19668737060041408, 0.8197879858657243, 0.5941080196399345, 0.5166666666666666, 0.1649484536082474, 0.5803212851405622, 0.0008665511265164644], "K": [0.044657097288676235, 0.0015910898965791568, 0.11904761904761904, 0.5070671378091873, 0.4255319148936171, 0.30499999999999994, 0.374079528718704, 0.9578313253012047, 0.3986135181975737], "M": [0.07575757575757576, 0.0477326968973747, 0.14906832298136646, 0.08303886925795052, 0.12438625204582651, 0.16333333333333333, 0.2002945508100147, 0.178714859437751, 0.0011554015020219526], "F": [0.12759170653907495, 0.03739061256961018, 0.46273291925465837, 0.2597173144876325, 0.34697217675941083, 0.5716666666666667, 0.374079528718704, 0.2690763052208835, 0.0017331022530329288], "R": [0.044657097288676235, 0.002386634844868735, 0.035196687370600416, 0.3674911660777385, 0.1800327332242226, 0.175, 0.38291605301914583, 0.6847389558232931, 1.0], "W": [0.01036682615629984, 0.0015910898965791568, 0.037267080745341616, 0.05830388692579505, 0.05237315875613748, 0.049999999999999996, 0.0780559646539028, 0.038152610441767064, 0.00028885037550548814], "H": [0.17384370015948966, 0.0015910898965791568, 0.10144927536231883, 0.16961130742049468, 0.15384615384615385, 0.17833333333333334, 0.3019145802650957, 0.2369477911646586, 0.004332755632582322], "S": [0.5287081339712919, 0.5457438345266508, 0.7194616977225673, 1.0, 0.662847790507365, 0.6416666666666666, 0.5743740795287187, 0.8795180722891567, 0.00028885037550548814], "C": [0.012759170653907496, 0.027844073190135245, 0.049689440993788817, 0.04063604240282685, 0.06382978723404255, 0.056666666666666664, 0.0662739322533137, 0.06224899598393574, 0.0], "V": [0.09968102073365231, 1.0, 0.5289855072463768, 0.2950530035335689, 1.0, 1.0, 1.0, 0.4899598393574297, 0.002310803004043905], "N": [0.2360446570972887, 0.05091487669053302, 0.2204968944099379, 0.4611307420494699, 0.3960720130932897, 0.2916666666666667, 0.28865979381443296, 0.5682730923694779, 0.0], "P": [0.013556618819776715, 0.043754972155926816, 0.09213250517598344, 0.7402826855123675, 0.5679214402618659, 0.43999999999999995, 0.17378497790868924, 0.42168674698795183, 0.00028885037550548814], "Q": [0.11802232854864435, 0.02466189339697693, 0.14699792960662525, 0.4469964664310954, 0.309328968903437, 0.3883333333333333, 0.353460972017673, 0.9839357429718876, 0.0005777007510109763], "T": [0.40271132376395535, 0.9665871121718377, 0.33540372670807456, 0.5159010600706714, 0.49427168576104746, 0.705, 0.5861561119293077, 0.7289156626506024, 0.00028885037550548814], "I": [0.12041467304625199, 0.315035799522673, 0.5341614906832298, 0.2703180212014134, 0.8085106382978724, 0.86, 0.7128129602356407, 0.22690763052208834, 0.0008665511265164644], "E": [1.0, 0.002386634844868735, 0.10973084886128365, 0.8480565371024735, 0.41898527004909986, 0.33166666666666667, 0.24153166421207659, 0.7751004016064257, 0.0], "D": [0.5334928229665072, 0.012728719172633254, 0.06418219461697723, 0.7561837455830389, 0.24713584288052373, 0.19833333333333333, 0.12960235640648013, 0.1546184738955823, 0.00028885037550548814], "A": [0.2543859649122807, 0.654733492442323, 1.0, 0.745583038869258, 0.6546644844517185, 0.835, 0.7098674521354933, 0.6987951807228916, 0.0020219526285384167], "Y": [0.0773524720893142, 0.00477326968973747, 0.20910973084886128, 0.19257950530035337, 0.18821603927986907, 0.20166666666666666, 0.21796759941089838, 0.355421686746988, 0.0635470826112074]}