{"L": [0.13333333333333333, 0.0, 0.9302325581395349, 0.5636363636363636, 0.9750000000000001, 0.4736842105263158, 0.3584905660377359, 0.04040404040404041, 1.0], "G": [0.1, 0.016042780748663103, 0.18604651162790697, 0.45454545454545453, 0.35, 0.5, 0.03773584905660378, 0.09090909090909093, 0.0], "K": [0.06666666666666667, 0.0106951871657754, 1.0, 0.5636363636363636, 0.8, 0.5, 0.18867924528301888, 0.10101010101010101, 0.0], "M": [0.1, 0.0, 0.23255813953488372, 0.18181818181818182, 0.1, 0.07894736842105264, 0.05660377358490567, 0.060606060606060615, 0.08823529411764706], "F": [0.03333333333333333, 0.0, 0.6976744186046512, 0.1090909090909091, 0.325, 0.2894736842105263, 0.15094339622641512, 0.0, 0.042483660130718956], "R": [0.11666666666666665, 1.0, 0.23255813953488372, 0.2, 0.9000000000000001, 0.9473684210526316, 0.22641509433962267, 0.04040404040404041, 0.0], "W": [0.0, 0.0, 0.23255813953488372, 0.0, 0.0, 0.05263157894736842, 0.07547169811320756, 0.0, 0.0], "H": [0.4833333333333333, 0.8181818181818181, 0.6046511627906976, 0.07272727272727272, 0.25, 0.6842105263157895, 0.45283018867924535, 0.060606060606060615, 0.0032679738562091504], "S": [0.5666666666666667, 0.0, 0.5581395348837209, 0.5636363636363636, 0.575, 0.8157894736842105, 0.6226415094339623, 1.0, 0.0], "C": [0.0, 0.0, 0.0, 0.03636363636363636, 0.0, 0.05263157894736842, 0.05660377358490567, 0.030303030303030307, 0.0], "V": [0.2333333333333333, 0.0, 0.27906976744186046, 0.3090909090909091, 1.0, 0.9736842105263157, 0.6981132075471699, 0.393939393939394, 0.08496732026143791], "N": [0.8, 0.0, 0.6046511627906976, 0.2181818181818182, 0.525, 0.34210526315789475, 0.5471698113207547, 0.030303030303030307, 0.0], "P": [0.0, 0.0481283422459893, 0.8372093023255814, 1.0, 0.525, 1.0, 0.7924528301886794, 0.060606060606060615, 0.0], "Q": [0.5333333333333333, 0.17647058823529413, 0.3255813953488372, 0.4, 0.625, 0.6842105263157895, 1.0, 0.26262626262626265, 0.0], "T": [1.0, 0.0, 0.2558139534883721, 0.27272727272727276, 0.625, 0.4736842105263158, 0.4905660377358491, 0.41414141414141414, 0.0032679738562091504], "I": [0.2, 0.0, 0.4186046511627907, 0.4, 0.85, 1.0, 0.4339622641509434, 0.060606060606060615, 0.02287581699346405], "E": [0.9333333333333332, 0.0053475935828877, 0.09302325581395349, 0.7636363636363637, 0.175, 0.34210526315789475, 0.45283018867924535, 0.40404040404040403, 0.0], "D": [0.5333333333333333, 0.0, 0.18604651162790697, 0.36363636363636365, 0.15000000000000002, 0.15789473684210528, 0.11320754716981134, 0.030303030303030307, 0.0], "A": [0.3833333333333333, 0.0, 0.8372093023255814, 0.509090909090909, 0.5, 0.5, 0.32075471698113206, 0.8181818181818182, 0.02287581699346405], "Y": [0.25, 0.0, 0.5116279069767442, 0.07272727272727272, 0.45000000000000007, 0.34210526315789475, 0.24528301886792456, 0.020202020202020204, 0.0]}