{"L": [0.01483050847457627, 1.0, 1.0, 0.004878048780487805, 0.34951456310679613, 0.8830409356725146, 0.46739130434782605, 0.22321428571428575, 0.8682795698924731], "G": [0.03389830508474576, 0.0, 0.09890109890109891, 0.23414634146341462, 0.4368932038834952, 0.03508771929824561, 0.0, 0.2767857142857143, 0.0], "K": [1.0, 0.0, 0.07142857142857142, 0.28780487804878047, 1.0, 0.0760233918128655, 0.2934782608695652, 0.6964285714285714, 0.0], "M": [0.006355932203389831, 0.08936170212765956, 0.4010989010989011, 0.004878048780487805, 0.09708737864077671, 0.07017543859649122, 0.08695652173913043, 0.03571428571428572, 0.01881720430107527], "F": [0.00211864406779661, 0.0, 0.3791208791208791, 0.0, 0.2621359223300971, 0.0760233918128655, 0.391304347826087, 0.11607142857142858, 0.0], "R": [0.3644067796610169, 0.00851063829787234, 0.06043956043956044, 0.14146341463414636, 0.42718446601941745, 0.052631578947368425, 0.13043478260869565, 0.5803571428571429, 0.0], "W": [0.0, 0.0, 0.16483516483516486, 0.00975609756097561, 0.00970873786407767, 0.0, 0.14130434782608695, 0.0, 0.0], "H": [0.05084745762711865, 0.01702127659574468, 0.12637362637362637, 0.15609756097560976, 0.4563106796116505, 0.0760233918128655, 0.9456521739130435, 0.29464285714285715, 0.0], "S": [0.046610169491525424, 0.010638297872340425, 0.15934065934065936, 0.3073170731707317, 0.38834951456310685, 0.20467836257309943, 0.32608695652173914, 0.7857142857142857, 0.0], "C": [0.0, 0.0, 0.016483516483516484, 0.00975609756097561, 0.00970873786407767, 0.03508771929824561, 0.03260869565217391, 0.00892857142857143, 0.010752688172043012], "V": [0.04237288135593221, 0.25957446808510637, 0.12087912087912088, 0.04878048780487805, 0.6116504854368933, 1.0, 0.8478260869565216, 0.11607142857142858, 1.0], "N": [0.0, 0.002127659574468085, 0.17582417582417584, 0.18536585365853656, 0.36893203883495146, 0.25146198830409355, 0.358695652173913, 0.31250000000000006, 0.0], "P": [0.0, 0.0, 0.027472527472527476, 0.2682926829268293, 0.07766990291262137, 0.3099415204678363, 1.0, 0.00892857142857143, 0.0], "Q": [0.021186440677966104, 0.04042553191489361, 0.30769230769230765, 0.2682926829268293, 0.6116504854368933, 0.23976608187134504, 0.47826086956521735, 0.7232142857142857, 0.0], "T": [0.021186440677966104, 0.09148936170212765, 0.13186813186813187, 0.16585365853658537, 0.5048543689320388, 0.23976608187134504, 0.5543478260869564, 0.9910714285714287, 0.002688172043010753], "I": [0.04449152542372881, 0.1723404255319149, 0.25824175824175827, 0.01951219512195122, 0.42718446601941745, 0.7134502923976608, 0.6956521739130435, 0.01785714285714286, 0.1478494623655914], "E": [0.0, 0.0, 0.016483516483516484, 1.0, 0.6116504854368933, 0.15789473684210525, 0.8152173913043479, 1.0, 0.0], "D": [0.00423728813559322, 0.0, 0.25824175824175827, 0.5902439024390244, 0.36893203883495146, 0.06432748538011696, 0.1847826086956522, 0.03571428571428572, 0.0], "A": [0.046610169491525424, 0.014893617021276595, 0.3736263736263737, 0.18536585365853656, 0.46601941747572817, 0.18128654970760236, 0.5652173913043478, 0.5982142857142858, 0.10752688172043012], "Y": [0.0, 0.0, 0.25824175824175827, 0.024390243902439025, 0.3009708737864078, 0.023391812865497078, 0.40217391304347827, 0.3392857142857143, 0.0]}