{"L": [0.38095238095238093, 0.047058823529411764, 0.5333333333333333, 0.041666666666666664, 0.2631578947368421, 0.611111111111111, 1.0, 0.6666666666666666, 0.7592592592592593], "G": [0.14285714285714288, 0.011764705882352941, 0.16666666666666666, 0.125, 0.5263157894736842, 0.2222222222222222, 0.1, 0.0, 0.0], "K": [0.9047619047619047, 0.0, 0.13333333333333333, 0.4583333333333333, 1.0, 0.2222222222222222, 0.30000000000000004, 1.0, 0.037037037037037035], "M": [0.0, 0.0, 0.03333333333333333, 0.0, 0.052631578947368425, 0.0, 0.0, 0.0, 0.0], "F": [0.047619047619047616, 0.23529411764705882, 0.03333333333333333, 0.08333333333333333, 0.052631578947368425, 0.4444444444444444, 0.6000000000000001, 0.05555555555555555, 1.0], "R": [0.09523809523809523, 0.0, 0.0, 0.16666666666666666, 0.5789473684210527, 0.16666666666666666, 0.4, 0.7222222222222222, 0.0], "W": [0.0, 0.0, 0.0, 0.0, 0.0, 0.0, 0.0, 0.0, 0.0], "H": [0.0, 0.0, 0.1, 0.20833333333333331, 0.6315789473684211, 0.5555555555555555, 0.7000000000000001, 0.611111111111111, 0.0], "S": [0.4285714285714286, 0.0, 0.26666666666666666, 0.5, 0.2631578947368421, 0.16666666666666666, 0.5, 0.5555555555555555, 0.0], "C": [0.0, 0.0, 0.0, 0.0, 0.0, 0.0, 0.0, 0.0, 0.0], "V": [1.0, 0.047058823529411764, 0.5666666666666668, 0.16666666666666666, 0.8947368421052633, 1.0, 0.6000000000000001, 0.5, 0.037037037037037035], "N": [0.38095238095238093, 0.0, 0.1, 0.29166666666666663, 0.2105263157894737, 0.1111111111111111, 1.0, 0.3333333333333333, 0.0], "P": [0.23809523809523808, 0.0, 0.26666666666666666, 0.375, 0.368421052631579, 0.6666666666666666, 1.0, 0.05555555555555555, 0.0], "Q": [0.047619047619047616, 0.011764705882352941, 0.16666666666666666, 0.125, 0.2631578947368421, 0.3888888888888889, 1.0, 0.3333333333333333, 0.0], "T": [0.4285714285714286, 0.011764705882352941, 0.13333333333333333, 0.29166666666666663, 0.2105263157894737, 0.611111111111111, 0.6000000000000001, 1.0, 0.0], "I": [0.7142857142857143, 0.011764705882352941, 1.0, 0.08333333333333333, 0.368421052631579, 0.5555555555555555, 1.0, 0.16666666666666666, 0.3148148148148148], "E": [0.33333333333333337, 0.0, 0.2, 0.6666666666666666, 0.15789473684210528, 0.1111111111111111, 1.0, 0.16666666666666666, 0.0], "D": [0.23809523809523808, 0.0, 0.03333333333333333, 1.0, 0.15789473684210528, 0.1111111111111111, 0.6000000000000001, 0.1111111111111111, 0.037037037037037035], "A": [0.14285714285714288, 0.011764705882352941, 0.2, 0.29166666666666663, 0.2105263157894737, 0.5555555555555555, 0.6000000000000001, 0.1111111111111111, 0.0], "Y": [0.09523809523809523, 1.0, 0.0, 0.041666666666666664, 0.0, 0.05555555555555555, 0.8, 0.16666666666666666, 0.0]}