{"L": [0.21875, 0.013888888888888888, 0.5211267605633803, 0.21304347826086958, 0.4329268292682927, 0.7373737373737373, 1.0, 0.8465116279069766, 0.9267912772585669], "G": [0.12890625, 0.0, 0.13145539906103285, 0.6217391304347826, 0.5121951219512195, 0.22727272727272727, 0.013029315960912051, 0.08837209302325581, 0.0], "K": [1.0, 0.0, 0.14084507042253522, 0.3782608695652174, 1.0, 0.1919191919191919, 0.07328990228013028, 0.5674418604651162, 0.0], "M": [0.08203125, 0.017361111111111112, 0.24413145539906103, 0.043478260869565216, 0.07926829268292683, 0.19696969696969696, 0.06514657980456025, 0.17209302325581394, 0.09190031152647975], "F": [0.51953125, 0.001736111111111111, 0.45539906103286376, 0.15652173913043477, 0.5548780487804877, 0.7272727272727272, 0.048859934853420196, 0.37209302325581395, 0.04984423676012461], "R": [0.875, 0.0, 0.12206572769953052, 0.15217391304347827, 0.6524390243902439, 0.1717171717171717, 0.16449511400651465, 0.38139534883720927, 0.0], "W": [0.03125, 0.0, 0.03286384976525821, 0.047826086956521734, 0.12195121951219512, 0.0505050505050505, 0.011400651465798044, 0.004651162790697674, 0.0], "H": [0.1796875, 0.0, 0.14084507042253522, 0.1217391304347826, 0.7987804878048781, 0.202020202020202, 0.1449511400651466, 0.1441860465116279, 0.0], "S": [0.44531250000000006, 1.0, 0.5821596244131455, 0.6043478260869565, 0.4878048780487805, 0.3636363636363636, 0.08631921824104234, 0.31162790697674414, 0.0], "C": [0.0, 0.0, 0.046948356807511735, 0.008695652173913044, 0.018292682926829267, 0.01515151515151515, 0.0065146579804560255, 0.037209302325581395, 0.0], "V": [0.37109375, 0.21006944444444445, 0.3333333333333333, 0.30434782608695654, 0.8475609756097561, 0.9393939393939394, 0.1547231270358306, 0.5162790697674419, 1.0], "N": [0.06640625, 0.203125, 1.0, 0.20434782608695654, 0.28048780487804875, 0.1717171717171717, 0.045602605863192175, 0.13023255813953488, 0.0], "P": [0.00390625, 0.001736111111111111, 0.02816901408450704, 1.0, 0.3048780487804878, 0.6767676767676767, 0.045602605863192175, 0.05581395348837209, 0.0], "Q": [0.0859375, 0.005208333333333333, 0.2676056338028169, 0.19999999999999998, 0.34756097560975613, 0.2474747474747475, 0.11726384364820845, 0.5255813953488372, 0.0], "T": [0.28125, 0.5034722222222222, 0.5023474178403755, 0.2434782608695652, 0.4634146341463415, 0.3737373737373737, 0.08957654723127036, 0.5581395348837209, 0.0], "I": [0.34765625, 0.2204861111111111, 0.9295774647887324, 0.14782608695652175, 0.6341463414634146, 1.0, 0.1547231270358306, 0.2558139534883721, 0.17289719626168223], "E": [0.015625, 0.0, 0.12676056338028166, 0.6260869565217391, 0.2987804878048781, 0.19696969696969696, 0.022801302931596087, 1.0, 0.0], "D": [0.00390625, 0.0, 0.3615023474178403, 0.7782608695652173, 0.1524390243902439, 0.1212121212121212, 0.008143322475570031, 0.046511627906976744, 0.0], "A": [0.5390625, 0.3211805555555556, 0.36619718309859156, 0.33043478260869563, 0.5, 0.5252525252525253, 0.057003257328990226, 0.3023255813953489, 0.0], "Y": [0.43359375, 0.003472222222222222, 0.43192488262910794, 0.08260869565217391, 0.2987804878048781, 0.1414141414141414, 0.037459283387622146, 0.38604651162790693, 0.003115264797507788]}