{"L": [0.5833333333333333, 1.0, 0.5833333333333333, 0.15384615384615385, 0.6, 0.5384615384615384, 0.19999999999999998, 0.75, 0.2571428571428571], "G": [0.4166666666666667, 0.0, 0.33333333333333337, 0.846153846153846, 1.0, 0.5384615384615384, 0.3, 0.8749999999999999, 0.0], "K": [0.33333333333333337, 0.0, 0.25, 0.15384615384615385, 0.19999999999999998, 0.0, 0.19999999999999998, 0.25, 0.0], "M": [0.4166666666666667, 0.5588235294117647, 0.25, 0.15384615384615385, 0.09999999999999999, 0.15384615384615385, 0.19999999999999998, 0.0, 0.02857142857142857], "F": [0.8333333333333334, 0.029411764705882356, 0.33333333333333337, 0.07692307692307693, 0.09999999999999999, 0.23076923076923075, 1.0, 0.8749999999999999, 0.0], "R": [0.08333333333333334, 0.0, 0.08333333333333334, 0.0, 0.09999999999999999, 0.23076923076923075, 0.0, 0.75, 0.0], "W": [0.33333333333333337, 0.0, 0.08333333333333334, 0.38461538461538464, 0.39999999999999997, 0.0, 0.5, 0.625, 0.0], "H": [0.25, 0.0, 0.25, 0.07692307692307693, 0.0, 0.23076923076923075, 0.6, 0.25, 0.0], "S": [0.08333333333333334, 0.029411764705882356, 0.08333333333333334, 0.07692307692307693, 0.19999999999999998, 1.0, 0.09999999999999999, 0.5, 0.11428571428571428], "C": [0.0, 0.0, 0.0, 0.15384615384615385, 0.0, 0.07692307692307693, 0.5, 0.0, 0.11428571428571428], "V": [0.16666666666666669, 0.11764705882352942, 0.08333333333333334, 0.07692307692307693, 0.39999999999999997, 0.15384615384615385, 0.19999999999999998, 0.0, 1.0], "N": [0.08333333333333334, 0.0, 0.08333333333333334, 0.07692307692307693, 0.5, 0.15384615384615385, 0.19999999999999998, 0.375, 0.0], "P": [0.08333333333333334, 0.0, 0.4166666666666667, 0.6153846153846154, 0.19999999999999998, 0.15384615384615385, 0.5, 0.625, 0.0], "Q": [0.16666666666666669, 0.11764705882352942, 0.33333333333333337, 0.07692307692307693, 0.09999999999999999, 0.23076923076923075, 0.39999999999999997, 0.25, 0.0], "T": [0.16666666666666669, 0.11764705882352942, 0.08333333333333334, 0.07692307692307693, 0.6, 0.07692307692307693, 0.19999999999999998, 0.375, 0.17142857142857143], "I": [0.16666666666666669, 0.11764705882352942, 0.4166666666666667, 0.23076923076923075, 0.6, 0.6153846153846154, 0.7, 0.125, 0.08571428571428572], "E": [0.08333333333333334, 0.0, 0.08333333333333334, 0.923076923076923, 0.3, 0.07692307692307693, 0.0, 1.0, 0.0], "D": [0.0, 0.0, 0.5, 1.0, 0.6, 0.23076923076923075, 0.3, 0.625, 0.0], "A": [0.6666666666666667, 0.0, 1.0, 0.15384615384615385, 0.5, 0.38461538461538464, 1.0, 0.125, 0.2571428571428571], "Y": [1.0, 0.0, 0.6666666666666667, 0.15384615384615385, 0.6, 0.38461538461538464, 0.0, 0.5, 0.0]}