{"L": [0.6290322580645161, 0.9204545454545455, 1.0, 1.0, 1.0, 1.0, 0.78125, 1.0, 0.01941747572815534], "G": [0.2903225806451613, 0.0, 0.1692307692307692, 0.47368421052631576, 0.5769230769230769, 0.2898550724637681, 0.265625, 0.2638888888888889, 0.0], "K": [0.25806451612903225, 0.045454545454545456, 0.8307692307692307, 0.49122807017543857, 0.673076923076923, 0.3478260869565218, 0.328125, 0.4444444444444445, 0.6213592233009709], "M": [0.6129032258064517, 0.4318181818181819, 0.35384615384615387, 0.3157894736842105, 0.34615384615384615, 0.30434782608695654, 0.328125, 0.18055555555555558, 0.0], "F": [0.5322580645161291, 0.5454545454545455, 0.7538461538461538, 0.5789473684210527, 0.7692307692307692, 0.5797101449275363, 1.0, 0.3888888888888889, 0.0], "R": [0.14516129032258066, 0.022727272727272728, 0.4307692307692308, 0.5438596491228069, 0.7692307692307692, 0.5072463768115941, 0.40625, 0.4722222222222222, 1.0], "W": [0.03225806451612903, 0.06818181818181819, 0.18461538461538463, 0.14035087719298245, 0.28846153846153844, 0.14492753623188406, 0.34375, 0.08333333333333334, 0.0], "H": [0.14516129032258066, 0.0, 0.07692307692307691, 0.14035087719298245, 0.09615384615384615, 0.2753623188405797, 0.28125, 0.2361111111111111, 0.003236245954692557], "S": [0.7258064516129032, 0.6931818181818182, 0.6615384615384615, 0.6842105263157894, 0.7884615384615384, 0.5942028985507246, 0.6875, 0.5416666666666666, 0.0], "C": [0.14516129032258066, 0.11363636363636363, 0.18461538461538463, 0.14035087719298245, 0.3269230769230769, 0.18840579710144928, 0.3125, 0.19444444444444445, 0.0], "V": [0.5322580645161291, 0.7727272727272728, 0.30769230769230765, 0.631578947368421, 0.7499999999999999, 0.36231884057971014, 0.515625, 0.3194444444444445, 0.016181229773462785], "N": [0.4838709677419355, 0.10227272727272728, 0.4461538461538461, 0.5087719298245613, 0.3269230769230769, 0.3913043478260869, 0.34375, 0.5, 0.0], "P": [0.08064516129032258, 0.034090909090909095, 0.12307692307692307, 0.47368421052631576, 0.5769230769230769, 0.2608695652173913, 0.28125, 0.4166666666666667, 0.0], "Q": [0.24193548387096775, 0.09090909090909091, 0.2, 0.3508771929824561, 0.25, 0.13043478260869565, 0.15625, 0.36111111111111116, 0.0], "T": [0.8870967741935485, 1.0, 0.5692307692307692, 0.5614035087719298, 0.46153846153846156, 0.4057971014492754, 0.5, 0.513888888888889, 0.0], "I": [0.7741935483870969, 0.7840909090909092, 0.8, 0.5964912280701754, 0.8653846153846153, 0.855072463768116, 0.578125, 0.3888888888888889, 0.0], "E": [1.0, 0.011363636363636364, 0.26153846153846155, 0.6842105263157894, 0.4423076923076923, 0.2753623188405797, 0.28125, 0.2916666666666667, 0.0], "D": [0.6290322580645161, 0.011363636363636364, 0.1692307692307692, 0.6491228070175439, 0.36538461538461536, 0.43478260869565216, 0.3125, 0.19444444444444445, 0.0], "A": [0.467741935483871, 0.5113636363636364, 0.5076923076923077, 0.4210526315789474, 0.3846153846153846, 0.3333333333333333, 0.578125, 0.3472222222222222, 0.003236245954692557], "Y": [0.38709677419354843, 0.18181818181818182, 0.5538461538461538, 0.40350877192982454, 0.673076923076923, 0.4057971014492754, 0.4375, 0.611111111111111, 0.1423948220064725]}