{"L": [0.6462035541195477, 0.07053337219469542, 1.0, 0.6225045372050817, 0.8446969696969696, 1.0, 1.0, 1.0, 0.7719128329297821], "G": [0.15185783521809368, 0.015447391431069657, 0.4417613636363636, 0.5626134301270418, 0.5340909090909091, 0.34150076569678406, 0.36009732360097324, 0.24210526315789474, 0.011138014527845037], "K": [0.8416801292407109, 0.00670358496065287, 0.32954545454545453, 0.705989110707804, 0.6837121212121212, 0.29249617151607965, 0.4452554744525547, 0.5473684210526316, 0.012106537530266344], "M": [0.15993537964458807, 0.03701544739143107, 0.2982954545454545, 0.1234119782214156, 0.20075757575757575, 0.15160796324655437, 0.20681265206812652, 0.11973684210526314, 0.04745762711864407], "F": [0.33279483037156704, 0.17429320897697465, 0.3267045454545454, 0.32123411978221417, 0.4829545454545454, 0.9586523736600306, 0.9197080291970802, 0.3697368421052632, 1.0], "R": [0.7883683360258481, 0.010784027980180704, 0.11789772727272727, 0.4990925589836661, 0.5738636363636364, 0.21898928024502298, 0.3795620437956204, 0.4368421052631579, 0.00774818401937046], "W": [0.0630048465266559, 0.04954823666569513, 0.07670454545454544, 0.13067150635208713, 0.22348484848484848, 0.14088820826952528, 0.364963503649635, 0.052631578947368425, 0.1559322033898305], "H": [0.16962843295638125, 0.009618187117458467, 0.16051136363636362, 0.27223230490018147, 0.38825757575757575, 0.3108728943338438, 0.8394160583941606, 0.30657894736842106, 0.004842615012106538], "S": [0.6365105008077545, 0.023608277470125325, 0.4900568181818182, 0.7023593466424682, 0.6212121212121212, 0.5681470137825421, 0.7518248175182481, 0.5105263157894736, 0.008716707021791769], "C": [0.050080775444264945, 0.001457301078402798, 0.041193181818181816, 0.04900181488203267, 0.07575757575757576, 0.06431852986217458, 0.0705596107055961, 0.05, 0.0009685230024213075], "V": [1.0, 0.01981929466627805, 0.4573863636363636, 0.3738656987295826, 1.0, 0.6738131699846861, 0.7980535279805352, 0.43026315789473685, 0.047941888619854725], "N": [0.3554119547657512, 0.006412124744972311, 0.359375, 0.5226860254083485, 0.5132575757575758, 0.24042879019908117, 0.8953771289537712, 0.3197368421052632, 0.009200968523002421], "P": [0.2649434571890145, 0.0061206645292917515, 0.7002840909090908, 1.0, 0.36174242424242425, 0.6294027565084227, 0.8880778588807786, 0.1381578947368421, 0.008716707021791769], "Q": [0.30210016155088854, 0.04546779364616729, 0.4105113636363636, 0.41742286751361163, 0.4185606060606061, 0.2725880551301684, 0.9683698296836982, 0.40921052631578947, 0.004358353510895884], "T": [0.5363489499192245, 0.032935004371903234, 0.5099431818181818, 0.604355716878403, 0.5492424242424242, 0.6248085758039816, 0.6472019464720195, 0.725, 0.008716707021791769], "I": [0.7512116316639742, 0.02244243660740309, 0.7059659090909091, 0.3938294010889292, 0.875, 0.6539050535987748, 0.36982968369829683, 0.20394736842105265, 0.4329297820823245], "E": [0.3586429725363489, 0.0061206645292917515, 0.20880681818181815, 0.896551724137931, 0.4583333333333333, 0.1883614088820827, 0.9805352798053528, 0.5039473684210526, 0.008716707021791769], "D": [0.17609046849757673, 0.00670358496065287, 0.2258522727272727, 0.7912885662431942, 0.4431818181818182, 0.15773353751914243, 0.5133819951338199, 0.13421052631578947, 0.005326876513317192], "A": [0.5525040387722132, 0.022733896823083646, 0.6093749999999999, 0.5390199637023594, 0.5871212121212122, 0.41960183767228176, 0.8783454987834549, 0.2631578947368421, 0.011138014527845037], "Y": [0.5525040387722132, 1.0, 0.17045454545454544, 0.23411978221415608, 0.3522727272727273, 0.329249617151608, 0.8102189781021898, 0.3144736842105263, 0.04697336561743341]}