{"L": [0.4066543438077634, 0.20504926108374386, 0.4510869565217392, 0.27722772277227725, 1.0, 0.6254826254826255, 0.7982062780269058, 1.0, 1.0], "G": [0.25138632162661734, 0.03633004926108375, 0.1141304347826087, 0.45261669024045265, 0.5097276264591439, 0.12998712998713, 0.0508221225710015, 0.16245487364620936, 0.0], "K": [0.6469500924214417, 0.050492610837438424, 0.3894927536231884, 0.24611032531824611, 0.7665369649805448, 0.15701415701415702, 0.38266068759342303, 0.6949458483754514, 0.0011223344556677889], "M": [0.17929759704251386, 0.03633004926108375, 0.2173913043478261, 0.03536067892503536, 0.1245136186770428, 0.07207207207207207, 0.10463378176382662, 0.13357400722021662, 0.09259259259259259], "F": [0.9870609981515711, 0.05233990147783252, 1.0, 0.14992927864214994, 0.6595330739299611, 0.3307593307593308, 0.27952167414050827, 0.37906137184115524, 0.29741863075196406], "R": [0.678373382624769, 1.0, 0.18115942028985507, 0.11598302687411599, 0.6206225680933851, 0.15057915057915058, 1.0, 0.6389891696750902, 0.0028058361391694723], "W": [0.03142329020332717, 0.0012315270935960591, 0.05434782608695653, 0.0594059405940594, 0.13813229571984434, 0.02059202059202059, 0.06875934230194321, 0.04693140794223827, 0.006172839506172839], "H": [0.34750462107208874, 0.020320197044334975, 0.30434782608695654, 0.11456859971711458, 0.4708171206225681, 0.09781209781209782, 0.4080717488789238, 0.3267148014440433, 0.0016835016835016834], "S": [0.8853974121996303, 0.09421182266009853, 0.6105072463768116, 0.46958981612446965, 0.37548638132295714, 0.24581724581724582, 0.33034379671150976, 0.5703971119133574, 0.0016835016835016834], "C": [0.0073937153419593345, 0.0036945812807881776, 0.030797101449275364, 0.007072135785007073, 0.011673151750972763, 0.015444015444015444, 0.017937219730941707, 0.01624548736462094, 0.0016835016835016834], "V": [0.4824399260628466, 0.13054187192118227, 0.35507246376811596, 0.12164073550212164, 0.6575875486381323, 1.0, 0.49476831091180873, 0.47111913357400725, 0.5145903479236812], "N": [0.27171903881700554, 0.006773399014778325, 0.4981884057971015, 0.3564356435643565, 0.3696498054474708, 0.09652509652509653, 0.375186846038864, 0.3194945848375451, 0.0011223344556677889], "P": [0.0036968576709796672, 0.012315270935960592, 0.6159420289855073, 1.0, 0.20817120622568094, 0.5096525096525096, 0.2436472346786248, 0.04693140794223827, 0.0022446689113355778], "Q": [0.2698706099815157, 0.18226600985221675, 0.1739130434782609, 0.27864214992927866, 0.3268482490272373, 0.2625482625482626, 0.7279521674140509, 0.5541516245487366, 0.0005611672278338944], "T": [0.43992606284658037, 0.13608374384236455, 0.26086956521739135, 0.23196605374823198, 0.3035019455252918, 0.425997425997426, 0.2526158445440957, 0.6263537906137184, 0.003367003367003367], "I": [0.4658040665434381, 0.04125615763546798, 0.7101449275362319, 0.1357850070721358, 0.8365758754863812, 0.7902187902187903, 0.3527653213751869, 0.18411552346570398, 0.3569023569023569], "E": [0.17929759704251386, 0.056650246305418726, 0.0923913043478261, 0.8175388967468177, 0.26848249027237353, 0.20334620334620337, 0.17638266068759345, 0.7400722021660651, 0.003367003367003367], "D": [0.02587800369685767, 0.0036945812807881776, 0.2173913043478261, 0.9674681753889676, 0.17509727626459143, 0.06177606177606178, 0.08669656203288491, 0.10830324909747294, 0.0016835016835016834], "A": [0.6118299445471349, 0.17610837438423646, 0.9365942028985507, 0.2998585572842999, 0.37937743190661477, 0.3706563706563707, 0.2391629297458894, 0.33574007220216606, 0.010662177328843996], "Y": [1.0, 0.4766009852216749, 0.7952898550724637, 0.11598302687411599, 0.39883268482490275, 0.12355212355212356, 0.21823617339312407, 0.6245487364620939, 0.18125701459034793]}