{"L": [1.0, 0.1689750692520776, 0.5818673883626523, 0.3915662650602409, 0.9584775086505191, 0.7746031746031746, 1.0, 0.3792723263506064, 0.33767123287671236], "G": [0.10780669144981413, 0.032202216066482, 0.1813261163734777, 0.6036144578313252, 0.8408304498269896, 0.7571428571428571, 0.1522911051212938, 0.2513781697905182, 0.0017123287671232878], "K": [0.17472118959107805, 0.0031163434903047093, 0.29499323410013534, 0.3915662650602409, 0.39619377162629754, 0.3523809523809524, 0.23584905660377362, 0.3627342888643881, 0.00856164383561644], "M": [0.45353159851301117, 0.052977839335180056, 0.30446549391069017, 0.09277108433734939, 0.16782006920415224, 0.14761904761904762, 0.1711590296495957, 0.09040793825799338, 0.1476027397260274], "F": [0.9256505576208178, 0.01973684210526316, 0.7117726657645467, 0.18915662650602408, 0.5121107266435986, 0.48730158730158735, 0.2587601078167116, 0.1256890848952591, 0.5328767123287671], "R": [0.2812887236679058, 0.0048476454293628814, 0.29499323410013534, 0.2481927710843373, 0.33391003460207613, 0.32857142857142857, 0.26280323450134774, 0.24696802646085997, 0.005479452054794521], "W": [0.07558859975216853, 0.001038781163434903, 0.15020297699594048, 0.0650602409638554, 0.10034602076124569, 0.05873015873015873, 0.07412398921832884, 0.024255788313120176, 0.029452054794520552], "H": [0.5452292441140024, 0.005193905817174515, 0.30446549391069017, 0.21927710843373494, 0.3875432525951557, 0.31587301587301586, 0.4460916442048518, 0.1300992282249173, 0.01712328767123288], "S": [0.6418835192069392, 0.0865650969529086, 0.7050067658998647, 0.7036144578313251, 0.9256055363321799, 1.0, 0.6886792452830189, 0.9536934950385888, 0.005136986301369863], "C": [0.030978934324659233, 0.0013850415512465374, 0.021650879566982407, 0.03614457831325301, 0.06401384083044982, 0.041269841269841276, 0.024258760107816715, 0.030871003307607496, 0.00034246575342465754], "V": [0.4287484510532838, 0.18594182825484765, 0.8443843031123139, 0.2783132530120482, 1.0, 0.9619047619047619, 0.9541778975741241, 0.7177508269018743, 0.0363013698630137], "N": [0.34572490706319703, 0.004155124653739612, 0.4803788903924222, 0.2975903614457831, 0.5449826989619377, 0.3841269841269842, 0.3126684636118599, 0.16427783902976847, 0.0013698630136986301], "P": [0.023543990086741018, 1.0, 0.13531799729364008, 1.0, 0.7024221453287198, 0.5444444444444445, 0.5741239892183289, 0.27783902976846747, 0.00410958904109589], "Q": [0.3048327137546468, 0.14369806094182827, 0.2963464140730718, 0.4156626506024096, 0.40138408304498274, 0.5190476190476191, 0.5377358490566038, 0.3693495038588754, 0.0027397260273972603], "T": [0.6319702602230484, 0.06544321329639889, 0.39918809201623817, 0.3843373493975903, 0.7577854671280277, 0.9634920634920635, 0.6873315363881403, 0.804851157662624, 0.010273972602739725], "I": [0.5204460966542751, 0.08795013850415513, 0.83085250338295, 0.23614457831325297, 0.8408304498269896, 0.8031746031746032, 0.6549865229110512, 0.2326350606394708, 0.04041095890410959], "E": [0.3543990086741016, 0.0110803324099723, 0.34370771312584575, 0.9349397590361445, 0.6730103806228374, 0.4206349206349207, 0.5983827493261457, 0.7398015435501654, 0.002054794520547945], "D": [0.2342007434944238, 0.003462603878116344, 0.5087956698240866, 0.7457831325301204, 0.6297577854671281, 0.4587301587301587, 0.26684636118598387, 0.14553472987872107, 0.0010273972602739725], "A": [0.34076827757125155, 0.37396121883656513, 1.0, 0.5108433734939759, 0.7889273356401385, 0.7936507936507937, 0.6455525606469004, 1.0, 0.049999999999999996], "Y": [0.6629491945477075, 0.007271468144044321, 0.4384303112313938, 0.11566265060240961, 0.26124567474048443, 0.24285714285714285, 0.24663072776280326, 0.14553472987872107, 1.0]}