{"L": [0.2281368821292776, 0.003250975292587776, 0.9068825910931174, 0.7747747747747747, 0.6944444444444444, 0.9319371727748692, 1.0, 0.4557522123893805, 1.0], "G": [0.946768060836502, 0.0013003901170351106, 0.11740890688259108, 0.7162162162162162, 1.0, 0.43455497382198954, 0.04771371769383698, 0.8716814159292036, 0.0033557046979865775], "K": [0.5779467680608366, 0.0019505851755526656, 0.42914979757085014, 0.4729729729729729, 0.7833333333333333, 0.3298429319371728, 0.0874751491053678, 0.584070796460177, 0.020134228187919462], "M": [0.09505703422053233, 0.0019505851755526656, 0.242914979757085, 0.1081081081081081, 0.15, 0.18324607329842932, 0.13320079522862824, 0.08849557522123894, 0.174496644295302], "F": [0.155893536121673, 0.0006501950585175553, 1.0, 0.3243243243243243, 0.48888888888888893, 0.4712041884816754, 0.13518886679920478, 0.08407079646017698, 0.5436241610738255], "R": [1.0, 1.0, 0.1417004048582996, 0.23873873873873871, 0.4166666666666667, 0.2670157068062827, 0.16302186878727634, 0.3805309734513274, 0.04194630872483221], "W": [0.045627376425855515, 0.0006501950585175553, 0.18218623481781374, 0.13063063063063063, 0.15555555555555556, 0.031413612565445025, 0.011928429423459244, 0.022123893805309734, 0.008389261744966443], "H": [0.26615969581749055, 0.0006501950585175553, 0.2753036437246963, 0.13063063063063063, 0.33333333333333337, 0.1256544502617801, 0.029821073558648114, 0.20353982300884954, 0.05201342281879194], "S": [0.817490494296578, 0.004551365409622887, 0.2834008097165992, 0.5315315315315314, 0.5888888888888889, 0.6753926701570682, 0.20675944333996024, 1.0, 0.01174496644295302], "C": [0.011406844106463879, 0.0006501950585175553, 0.016194331983805668, 0.018018018018018018, 0.005555555555555556, 0.031413612565445025, 0.011928429423459244, 0.017699115044247787, 0.0033557046979865775], "V": [0.15209125475285173, 0.0013003901170351106, 0.36437246963562747, 0.25675675675675674, 0.5777777777777778, 0.9319371727748692, 0.28628230616302186, 0.4646017699115044, 0.2583892617449664], "N": [0.07984790874524715, 0.0, 0.4696356275303643, 0.25225225225225223, 0.3277777777777777, 0.2774869109947644, 0.08946322067594434, 0.25663716814159293, 0.0016778523489932888], "P": [0.003802281368821293, 0.0, 0.004048582995951417, 1.0, 0.5833333333333334, 0.774869109947644, 0.2147117296222664, 0.048672566371681415, 0.02348993288590604], "Q": [0.3916349809885932, 0.025357607282184655, 0.0728744939271255, 0.4009009009009009, 0.6, 0.6125654450261779, 0.1550695825049702, 0.47787610619469023, 0.0050335570469798654], "T": [0.25475285171102663, 0.0006501950585175553, 0.2955465587044534, 0.23423423423423423, 0.49444444444444446, 0.4659685863874346, 0.14711729622266403, 0.668141592920354, 0.016778523489932886], "I": [0.19011406844106465, 0.003250975292587776, 0.5222672064777328, 0.29729729729729726, 0.5055555555555555, 1.0, 0.2644135188866799, 0.13274336283185842, 0.15100671140939598], "E": [0.09885931558935362, 0.0, 0.048582995951417, 0.5405405405405406, 0.4444444444444445, 0.21465968586387435, 0.10139165009940358, 0.6194690265486725, 0.0033557046979865775], "D": [0.019011406844106467, 0.0, 0.14979757085020243, 0.536036036036036, 0.2833333333333333, 0.10471204188481675, 0.02584493041749503, 0.21238938053097345, 0.0], "A": [0.7566539923954373, 0.027308192457737322, 0.3765182186234818, 0.2882882882882883, 0.39999999999999997, 0.5392670157068064, 0.11133200795228629, 0.5707964601769911, 0.10570469798657717], "Y": [0.19391634980988595, 0.0013003901170351106, 0.7935222672064777, 0.19369369369369369, 0.35, 0.2513089005235602, 0.06361829025844931, 0.15486725663716813, 0.348993288590604]}