{"L": [0.5026567481402762, 0.8125937031484258, 0.21993499458288188, 0.3269598470363289, 0.7952622673434857, 0.9051204819277109, 0.9782923299565847, 0.8590785907859079, 1.0], "G": [0.0924548352816153, 0.04122938530734632, 0.06121343445287107, 0.367112810707457, 0.7089678510998308, 0.569277108433735, 0.13748191027496381, 0.22357723577235772, 0.0016433853738701725], "K": [0.3602550478214665, 0.009745127436281859, 0.06879739978331528, 0.25334608030592737, 0.6785109983079527, 0.29066265060240964, 0.19971056439942111, 0.505420054200542, 0.029991783073130652], "M": [0.2667375132837407, 0.15367316341829085, 0.11863488624052003, 0.06309751434034416, 0.1810490693739425, 0.14759036144578314, 0.15195369030390737, 0.1585365853658537, 0.1589975349219392], "F": [1.0, 0.5464767616191905, 0.1820151679306609, 0.12045889101338433, 0.4873096446700508, 0.6837349397590362, 0.4254703328509406, 0.3821138211382114, 0.7136400986031224], "R": [0.5005313496280552, 0.18815592203898052, 0.07367280606717226, 0.15200764818355642, 0.6125211505922167, 0.37500000000000006, 0.341534008683068, 0.40379403794037944, 0.01068200493015612], "W": [0.039319872476089264, 0.09220389805097452, 0.03846153846153846, 0.04206500956022945, 0.10998307952622674, 0.057228915662650606, 0.10709117221418234, 0.02710027100271003, 0.016433853738701727], "H": [0.24548352816153027, 0.04122938530734632, 0.05417118093174431, 0.12428298279158699, 0.5025380710659898, 0.29668674698795183, 0.46020260492040516, 0.2723577235772358, 0.0008216926869350862], "S": [0.5557917109458023, 0.11919040479760121, 0.18147345612134344, 0.42829827915869984, 0.7969543147208124, 0.6972891566265061, 0.6989869753979739, 0.8414634146341464, 0.004108463434675432], "C": [0.005313496280552603, 0.005247376311844078, 0.0010834236186348862, 0.010516252390057362, 0.03553299492385787, 0.03313253012048193, 0.01881331403762663, 0.025745257452574527, 0.0], "V": [0.5536663124335812, 0.18515742128935533, 0.10671722643553629, 0.23518164435946465, 1.0, 1.0, 1.0, 0.6422764227642276, 0.28635990139687756], "N": [0.2476089266737513, 0.011244377811094452, 0.1771397616468039, 0.29349904397705545, 0.4873096446700508, 0.3870481927710843, 0.4384949348769899, 0.2953929539295393, 0.0012325390304026294], "P": [0.060573857598299675, 0.5922038980509745, 0.1820151679306609, 1.0, 0.6091370558375635, 0.8162650602409639, 0.6541244573082489, 0.22764227642276424, 0.027115858668857847], "Q": [0.13496280552603612, 0.43928035982008995, 0.14192849404117008, 0.23804971319311666, 0.48054145516074454, 0.40662650602409645, 0.5817655571635311, 0.5162601626016261, 0.0024650780608052587], "T": [0.39851222104144524, 0.1664167916041979, 0.10834236186348863, 0.27820267686424477, 0.7664974619289341, 0.8027108433734941, 0.6613603473227206, 0.8590785907859079, 0.009449465899753491], "I": [0.49202975557917106, 0.095952023988006, 0.19068255687973995, 0.15678776290630977, 0.7851099830795263, 0.8433734939759037, 0.5470332850940666, 0.21815718157181574, 0.21240755957271978], "E": [0.12539851222104142, 0.053973013493253376, 0.18634886240520043, 0.8977055449330785, 0.41455160744500846, 0.38102409638554224, 0.5557163531114327, 1.0, 0.003286770747740345], "D": [0.06801275239107331, 0.018740629685157422, 1.0, 0.7695984703632888, 0.3299492385786802, 0.3117469879518072, 0.27496382054992763, 0.11517615176151762, 0.0012325390304026294], "A": [0.42826780021253985, 0.2856071964017991, 0.24864572047670638, 0.33747609942638623, 0.7918781725888326, 0.5301204819277109, 0.7134587554269175, 0.6924119241192411, 0.03204601479046836], "Y": [0.8097768331562167, 1.0, 0.16955579631635967, 0.10133843212237094, 0.39255499153976314, 0.22590361445783133, 0.43270622286541244, 0.5162601626016261, 0.15078060805258833]}